series_id,model,draw,c50,boundary
melo_a_oil_isopulegol,probit,0,137.96449686315106,False
melo_a_oil_isopulegol,probit,1,140.8423870979493,False
melo_a_oil_isopulegol,probit,2,140.0638122594783,False
melo_a_oil_isopulegol,probit,3,145.83303625386097,False
melo_a_oil_isopulegol,probit,4,145.56277654104065,False
melo_a_oil_isopulegol,probit,5,141.85739389050508,False
melo_a_oil_isopulegol,probit,6,142.06440397800299,False
melo_a_oil_isopulegol,probit,7,144.3675493240634,False
melo_a_oil_isopulegol,probit,8,140.10917842677858,False
melo_a_oil_isopulegol,probit,9,143.31068005594662,False
melo_a_oil_isopulegol,probit,10,142.39619654339432,False
melo_a_oil_isopulegol,probit,11,143.42312580860346,False
melo_a_oil_isopulegol,probit,12,141.42594362595824,False
melo_a_oil_isopulegol,probit,13,142.70687263737207,False
melo_a_oil_isopulegol,probit,14,140.85575567971316,False
melo_a_oil_isopulegol,probit,15,141.60324233126317,False
melo_a_oil_isopulegol,probit,16,142.64969123954225,False
melo_a_oil_isopulegol,probit,17,144.42412947559475,False
melo_a_oil_isopulegol,probit,18,141.3780563309669,False
melo_a_oil_isopulegol,probit,19,141.53593798010596,False
melo_a_oil_isopulegol,probit,20,144.25133026843312,False
melo_a_oil_isopulegol,probit,21,141.59520137226298,False
melo_a_oil_isopulegol,probit,22,140.9207975555421,False
melo_a_oil_isopulegol,probit,23,143.57839855263074,False
melo_a_oil_isopulegol,probit,24,143.46788075979458,False
melo_a_oil_isopulegol,probit,25,143.61059424684618,False
melo_a_oil_isopulegol,probit,26,141.22078848064294,False
melo_a_oil_isopulegol,probit,27,142.71010838565908,False
melo_a_oil_isopulegol,probit,28,141.0643055109932,False
melo_a_oil_isopulegol,probit,29,142.89804057633435,False
melo_a_oil_isopulegol,probit,30,142.06627072985347,False
melo_a_oil_isopulegol,probit,31,143.83739808660326,False
melo_a_oil_isopulegol,probit,32,141.0061552237684,False
melo_a_oil_isopulegol,probit,33,138.7601728773165,False
melo_a_oil_isopulegol,probit,34,142.1728896876016,False
melo_a_oil_isopulegol,probit,35,143.463600306298,False
melo_a_oil_isopulegol,probit,36,141.65535514967573,False
melo_a_oil_isopulegol,probit,37,140.76144579180783,False
melo_a_oil_isopulegol,probit,38,141.00334005889547,False
melo_a_oil_isopulegol,probit,39,143.08207991621387,False
melo_a_oil_isopulegol,probit,40,142.7470467218801,False
melo_a_oil_isopulegol,probit,41,141.35181272555124,False
melo_a_oil_isopulegol,probit,42,143.90669103365983,False
melo_a_oil_isopulegol,probit,43,143.4718734704654,False
melo_a_oil_isopulegol,probit,44,138.33259569895353,False
melo_a_oil_isopulegol,probit,45,143.60802726374436,False
melo_a_oil_isopulegol,probit,46,138.2936260040432,False
melo_a_oil_isopulegol,probit,47,144.30532158228198,False
melo_a_oil_isopulegol,probit,48,139.79874828831396,False
melo_a_oil_isopulegol,probit,49,149.26795192423518,False
melo_a_oil_isopulegol,probit,50,143.79504939002948,False
melo_a_oil_isopulegol,probit,51,145.14672680911175,False
melo_a_oil_isopulegol,probit,52,142.19867460168896,False
melo_a_oil_isopulegol,probit,53,144.21217713447032,False
melo_a_oil_isopulegol,probit,54,144.00058521281863,False
melo_a_oil_isopulegol,probit,55,144.6513197430364,False
melo_a_oil_isopulegol,probit,56,144.11258460876886,False
melo_a_oil_isopulegol,probit,57,145.5497243363449,False
melo_a_oil_isopulegol,probit,58,143.21779732922803,False
melo_a_oil_isopulegol,probit,59,140.8484986530239,False
melo_a_oil_isopulegol,probit,60,141.4422736135029,False
melo_a_oil_isopulegol,probit,61,139.09596477586115,False
melo_a_oil_isopulegol,probit,62,143.73171919197782,False
melo_a_oil_isopulegol,probit,63,139.79972474594763,False
melo_a_oil_isopulegol,probit,64,141.4090505082844,False
melo_a_oil_isopulegol,probit,65,142.96416222773138,False
melo_a_oil_isopulegol,probit,66,139.5461263555909,False
melo_a_oil_isopulegol,probit,67,142.3133933446212,False
melo_a_oil_isopulegol,probit,68,139.9036949170464,False
melo_a_oil_isopulegol,probit,69,142.5748752442449,False
melo_a_oil_isopulegol,probit,70,144.68606134975656,False
melo_a_oil_isopulegol,probit,71,143.29795273068947,False
melo_a_oil_isopulegol,probit,72,141.46482427130152,False
melo_a_oil_isopulegol,probit,73,139.91437306609612,False
melo_a_oil_isopulegol,probit,74,142.0283378393938,False
melo_a_oil_isopulegol,probit,75,140.2583170853475,False
melo_a_oil_isopulegol,probit,76,145.97913727789864,False
melo_a_oil_isopulegol,probit,77,142.14282031381404,False
melo_a_oil_isopulegol,probit,78,143.52377823279642,False
melo_a_oil_isopulegol,probit,79,139.7507230714838,False
melo_a_oil_isopulegol,probit,80,141.79340674616645,False
melo_a_oil_isopulegol,probit,81,136.18281400966757,False
melo_a_oil_isopulegol,probit,82,143.38759793769484,False
melo_a_oil_isopulegol,probit,83,141.29679277201046,False
melo_a_oil_isopulegol,probit,84,149.07042190388222,False
melo_a_oil_isopulegol,probit,85,139.63638760611994,False
melo_a_oil_isopulegol,probit,86,145.5164407240342,False
melo_a_oil_isopulegol,probit,87,144.39846839155675,False
melo_a_oil_isopulegol,probit,88,142.18732240395158,False
melo_a_oil_isopulegol,probit,89,140.34638232785827,False
melo_a_oil_isopulegol,probit,90,138.8014613043629,False
melo_a_oil_isopulegol,probit,91,139.9332139476487,False
melo_a_oil_isopulegol,probit,92,138.4302134198384,False
melo_a_oil_isopulegol,probit,93,144.28769720013213,False
melo_a_oil_isopulegol,probit,94,141.19849279592964,False
melo_a_oil_isopulegol,probit,95,142.44973091147594,False
melo_a_oil_isopulegol,probit,96,141.18971382775825,False
melo_a_oil_isopulegol,probit,97,143.8998326068627,False
melo_a_oil_isopulegol,probit,98,142.03942705888844,False
melo_a_oil_isopulegol,probit,99,144.30371747844478,False
melo_a_oil_isopulegol,probit,100,139.63275117061605,False
melo_a_oil_isopulegol,probit,101,145.57454306486957,False
melo_a_oil_isopulegol,probit,102,137.3355222144997,False
melo_a_oil_isopulegol,probit,103,143.94726077374744,False
melo_a_oil_isopulegol,probit,104,141.62292990332497,False
melo_a_oil_isopulegol,probit,105,144.5612210450956,False
melo_a_oil_isopulegol,probit,106,142.02528148746717,False
melo_a_oil_isopulegol,probit,107,144.5397729356567,False
melo_a_oil_isopulegol,probit,108,143.3663531955789,False
melo_a_oil_isopulegol,probit,109,139.47322866150265,False
melo_a_oil_isopulegol,probit,110,140.99377004250445,False
melo_a_oil_isopulegol,probit,111,140.48865106638848,False
melo_a_oil_isopulegol,probit,112,139.78731655821943,False
melo_a_oil_isopulegol,probit,113,139.58044863132451,False
melo_a_oil_isopulegol,probit,114,143.5643992133268,False
melo_a_oil_isopulegol,probit,115,143.1961366871896,False
melo_a_oil_isopulegol,probit,116,139.4650774744012,False
melo_a_oil_isopulegol,probit,117,139.71942528894687,False
melo_a_oil_isopulegol,probit,118,139.4354146630355,False
melo_a_oil_isopulegol,probit,119,141.17687980060452,False
melo_a_oil_isopulegol,probit,120,140.42684334518714,False
melo_a_oil_isopulegol,probit,121,140.6842897446572,False
melo_a_oil_isopulegol,probit,122,143.38516942564758,False
melo_a_oil_isopulegol,probit,123,141.27360669005503,False
melo_a_oil_isopulegol,probit,124,140.93590847462588,False
melo_a_oil_isopulegol,probit,125,140.80943265979886,False
melo_a_oil_isopulegol,probit,126,139.5886568558958,False
melo_a_oil_isopulegol,probit,127,144.18509903265917,False
melo_a_oil_isopulegol,probit,128,140.2385180810142,False
melo_a_oil_isopulegol,probit,129,139.7272537095796,False
melo_a_oil_isopulegol,probit,130,142.5744632893087,False
melo_a_oil_isopulegol,probit,131,141.2684580917053,False
melo_a_oil_isopulegol,probit,132,141.487866633361,False
melo_a_oil_isopulegol,probit,133,144.34668536978754,False
melo_a_oil_isopulegol,probit,134,144.25449872811407,False
melo_a_oil_isopulegol,probit,135,140.9996085249731,False
melo_a_oil_isopulegol,probit,136,140.3930034184163,False
melo_a_oil_isopulegol,probit,137,143.01722382010368,False
melo_a_oil_isopulegol,probit,138,144.61943886381593,False
melo_a_oil_isopulegol,probit,139,140.643029659748,False
melo_a_oil_isopulegol,probit,140,142.0339558690404,False
melo_a_oil_isopulegol,probit,141,142.86857513265707,False
melo_a_oil_isopulegol,probit,142,146.2485814610367,False
melo_a_oil_isopulegol,probit,143,139.42638100302247,False
melo_a_oil_isopulegol,probit,144,140.04168609658117,False
melo_a_oil_isopulegol,probit,145,141.54479571036214,False
melo_a_oil_isopulegol,probit,146,142.54542113859216,False
melo_a_oil_isopulegol,probit,147,139.5072283020581,False
melo_a_oil_isopulegol,probit,148,142.89728440662,False
melo_a_oil_isopulegol,probit,149,142.1660476717373,False
melo_a_oil_isopulegol,probit,150,142.4114644343598,False
melo_a_oil_isopulegol,probit,151,142.60266034504025,False
melo_a_oil_isopulegol,probit,152,143.37050074881708,False
melo_a_oil_isopulegol,probit,153,139.10839966156374,False
melo_a_oil_isopulegol,probit,154,145.57302971922766,False
melo_a_oil_isopulegol,probit,155,143.3601951094433,False
melo_a_oil_isopulegol,probit,156,141.01788746342046,False
melo_a_oil_isopulegol,probit,157,142.192061729703,False
melo_a_oil_isopulegol,probit,158,141.19765047934072,False
melo_a_oil_isopulegol,probit,159,139.9517117138435,False
melo_a_oil_isopulegol,probit,160,142.06638473484625,False
melo_a_oil_isopulegol,probit,161,143.29757754658453,False
melo_a_oil_isopulegol,probit,162,142.16848756219838,False
melo_a_oil_isopulegol,probit,163,141.74834525634506,False
melo_a_oil_isopulegol,probit,164,143.95043971371874,False
melo_a_oil_isopulegol,probit,165,142.33409743677967,False
melo_a_oil_isopulegol,probit,166,138.62982194484238,False
melo_a_oil_isopulegol,probit,167,141.40950431058067,False
melo_a_oil_isopulegol,probit,168,143.5020854740656,False
melo_a_oil_isopulegol,probit,169,141.94721816734997,False
melo_a_oil_isopulegol,probit,170,139.07624621699998,False
melo_a_oil_isopulegol,probit,171,140.03590177411854,False
melo_a_oil_isopulegol,probit,172,138.69177803561143,False
melo_a_oil_isopulegol,probit,173,142.7390345817676,False
melo_a_oil_isopulegol,probit,174,144.34315675387143,False
melo_a_oil_isopulegol,probit,175,139.39276324658846,False
melo_a_oil_isopulegol,probit,176,141.9336218786019,False
melo_a_oil_isopulegol,probit,177,139.1653525942038,False
melo_a_oil_isopulegol,probit,178,142.17200787906722,False
melo_a_oil_isopulegol,probit,179,139.3053116925828,False
melo_a_oil_isopulegol,probit,180,143.4246680901581,False
melo_a_oil_isopulegol,probit,181,143.30865848205667,False
melo_a_oil_isopulegol,probit,182,143.9982205739926,False
melo_a_oil_isopulegol,probit,183,142.99588710701562,False
melo_a_oil_isopulegol,probit,184,141.8240527562622,False
melo_a_oil_isopulegol,probit,185,140.73132291583508,False
melo_a_oil_isopulegol,probit,186,141.91262388345513,False
melo_a_oil_isopulegol,probit,187,142.7949857865111,False
melo_a_oil_isopulegol,probit,188,142.3164371335914,False
melo_a_oil_isopulegol,probit,189,139.6947468997424,False
melo_a_oil_isopulegol,probit,190,140.4423381243956,False
melo_a_oil_isopulegol,probit,191,142.47524037043962,False
melo_a_oil_isopulegol,probit,192,146.91702632121613,False
melo_a_oil_isopulegol,probit,193,138.4612708220182,False
melo_a_oil_isopulegol,probit,194,141.15761620193848,False
melo_a_oil_isopulegol,probit,195,140.9740819247621,False
melo_a_oil_isopulegol,probit,196,140.45679029282005,False
melo_a_oil_isopulegol,probit,197,141.95172766934573,False
melo_a_oil_isopulegol,probit,198,139.28701170167034,False
melo_a_oil_isopulegol,probit,199,143.5596259021375,False
melo_a_oil_isopulegol,logistic,0,141.00324202387762,False
melo_a_oil_isopulegol,logistic,1,142.3770789606725,False
melo_a_oil_isopulegol,logistic,2,143.83757702532805,False
melo_a_oil_isopulegol,logistic,3,145.09969582806343,False
melo_a_oil_isopulegol,logistic,4,141.36249304850023,False
melo_a_oil_isopulegol,logistic,5,141.1711111462679,False
melo_a_oil_isopulegol,logistic,6,141.34902674829348,False
melo_a_oil_isopulegol,logistic,7,143.7544359190859,False
melo_a_oil_isopulegol,logistic,8,145.62419897753202,False
melo_a_oil_isopulegol,logistic,9,140.66723891247943,False
melo_a_oil_isopulegol,logistic,10,139.72485104664293,False
melo_a_oil_isopulegol,logistic,11,143.8044437829304,False
melo_a_oil_isopulegol,logistic,12,143.89188584990646,False
melo_a_oil_isopulegol,logistic,13,143.2283105297406,False
melo_a_oil_isopulegol,logistic,14,139.90042643618884,False
melo_a_oil_isopulegol,logistic,15,142.19001383935117,False
melo_a_oil_isopulegol,logistic,16,143.7248281415732,False
melo_a_oil_isopulegol,logistic,17,143.13370139217005,False
melo_a_oil_isopulegol,logistic,18,143.9641262019586,False
melo_a_oil_isopulegol,logistic,19,143.68356223652387,False
melo_a_oil_isopulegol,logistic,20,142.0984294951558,False
melo_a_oil_isopulegol,logistic,21,142.90292107786024,False
melo_a_oil_isopulegol,logistic,22,144.92705244367497,False
melo_a_oil_isopulegol,logistic,23,142.94609158710938,False
melo_a_oil_isopulegol,logistic,24,142.1478020066577,False
melo_a_oil_isopulegol,logistic,25,146.7195602320698,False
melo_a_oil_isopulegol,logistic,26,142.9693405044506,False
melo_a_oil_isopulegol,logistic,27,144.67067875360706,False
melo_a_oil_isopulegol,logistic,28,141.11234512917696,False
melo_a_oil_isopulegol,logistic,29,141.965479592367,False
melo_a_oil_isopulegol,logistic,30,143.56356622548302,False
melo_a_oil_isopulegol,logistic,31,138.8495698216036,False
melo_a_oil_isopulegol,logistic,32,143.5580140052935,False
melo_a_oil_isopulegol,logistic,33,146.97413699681363,False
melo_a_oil_isopulegol,logistic,34,142.61776832054855,False
melo_a_oil_isopulegol,logistic,35,140.1417916628696,False
melo_a_oil_isopulegol,logistic,36,139.75621351938358,False
melo_a_oil_isopulegol,logistic,37,141.97467561860148,False
melo_a_oil_isopulegol,logistic,38,139.84701975352957,False
melo_a_oil_isopulegol,logistic,39,145.14599202999452,False
melo_a_oil_isopulegol,logistic,40,142.23089473814284,False
melo_a_oil_isopulegol,logistic,41,145.3312170082508,False
melo_a_oil_isopulegol,logistic,42,143.69506153772002,False
melo_a_oil_isopulegol,logistic,43,147.08776479196288,False
melo_a_oil_isopulegol,logistic,44,143.81182005105867,False
melo_a_oil_isopulegol,logistic,45,140.0331214085884,False
melo_a_oil_isopulegol,logistic,46,145.47840967871102,False
melo_a_oil_isopulegol,logistic,47,146.2252236750713,False
melo_a_oil_isopulegol,logistic,48,142.08370140540683,False
melo_a_oil_isopulegol,logistic,49,146.31940235459166,False
melo_a_oil_isopulegol,logistic,50,142.49497256877984,False
melo_a_oil_isopulegol,logistic,51,145.30590690837002,False
melo_a_oil_isopulegol,logistic,52,146.20451405225276,False
melo_a_oil_isopulegol,logistic,53,143.7906409110356,False
melo_a_oil_isopulegol,logistic,54,140.630779928595,False
melo_a_oil_isopulegol,logistic,55,147.22477239532208,False
melo_a_oil_isopulegol,logistic,56,143.8330867200132,False
melo_a_oil_isopulegol,logistic,57,145.90818676633316,False
melo_a_oil_isopulegol,logistic,58,138.74507073662684,False
melo_a_oil_isopulegol,logistic,59,142.95941756420925,False
melo_a_oil_isopulegol,logistic,60,139.02087537799014,False
melo_a_oil_isopulegol,logistic,61,142.1493678139322,False
melo_a_oil_isopulegol,logistic,62,141.55799748045774,False
melo_a_oil_isopulegol,logistic,63,146.94784108448266,False
melo_a_oil_isopulegol,logistic,64,145.76632317100058,False
melo_a_oil_isopulegol,logistic,65,145.1323983664309,False
melo_a_oil_isopulegol,logistic,66,143.1930036887378,False
melo_a_oil_isopulegol,logistic,67,143.15931712676107,False
melo_a_oil_isopulegol,logistic,68,145.28943052100578,False
melo_a_oil_isopulegol,logistic,69,143.84757985480334,False
melo_a_oil_isopulegol,logistic,70,148.36597326855085,False
melo_a_oil_isopulegol,logistic,71,143.7053266424706,False
melo_a_oil_isopulegol,logistic,72,146.76736430691847,False
melo_a_oil_isopulegol,logistic,73,142.42775662668205,False
melo_a_oil_isopulegol,logistic,74,143.01916880870155,False
melo_a_oil_isopulegol,logistic,75,145.7635882990468,False
melo_a_oil_isopulegol,logistic,76,146.48156252710106,False
melo_a_oil_isopulegol,logistic,77,142.9898735672079,False
melo_a_oil_isopulegol,logistic,78,147.48194555583368,False
melo_a_oil_isopulegol,logistic,79,144.19984065147537,False
melo_a_oil_isopulegol,logistic,80,142.65996752924417,False
melo_a_oil_isopulegol,logistic,81,145.86361324895694,False
melo_a_oil_isopulegol,logistic,82,146.06334735059082,False
melo_a_oil_isopulegol,logistic,83,144.53227854767636,False
melo_a_oil_isopulegol,logistic,84,142.81719222637997,False
melo_a_oil_isopulegol,logistic,85,143.0128357758795,False
melo_a_oil_isopulegol,logistic,86,143.36733214552856,False
melo_a_oil_isopulegol,logistic,87,142.14540999076286,False
melo_a_oil_isopulegol,logistic,88,147.22610831232845,False
melo_a_oil_isopulegol,logistic,89,144.06244526886888,False
melo_a_oil_isopulegol,logistic,90,146.72605418730103,False
melo_a_oil_isopulegol,logistic,91,142.55296770113785,False
melo_a_oil_isopulegol,logistic,92,145.30822757675318,False
melo_a_oil_isopulegol,logistic,93,143.26191906899723,False
melo_a_oil_isopulegol,logistic,94,143.96509970132854,False
melo_a_oil_isopulegol,logistic,95,144.00772362551098,False
melo_a_oil_isopulegol,logistic,96,139.8322246304147,False
melo_a_oil_isopulegol,logistic,97,143.0095582737177,False
melo_a_oil_isopulegol,logistic,98,138.3656620094495,False
melo_a_oil_isopulegol,logistic,99,138.26843884430357,False
melo_a_oil_isopulegol,logistic,100,140.9862131763583,False
melo_a_oil_isopulegol,logistic,101,149.00793849112387,False
melo_a_oil_isopulegol,logistic,102,141.98191004128532,False
melo_a_oil_isopulegol,logistic,103,140.81476549307945,False
melo_a_oil_isopulegol,logistic,104,145.090047915575,False
melo_a_oil_isopulegol,logistic,105,144.24292127247574,False
melo_a_oil_isopulegol,logistic,106,139.11850978386914,False
melo_a_oil_isopulegol,logistic,107,144.24897874083885,False
melo_a_oil_isopulegol,logistic,108,147.83150098889212,False
melo_a_oil_isopulegol,logistic,109,144.90583944441516,False
melo_a_oil_isopulegol,logistic,110,145.3322415282476,False
melo_a_oil_isopulegol,logistic,111,138.86209000031187,False
melo_a_oil_isopulegol,logistic,112,138.91738754160508,False
melo_a_oil_isopulegol,logistic,113,150.75322480305306,False
melo_a_oil_isopulegol,logistic,114,143.03553496130561,False
melo_a_oil_isopulegol,logistic,115,142.7879687060246,False
melo_a_oil_isopulegol,logistic,116,142.8345550508318,False
melo_a_oil_isopulegol,logistic,117,147.79843662050644,False
melo_a_oil_isopulegol,logistic,118,142.5492321078235,False
melo_a_oil_isopulegol,logistic,119,140.2757568093621,False
melo_a_oil_isopulegol,logistic,120,142.83892753792918,False
melo_a_oil_isopulegol,logistic,121,142.5925881871083,False
melo_a_oil_isopulegol,logistic,122,145.05433286410388,False
melo_a_oil_isopulegol,logistic,123,143.10457089984885,False
melo_a_oil_isopulegol,logistic,124,143.71253404655988,False
melo_a_oil_isopulegol,logistic,125,143.0378536545744,False
melo_a_oil_isopulegol,logistic,126,142.9227902356682,False
melo_a_oil_isopulegol,logistic,127,141.2982756939363,False
melo_a_oil_isopulegol,logistic,128,142.9974802574216,False
melo_a_oil_isopulegol,logistic,129,144.5167546613284,False
melo_a_oil_isopulegol,logistic,130,140.62424801943894,False
melo_a_oil_isopulegol,logistic,131,143.1275911180298,False
melo_a_oil_isopulegol,logistic,132,141.94812538258006,False
melo_a_oil_isopulegol,logistic,133,142.223125885868,False
melo_a_oil_isopulegol,logistic,134,142.2881747011149,False
melo_a_oil_isopulegol,logistic,135,143.55891563431345,False
melo_a_oil_isopulegol,logistic,136,147.78926557842212,False
melo_a_oil_isopulegol,logistic,137,140.6523245342862,False
melo_a_oil_isopulegol,logistic,138,142.7355467714849,False
melo_a_oil_isopulegol,logistic,139,141.182153364853,False
melo_a_oil_isopulegol,logistic,140,143.63705309127843,False
melo_a_oil_isopulegol,logistic,141,142.67688859698433,False
melo_a_oil_isopulegol,logistic,142,146.3035713051598,False
melo_a_oil_isopulegol,logistic,143,147.0437056210302,False
melo_a_oil_isopulegol,logistic,144,144.1101139992257,False
melo_a_oil_isopulegol,logistic,145,145.82247500432513,False
melo_a_oil_isopulegol,logistic,146,141.21357618564218,False
melo_a_oil_isopulegol,logistic,147,141.0642377613912,False
melo_a_oil_isopulegol,logistic,148,141.19694145414624,False
melo_a_oil_isopulegol,logistic,149,141.8552631345594,False
melo_a_oil_isopulegol,logistic,150,143.5834024791859,False
melo_a_oil_isopulegol,logistic,151,141.58157661587256,False
melo_a_oil_isopulegol,logistic,152,143.13993034557475,False
melo_a_oil_isopulegol,logistic,153,139.01982030483018,False
melo_a_oil_isopulegol,logistic,154,142.1000933885458,False
melo_a_oil_isopulegol,logistic,155,144.15748051110384,False
melo_a_oil_isopulegol,logistic,156,139.62111925915937,False
melo_a_oil_isopulegol,logistic,157,142.97035847601953,False
melo_a_oil_isopulegol,logistic,158,141.18702981953587,False
melo_a_oil_isopulegol,logistic,159,146.56106135350927,False
melo_a_oil_isopulegol,logistic,160,143.14379811338068,False
melo_a_oil_isopulegol,logistic,161,139.79274823792494,False
melo_a_oil_isopulegol,logistic,162,141.77556090070016,False
melo_a_oil_isopulegol,logistic,163,141.94716331538524,False
melo_a_oil_isopulegol,logistic,164,141.8464810765713,False
melo_a_oil_isopulegol,logistic,165,143.02784490881487,False
melo_a_oil_isopulegol,logistic,166,143.59809611542474,False
melo_a_oil_isopulegol,logistic,167,147.4829965078079,False
melo_a_oil_isopulegol,logistic,168,144.10721087176168,False
melo_a_oil_isopulegol,logistic,169,146.24300772341684,False
melo_a_oil_isopulegol,logistic,170,139.94502165873777,False
melo_a_oil_isopulegol,logistic,171,143.7762985872032,False
melo_a_oil_isopulegol,logistic,172,139.47149726157838,False
melo_a_oil_isopulegol,logistic,173,143.30812822948107,False
melo_a_oil_isopulegol,logistic,174,147.8177919261199,False
melo_a_oil_isopulegol,logistic,175,144.26493065920283,False
melo_a_oil_isopulegol,logistic,176,141.0114042526847,False
melo_a_oil_isopulegol,logistic,177,142.2295333320197,False
melo_a_oil_isopulegol,logistic,178,145.63998067894113,False
melo_a_oil_isopulegol,logistic,179,140.75318174645682,False
melo_a_oil_isopulegol,logistic,180,138.6924779437674,False
melo_a_oil_isopulegol,logistic,181,144.2858865394814,False
melo_a_oil_isopulegol,logistic,182,144.20157398738422,False
melo_a_oil_isopulegol,logistic,183,143.46905088809118,False
melo_a_oil_isopulegol,logistic,184,140.6338375310083,False
melo_a_oil_isopulegol,logistic,185,142.17096606344487,False
melo_a_oil_isopulegol,logistic,186,145.0518676563613,False
melo_a_oil_isopulegol,logistic,187,146.46733693342435,False
melo_a_oil_isopulegol,logistic,188,139.22350026968775,False
melo_a_oil_isopulegol,logistic,189,141.5731248362993,False
melo_a_oil_isopulegol,logistic,190,142.9486996855411,False
melo_a_oil_isopulegol,logistic,191,141.62533337360173,False
melo_a_oil_isopulegol,logistic,192,143.33105880941338,False
melo_a_oil_isopulegol,logistic,193,147.61285746289482,False
melo_a_oil_isopulegol,logistic,194,144.972972681117,False
melo_a_oil_isopulegol,logistic,195,143.18513507801407,False
melo_a_oil_isopulegol,logistic,196,144.41571791154573,False
melo_a_oil_isopulegol,logistic,197,140.5164476557629,False
melo_a_oil_isopulegol,logistic,198,143.06333520655008,False
melo_a_oil_isopulegol,logistic,199,143.00915230334667,False
melo_a_isopulegol,probit,0,153.08475725533953,False
melo_a_isopulegol,probit,1,149.57862624395685,False
melo_a_isopulegol,probit,2,151.71155168654823,False
melo_a_isopulegol,probit,3,152.3635235464802,False
melo_a_isopulegol,probit,4,156.62100894738265,False
melo_a_isopulegol,probit,5,154.2663241563855,False
melo_a_isopulegol,probit,6,156.4523998101634,False
melo_a_isopulegol,probit,7,159.35716708905878,False
melo_a_isopulegol,probit,8,156.8944363604391,False
melo_a_isopulegol,probit,9,160.71127133029728,False
melo_a_isopulegol,probit,10,154.27563539951012,False
melo_a_isopulegol,probit,11,152.5731846514698,False
melo_a_isopulegol,probit,12,158.41976974634716,False
melo_a_isopulegol,probit,13,156.12128908515632,False
melo_a_isopulegol,probit,14,150.4652131188762,False
melo_a_isopulegol,probit,15,153.9356141287148,False
melo_a_isopulegol,probit,16,157.25084011259216,False
melo_a_isopulegol,probit,17,155.88441295093952,False
melo_a_isopulegol,probit,18,153.6698069794643,False
melo_a_isopulegol,probit,19,159.8293753655928,False
melo_a_isopulegol,probit,20,152.96120636376898,False
melo_a_isopulegol,probit,21,150.26545514187242,False
melo_a_isopulegol,probit,22,151.78693160021461,False
melo_a_isopulegol,probit,23,156.50499867827057,False
melo_a_isopulegol,probit,24,150.58959236687744,False
melo_a_isopulegol,probit,25,157.5412357050928,False
melo_a_isopulegol,probit,26,151.2797652945486,False
melo_a_isopulegol,probit,27,152.92793830391463,False
melo_a_isopulegol,probit,28,156.92536718847128,False
melo_a_isopulegol,probit,29,157.874196691194,False
melo_a_isopulegol,probit,30,154.07725505128565,False
melo_a_isopulegol,probit,31,155.1163161570987,False
melo_a_isopulegol,probit,32,156.5329229014279,False
melo_a_isopulegol,probit,33,147.70509222249171,False
melo_a_isopulegol,probit,34,153.26537664109497,False
melo_a_isopulegol,probit,35,154.0773380508234,False
melo_a_isopulegol,probit,36,153.0103735298804,False
melo_a_isopulegol,probit,37,151.73723471057653,False
melo_a_isopulegol,probit,38,155.07098934768192,False
melo_a_isopulegol,probit,39,155.00384184494396,False
melo_a_isopulegol,probit,40,156.99757106651262,False
melo_a_isopulegol,probit,41,150.9945336558658,False
melo_a_isopulegol,probit,42,151.17838952899214,False
melo_a_isopulegol,probit,43,155.36148604841026,False
melo_a_isopulegol,probit,44,151.85765620885812,False
melo_a_isopulegol,probit,45,153.80685640383646,False
melo_a_isopulegol,probit,46,153.57563580112637,False
melo_a_isopulegol,probit,47,153.02422165652015,False
melo_a_isopulegol,probit,48,158.48516077593453,False
melo_a_isopulegol,probit,49,151.40276825455075,False
melo_a_isopulegol,probit,50,153.10902278567602,False
melo_a_isopulegol,probit,51,154.2377913238538,False
melo_a_isopulegol,probit,52,151.63517896029668,False
melo_a_isopulegol,probit,53,152.89435755868496,False
melo_a_isopulegol,probit,54,153.42755184568117,False
melo_a_isopulegol,probit,55,150.64503069876616,False
melo_a_isopulegol,probit,56,150.6676612891003,False
melo_a_isopulegol,probit,57,152.0768079328392,False
melo_a_isopulegol,probit,58,155.96325090045437,False
melo_a_isopulegol,probit,59,153.59014036062024,False
melo_a_isopulegol,probit,60,155.07068925211235,False
melo_a_isopulegol,probit,61,149.98845108452898,False
melo_a_isopulegol,probit,62,155.0740896200333,False
melo_a_isopulegol,probit,63,150.76868007352772,False
melo_a_isopulegol,probit,64,150.75628238846394,False
melo_a_isopulegol,probit,65,154.09721904056585,False
melo_a_isopulegol,probit,66,156.3850567434495,False
melo_a_isopulegol,probit,67,150.427526098048,False
melo_a_isopulegol,probit,68,154.60690521392934,False
melo_a_isopulegol,probit,69,150.0815284661161,False
melo_a_isopulegol,probit,70,157.45618618297078,False
melo_a_isopulegol,probit,71,150.48394036818925,False
melo_a_isopulegol,probit,72,151.70503016316954,False
melo_a_isopulegol,probit,73,153.1142888930811,False
melo_a_isopulegol,probit,74,155.3142334161586,False
melo_a_isopulegol,probit,75,152.55044957145157,False
melo_a_isopulegol,probit,76,152.35825793177005,False
melo_a_isopulegol,probit,77,151.89101939132388,False
melo_a_isopulegol,probit,78,152.40187198964387,False
melo_a_isopulegol,probit,79,151.4776585654074,False
melo_a_isopulegol,probit,80,148.51226338427102,False
melo_a_isopulegol,probit,81,151.73602310250394,False
melo_a_isopulegol,probit,82,154.54628980224192,False
melo_a_isopulegol,probit,83,153.68678729115058,False
melo_a_isopulegol,probit,84,153.85172595946074,False
melo_a_isopulegol,probit,85,153.3542319684278,False
melo_a_isopulegol,probit,86,155.71773626763976,False
melo_a_isopulegol,probit,87,156.76529912243547,False
melo_a_isopulegol,probit,88,155.46319465764444,False
melo_a_isopulegol,probit,89,152.98910333180032,False
melo_a_isopulegol,probit,90,157.00315714082475,False
melo_a_isopulegol,probit,91,152.6771363393293,False
melo_a_isopulegol,probit,92,152.34695434470413,False
melo_a_isopulegol,probit,93,153.8396016089273,False
melo_a_isopulegol,probit,94,147.64094226112312,False
melo_a_isopulegol,probit,95,158.11356734293048,False
melo_a_isopulegol,probit,96,152.72071893962465,False
melo_a_isopulegol,probit,97,147.97133943594076,False
melo_a_isopulegol,probit,98,155.9742595914031,False
melo_a_isopulegol,probit,99,152.63842521500308,False
melo_a_isopulegol,probit,100,153.87410637881018,False
melo_a_isopulegol,probit,101,155.25271707392582,False
melo_a_isopulegol,probit,102,157.7004672456883,False
melo_a_isopulegol,probit,103,155.0539025819285,False
melo_a_isopulegol,probit,104,160.3599142489462,False
melo_a_isopulegol,probit,105,154.07028611860653,False
melo_a_isopulegol,probit,106,153.3500673012693,False
melo_a_isopulegol,probit,107,155.50267725946534,False
melo_a_isopulegol,probit,108,157.2617430097249,False
melo_a_isopulegol,probit,109,157.43785906889985,False
melo_a_isopulegol,probit,110,155.87563354844104,False
melo_a_isopulegol,probit,111,160.06225487038233,False
melo_a_isopulegol,probit,112,158.11091239760614,False
melo_a_isopulegol,probit,113,153.17356861777,False
melo_a_isopulegol,probit,114,159.59070926099642,False
melo_a_isopulegol,probit,115,151.61115090096482,False
melo_a_isopulegol,probit,116,151.52872380693694,False
melo_a_isopulegol,probit,117,151.65869350360558,False
melo_a_isopulegol,probit,118,153.91775873300608,False
melo_a_isopulegol,probit,119,155.2362208850076,False
melo_a_isopulegol,probit,120,151.2976313971803,False
melo_a_isopulegol,probit,121,150.4074796360091,False
melo_a_isopulegol,probit,122,157.7234388114845,False
melo_a_isopulegol,probit,123,152.31054144907034,False
melo_a_isopulegol,probit,124,153.7936139058833,False
melo_a_isopulegol,probit,125,156.4129044732412,False
melo_a_isopulegol,probit,126,153.75951488043563,False
melo_a_isopulegol,probit,127,156.843565139524,False
melo_a_isopulegol,probit,128,149.92120311399242,False
melo_a_isopulegol,probit,129,149.03923804482238,False
melo_a_isopulegol,probit,130,158.8032343050891,False
melo_a_isopulegol,probit,131,154.2165046010295,False
melo_a_isopulegol,probit,132,153.4386467382356,False
melo_a_isopulegol,probit,133,152.40704255379455,False
melo_a_isopulegol,probit,134,151.18873543370762,False
melo_a_isopulegol,probit,135,153.4544068491876,False
melo_a_isopulegol,probit,136,153.76006602351976,False
melo_a_isopulegol,probit,137,150.61783354851107,False
melo_a_isopulegol,probit,138,155.2265359360515,False
melo_a_isopulegol,probit,139,151.42379414751335,False
melo_a_isopulegol,probit,140,158.33007023684743,False
melo_a_isopulegol,probit,141,151.78982949911008,False
melo_a_isopulegol,probit,142,148.47619563089268,False
melo_a_isopulegol,probit,143,152.97393170748992,False
melo_a_isopulegol,probit,144,150.47635697429294,False
melo_a_isopulegol,probit,145,153.22915354485693,False
melo_a_isopulegol,probit,146,155.3891440297402,False
melo_a_isopulegol,probit,147,155.24351344322073,False
melo_a_isopulegol,probit,148,156.4025737639325,False
melo_a_isopulegol,probit,149,157.489663882825,False
melo_a_isopulegol,probit,150,153.61405243984822,False
melo_a_isopulegol,probit,151,151.30775636877718,False
melo_a_isopulegol,probit,152,149.12348531731612,False
melo_a_isopulegol,probit,153,155.41697239909323,False
melo_a_isopulegol,probit,154,154.36377544833846,False
melo_a_isopulegol,probit,155,151.62826899489568,False
melo_a_isopulegol,probit,156,149.8516026296859,False
melo_a_isopulegol,probit,157,159.53607000903747,False
melo_a_isopulegol,probit,158,153.13941820303816,False
melo_a_isopulegol,probit,159,153.57595308517892,False
melo_a_isopulegol,probit,160,154.75079961636985,False
melo_a_isopulegol,probit,161,155.01108286503734,False
melo_a_isopulegol,probit,162,153.70683311498988,False
melo_a_isopulegol,probit,163,151.94804608944168,False
melo_a_isopulegol,probit,164,150.7777658353793,False
melo_a_isopulegol,probit,165,148.7395957726285,False
melo_a_isopulegol,probit,166,153.34065221523971,False
melo_a_isopulegol,probit,167,153.48971207830712,False
melo_a_isopulegol,probit,168,155.767485762859,False
melo_a_isopulegol,probit,169,153.01562194297364,False
melo_a_isopulegol,probit,170,155.55231892827229,False
melo_a_isopulegol,probit,171,152.31349335493937,False
melo_a_isopulegol,probit,172,153.43381402722412,False
melo_a_isopulegol,probit,173,155.7852617971456,False
melo_a_isopulegol,probit,174,154.5538749892205,False
melo_a_isopulegol,probit,175,158.91433133973666,False
melo_a_isopulegol,probit,176,156.74821829558485,False
melo_a_isopulegol,probit,177,151.2747830046104,False
melo_a_isopulegol,probit,178,152.97443554286266,False
melo_a_isopulegol,probit,179,155.4793258089947,False
melo_a_isopulegol,probit,180,154.97830517386845,False
melo_a_isopulegol,probit,181,159.72134283462782,False
melo_a_isopulegol,probit,182,151.14791268566745,False
melo_a_isopulegol,probit,183,154.97698504010918,False
melo_a_isopulegol,probit,184,151.65701019347878,False
melo_a_isopulegol,probit,185,153.34252141330487,False
melo_a_isopulegol,probit,186,158.95155328445432,False
melo_a_isopulegol,probit,187,151.84495201845914,False
melo_a_isopulegol,probit,188,154.80044510692767,False
melo_a_isopulegol,probit,189,149.25801721431094,False
melo_a_isopulegol,probit,190,153.43712238840442,False
melo_a_isopulegol,probit,191,152.5796459973181,False
melo_a_isopulegol,probit,192,150.35144475235128,False
melo_a_isopulegol,probit,193,158.04196009723,False
melo_a_isopulegol,probit,194,153.00652571528826,False
melo_a_isopulegol,probit,195,155.17717239816582,False
melo_a_isopulegol,probit,196,150.5565394470454,False
melo_a_isopulegol,probit,197,153.88094148189134,False
melo_a_isopulegol,probit,198,153.252427488576,False
melo_a_isopulegol,probit,199,153.27691145389537,False
melo_a_isopulegol,logistic,0,149.85979377586304,False
melo_a_isopulegol,logistic,1,156.65689734329013,False
melo_a_isopulegol,logistic,2,152.53307672984312,False
melo_a_isopulegol,logistic,3,158.8724233218625,False
melo_a_isopulegol,logistic,4,152.53957507185652,False
melo_a_isopulegol,logistic,5,152.0260857147975,False
melo_a_isopulegol,logistic,6,156.9719025425765,False
melo_a_isopulegol,logistic,7,152.57199319998222,False
melo_a_isopulegol,logistic,8,156.19485961039103,False
melo_a_isopulegol,logistic,9,161.1615313236601,False
melo_a_isopulegol,logistic,10,156.8672427625626,False
melo_a_isopulegol,logistic,11,149.45089849337333,False
melo_a_isopulegol,logistic,12,155.9166900585991,False
melo_a_isopulegol,logistic,13,157.59522728066636,False
melo_a_isopulegol,logistic,14,153.92441015489612,False
melo_a_isopulegol,logistic,15,157.59467827261844,False
melo_a_isopulegol,logistic,16,153.96355887283642,False
melo_a_isopulegol,logistic,17,155.74922085097586,False
melo_a_isopulegol,logistic,18,154.7157907842795,False
melo_a_isopulegol,logistic,19,153.89540774378196,False
melo_a_isopulegol,logistic,20,151.4831782336231,False
melo_a_isopulegol,logistic,21,151.87250480205472,False
melo_a_isopulegol,logistic,22,155.11689541688546,False
melo_a_isopulegol,logistic,23,157.56588014459592,False
melo_a_isopulegol,logistic,24,154.89379052940077,False
melo_a_isopulegol,logistic,25,150.3825675927159,False
melo_a_isopulegol,logistic,26,152.8834190806949,False
melo_a_isopulegol,logistic,27,155.3403086911134,False
melo_a_isopulegol,logistic,28,151.1771059178592,False
melo_a_isopulegol,logistic,29,153.76679777200226,False
melo_a_isopulegol,logistic,30,154.77423373815492,False
melo_a_isopulegol,logistic,31,153.86293737978036,False
melo_a_isopulegol,logistic,32,157.5841749118413,False
melo_a_isopulegol,logistic,33,158.9524640111575,False
melo_a_isopulegol,logistic,34,156.71319476865028,False
melo_a_isopulegol,logistic,35,159.33591246198702,False
melo_a_isopulegol,logistic,36,153.3377513679601,False
melo_a_isopulegol,logistic,37,158.16015407323454,False
melo_a_isopulegol,logistic,38,155.99226496873771,False
melo_a_isopulegol,logistic,39,150.4971859344469,False
melo_a_isopulegol,logistic,40,154.16612695493686,False
melo_a_isopulegol,logistic,41,157.60007496519984,False
melo_a_isopulegol,logistic,42,152.49442244471953,False
melo_a_isopulegol,logistic,43,157.38221181263066,False
melo_a_isopulegol,logistic,44,154.41208054948356,False
melo_a_isopulegol,logistic,45,154.97048261818304,False
melo_a_isopulegol,logistic,46,154.92402095939272,False
melo_a_isopulegol,logistic,47,155.88590318658936,False
melo_a_isopulegol,logistic,48,153.05346300174523,False
melo_a_isopulegol,logistic,49,156.12731950866112,False
melo_a_isopulegol,logistic,50,157.27619557139448,False
melo_a_isopulegol,logistic,51,154.2013146507285,False
melo_a_isopulegol,logistic,52,154.342036530787,False
melo_a_isopulegol,logistic,53,157.0667125649131,False
melo_a_isopulegol,logistic,54,151.98533445750755,False
melo_a_isopulegol,logistic,55,152.7418652270285,False
melo_a_isopulegol,logistic,56,154.8129914211487,False
melo_a_isopulegol,logistic,57,151.48377628877643,False
melo_a_isopulegol,logistic,58,157.818617465599,False
melo_a_isopulegol,logistic,59,154.98086481591488,False
melo_a_isopulegol,logistic,60,156.0060015127808,False
melo_a_isopulegol,logistic,61,154.19479596156015,False
melo_a_isopulegol,logistic,62,151.54703061188718,False
melo_a_isopulegol,logistic,63,155.0619232196773,False
melo_a_isopulegol,logistic,64,158.35473918983348,False
melo_a_isopulegol,logistic,65,154.15605613638925,False
melo_a_isopulegol,logistic,66,153.02963560818844,False
melo_a_isopulegol,logistic,67,158.97063607079667,False
melo_a_isopulegol,logistic,68,156.76643300385894,False
melo_a_isopulegol,logistic,69,151.24189590770055,False
melo_a_isopulegol,logistic,70,154.81393682328576,False
melo_a_isopulegol,logistic,71,157.43413462038086,False
melo_a_isopulegol,logistic,72,153.20984624629568,False
melo_a_isopulegol,logistic,73,152.8030198209521,False
melo_a_isopulegol,logistic,74,155.33704056414166,False
melo_a_isopulegol,logistic,75,153.7413269368987,False
melo_a_isopulegol,logistic,76,157.83364669993705,False
melo_a_isopulegol,logistic,77,153.6836470953586,False
melo_a_isopulegol,logistic,78,155.22316018284937,False
melo_a_isopulegol,logistic,79,154.61690560352693,False
melo_a_isopulegol,logistic,80,158.13613846560662,False
melo_a_isopulegol,logistic,81,155.11126456234228,False
melo_a_isopulegol,logistic,82,150.90184241055547,False
melo_a_isopulegol,logistic,83,154.17470745668976,False
melo_a_isopulegol,logistic,84,159.73069112281243,False
melo_a_isopulegol,logistic,85,159.23264790628846,False
melo_a_isopulegol,logistic,86,159.06014329805558,False
melo_a_isopulegol,logistic,87,157.84972015793838,False
melo_a_isopulegol,logistic,88,152.6845803360566,False
melo_a_isopulegol,logistic,89,154.21434209199654,False
melo_a_isopulegol,logistic,90,156.18624833363427,False
melo_a_isopulegol,logistic,91,156.0470217691356,False
melo_a_isopulegol,logistic,92,156.98091445362618,False
melo_a_isopulegol,logistic,93,160.94009600665962,False
melo_a_isopulegol,logistic,94,156.44926378212685,False
melo_a_isopulegol,logistic,95,156.6087622868307,False
melo_a_isopulegol,logistic,96,159.90963150935704,False
melo_a_isopulegol,logistic,97,157.4722543096618,False
melo_a_isopulegol,logistic,98,160.0741936041715,False
melo_a_isopulegol,logistic,99,157.2141482321487,False
melo_a_isopulegol,logistic,100,153.04816229629492,False
melo_a_isopulegol,logistic,101,149.98374436318812,False
melo_a_isopulegol,logistic,102,154.60589233076539,False
melo_a_isopulegol,logistic,103,153.52518180404897,False
melo_a_isopulegol,logistic,104,152.783455361431,False
melo_a_isopulegol,logistic,105,157.65291746503996,False
melo_a_isopulegol,logistic,106,156.07235741399828,False
melo_a_isopulegol,logistic,107,154.10679395738018,False
melo_a_isopulegol,logistic,108,155.06018144490557,False
melo_a_isopulegol,logistic,109,157.18741120120907,False
melo_a_isopulegol,logistic,110,148.54336613366294,False
melo_a_isopulegol,logistic,111,152.9078902588407,False
melo_a_isopulegol,logistic,112,155.88400569856213,False
melo_a_isopulegol,logistic,113,159.29047706075346,False
melo_a_isopulegol,logistic,114,154.87499951456482,False
melo_a_isopulegol,logistic,115,155.8474980925679,False
melo_a_isopulegol,logistic,116,154.77811551300647,False
melo_a_isopulegol,logistic,117,157.76301965564346,False
melo_a_isopulegol,logistic,118,155.25749298910762,False
melo_a_isopulegol,logistic,119,158.53252982380883,False
melo_a_isopulegol,logistic,120,153.3415686129558,False
melo_a_isopulegol,logistic,121,154.74654689581826,False
melo_a_isopulegol,logistic,122,155.05958426566417,False
melo_a_isopulegol,logistic,123,152.44946288994754,False
melo_a_isopulegol,logistic,124,153.36656792327602,False
melo_a_isopulegol,logistic,125,154.89862463369258,False
melo_a_isopulegol,logistic,126,153.79834092685013,False
melo_a_isopulegol,logistic,127,154.23605126703725,False
melo_a_isopulegol,logistic,128,160.76192236368604,False
melo_a_isopulegol,logistic,129,158.24356768240665,False
melo_a_isopulegol,logistic,130,154.97489636296044,False
melo_a_isopulegol,logistic,131,151.14207254031646,False
melo_a_isopulegol,logistic,132,157.34142230637056,False
melo_a_isopulegol,logistic,133,151.31329639261392,False
melo_a_isopulegol,logistic,134,157.84355523743224,False
melo_a_isopulegol,logistic,135,151.02094327870375,False
melo_a_isopulegol,logistic,136,154.2998163003876,False
melo_a_isopulegol,logistic,137,147.91834819262155,False
melo_a_isopulegol,logistic,138,158.33349890446326,False
melo_a_isopulegol,logistic,139,153.66289071170195,False
melo_a_isopulegol,logistic,140,155.29602628517276,False
melo_a_isopulegol,logistic,141,155.98727617533552,False
melo_a_isopulegol,logistic,142,155.3938939099703,False
melo_a_isopulegol,logistic,143,156.84832965361153,False
melo_a_isopulegol,logistic,144,152.70174332610114,False
melo_a_isopulegol,logistic,145,155.46995976516422,False
melo_a_isopulegol,logistic,146,157.5397450235863,False
melo_a_isopulegol,logistic,147,155.04289023951165,False
melo_a_isopulegol,logistic,148,156.75226254214874,False
melo_a_isopulegol,logistic,149,154.1088283862868,False
melo_a_isopulegol,logistic,150,157.5770067487112,False
melo_a_isopulegol,logistic,151,155.9406219503794,False
melo_a_isopulegol,logistic,152,156.89576061690943,False
melo_a_isopulegol,logistic,153,157.18391318916755,False
melo_a_isopulegol,logistic,154,157.49818452017485,False
melo_a_isopulegol,logistic,155,158.24084925143796,False
melo_a_isopulegol,logistic,156,149.36788625958846,False
melo_a_isopulegol,logistic,157,152.74977927642408,False
melo_a_isopulegol,logistic,158,151.7339154681473,False
melo_a_isopulegol,logistic,159,156.5839664186801,False
melo_a_isopulegol,logistic,160,155.9497851387976,False
melo_a_isopulegol,logistic,161,152.31684607130288,False
melo_a_isopulegol,logistic,162,152.31759930744545,False
melo_a_isopulegol,logistic,163,156.95560937549197,False
melo_a_isopulegol,logistic,164,159.64004640337822,False
melo_a_isopulegol,logistic,165,155.53299257904308,False
melo_a_isopulegol,logistic,166,156.31990489795115,False
melo_a_isopulegol,logistic,167,154.1063965916689,False
melo_a_isopulegol,logistic,168,151.80938620275,False
melo_a_isopulegol,logistic,169,157.57676446926354,False
melo_a_isopulegol,logistic,170,159.92318408294759,False
melo_a_isopulegol,logistic,171,154.79496404709343,False
melo_a_isopulegol,logistic,172,153.42972980548538,False
melo_a_isopulegol,logistic,173,151.94138002685517,False
melo_a_isopulegol,logistic,174,154.34729371120375,False
melo_a_isopulegol,logistic,175,152.65033570445067,False
melo_a_isopulegol,logistic,176,152.04922630814167,False
melo_a_isopulegol,logistic,177,153.44673274950313,False
melo_a_isopulegol,logistic,178,157.33926683280302,False
melo_a_isopulegol,logistic,179,154.76324398429526,False
melo_a_isopulegol,logistic,180,158.89250876824042,False
melo_a_isopulegol,logistic,181,151.0642337577807,False
melo_a_isopulegol,logistic,182,155.15356410252326,False
melo_a_isopulegol,logistic,183,150.3980937718544,False
melo_a_isopulegol,logistic,184,156.60111247718814,False
melo_a_isopulegol,logistic,185,156.1423297547523,False
melo_a_isopulegol,logistic,186,151.1797937725489,False
melo_a_isopulegol,logistic,187,151.2728870617311,False
melo_a_isopulegol,logistic,188,158.35560196687166,False
melo_a_isopulegol,logistic,189,150.96350657233842,False
melo_a_isopulegol,logistic,190,152.56828369095822,False
melo_a_isopulegol,logistic,191,155.37973056675884,False
melo_a_isopulegol,logistic,192,163.12448266688293,False
melo_a_isopulegol,logistic,193,157.3719366457912,False
melo_a_isopulegol,logistic,194,150.82159355240177,False
melo_a_isopulegol,logistic,195,150.64233467200236,False
melo_a_isopulegol,logistic,196,153.90585745808875,False
melo_a_isopulegol,logistic,197,152.52403386746855,False
melo_a_isopulegol,logistic,198,154.6422262438584,False
melo_a_isopulegol,logistic,199,156.2530501729012,False
melo_a_oil_citral,probit,0,105.23411455930142,False
melo_a_oil_citral,probit,1,106.86676597132272,False
melo_a_oil_citral,probit,2,108.07008559565598,False
melo_a_oil_citral,probit,3,105.13070609158842,False
melo_a_oil_citral,probit,4,107.14319082796601,False
melo_a_oil_citral,probit,5,104.60298172264551,False
melo_a_oil_citral,probit,6,104.44096379581484,False
melo_a_oil_citral,probit,7,106.90839441480233,False
melo_a_oil_citral,probit,8,105.8994352269082,False
melo_a_oil_citral,probit,9,104.49529225423807,False
melo_a_oil_citral,probit,10,104.41381817710175,False
melo_a_oil_citral,probit,11,105.7194047014387,False
melo_a_oil_citral,probit,12,106.45203804739032,False
melo_a_oil_citral,probit,13,105.90974630845939,False
melo_a_oil_citral,probit,14,103.0283784054092,False
melo_a_oil_citral,probit,15,104.44643282392259,False
melo_a_oil_citral,probit,16,107.30962750804703,False
melo_a_oil_citral,probit,17,106.0593370291087,False
melo_a_oil_citral,probit,18,104.33302519192797,False
melo_a_oil_citral,probit,19,108.13696245226441,False
melo_a_oil_citral,probit,20,105.45445236146506,False
melo_a_oil_citral,probit,21,106.41195704508975,False
melo_a_oil_citral,probit,22,104.68503641465877,False
melo_a_oil_citral,probit,23,107.48108349526969,False
melo_a_oil_citral,probit,24,103.73471656863734,False
melo_a_oil_citral,probit,25,106.23801831516256,False
melo_a_oil_citral,probit,26,103.26762545745595,False
melo_a_oil_citral,probit,27,105.70617787236452,False
melo_a_oil_citral,probit,28,106.39161624462373,False
melo_a_oil_citral,probit,29,104.63215424276848,False
melo_a_oil_citral,probit,30,103.75835312372408,False
melo_a_oil_citral,probit,31,102.80423853180572,False
melo_a_oil_citral,probit,32,105.50789897642655,False
melo_a_oil_citral,probit,33,105.63920310925022,False
melo_a_oil_citral,probit,34,105.46829361371707,False
melo_a_oil_citral,probit,35,104.76966430062237,False
melo_a_oil_citral,probit,36,105.19674756774572,False
melo_a_oil_citral,probit,37,104.8562245596041,False
melo_a_oil_citral,probit,38,105.60215693458926,False
melo_a_oil_citral,probit,39,106.34036016997035,False
melo_a_oil_citral,probit,40,105.69498845118873,False
melo_a_oil_citral,probit,41,104.75066267332961,False
melo_a_oil_citral,probit,42,106.02411212306976,False
melo_a_oil_citral,probit,43,105.26436748338533,False
melo_a_oil_citral,probit,44,105.18127899658282,False
melo_a_oil_citral,probit,45,104.71996066301685,False
melo_a_oil_citral,probit,46,105.29598663932036,False
melo_a_oil_citral,probit,47,105.97794280349812,False
melo_a_oil_citral,probit,48,105.7203997734259,False
melo_a_oil_citral,probit,49,105.96007648634853,False
melo_a_oil_citral,probit,50,104.23957180499698,False
melo_a_oil_citral,probit,51,104.03719973469845,False
melo_a_oil_citral,probit,52,102.91338971321784,False
melo_a_oil_citral,probit,53,104.72682817632612,False
melo_a_oil_citral,probit,54,104.34121060934868,False
melo_a_oil_citral,probit,55,107.04849014358689,False
melo_a_oil_citral,probit,56,103.07954568822612,False
melo_a_oil_citral,probit,57,105.68895058141229,False
melo_a_oil_citral,probit,58,105.20541846334105,False
melo_a_oil_citral,probit,59,106.91858405962398,False
melo_a_oil_citral,probit,60,104.13886294985093,False
melo_a_oil_citral,probit,61,105.90268701607535,False
melo_a_oil_citral,probit,62,105.99425714333536,False
melo_a_oil_citral,probit,63,102.95318813157381,False
melo_a_oil_citral,probit,64,106.95524888663822,False
melo_a_oil_citral,probit,65,108.4964952061779,False
melo_a_oil_citral,probit,66,105.39485586495239,False
melo_a_oil_citral,probit,67,105.17891332174571,False
melo_a_oil_citral,probit,68,104.82370462189171,False
melo_a_oil_citral,probit,69,104.81196022124095,False
melo_a_oil_citral,probit,70,104.73019294641932,False
melo_a_oil_citral,probit,71,105.12548261599758,False
melo_a_oil_citral,probit,72,105.16869763148446,False
melo_a_oil_citral,probit,73,105.92478511871447,False
melo_a_oil_citral,probit,74,106.8711084026012,False
melo_a_oil_citral,probit,75,104.3550575657657,False
melo_a_oil_citral,probit,76,106.44548148334596,False
melo_a_oil_citral,probit,77,105.23735094246071,False
melo_a_oil_citral,probit,78,105.75186361813955,False
melo_a_oil_citral,probit,79,106.3292462055079,False
melo_a_oil_citral,probit,80,105.19996181323172,False
melo_a_oil_citral,probit,81,106.06413454937905,False
melo_a_oil_citral,probit,82,107.33057157491295,False
melo_a_oil_citral,probit,83,106.87975444974585,False
melo_a_oil_citral,probit,84,103.41524148406906,False
melo_a_oil_citral,probit,85,106.12457319613527,False
melo_a_oil_citral,probit,86,104.26580842645102,False
melo_a_oil_citral,probit,87,104.36182862629714,False
melo_a_oil_citral,probit,88,107.23892046930932,False
melo_a_oil_citral,probit,89,104.49791534074308,False
melo_a_oil_citral,probit,90,105.65432609283224,False
melo_a_oil_citral,probit,91,107.28157867666077,False
melo_a_oil_citral,probit,92,107.13640436528672,False
melo_a_oil_citral,probit,93,103.9574256048238,False
melo_a_oil_citral,probit,94,102.7348662750532,False
melo_a_oil_citral,probit,95,105.90477477937775,False
melo_a_oil_citral,probit,96,104.14753428822998,False
melo_a_oil_citral,probit,97,103.28759256892877,False
melo_a_oil_citral,probit,98,107.39343469554527,False
melo_a_oil_citral,probit,99,104.58687192506424,False
melo_a_oil_citral,probit,100,105.44041311365375,False
melo_a_oil_citral,probit,101,107.80364017904989,False
melo_a_oil_citral,probit,102,103.64036592956153,False
melo_a_oil_citral,probit,103,106.35727955788424,False
melo_a_oil_citral,probit,104,105.85566590180407,False
melo_a_oil_citral,probit,105,104.65923003188203,False
melo_a_oil_citral,probit,106,105.69944658677436,False
melo_a_oil_citral,probit,107,104.97913056855167,False
melo_a_oil_citral,probit,108,104.80072438757702,False
melo_a_oil_citral,probit,109,105.65854397556438,False
melo_a_oil_citral,probit,110,103.42520621565315,False
melo_a_oil_citral,probit,111,105.45347068977173,False
melo_a_oil_citral,probit,112,104.26822149823471,False
melo_a_oil_citral,probit,113,105.39636245423473,False
melo_a_oil_citral,probit,114,104.22718769031977,False
melo_a_oil_citral,probit,115,102.78996507297244,False
melo_a_oil_citral,probit,116,107.03074705179256,False
melo_a_oil_citral,probit,117,103.67934341620891,False
melo_a_oil_citral,probit,118,105.11378414920549,False
melo_a_oil_citral,probit,119,103.40712369350031,False
melo_a_oil_citral,probit,120,105.46955465140223,False
melo_a_oil_citral,probit,121,105.06987432628205,False
melo_a_oil_citral,probit,122,105.25960538645751,False
melo_a_oil_citral,probit,123,105.67128895619099,False
melo_a_oil_citral,probit,124,105.76057746675309,False
melo_a_oil_citral,probit,125,106.95603091777451,False
melo_a_oil_citral,probit,126,104.0426592300844,False
melo_a_oil_citral,probit,127,107.03158800983736,False
melo_a_oil_citral,probit,128,106.68465598950287,False
melo_a_oil_citral,probit,129,105.0836470388916,False
melo_a_oil_citral,probit,130,103.47501827988745,False
melo_a_oil_citral,probit,131,106.8074462033331,False
melo_a_oil_citral,probit,132,106.55255900102874,False
melo_a_oil_citral,probit,133,106.58414755308502,False
melo_a_oil_citral,probit,134,105.59313938679045,False
melo_a_oil_citral,probit,135,106.44886165951604,False
melo_a_oil_citral,probit,136,108.35541507394048,False
melo_a_oil_citral,probit,137,104.40436463227996,False
melo_a_oil_citral,probit,138,104.67518303970533,False
melo_a_oil_citral,probit,139,104.70913084759601,False
melo_a_oil_citral,probit,140,106.0049577901599,False
melo_a_oil_citral,probit,141,104.29585460571371,False
melo_a_oil_citral,probit,142,105.68691468119275,False
melo_a_oil_citral,probit,143,103.50197231233048,False
melo_a_oil_citral,probit,144,106.67660349969216,False
melo_a_oil_citral,probit,145,105.11100577502648,False
melo_a_oil_citral,probit,146,104.60366222687269,False
melo_a_oil_citral,probit,147,107.66694668457923,False
melo_a_oil_citral,probit,148,104.6500532411551,False
melo_a_oil_citral,probit,149,105.02853514963492,False
melo_a_oil_citral,probit,150,102.14059860067228,False
melo_a_oil_citral,probit,151,103.6134130271823,False
melo_a_oil_citral,probit,152,104.90488687957479,False
melo_a_oil_citral,probit,153,103.60830169247183,False
melo_a_oil_citral,probit,154,102.83448427180194,False
melo_a_oil_citral,probit,155,104.25427325125231,False
melo_a_oil_citral,probit,156,107.32998972361366,False
melo_a_oil_citral,probit,157,103.73722024925364,False
melo_a_oil_citral,probit,158,103.39902041411688,False
melo_a_oil_citral,probit,159,104.5445594820774,False
melo_a_oil_citral,probit,160,105.30269666327372,False
melo_a_oil_citral,probit,161,102.77907967149659,False
melo_a_oil_citral,probit,162,105.98864581845022,False
melo_a_oil_citral,probit,163,104.37987547960125,False
melo_a_oil_citral,probit,164,104.3666793040406,False
melo_a_oil_citral,probit,165,106.74470127954939,False
melo_a_oil_citral,probit,166,107.31655028326884,False
melo_a_oil_citral,probit,167,105.32436511006973,False
melo_a_oil_citral,probit,168,105.57242278228527,False
melo_a_oil_citral,probit,169,106.39933459837638,False
melo_a_oil_citral,probit,170,105.95895041442945,False
melo_a_oil_citral,probit,171,108.0993567201634,False
melo_a_oil_citral,probit,172,104.92716399661369,False
melo_a_oil_citral,probit,173,104.30306749432066,False
melo_a_oil_citral,probit,174,105.23693879608972,False
melo_a_oil_citral,probit,175,103.8775307168563,False
melo_a_oil_citral,probit,176,106.95864394892025,False
melo_a_oil_citral,probit,177,104.89857925838429,False
melo_a_oil_citral,probit,178,105.61015984340858,False
melo_a_oil_citral,probit,179,101.52374506094684,False
melo_a_oil_citral,probit,180,102.91746965250366,False
melo_a_oil_citral,probit,181,105.92394125951415,False
melo_a_oil_citral,probit,182,101.90628071056362,False
melo_a_oil_citral,probit,183,106.50960774293704,False
melo_a_oil_citral,probit,184,104.70988077908477,False
melo_a_oil_citral,probit,185,105.6249597424849,False
melo_a_oil_citral,probit,186,106.47907731185481,False
melo_a_oil_citral,probit,187,106.72151536087931,False
melo_a_oil_citral,probit,188,105.70665679364258,False
melo_a_oil_citral,probit,189,103.24458431727616,False
melo_a_oil_citral,probit,190,103.21768066183299,False
melo_a_oil_citral,probit,191,103.40746296250565,False
melo_a_oil_citral,probit,192,106.08902288300965,False
melo_a_oil_citral,probit,193,106.86952912616817,False
melo_a_oil_citral,probit,194,103.81421281552217,False
melo_a_oil_citral,probit,195,104.67226342111832,False
melo_a_oil_citral,probit,196,106.49421124285904,False
melo_a_oil_citral,probit,197,104.61605143668051,False
melo_a_oil_citral,probit,198,106.00983476420868,False
melo_a_oil_citral,probit,199,105.47547723135101,False
melo_a_oil_citral,logistic,0,109.73190476004986,False
melo_a_oil_citral,logistic,1,105.11377178903899,False
melo_a_oil_citral,logistic,2,105.5015191634019,False
melo_a_oil_citral,logistic,3,104.58095156078288,False
melo_a_oil_citral,logistic,4,106.27698749719771,False
melo_a_oil_citral,logistic,5,105.64236139790088,False
melo_a_oil_citral,logistic,6,105.63610015015708,False
melo_a_oil_citral,logistic,7,104.69528361107469,False
melo_a_oil_citral,logistic,8,103.77174856086397,False
melo_a_oil_citral,logistic,9,105.30829895567607,False
melo_a_oil_citral,logistic,10,101.48670226615532,False
melo_a_oil_citral,logistic,11,106.7757375698854,False
melo_a_oil_citral,logistic,12,105.1024167762605,False
melo_a_oil_citral,logistic,13,105.1604442008068,False
melo_a_oil_citral,logistic,14,106.3401567130628,False
melo_a_oil_citral,logistic,15,106.35857664138598,False
melo_a_oil_citral,logistic,16,105.95461910030203,False
melo_a_oil_citral,logistic,17,107.11751213713029,False
melo_a_oil_citral,logistic,18,106.29821825267466,False
melo_a_oil_citral,logistic,19,104.38091174721364,False
melo_a_oil_citral,logistic,20,103.68996725439699,False
melo_a_oil_citral,logistic,21,105.44093539479931,False
melo_a_oil_citral,logistic,22,105.11350761030302,False
melo_a_oil_citral,logistic,23,106.3325014313625,False
melo_a_oil_citral,logistic,24,105.98646787780116,False
melo_a_oil_citral,logistic,25,101.91925223454001,False
melo_a_oil_citral,logistic,26,103.15464991572405,False
melo_a_oil_citral,logistic,27,104.35667760069931,False
melo_a_oil_citral,logistic,28,105.81283793475674,False
melo_a_oil_citral,logistic,29,107.28505237897284,False
melo_a_oil_citral,logistic,30,106.62070672390435,False
melo_a_oil_citral,logistic,31,102.73748086871053,False
melo_a_oil_citral,logistic,32,105.6579196013387,False
melo_a_oil_citral,logistic,33,103.87093986405965,False
melo_a_oil_citral,logistic,34,108.91541093392404,False
melo_a_oil_citral,logistic,35,103.90962032842843,False
melo_a_oil_citral,logistic,36,105.11546330989043,False
melo_a_oil_citral,logistic,37,105.21552047043718,False
melo_a_oil_citral,logistic,38,105.49493422950025,False
melo_a_oil_citral,logistic,39,106.62202517772043,False
melo_a_oil_citral,logistic,40,105.98930425879394,False
melo_a_oil_citral,logistic,41,105.35010158548849,False
melo_a_oil_citral,logistic,42,107.44325090150511,False
melo_a_oil_citral,logistic,43,105.3650314102875,False
melo_a_oil_citral,logistic,44,104.26850378587753,False
melo_a_oil_citral,logistic,45,106.26008350973463,False
melo_a_oil_citral,logistic,46,105.65174329582348,False
melo_a_oil_citral,logistic,47,102.9428133280519,False
melo_a_oil_citral,logistic,48,106.02636514892716,False
melo_a_oil_citral,logistic,49,103.66481233153115,False
melo_a_oil_citral,logistic,50,106.11039365375302,False
melo_a_oil_citral,logistic,51,105.82893467794095,False
melo_a_oil_citral,logistic,52,105.89071614013126,False
melo_a_oil_citral,logistic,53,106.33610301370614,False
melo_a_oil_citral,logistic,54,107.7817504831581,False
melo_a_oil_citral,logistic,55,107.06692838736244,False
melo_a_oil_citral,logistic,56,105.41740421651222,False
melo_a_oil_citral,logistic,57,105.76522729395236,False
melo_a_oil_citral,logistic,58,103.35087687534542,False
melo_a_oil_citral,logistic,59,106.67458147017526,False
melo_a_oil_citral,logistic,60,103.26757702451934,False
melo_a_oil_citral,logistic,61,107.1519423839513,False
melo_a_oil_citral,logistic,62,103.80951632743977,False
melo_a_oil_citral,logistic,63,106.20177732683942,False
melo_a_oil_citral,logistic,64,104.31140550610672,False
melo_a_oil_citral,logistic,65,103.00150477250105,False
melo_a_oil_citral,logistic,66,106.99028133312875,False
melo_a_oil_citral,logistic,67,105.23487435477641,False
melo_a_oil_citral,logistic,68,105.84359152493927,False
melo_a_oil_citral,logistic,69,103.65231641252551,False
melo_a_oil_citral,logistic,70,104.00033584066706,False
melo_a_oil_citral,logistic,71,104.1849691961433,False
melo_a_oil_citral,logistic,72,104.30768802574062,False
melo_a_oil_citral,logistic,73,105.68047218015725,False
melo_a_oil_citral,logistic,74,104.67540930829583,False
melo_a_oil_citral,logistic,75,106.72554310432137,False
melo_a_oil_citral,logistic,76,104.47771331770507,False
melo_a_oil_citral,logistic,77,105.82654328978002,False
melo_a_oil_citral,logistic,78,108.12314946666723,False
melo_a_oil_citral,logistic,79,104.36882132710528,False
melo_a_oil_citral,logistic,80,103.55375208694635,False
melo_a_oil_citral,logistic,81,106.32117242706562,False
melo_a_oil_citral,logistic,82,103.26197561135224,False
melo_a_oil_citral,logistic,83,105.77989838574311,False
melo_a_oil_citral,logistic,84,105.5181624690006,False
melo_a_oil_citral,logistic,85,104.6285569373135,False
melo_a_oil_citral,logistic,86,106.3118005231216,False
melo_a_oil_citral,logistic,87,104.65491530569301,False
melo_a_oil_citral,logistic,88,105.10292305871687,False
melo_a_oil_citral,logistic,89,104.57596762788008,False
melo_a_oil_citral,logistic,90,104.97966371624344,False
melo_a_oil_citral,logistic,91,107.02892415424286,False
melo_a_oil_citral,logistic,92,105.42253378881547,False
melo_a_oil_citral,logistic,93,103.83970276617069,False
melo_a_oil_citral,logistic,94,104.47757871418443,False
melo_a_oil_citral,logistic,95,107.05446476489519,False
melo_a_oil_citral,logistic,96,105.84192061342377,False
melo_a_oil_citral,logistic,97,106.6355328112553,False
melo_a_oil_citral,logistic,98,105.78271945353498,False
melo_a_oil_citral,logistic,99,106.6719643874868,False
melo_a_oil_citral,logistic,100,104.53517881272226,False
melo_a_oil_citral,logistic,101,105.59376938677073,False
melo_a_oil_citral,logistic,102,105.74661396129117,False
melo_a_oil_citral,logistic,103,102.60677916987659,False
melo_a_oil_citral,logistic,104,106.66478530726184,False
melo_a_oil_citral,logistic,105,104.57572773913468,False
melo_a_oil_citral,logistic,106,106.10751778327905,False
melo_a_oil_citral,logistic,107,105.79806116464842,False
melo_a_oil_citral,logistic,108,103.7010739500845,False
melo_a_oil_citral,logistic,109,105.41457832407188,False
melo_a_oil_citral,logistic,110,105.70910084902272,False
melo_a_oil_citral,logistic,111,105.96278806873585,False
melo_a_oil_citral,logistic,112,104.92764531232598,False
melo_a_oil_citral,logistic,113,106.43500662128031,False
melo_a_oil_citral,logistic,114,107.3319162349664,False
melo_a_oil_citral,logistic,115,104.08802862438068,False
melo_a_oil_citral,logistic,116,106.91753164280681,False
melo_a_oil_citral,logistic,117,105.06249255671075,False
melo_a_oil_citral,logistic,118,105.67797306928051,False
melo_a_oil_citral,logistic,119,106.56626027595719,False
melo_a_oil_citral,logistic,120,104.94359555935563,False
melo_a_oil_citral,logistic,121,103.80982039185436,False
melo_a_oil_citral,logistic,122,106.65177558725519,False
melo_a_oil_citral,logistic,123,105.30982316641492,False
melo_a_oil_citral,logistic,124,106.21356911182258,False
melo_a_oil_citral,logistic,125,106.92100929855312,False
melo_a_oil_citral,logistic,126,104.57456255120401,False
melo_a_oil_citral,logistic,127,106.32518926366393,False
melo_a_oil_citral,logistic,128,104.47256991946931,False
melo_a_oil_citral,logistic,129,103.59716742728297,False
melo_a_oil_citral,logistic,130,106.34828744120607,False
melo_a_oil_citral,logistic,131,106.87625393475439,False
melo_a_oil_citral,logistic,132,103.13149120469862,False
melo_a_oil_citral,logistic,133,105.80221816139661,False
melo_a_oil_citral,logistic,134,106.00965000017355,False
melo_a_oil_citral,logistic,135,104.8936502029179,False
melo_a_oil_citral,logistic,136,102.23852566128689,False
melo_a_oil_citral,logistic,137,106.59261586594181,False
melo_a_oil_citral,logistic,138,104.05819955316514,False
melo_a_oil_citral,logistic,139,107.28863633735986,False
melo_a_oil_citral,logistic,140,103.9312855790267,False
melo_a_oil_citral,logistic,141,105.23020672028085,False
melo_a_oil_citral,logistic,142,103.71586141020009,False
melo_a_oil_citral,logistic,143,105.75837230878835,False
melo_a_oil_citral,logistic,144,107.17301938191545,False
melo_a_oil_citral,logistic,145,105.29753458869571,False
melo_a_oil_citral,logistic,146,104.54784316879837,False
melo_a_oil_citral,logistic,147,107.54086416938718,False
melo_a_oil_citral,logistic,148,105.72002641042872,False
melo_a_oil_citral,logistic,149,104.97055055163534,False
melo_a_oil_citral,logistic,150,104.63969041906506,False
melo_a_oil_citral,logistic,151,106.17778943010053,False
melo_a_oil_citral,logistic,152,103.50964177291678,False
melo_a_oil_citral,logistic,153,106.06657305226184,False
melo_a_oil_citral,logistic,154,106.06565329137823,False
melo_a_oil_citral,logistic,155,103.7908716184921,False
melo_a_oil_citral,logistic,156,104.84118983740866,False
melo_a_oil_citral,logistic,157,104.43011779382933,False
melo_a_oil_citral,logistic,158,104.70432198534174,False
melo_a_oil_citral,logistic,159,105.38680540672047,False
melo_a_oil_citral,logistic,160,108.73350425762277,False
melo_a_oil_citral,logistic,161,107.11444474204875,False
melo_a_oil_citral,logistic,162,105.68407476313945,False
melo_a_oil_citral,logistic,163,104.73535017684073,False
melo_a_oil_citral,logistic,164,106.22138077333325,False
melo_a_oil_citral,logistic,165,105.52914336379148,False
melo_a_oil_citral,logistic,166,103.50887213572919,False
melo_a_oil_citral,logistic,167,106.75326854197758,False
melo_a_oil_citral,logistic,168,104.12906739774722,False
melo_a_oil_citral,logistic,169,108.74670116517383,False
melo_a_oil_citral,logistic,170,105.84119530644713,False
melo_a_oil_citral,logistic,171,105.1879570020737,False
melo_a_oil_citral,logistic,172,103.93568878616199,False
melo_a_oil_citral,logistic,173,104.26843119665806,False
melo_a_oil_citral,logistic,174,106.01962156027243,False
melo_a_oil_citral,logistic,175,106.77039632249254,False
melo_a_oil_citral,logistic,176,105.77019109468795,False
melo_a_oil_citral,logistic,177,104.54725022709765,False
melo_a_oil_citral,logistic,178,105.27631309755249,False
melo_a_oil_citral,logistic,179,105.69887499991657,False
melo_a_oil_citral,logistic,180,104.29101657170838,False
melo_a_oil_citral,logistic,181,107.57873454084078,False
melo_a_oil_citral,logistic,182,104.47748263285953,False
melo_a_oil_citral,logistic,183,105.95996148314399,False
melo_a_oil_citral,logistic,184,108.5304290740747,False
melo_a_oil_citral,logistic,185,107.44283661524224,False
melo_a_oil_citral,logistic,186,106.93642976323628,False
melo_a_oil_citral,logistic,187,105.43730814599203,False
melo_a_oil_citral,logistic,188,105.63798014690101,False
melo_a_oil_citral,logistic,189,105.19674049338039,False
melo_a_oil_citral,logistic,190,106.93230766934143,False
melo_a_oil_citral,logistic,191,107.48548186597165,False
melo_a_oil_citral,logistic,192,105.00473827562477,False
melo_a_oil_citral,logistic,193,105.10863861082683,False
melo_a_oil_citral,logistic,194,104.44731731393705,False
melo_a_oil_citral,logistic,195,104.60122520076085,False
melo_a_oil_citral,logistic,196,106.02396471287817,False
melo_a_oil_citral,logistic,197,105.07677283693113,False
melo_a_oil_citral,logistic,198,102.46744146120112,False
melo_a_oil_citral,logistic,199,105.70683756315783,False
melo_a_citral,probit,0,33.287655934685276,False
melo_a_citral,probit,1,33.02794421548918,False
melo_a_citral,probit,2,32.225517313231514,False
melo_a_citral,probit,3,31.99676032995892,False
melo_a_citral,probit,4,32.2948504654008,False
melo_a_citral,probit,5,32.66213220137547,False
melo_a_citral,probit,6,31.613698214679133,False
melo_a_citral,probit,7,32.23338437467319,False
melo_a_citral,probit,8,33.31569599970302,False
melo_a_citral,probit,9,32.39444269968508,False
melo_a_citral,probit,10,33.46681504320654,False
melo_a_citral,probit,11,33.21581470614534,False
melo_a_citral,probit,12,31.946435326520984,False
melo_a_citral,probit,13,33.206517370386806,False
melo_a_citral,probit,14,32.170344716469316,False
melo_a_citral,probit,15,31.906302559882867,False
melo_a_citral,probit,16,33.14245812208776,False
melo_a_citral,probit,17,33.13821038125036,False
melo_a_citral,probit,18,32.28896073987,False
melo_a_citral,probit,19,32.51077509568462,False
melo_a_citral,probit,20,32.1149198124461,False
melo_a_citral,probit,21,32.359561134044704,False
melo_a_citral,probit,22,31.63286869580946,False
melo_a_citral,probit,23,31.642008976182122,False
melo_a_citral,probit,24,33.137587367675465,False
melo_a_citral,probit,25,31.862331906485903,False
melo_a_citral,probit,26,31.668405544166877,False
melo_a_citral,probit,27,31.781815175537467,False
melo_a_citral,probit,28,31.64395098288049,False
melo_a_citral,probit,29,32.26905976871523,False
melo_a_citral,probit,30,32.632209464444166,False
melo_a_citral,probit,31,31.953326523214884,False
melo_a_citral,probit,32,33.49439703157115,False
melo_a_citral,probit,33,33.16430136316372,False
melo_a_citral,probit,34,31.72419059339833,False
melo_a_citral,probit,35,32.52998067362044,False
melo_a_citral,probit,36,33.245903684233916,False
melo_a_citral,probit,37,33.21300471484106,False
melo_a_citral,probit,38,32.14406072281298,False
melo_a_citral,probit,39,32.34797072952625,False
melo_a_citral,probit,40,32.33589512354073,False
melo_a_citral,probit,41,32.66432971836173,False
melo_a_citral,probit,42,32.88317063686345,False
melo_a_citral,probit,43,33.02290993840176,False
melo_a_citral,probit,44,32.647878296606606,False
melo_a_citral,probit,45,33.42734994117187,False
melo_a_citral,probit,46,32.73921229499634,False
melo_a_citral,probit,47,32.64318879029472,False
melo_a_citral,probit,48,31.852798681180627,False
melo_a_citral,probit,49,33.47225296711399,False
melo_a_citral,probit,50,31.360241671379608,False
melo_a_citral,probit,51,32.224591100698014,False
melo_a_citral,probit,52,32.09698038847115,False
melo_a_citral,probit,53,32.82937337102774,False
melo_a_citral,probit,54,32.07765502462581,False
melo_a_citral,probit,55,32.685272949308626,False
melo_a_citral,probit,56,31.68197703317763,False
melo_a_citral,probit,57,31.47928207145312,False
melo_a_citral,probit,58,32.78013856626283,False
melo_a_citral,probit,59,33.20892428679942,False
melo_a_citral,probit,60,32.92270256499963,False
melo_a_citral,probit,61,33.73857293284243,False
melo_a_citral,probit,62,32.141652861869815,False
melo_a_citral,probit,63,31.66872599714897,False
melo_a_citral,probit,64,32.532107847152446,False
melo_a_citral,probit,65,32.53869463285603,False
melo_a_citral,probit,66,32.431477825199714,False
melo_a_citral,probit,67,32.56508962314419,False
melo_a_citral,probit,68,32.402608090552334,False
melo_a_citral,probit,69,32.963284580253806,False
melo_a_citral,probit,70,32.84470462624279,False
melo_a_citral,probit,71,32.055541453730896,False
melo_a_citral,probit,72,31.953609937170256,False
melo_a_citral,probit,73,32.79431143247546,False
melo_a_citral,probit,74,33.374510757941174,False
melo_a_citral,probit,75,32.25418095166995,False
melo_a_citral,probit,76,32.579105322094506,False
melo_a_citral,probit,77,31.674501044069043,False
melo_a_citral,probit,78,33.312428560827875,False
melo_a_citral,probit,79,33.694594784912944,False
melo_a_citral,probit,80,31.190028691680574,False
melo_a_citral,probit,81,31.644217286009326,False
melo_a_citral,probit,82,31.766141885818982,False
melo_a_citral,probit,83,32.14261208712426,False
melo_a_citral,probit,84,32.80453507553342,False
melo_a_citral,probit,85,32.14772117324148,False
melo_a_citral,probit,86,32.02514936108531,False
melo_a_citral,probit,87,33.25637398204428,False
melo_a_citral,probit,88,31.871791469815864,False
melo_a_citral,probit,89,32.045123949659,False
melo_a_citral,probit,90,33.31987805494518,False
melo_a_citral,probit,91,32.68866761519508,False
melo_a_citral,probit,92,32.781104181153765,False
melo_a_citral,probit,93,32.14983562297665,False
melo_a_citral,probit,94,32.26069562793194,False
melo_a_citral,probit,95,32.98393440317754,False
melo_a_citral,probit,96,32.735082567078415,False
melo_a_citral,probit,97,32.51658585250317,False
melo_a_citral,probit,98,32.55399253372898,False
melo_a_citral,probit,99,31.8576545848805,False
melo_a_citral,probit,100,32.94814831102919,False
melo_a_citral,probit,101,32.49424170521824,False
melo_a_citral,probit,102,32.14309838042456,False
melo_a_citral,probit,103,32.48068685654014,False
melo_a_citral,probit,104,33.15931356275881,False
melo_a_citral,probit,105,32.302587172132164,False
melo_a_citral,probit,106,32.67379003152828,False
melo_a_citral,probit,107,32.22358156721477,False
melo_a_citral,probit,108,32.81004422978876,False
melo_a_citral,probit,109,32.93303862361606,False
melo_a_citral,probit,110,32.03323721787385,False
melo_a_citral,probit,111,33.21483653098054,False
melo_a_citral,probit,112,32.60408489771026,False
melo_a_citral,probit,113,33.37181709254253,False
melo_a_citral,probit,114,33.17984552494638,False
melo_a_citral,probit,115,32.22457616926823,False
melo_a_citral,probit,116,32.98628204260175,False
melo_a_citral,probit,117,32.87301738704227,False
melo_a_citral,probit,118,32.550850021088586,False
melo_a_citral,probit,119,32.46377577273208,False
melo_a_citral,probit,120,32.33297332621549,False
melo_a_citral,probit,121,32.73842621630478,False
melo_a_citral,probit,122,32.387895198832226,False
melo_a_citral,probit,123,33.68555916904803,False
melo_a_citral,probit,124,33.124493916865354,False
melo_a_citral,probit,125,31.999132189889636,False
melo_a_citral,probit,126,32.033640375642946,False
melo_a_citral,probit,127,31.68201966179237,False
melo_a_citral,probit,128,33.54703274857199,False
melo_a_citral,probit,129,31.955584164037294,False
melo_a_citral,probit,130,33.55243429284371,False
melo_a_citral,probit,131,31.645138057120118,False
melo_a_citral,probit,132,32.521996561652436,False
melo_a_citral,probit,133,32.406890576721445,False
melo_a_citral,probit,134,33.196932800685644,False
melo_a_citral,probit,135,32.4553478338958,False
melo_a_citral,probit,136,32.30776655404036,False
melo_a_citral,probit,137,32.48980505990605,False
melo_a_citral,probit,138,32.94085081269164,False
melo_a_citral,probit,139,33.416142328600586,False
melo_a_citral,probit,140,31.585462502142356,False
melo_a_citral,probit,141,31.284147158551768,False
melo_a_citral,probit,142,31.821756048486666,False
melo_a_citral,probit,143,32.66033742591542,False
melo_a_citral,probit,144,32.556625468498964,False
melo_a_citral,probit,145,32.22868681978842,False
melo_a_citral,probit,146,32.65614357737667,False
melo_a_citral,probit,147,33.2633471818136,False
melo_a_citral,probit,148,31.514881284174756,False
melo_a_citral,probit,149,32.69416908423849,False
melo_a_citral,probit,150,32.30080398859155,False
melo_a_citral,probit,151,32.078639866596205,False
melo_a_citral,probit,152,32.8336488164611,False
melo_a_citral,probit,153,31.92419538194294,False
melo_a_citral,probit,154,31.96110498713663,False
melo_a_citral,probit,155,32.78423185818629,False
melo_a_citral,probit,156,31.708663038101022,False
melo_a_citral,probit,157,32.97649749963472,False
melo_a_citral,probit,158,33.30930322898236,False
melo_a_citral,probit,159,33.258210313394954,False
melo_a_citral,probit,160,32.42325142676288,False
melo_a_citral,probit,161,31.84538557440494,False
melo_a_citral,probit,162,32.24375653102925,False
melo_a_citral,probit,163,32.08532355885679,False
melo_a_citral,probit,164,32.155044214240164,False
melo_a_citral,probit,165,31.85635073023358,False
melo_a_citral,probit,166,32.74712190622431,False
melo_a_citral,probit,167,32.66957729636029,False
melo_a_citral,probit,168,31.746739990016437,False
melo_a_citral,probit,169,31.91445356690894,False
melo_a_citral,probit,170,31.904799542298864,False
melo_a_citral,probit,171,32.56352676105036,False
melo_a_citral,probit,172,32.98304614692047,False
melo_a_citral,probit,173,31.977646548972274,False
melo_a_citral,probit,174,32.19730429770285,False
melo_a_citral,probit,175,31.78296143339415,False
melo_a_citral,probit,176,33.30541529728316,False
melo_a_citral,probit,177,32.08574434293937,False
melo_a_citral,probit,178,32.977700675600566,False
melo_a_citral,probit,179,32.64449811744409,False
melo_a_citral,probit,180,32.6241503842574,False
melo_a_citral,probit,181,33.2922169571758,False
melo_a_citral,probit,182,32.19340536993709,False
melo_a_citral,probit,183,31.842528221290003,False
melo_a_citral,probit,184,32.742464887978706,False
melo_a_citral,probit,185,32.29832846191807,False
melo_a_citral,probit,186,32.78149048747287,False
melo_a_citral,probit,187,31.923680543367137,False
melo_a_citral,probit,188,33.122381241643716,False
melo_a_citral,probit,189,33.198225325688185,False
melo_a_citral,probit,190,32.09975844865545,False
melo_a_citral,probit,191,32.06653607754673,False
melo_a_citral,probit,192,31.832692664499866,False
melo_a_citral,probit,193,33.08371869034846,False
melo_a_citral,probit,194,31.717920096633456,False
melo_a_citral,probit,195,31.732492475953322,False
melo_a_citral,probit,196,32.997217112841355,False
melo_a_citral,probit,197,32.487333680854476,False
melo_a_citral,probit,198,32.464944404292105,False
melo_a_citral,probit,199,33.2931535808498,False
melo_a_citral,logistic,0,32.41397752701761,False
melo_a_citral,logistic,1,32.24936258580405,False
melo_a_citral,logistic,2,31.80487340471355,False
melo_a_citral,logistic,3,32.32619423478266,False
melo_a_citral,logistic,4,31.25968201902662,False
melo_a_citral,logistic,5,31.94053333078453,False
melo_a_citral,logistic,6,31.52115545674225,False
melo_a_citral,logistic,7,32.26336015927698,False
melo_a_citral,logistic,8,33.71739037951988,False
melo_a_citral,logistic,9,33.021890096531195,False
melo_a_citral,logistic,10,32.888832216591,False
melo_a_citral,logistic,11,31.866387558808682,False
melo_a_citral,logistic,12,31.61580510076922,False
melo_a_citral,logistic,13,33.02722805629184,False
melo_a_citral,logistic,14,32.38498409031978,False
melo_a_citral,logistic,15,32.91251026879421,False
melo_a_citral,logistic,16,33.142467687141526,False
melo_a_citral,logistic,17,32.86007247893954,False
melo_a_citral,logistic,18,32.3932247959886,False
melo_a_citral,logistic,19,32.9163735178069,False
melo_a_citral,logistic,20,32.008153344349914,False
melo_a_citral,logistic,21,31.98201160691765,False
melo_a_citral,logistic,22,32.1870775543195,False
melo_a_citral,logistic,23,32.55714895584972,False
melo_a_citral,logistic,24,31.654822986185067,False
melo_a_citral,logistic,25,32.440522963745806,False
melo_a_citral,logistic,26,32.42741165791159,False
melo_a_citral,logistic,27,32.11730810902009,False
melo_a_citral,logistic,28,32.153352734325544,False
melo_a_citral,logistic,29,32.13960567949082,False
melo_a_citral,logistic,30,32.668733943285005,False
melo_a_citral,logistic,31,31.2064773915735,False
melo_a_citral,logistic,32,32.632810120816295,False
melo_a_citral,logistic,33,32.19140007812251,False
melo_a_citral,logistic,34,32.50792169853111,False
melo_a_citral,logistic,35,32.18894451330568,False
melo_a_citral,logistic,36,31.880143664603768,False
melo_a_citral,logistic,37,31.865015184338116,False
melo_a_citral,logistic,38,33.21041030881927,False
melo_a_citral,logistic,39,31.923892719069546,False
melo_a_citral,logistic,40,31.513737509108257,False
melo_a_citral,logistic,41,31.800052345295043,False
melo_a_citral,logistic,42,31.928853020727185,False
melo_a_citral,logistic,43,32.709367687826244,False
melo_a_citral,logistic,44,32.090239544620424,False
melo_a_citral,logistic,45,31.472325770876367,False
melo_a_citral,logistic,46,33.07711819573878,False
melo_a_citral,logistic,47,32.30582019571307,False
melo_a_citral,logistic,48,31.36111862095351,False
melo_a_citral,logistic,49,32.83968325524921,False
melo_a_citral,logistic,50,32.66509686729743,False
melo_a_citral,logistic,51,32.2237689272386,False
melo_a_citral,logistic,52,31.78560810631445,False
melo_a_citral,logistic,53,31.561992648358345,False
melo_a_citral,logistic,54,31.314316665266684,False
melo_a_citral,logistic,55,33.11003965160802,False
melo_a_citral,logistic,56,31.653043105825976,False
melo_a_citral,logistic,57,32.982179503217196,False
melo_a_citral,logistic,58,32.78336700608498,False
melo_a_citral,logistic,59,31.2235940994078,False
melo_a_citral,logistic,60,32.86705638890274,False
melo_a_citral,logistic,61,31.95517086070362,False
melo_a_citral,logistic,62,31.59366003204594,False
melo_a_citral,logistic,63,31.71583160140257,False
melo_a_citral,logistic,64,32.36944597425918,False
melo_a_citral,logistic,65,33.207160440518756,False
melo_a_citral,logistic,66,31.652003917129406,False
melo_a_citral,logistic,67,33.35053649434597,False
melo_a_citral,logistic,68,31.387758720605095,False
melo_a_citral,logistic,69,31.71807828449687,False
melo_a_citral,logistic,70,32.36972089624688,False
melo_a_citral,logistic,71,31.849198782383493,False
melo_a_citral,logistic,72,32.29126257862467,False
melo_a_citral,logistic,73,31.998858054630055,False
melo_a_citral,logistic,74,32.00614704290613,False
melo_a_citral,logistic,75,32.54660402708333,False
melo_a_citral,logistic,76,31.18718971302215,False
melo_a_citral,logistic,77,31.940144508945604,False
melo_a_citral,logistic,78,31.2135967288869,False
melo_a_citral,logistic,79,32.23445812158418,False
melo_a_citral,logistic,80,32.216304617437665,False
melo_a_citral,logistic,81,31.828631979396924,False
melo_a_citral,logistic,82,32.77636737590014,False
melo_a_citral,logistic,83,33.28936331902167,False
melo_a_citral,logistic,84,33.0025685203903,False
melo_a_citral,logistic,85,32.08282882267937,False
melo_a_citral,logistic,86,33.35006649705393,False
melo_a_citral,logistic,87,32.683235672775865,False
melo_a_citral,logistic,88,32.87931621664362,False
melo_a_citral,logistic,89,31.613594233818876,False
melo_a_citral,logistic,90,31.20776197731962,False
melo_a_citral,logistic,91,31.474317676712754,False
melo_a_citral,logistic,92,31.816968057806772,False
melo_a_citral,logistic,93,32.9020525839257,False
melo_a_citral,logistic,94,31.948063622599403,False
melo_a_citral,logistic,95,31.7044814153257,False
melo_a_citral,logistic,96,31.622257082045486,False
melo_a_citral,logistic,97,33.112952201598944,False
melo_a_citral,logistic,98,33.11634560983782,False
melo_a_citral,logistic,99,31.960944922434287,False
melo_a_citral,logistic,100,31.73135304670209,False
melo_a_citral,logistic,101,32.111108114131895,False
melo_a_citral,logistic,102,32.402073065882654,False
melo_a_citral,logistic,103,31.442632973044915,False
melo_a_citral,logistic,104,32.92449646611044,False
melo_a_citral,logistic,105,32.14600647058719,False
melo_a_citral,logistic,106,31.80380733186099,False
melo_a_citral,logistic,107,32.48619477424528,False
melo_a_citral,logistic,108,31.814667285770856,False
melo_a_citral,logistic,109,31.617620938852532,False
melo_a_citral,logistic,110,32.28262742958802,False
melo_a_citral,logistic,111,33.23115984827647,False
melo_a_citral,logistic,112,31.399925176558288,False
melo_a_citral,logistic,113,33.11457827926646,False
melo_a_citral,logistic,114,33.00598684538905,False
melo_a_citral,logistic,115,31.335808974284575,False
melo_a_citral,logistic,116,31.41559949783362,False
melo_a_citral,logistic,117,31.78674118057555,False
melo_a_citral,logistic,118,32.75684685144482,False
melo_a_citral,logistic,119,31.768935214314716,False
melo_a_citral,logistic,120,32.968201154971844,False
melo_a_citral,logistic,121,32.193495600421535,False
melo_a_citral,logistic,122,32.747736495603895,False
melo_a_citral,logistic,123,31.552025273644244,False
melo_a_citral,logistic,124,31.970185782174134,False
melo_a_citral,logistic,125,31.655382752437877,False
melo_a_citral,logistic,126,32.98306231645445,False
melo_a_citral,logistic,127,32.19067953589524,False
melo_a_citral,logistic,128,32.55211287596879,False
melo_a_citral,logistic,129,31.609731165381174,False
melo_a_citral,logistic,130,32.21461696327208,False
melo_a_citral,logistic,131,31.529549551368817,False
melo_a_citral,logistic,132,31.52174487109068,False
melo_a_citral,logistic,133,32.568775214369936,False
melo_a_citral,logistic,134,32.47624124661071,False
melo_a_citral,logistic,135,31.37092308830496,False
melo_a_citral,logistic,136,32.74751885967174,False
melo_a_citral,logistic,137,32.026911449211745,False
melo_a_citral,logistic,138,31.427317499879912,False
melo_a_citral,logistic,139,32.454750517518605,False
melo_a_citral,logistic,140,32.39694154645759,False
melo_a_citral,logistic,141,32.68703843649898,False
melo_a_citral,logistic,142,32.497919666132894,False
melo_a_citral,logistic,143,32.59279478967228,False
melo_a_citral,logistic,144,32.8879409910168,False
melo_a_citral,logistic,145,31.951036446074635,False
melo_a_citral,logistic,146,31.949704145407132,False
melo_a_citral,logistic,147,32.48318817836061,False
melo_a_citral,logistic,148,31.8625446556294,False
melo_a_citral,logistic,149,31.821978250314395,False
melo_a_citral,logistic,150,32.39167283531703,False
melo_a_citral,logistic,151,32.14723489081083,False
melo_a_citral,logistic,152,32.089135667288154,False
melo_a_citral,logistic,153,32.60559413695736,False
melo_a_citral,logistic,154,33.06636905484619,False
melo_a_citral,logistic,155,31.672515744226203,False
melo_a_citral,logistic,156,31.760220990485855,False
melo_a_citral,logistic,157,31.78676130645346,False
melo_a_citral,logistic,158,32.4597289498213,False
melo_a_citral,logistic,159,33.10720902601101,False
melo_a_citral,logistic,160,31.581653334620892,False
melo_a_citral,logistic,161,31.918662101217315,False
melo_a_citral,logistic,162,32.95456288636343,False
melo_a_citral,logistic,163,32.53537076828592,False
melo_a_citral,logistic,164,32.07782093956413,False
melo_a_citral,logistic,165,32.71603141825822,False
melo_a_citral,logistic,166,31.783052782400688,False
melo_a_citral,logistic,167,31.626252503374502,False
melo_a_citral,logistic,168,32.75849977250483,False
melo_a_citral,logistic,169,33.09616414289386,False
melo_a_citral,logistic,170,32.10497190564592,False
melo_a_citral,logistic,171,32.63665758738155,False
melo_a_citral,logistic,172,32.84016546093011,False
melo_a_citral,logistic,173,31.646460829018356,False
melo_a_citral,logistic,174,33.09933997844076,False
melo_a_citral,logistic,175,31.50264827647802,False
melo_a_citral,logistic,176,32.33911832014502,False
melo_a_citral,logistic,177,32.42877651313358,False
melo_a_citral,logistic,178,31.9498975114316,False
melo_a_citral,logistic,179,33.050364068985516,False
melo_a_citral,logistic,180,31.322487295448635,False
melo_a_citral,logistic,181,33.2637506653425,False
melo_a_citral,logistic,182,32.01268022230003,False
melo_a_citral,logistic,183,32.609036772345846,False
melo_a_citral,logistic,184,31.964064611094383,False
melo_a_citral,logistic,185,32.288910358784605,False
melo_a_citral,logistic,186,31.19369129834324,False
melo_a_citral,logistic,187,31.74101804312487,False
melo_a_citral,logistic,188,32.38351239098972,False
melo_a_citral,logistic,189,32.0987557972201,False
melo_a_citral,logistic,190,31.99943941097032,False
melo_a_citral,logistic,191,32.19227531380761,False
melo_a_citral,logistic,192,32.72958775952654,False
melo_a_citral,logistic,193,31.42588740985044,False
melo_a_citral,logistic,194,31.296570837410577,False
melo_a_citral,logistic,195,32.82935801713569,False
melo_a_citral,logistic,196,33.015953926702416,False
melo_a_citral,logistic,197,32.53946935947912,False
melo_a_citral,logistic,198,31.448045080117172,False
melo_a_citral,logistic,199,32.10503126127816,False
melo_b_oil_isopulegol,probit,0,239.80643910183142,False
melo_b_oil_isopulegol,probit,1,234.29437576504773,False
melo_b_oil_isopulegol,probit,2,236.22875533892056,False
melo_b_oil_isopulegol,probit,3,239.8773394096026,False
melo_b_oil_isopulegol,probit,4,245.11189177233766,False
melo_b_oil_isopulegol,probit,5,242.40340764709765,False
melo_b_oil_isopulegol,probit,6,242.73931945829023,False
melo_b_oil_isopulegol,probit,7,243.555819366882,False
melo_b_oil_isopulegol,probit,8,245.1459759623945,False
melo_b_oil_isopulegol,probit,9,238.35341584882494,False
melo_b_oil_isopulegol,probit,10,240.78125743790412,False
melo_b_oil_isopulegol,probit,11,238.61139668039726,False
melo_b_oil_isopulegol,probit,12,234.04211130962932,False
melo_b_oil_isopulegol,probit,13,242.6671029778052,False
melo_b_oil_isopulegol,probit,14,241.85605071684256,False
melo_b_oil_isopulegol,probit,15,243.86585798818268,False
melo_b_oil_isopulegol,probit,16,242.44652945029833,False
melo_b_oil_isopulegol,probit,17,237.0347920131043,False
melo_b_oil_isopulegol,probit,18,240.12936331451337,False
melo_b_oil_isopulegol,probit,19,237.01032753684376,False
melo_b_oil_isopulegol,probit,20,238.14653799947112,False
melo_b_oil_isopulegol,probit,21,234.23218162014774,False
melo_b_oil_isopulegol,probit,22,239.8004755172524,False
melo_b_oil_isopulegol,probit,23,238.08820061681672,False
melo_b_oil_isopulegol,probit,24,238.28528646280003,False
melo_b_oil_isopulegol,probit,25,242.799117966752,False
melo_b_oil_isopulegol,probit,26,251.98649159908032,False
melo_b_oil_isopulegol,probit,27,243.50887426008822,False
melo_b_oil_isopulegol,probit,28,237.37651370773634,False
melo_b_oil_isopulegol,probit,29,241.15667864729346,False
melo_b_oil_isopulegol,probit,30,234.39227423767164,False
melo_b_oil_isopulegol,probit,31,237.7356393878387,False
melo_b_oil_isopulegol,probit,32,235.94374321753713,False
melo_b_oil_isopulegol,probit,33,236.7202022918676,False
melo_b_oil_isopulegol,probit,34,240.72768184322953,False
melo_b_oil_isopulegol,probit,35,238.94949921789677,False
melo_b_oil_isopulegol,probit,36,245.6251429904231,False
melo_b_oil_isopulegol,probit,37,234.35507819383292,False
melo_b_oil_isopulegol,probit,38,238.0132303799349,False
melo_b_oil_isopulegol,probit,39,245.55339586810152,False
melo_b_oil_isopulegol,probit,40,241.13193621605305,False
melo_b_oil_isopulegol,probit,41,241.08129330786795,False
melo_b_oil_isopulegol,probit,42,238.8909717974026,False
melo_b_oil_isopulegol,probit,43,238.82679045643226,False
melo_b_oil_isopulegol,probit,44,239.56468897210314,False
melo_b_oil_isopulegol,probit,45,241.15286626455767,False
melo_b_oil_isopulegol,probit,46,240.76053839712065,False
melo_b_oil_isopulegol,probit,47,240.1011258501033,False
melo_b_oil_isopulegol,probit,48,240.92084507498524,False
melo_b_oil_isopulegol,probit,49,243.8091974440932,False
melo_b_oil_isopulegol,probit,50,237.46818721216525,False
melo_b_oil_isopulegol,probit,51,240.0291215558423,False
melo_b_oil_isopulegol,probit,52,239.42698184628668,False
melo_b_oil_isopulegol,probit,53,242.94132305653946,False
melo_b_oil_isopulegol,probit,54,251.583448638421,False
melo_b_oil_isopulegol,probit,55,243.76423384137226,False
melo_b_oil_isopulegol,probit,56,236.5806200338374,False
melo_b_oil_isopulegol,probit,57,242.62543423016774,False
melo_b_oil_isopulegol,probit,58,238.84732494528248,False
melo_b_oil_isopulegol,probit,59,240.768965429559,False
melo_b_oil_isopulegol,probit,60,237.68038325066976,False
melo_b_oil_isopulegol,probit,61,238.65231140542213,False
melo_b_oil_isopulegol,probit,62,238.02453747706392,False
melo_b_oil_isopulegol,probit,63,237.78886775959666,False
melo_b_oil_isopulegol,probit,64,241.84923371781866,False
melo_b_oil_isopulegol,probit,65,243.71843431390036,False
melo_b_oil_isopulegol,probit,66,238.22237413223294,False
melo_b_oil_isopulegol,probit,67,240.32387144305844,False
melo_b_oil_isopulegol,probit,68,242.18239153760132,False
melo_b_oil_isopulegol,probit,69,244.63111974243643,False
melo_b_oil_isopulegol,probit,70,236.44471137845335,False
melo_b_oil_isopulegol,probit,71,240.3692374632055,False
melo_b_oil_isopulegol,probit,72,244.2283597543709,False
melo_b_oil_isopulegol,probit,73,241.3095526999877,False
melo_b_oil_isopulegol,probit,74,239.63840556599897,False
melo_b_oil_isopulegol,probit,75,246.45480080917687,False
melo_b_oil_isopulegol,probit,76,241.18828151622017,False
melo_b_oil_isopulegol,probit,77,244.19841730275755,False
melo_b_oil_isopulegol,probit,78,242.00757266538216,False
melo_b_oil_isopulegol,probit,79,242.6119618091791,False
melo_b_oil_isopulegol,probit,80,249.3004821817203,False
melo_b_oil_isopulegol,probit,81,246.1839881770333,False
melo_b_oil_isopulegol,probit,82,243.70421442783837,False
melo_b_oil_isopulegol,probit,83,237.47764970434693,False
melo_b_oil_isopulegol,probit,84,240.30677413839487,False
melo_b_oil_isopulegol,probit,85,239.62723289559815,False
melo_b_oil_isopulegol,probit,86,245.30921896782965,False
melo_b_oil_isopulegol,probit,87,244.70533183351037,False
melo_b_oil_isopulegol,probit,88,238.50300594069768,False
melo_b_oil_isopulegol,probit,89,236.84649619307348,False
melo_b_oil_isopulegol,probit,90,235.5421855691936,False
melo_b_oil_isopulegol,probit,91,241.7482326854757,False
melo_b_oil_isopulegol,probit,92,235.3939388106623,False
melo_b_oil_isopulegol,probit,93,239.24441858349365,False
melo_b_oil_isopulegol,probit,94,241.56878705654367,False
melo_b_oil_isopulegol,probit,95,242.81284440817333,False
melo_b_oil_isopulegol,probit,96,236.37636179054746,False
melo_b_oil_isopulegol,probit,97,241.97935598462706,False
melo_b_oil_isopulegol,probit,98,233.77161851935162,False
melo_b_oil_isopulegol,probit,99,238.14017558245828,False
melo_b_oil_isopulegol,probit,100,249.92475285455157,False
melo_b_oil_isopulegol,probit,101,238.95731455146603,False
melo_b_oil_isopulegol,probit,102,243.81001703861338,False
melo_b_oil_isopulegol,probit,103,238.04174122376298,False
melo_b_oil_isopulegol,probit,104,247.60817812993315,False
melo_b_oil_isopulegol,probit,105,240.42074021324015,False
melo_b_oil_isopulegol,probit,106,241.78800449357254,False
melo_b_oil_isopulegol,probit,107,248.35850142292782,False
melo_b_oil_isopulegol,probit,108,240.7153683406683,False
melo_b_oil_isopulegol,probit,109,240.45506698840973,False
melo_b_oil_isopulegol,probit,110,248.75113674132436,False
melo_b_oil_isopulegol,probit,111,238.4209804100448,False
melo_b_oil_isopulegol,probit,112,238.44315540944154,False
melo_b_oil_isopulegol,probit,113,240.8748400401009,False
melo_b_oil_isopulegol,probit,114,239.61902982920682,False
melo_b_oil_isopulegol,probit,115,236.14558031320928,False
melo_b_oil_isopulegol,probit,116,238.32070379316633,False
melo_b_oil_isopulegol,probit,117,236.33799001530386,False
melo_b_oil_isopulegol,probit,118,242.7629356768698,False
melo_b_oil_isopulegol,probit,119,238.07335474702722,False
melo_b_oil_isopulegol,probit,120,241.5127299799838,False
melo_b_oil_isopulegol,probit,121,240.06277071096443,False
melo_b_oil_isopulegol,probit,122,248.2389818102458,False
melo_b_oil_isopulegol,probit,123,243.00781051739594,False
melo_b_oil_isopulegol,probit,124,247.0391735506731,False
melo_b_oil_isopulegol,probit,125,243.53461201496648,False
melo_b_oil_isopulegol,probit,126,236.5763346029394,False
melo_b_oil_isopulegol,probit,127,238.4941606822236,False
melo_b_oil_isopulegol,probit,128,248.446967985866,False
melo_b_oil_isopulegol,probit,129,246.19721967883527,False
melo_b_oil_isopulegol,probit,130,245.67294975099642,False
melo_b_oil_isopulegol,probit,131,239.42799403398632,False
melo_b_oil_isopulegol,probit,132,239.50692807999923,False
melo_b_oil_isopulegol,probit,133,243.55849115152267,False
melo_b_oil_isopulegol,probit,134,241.31444776116982,False
melo_b_oil_isopulegol,probit,135,240.82548701570585,False
melo_b_oil_isopulegol,probit,136,245.35458199406796,False
melo_b_oil_isopulegol,probit,137,240.90019892288967,False
melo_b_oil_isopulegol,probit,138,240.8659060252299,False
melo_b_oil_isopulegol,probit,139,241.74121229814597,False
melo_b_oil_isopulegol,probit,140,242.32689136969108,False
melo_b_oil_isopulegol,probit,141,243.00002408621896,False
melo_b_oil_isopulegol,probit,142,235.69824941173,False
melo_b_oil_isopulegol,probit,143,240.92453929141442,False
melo_b_oil_isopulegol,probit,144,240.69965163750632,False
melo_b_oil_isopulegol,probit,145,236.63956963950756,False
melo_b_oil_isopulegol,probit,146,243.98046557374954,False
melo_b_oil_isopulegol,probit,147,235.34574728019385,False
melo_b_oil_isopulegol,probit,148,239.53383066579417,False
melo_b_oil_isopulegol,probit,149,232.8728457656053,False
melo_b_oil_isopulegol,probit,150,234.36065873574836,False
melo_b_oil_isopulegol,probit,151,244.55519712392257,False
melo_b_oil_isopulegol,probit,152,236.24556886754266,False
melo_b_oil_isopulegol,probit,153,245.13389026871937,False
melo_b_oil_isopulegol,probit,154,233.22954455762118,False
melo_b_oil_isopulegol,probit,155,241.48971696057012,False
melo_b_oil_isopulegol,probit,156,242.52754505858397,False
melo_b_oil_isopulegol,probit,157,233.6214724401479,False
melo_b_oil_isopulegol,probit,158,245.3865104789512,False
melo_b_oil_isopulegol,probit,159,233.341581037289,False
melo_b_oil_isopulegol,probit,160,242.47188547052463,False
melo_b_oil_isopulegol,probit,161,236.7703882503369,False
melo_b_oil_isopulegol,probit,162,243.35870946753022,False
melo_b_oil_isopulegol,probit,163,237.59419396771446,False
melo_b_oil_isopulegol,probit,164,241.10222608194226,False
melo_b_oil_isopulegol,probit,165,239.6042050337576,False
melo_b_oil_isopulegol,probit,166,244.007462841682,False
melo_b_oil_isopulegol,probit,167,244.75031920405317,False
melo_b_oil_isopulegol,probit,168,243.72276899763315,False
melo_b_oil_isopulegol,probit,169,242.42188623096396,False
melo_b_oil_isopulegol,probit,170,237.89412335152903,False
melo_b_oil_isopulegol,probit,171,238.928761106239,False
melo_b_oil_isopulegol,probit,172,238.18991756054294,False
melo_b_oil_isopulegol,probit,173,240.1189096544508,False
melo_b_oil_isopulegol,probit,174,236.16158407389207,False
melo_b_oil_isopulegol,probit,175,238.88307563701372,False
melo_b_oil_isopulegol,probit,176,242.78383094223187,False
melo_b_oil_isopulegol,probit,177,241.00496154858033,False
melo_b_oil_isopulegol,probit,178,243.1034114448554,False
melo_b_oil_isopulegol,probit,179,245.5010347107633,False
melo_b_oil_isopulegol,probit,180,239.87169581501863,False
melo_b_oil_isopulegol,probit,181,246.1047662158068,False
melo_b_oil_isopulegol,probit,182,238.76663622946123,False
melo_b_oil_isopulegol,probit,183,248.46164230173505,False
melo_b_oil_isopulegol,probit,184,231.9311487803081,False
melo_b_oil_isopulegol,probit,185,242.52338117979767,False
melo_b_oil_isopulegol,probit,186,238.88376898018396,False
melo_b_oil_isopulegol,probit,187,236.55418756855826,False
melo_b_oil_isopulegol,probit,188,241.93091786660816,False
melo_b_oil_isopulegol,probit,189,239.48930466331583,False
melo_b_oil_isopulegol,probit,190,239.1387300448443,False
melo_b_oil_isopulegol,probit,191,234.5074164173684,False
melo_b_oil_isopulegol,probit,192,243.60969675558945,False
melo_b_oil_isopulegol,probit,193,243.7606500711359,False
melo_b_oil_isopulegol,probit,194,241.80259948121923,False
melo_b_oil_isopulegol,probit,195,238.52500355416643,False
melo_b_oil_isopulegol,probit,196,242.88842630717625,False
melo_b_oil_isopulegol,probit,197,245.75223146444938,False
melo_b_oil_isopulegol,probit,198,240.86733714855774,False
melo_b_oil_isopulegol,probit,199,234.08878701206538,False
melo_b_oil_isopulegol,logistic,0,243.5846831216483,False
melo_b_oil_isopulegol,logistic,1,240.94627267320698,False
melo_b_oil_isopulegol,logistic,2,248.61547259589247,False
melo_b_oil_isopulegol,logistic,3,247.38485494252646,False
melo_b_oil_isopulegol,logistic,4,245.84649889320193,False
melo_b_oil_isopulegol,logistic,5,237.9227052950109,False
melo_b_oil_isopulegol,logistic,6,242.92040829910903,False
melo_b_oil_isopulegol,logistic,7,240.4122753005461,False
melo_b_oil_isopulegol,logistic,8,244.97613261813058,False
melo_b_oil_isopulegol,logistic,9,248.17087417300263,False
melo_b_oil_isopulegol,logistic,10,242.03323367866733,False
melo_b_oil_isopulegol,logistic,11,241.64434588809976,False
melo_b_oil_isopulegol,logistic,12,246.06027075863128,False
melo_b_oil_isopulegol,logistic,13,241.46610522954666,False
melo_b_oil_isopulegol,logistic,14,254.386647520952,False
melo_b_oil_isopulegol,logistic,15,245.77963002526144,False
melo_b_oil_isopulegol,logistic,16,248.78992035986954,False
melo_b_oil_isopulegol,logistic,17,241.4815057621089,False
melo_b_oil_isopulegol,logistic,18,246.36854429587626,False
melo_b_oil_isopulegol,logistic,19,238.83646864143472,False
melo_b_oil_isopulegol,logistic,20,238.92193873116048,False
melo_b_oil_isopulegol,logistic,21,246.390788148248,False
melo_b_oil_isopulegol,logistic,22,240.09186240002558,False
melo_b_oil_isopulegol,logistic,23,236.9937088833562,False
melo_b_oil_isopulegol,logistic,24,249.49056479972745,False
melo_b_oil_isopulegol,logistic,25,240.97798064780932,False
melo_b_oil_isopulegol,logistic,26,246.48440997838813,False
melo_b_oil_isopulegol,logistic,27,243.05959204998194,False
melo_b_oil_isopulegol,logistic,28,244.0582512888792,False
melo_b_oil_isopulegol,logistic,29,235.01873573048684,False
melo_b_oil_isopulegol,logistic,30,244.9479960858126,False
melo_b_oil_isopulegol,logistic,31,240.39667055384714,False
melo_b_oil_isopulegol,logistic,32,242.21606526717918,False
melo_b_oil_isopulegol,logistic,33,240.85729428895925,False
melo_b_oil_isopulegol,logistic,34,236.74897686038616,False
melo_b_oil_isopulegol,logistic,35,244.10555483871542,False
melo_b_oil_isopulegol,logistic,36,240.10995733487388,False
melo_b_oil_isopulegol,logistic,37,239.1538013643125,False
melo_b_oil_isopulegol,logistic,38,240.12660548318993,False
melo_b_oil_isopulegol,logistic,39,242.9120090167531,False
melo_b_oil_isopulegol,logistic,40,247.22822400096075,False
melo_b_oil_isopulegol,logistic,41,241.5027690106481,False
melo_b_oil_isopulegol,logistic,42,244.0508013728655,False
melo_b_oil_isopulegol,logistic,43,244.34621012953164,False
melo_b_oil_isopulegol,logistic,44,246.63858979499418,False
melo_b_oil_isopulegol,logistic,45,244.96294872291776,False
melo_b_oil_isopulegol,logistic,46,245.56777626031922,False
melo_b_oil_isopulegol,logistic,47,247.67718335884652,False
melo_b_oil_isopulegol,logistic,48,248.66546494913655,False
melo_b_oil_isopulegol,logistic,49,240.81998388685295,False
melo_b_oil_isopulegol,logistic,50,242.40744358298002,False
melo_b_oil_isopulegol,logistic,51,240.73672939962685,False
melo_b_oil_isopulegol,logistic,52,240.8174024111253,False
melo_b_oil_isopulegol,logistic,53,242.8138160773163,False
melo_b_oil_isopulegol,logistic,54,244.9902397642259,False
melo_b_oil_isopulegol,logistic,55,251.22432140757587,False
melo_b_oil_isopulegol,logistic,56,240.9127396328378,False
melo_b_oil_isopulegol,logistic,57,242.6856585155605,False
melo_b_oil_isopulegol,logistic,58,247.52356047993894,False
melo_b_oil_isopulegol,logistic,59,240.42261792711923,False
melo_b_oil_isopulegol,logistic,60,242.3593861509836,False
melo_b_oil_isopulegol,logistic,61,246.79809698137126,False
melo_b_oil_isopulegol,logistic,62,245.44883503498335,False
melo_b_oil_isopulegol,logistic,63,243.54014332650422,False
melo_b_oil_isopulegol,logistic,64,238.88176476987817,False
melo_b_oil_isopulegol,logistic,65,240.85630118883842,False
melo_b_oil_isopulegol,logistic,66,242.30333757756748,False
melo_b_oil_isopulegol,logistic,67,239.17408214970553,False
melo_b_oil_isopulegol,logistic,68,234.50412919221128,False
melo_b_oil_isopulegol,logistic,69,244.5590576173361,False
melo_b_oil_isopulegol,logistic,70,255.91801437032913,False
melo_b_oil_isopulegol,logistic,71,246.37051593641746,False
melo_b_oil_isopulegol,logistic,72,248.4092568850205,False
melo_b_oil_isopulegol,logistic,73,248.4150864752723,False
melo_b_oil_isopulegol,logistic,74,242.7616618713224,False
melo_b_oil_isopulegol,logistic,75,243.18084042180536,False
melo_b_oil_isopulegol,logistic,76,242.8038360069346,False
melo_b_oil_isopulegol,logistic,77,245.3827196573192,False
melo_b_oil_isopulegol,logistic,78,249.65927177068014,False
melo_b_oil_isopulegol,logistic,79,242.86500266987616,False
melo_b_oil_isopulegol,logistic,80,239.00336290496475,False
melo_b_oil_isopulegol,logistic,81,238.07531375307104,False
melo_b_oil_isopulegol,logistic,82,239.07041845812626,False
melo_b_oil_isopulegol,logistic,83,248.5313669728019,False
melo_b_oil_isopulegol,logistic,84,240.96786471671797,False
melo_b_oil_isopulegol,logistic,85,240.57367083083625,False
melo_b_oil_isopulegol,logistic,86,242.64496834098776,False
melo_b_oil_isopulegol,logistic,87,248.60597666147285,False
melo_b_oil_isopulegol,logistic,88,239.87570082841688,False
melo_b_oil_isopulegol,logistic,89,239.07778597753304,False
melo_b_oil_isopulegol,logistic,90,247.55811486034867,False
melo_b_oil_isopulegol,logistic,91,240.72363213861726,False
melo_b_oil_isopulegol,logistic,92,239.75060266518514,False
melo_b_oil_isopulegol,logistic,93,245.14616121240897,False
melo_b_oil_isopulegol,logistic,94,245.1053991470211,False
melo_b_oil_isopulegol,logistic,95,238.24991420763433,False
melo_b_oil_isopulegol,logistic,96,244.98993407466298,False
melo_b_oil_isopulegol,logistic,97,246.5625239097834,False
melo_b_oil_isopulegol,logistic,98,244.95987641919402,False
melo_b_oil_isopulegol,logistic,99,249.90308392633258,False
melo_b_oil_isopulegol,logistic,100,241.58194643529026,False
melo_b_oil_isopulegol,logistic,101,244.19801510667324,False
melo_b_oil_isopulegol,logistic,102,236.75281957603298,False
melo_b_oil_isopulegol,logistic,103,236.72026548188703,False
melo_b_oil_isopulegol,logistic,104,245.10254221038014,False
melo_b_oil_isopulegol,logistic,105,243.74866363428956,False
melo_b_oil_isopulegol,logistic,106,236.67494080390495,False
melo_b_oil_isopulegol,logistic,107,237.82682066335684,False
melo_b_oil_isopulegol,logistic,108,246.84608946387203,False
melo_b_oil_isopulegol,logistic,109,250.9761890765157,False
melo_b_oil_isopulegol,logistic,110,241.19202983862417,False
melo_b_oil_isopulegol,logistic,111,241.0961945927899,False
melo_b_oil_isopulegol,logistic,112,238.67002053874336,False
melo_b_oil_isopulegol,logistic,113,239.52641765647448,False
melo_b_oil_isopulegol,logistic,114,241.4569643983931,False
melo_b_oil_isopulegol,logistic,115,245.67210025896287,False
melo_b_oil_isopulegol,logistic,116,246.0494189030896,False
melo_b_oil_isopulegol,logistic,117,247.6171446920614,False
melo_b_oil_isopulegol,logistic,118,247.82551792295504,False
melo_b_oil_isopulegol,logistic,119,248.19859475378286,False
melo_b_oil_isopulegol,logistic,120,245.34159818809022,False
melo_b_oil_isopulegol,logistic,121,241.3060557440117,False
melo_b_oil_isopulegol,logistic,122,237.87160875480572,False
melo_b_oil_isopulegol,logistic,123,243.89861172758384,False
melo_b_oil_isopulegol,logistic,124,248.85611921237336,False
melo_b_oil_isopulegol,logistic,125,248.02277273538502,False
melo_b_oil_isopulegol,logistic,126,239.70084706115813,False
melo_b_oil_isopulegol,logistic,127,245.3002270529504,False
melo_b_oil_isopulegol,logistic,128,248.41818493151305,False
melo_b_oil_isopulegol,logistic,129,248.37634186046478,False
melo_b_oil_isopulegol,logistic,130,239.11419104685513,False
melo_b_oil_isopulegol,logistic,131,248.18571530675194,False
melo_b_oil_isopulegol,logistic,132,243.47706316619033,False
melo_b_oil_isopulegol,logistic,133,247.03467677657122,False
melo_b_oil_isopulegol,logistic,134,251.64502498837084,False
melo_b_oil_isopulegol,logistic,135,246.46666482496812,False
melo_b_oil_isopulegol,logistic,136,239.32414985844227,False
melo_b_oil_isopulegol,logistic,137,244.47620137887654,False
melo_b_oil_isopulegol,logistic,138,247.77591190523972,False
melo_b_oil_isopulegol,logistic,139,248.45425102430778,False
melo_b_oil_isopulegol,logistic,140,238.4701493261527,False
melo_b_oil_isopulegol,logistic,141,243.86479416937706,False
melo_b_oil_isopulegol,logistic,142,241.54324556823767,False
melo_b_oil_isopulegol,logistic,143,249.2053207116577,False
melo_b_oil_isopulegol,logistic,144,244.15693163368738,False
melo_b_oil_isopulegol,logistic,145,240.75353626559397,False
melo_b_oil_isopulegol,logistic,146,249.23486533308034,False
melo_b_oil_isopulegol,logistic,147,243.13428437845408,False
melo_b_oil_isopulegol,logistic,148,248.774354423034,False
melo_b_oil_isopulegol,logistic,149,247.3305283345321,False
melo_b_oil_isopulegol,logistic,150,237.74854124740116,False
melo_b_oil_isopulegol,logistic,151,240.77278900955582,False
melo_b_oil_isopulegol,logistic,152,242.32705857535436,False
melo_b_oil_isopulegol,logistic,153,242.98388964985207,False
melo_b_oil_isopulegol,logistic,154,243.24136720445347,False
melo_b_oil_isopulegol,logistic,155,243.9303436547582,False
melo_b_oil_isopulegol,logistic,156,240.19154384699283,False
melo_b_oil_isopulegol,logistic,157,239.98314809075137,False
melo_b_oil_isopulegol,logistic,158,248.62841150469694,False
melo_b_oil_isopulegol,logistic,159,247.29741207577493,False
melo_b_oil_isopulegol,logistic,160,248.1853144993267,False
melo_b_oil_isopulegol,logistic,161,248.3695455698853,False
melo_b_oil_isopulegol,logistic,162,241.52672996998163,False
melo_b_oil_isopulegol,logistic,163,246.7786503121073,False
melo_b_oil_isopulegol,logistic,164,243.41064823621915,False
melo_b_oil_isopulegol,logistic,165,242.05330589807824,False
melo_b_oil_isopulegol,logistic,166,245.30102791256473,False
melo_b_oil_isopulegol,logistic,167,242.12819136283065,False
melo_b_oil_isopulegol,logistic,168,241.32434715185337,False
melo_b_oil_isopulegol,logistic,169,238.2291086792728,False
melo_b_oil_isopulegol,logistic,170,245.1621793881321,False
melo_b_oil_isopulegol,logistic,171,243.90881040384266,False
melo_b_oil_isopulegol,logistic,172,246.96166230305482,False
melo_b_oil_isopulegol,logistic,173,241.28893491381353,False
melo_b_oil_isopulegol,logistic,174,246.41357368375998,False
melo_b_oil_isopulegol,logistic,175,248.93138721078577,False
melo_b_oil_isopulegol,logistic,176,243.7971221130516,False
melo_b_oil_isopulegol,logistic,177,242.70369196015125,False
melo_b_oil_isopulegol,logistic,178,240.8078004766558,False
melo_b_oil_isopulegol,logistic,179,246.648305727623,False
melo_b_oil_isopulegol,logistic,180,248.9559908227535,False
melo_b_oil_isopulegol,logistic,181,235.60040670921688,False
melo_b_oil_isopulegol,logistic,182,235.5393855888524,False
melo_b_oil_isopulegol,logistic,183,248.4001097342233,False
melo_b_oil_isopulegol,logistic,184,243.70836574211276,False
melo_b_oil_isopulegol,logistic,185,239.42416473122864,False
melo_b_oil_isopulegol,logistic,186,241.18363757369056,False
melo_b_oil_isopulegol,logistic,187,237.64493039498976,False
melo_b_oil_isopulegol,logistic,188,251.66517299525427,False
melo_b_oil_isopulegol,logistic,189,249.23971750195744,False
melo_b_oil_isopulegol,logistic,190,251.43891149108973,False
melo_b_oil_isopulegol,logistic,191,243.72674754334727,False
melo_b_oil_isopulegol,logistic,192,242.6415593856503,False
melo_b_oil_isopulegol,logistic,193,235.82513764814,False
melo_b_oil_isopulegol,logistic,194,248.39854956473218,False
melo_b_oil_isopulegol,logistic,195,249.66302246698243,False
melo_b_oil_isopulegol,logistic,196,246.15009330009138,False
melo_b_oil_isopulegol,logistic,197,242.8478340793477,False
melo_b_oil_isopulegol,logistic,198,238.24304815143861,False
melo_b_oil_isopulegol,logistic,199,245.1273885225356,False
melo_b_isopulegol,probit,0,707.6292575411809,False
melo_b_isopulegol,probit,1,685.227215670795,False
melo_b_isopulegol,probit,2,691.9673153471451,False
melo_b_isopulegol,probit,3,721.9795072707077,False
melo_b_isopulegol,probit,4,698.1718936189317,False
melo_b_isopulegol,probit,5,680.0502369053954,False
melo_b_isopulegol,probit,6,695.8922334778799,False
melo_b_isopulegol,probit,7,693.4307960451259,False
melo_b_isopulegol,probit,8,713.8284936627914,False
melo_b_isopulegol,probit,9,695.595626208492,False
melo_b_isopulegol,probit,10,675.6139547918865,False
melo_b_isopulegol,probit,11,708.4152300426837,False
melo_b_isopulegol,probit,12,693.7408543132433,False
melo_b_isopulegol,probit,13,707.4689193460192,False
melo_b_isopulegol,probit,14,687.9902981381268,False
melo_b_isopulegol,probit,15,696.2446437060361,False
melo_b_isopulegol,probit,16,687.8394636312735,False
melo_b_isopulegol,probit,17,690.6805812145587,False
melo_b_isopulegol,probit,18,680.7156482901402,False
melo_b_isopulegol,probit,19,695.8959276085288,False
melo_b_isopulegol,probit,20,695.951528426095,False
melo_b_isopulegol,probit,21,700.2193127030523,False
melo_b_isopulegol,probit,22,715.0500388327836,False
melo_b_isopulegol,probit,23,682.8396881119701,False
melo_b_isopulegol,probit,24,688.8065042041969,False
melo_b_isopulegol,probit,25,686.1315749939947,False
melo_b_isopulegol,probit,26,696.2552950840706,False
melo_b_isopulegol,probit,27,706.6116311804458,False
melo_b_isopulegol,probit,28,708.332599726965,False
melo_b_isopulegol,probit,29,698.5336295336257,False
melo_b_isopulegol,probit,30,685.1991533906365,False
melo_b_isopulegol,probit,31,707.237631101466,False
melo_b_isopulegol,probit,32,698.0856509546293,False
melo_b_isopulegol,probit,33,706.989817189304,False
melo_b_isopulegol,probit,34,695.7383296824655,False
melo_b_isopulegol,probit,35,700.7320787334871,False
melo_b_isopulegol,probit,36,707.5186238084059,False
melo_b_isopulegol,probit,37,692.8514742313002,False
melo_b_isopulegol,probit,38,696.6115603930522,False
melo_b_isopulegol,probit,39,708.5543682041947,False
melo_b_isopulegol,probit,40,706.0095464919964,False
melo_b_isopulegol,probit,41,686.0958208218756,False
melo_b_isopulegol,probit,42,680.9744434524009,False
melo_b_isopulegol,probit,43,687.5653712202972,False
melo_b_isopulegol,probit,44,693.4720731066424,False
melo_b_isopulegol,probit,45,693.866858014164,False
melo_b_isopulegol,probit,46,703.239958427586,False
melo_b_isopulegol,probit,47,680.1801796225287,False
melo_b_isopulegol,probit,48,686.0660698454741,False
melo_b_isopulegol,probit,49,687.4559343003468,False
melo_b_isopulegol,probit,50,706.8289719414593,False
melo_b_isopulegol,probit,51,711.7832341458331,False
melo_b_isopulegol,probit,52,701.9390726247976,False
melo_b_isopulegol,probit,53,680.7160787282567,False
melo_b_isopulegol,probit,54,707.7653143120029,False
melo_b_isopulegol,probit,55,684.207997943962,False
melo_b_isopulegol,probit,56,688.6581970527409,False
melo_b_isopulegol,probit,57,691.7881380958157,False
melo_b_isopulegol,probit,58,710.01820880267,False
melo_b_isopulegol,probit,59,678.5911170198062,False
melo_b_isopulegol,probit,60,680.9618178295868,False
melo_b_isopulegol,probit,61,700.965740250369,False
melo_b_isopulegol,probit,62,687.239387244396,False
melo_b_isopulegol,probit,63,682.0393348476629,False
melo_b_isopulegol,probit,64,691.9948341507531,False
melo_b_isopulegol,probit,65,694.869598876426,False
melo_b_isopulegol,probit,66,693.0736072531461,False
melo_b_isopulegol,probit,67,694.0282478731859,False
melo_b_isopulegol,probit,68,700.0197980101627,False
melo_b_isopulegol,probit,69,702.0302134708686,False
melo_b_isopulegol,probit,70,698.2491797249359,False
melo_b_isopulegol,probit,71,696.0968574651773,False
melo_b_isopulegol,probit,72,708.8006389146652,False
melo_b_isopulegol,probit,73,679.1200167422403,False
melo_b_isopulegol,probit,74,704.1065107359658,False
melo_b_isopulegol,probit,75,699.5819941516334,False
melo_b_isopulegol,probit,76,711.1123831682498,False
melo_b_isopulegol,probit,77,707.1971455555072,False
melo_b_isopulegol,probit,78,703.1878696849446,False
melo_b_isopulegol,probit,79,689.381700946026,False
melo_b_isopulegol,probit,80,689.1572601651104,False
melo_b_isopulegol,probit,81,684.10880633126,False
melo_b_isopulegol,probit,82,700.2575296303205,False
melo_b_isopulegol,probit,83,679.9152551645178,False
melo_b_isopulegol,probit,84,695.6954848489293,False
melo_b_isopulegol,probit,85,697.4457612564225,False
melo_b_isopulegol,probit,86,691.62475725854,False
melo_b_isopulegol,probit,87,691.8766167385808,False
melo_b_isopulegol,probit,88,688.9091136844221,False
melo_b_isopulegol,probit,89,688.2556785690558,False
melo_b_isopulegol,probit,90,679.3355900066339,False
melo_b_isopulegol,probit,91,704.0537312432286,False
melo_b_isopulegol,probit,92,689.1014181754027,False
melo_b_isopulegol,probit,93,712.9032498736848,False
melo_b_isopulegol,probit,94,697.0577790051441,False
melo_b_isopulegol,probit,95,683.594320817865,False
melo_b_isopulegol,probit,96,701.0474685240232,False
melo_b_isopulegol,probit,97,687.3773156443897,False
melo_b_isopulegol,probit,98,699.8841527814159,False
melo_b_isopulegol,probit,99,698.6112641134488,False
melo_b_isopulegol,probit,100,677.2564821842341,False
melo_b_isopulegol,probit,101,719.4992095509594,False
melo_b_isopulegol,probit,102,692.4462163703429,False
melo_b_isopulegol,probit,103,698.0480380990934,False
melo_b_isopulegol,probit,104,706.4212923576297,False
melo_b_isopulegol,probit,105,720.3184208867822,False
melo_b_isopulegol,probit,106,719.1076066123134,False
melo_b_isopulegol,probit,107,696.1186751442984,False
melo_b_isopulegol,probit,108,689.7551318019468,False
melo_b_isopulegol,probit,109,692.6774115176453,False
melo_b_isopulegol,probit,110,694.1102977440058,False
melo_b_isopulegol,probit,111,702.5392851474168,False
melo_b_isopulegol,probit,112,676.0322291196939,False
melo_b_isopulegol,probit,113,714.0390532459284,False
melo_b_isopulegol,probit,114,707.376189151529,False
melo_b_isopulegol,probit,115,686.2905017724099,False
melo_b_isopulegol,probit,116,696.1497294657879,False
melo_b_isopulegol,probit,117,708.0242710134322,False
melo_b_isopulegol,probit,118,694.9083219919364,False
melo_b_isopulegol,probit,119,681.8826526530324,False
melo_b_isopulegol,probit,120,704.6314352743804,False
melo_b_isopulegol,probit,121,696.8981373217772,False
melo_b_isopulegol,probit,122,683.9650042673339,False
melo_b_isopulegol,probit,123,691.0435757792073,False
melo_b_isopulegol,probit,124,700.9975453962442,False
melo_b_isopulegol,probit,125,699.5235774539764,False
melo_b_isopulegol,probit,126,702.3656343798999,False
melo_b_isopulegol,probit,127,673.0247095119664,False
melo_b_isopulegol,probit,128,687.3719850678294,False
melo_b_isopulegol,probit,129,706.1413869152627,False
melo_b_isopulegol,probit,130,683.5300681607022,False
melo_b_isopulegol,probit,131,700.7752976878005,False
melo_b_isopulegol,probit,132,681.5342247888725,False
melo_b_isopulegol,probit,133,678.7186759389941,False
melo_b_isopulegol,probit,134,713.7514943359866,False
melo_b_isopulegol,probit,135,713.7791327530371,False
melo_b_isopulegol,probit,136,686.1638994497752,False
melo_b_isopulegol,probit,137,680.6472097650362,False
melo_b_isopulegol,probit,138,679.3265515667662,False
melo_b_isopulegol,probit,139,697.328062075525,False
melo_b_isopulegol,probit,140,710.8810406110356,False
melo_b_isopulegol,probit,141,686.1869465659305,False
melo_b_isopulegol,probit,142,688.3714208124102,False
melo_b_isopulegol,probit,143,701.5941119718766,False
melo_b_isopulegol,probit,144,690.026068781936,False
melo_b_isopulegol,probit,145,709.3515105856168,False
melo_b_isopulegol,probit,146,675.0787534820024,False
melo_b_isopulegol,probit,147,692.3026573580383,False
melo_b_isopulegol,probit,148,714.7148828985371,False
melo_b_isopulegol,probit,149,692.7063243916335,False
melo_b_isopulegol,probit,150,690.3962175688915,False
melo_b_isopulegol,probit,151,694.6459195524861,False
melo_b_isopulegol,probit,152,702.8282572744386,False
melo_b_isopulegol,probit,153,696.2143749490638,False
melo_b_isopulegol,probit,154,698.5843891024235,False
melo_b_isopulegol,probit,155,722.4709933616172,False
melo_b_isopulegol,probit,156,689.8212187481774,False
melo_b_isopulegol,probit,157,692.10826323742,False
melo_b_isopulegol,probit,158,685.8677842121698,False
melo_b_isopulegol,probit,159,706.4739965214401,False
melo_b_isopulegol,probit,160,692.0642751182405,False
melo_b_isopulegol,probit,161,700.1559125776537,False
melo_b_isopulegol,probit,162,711.626363104708,False
melo_b_isopulegol,probit,163,703.9169221310971,False
melo_b_isopulegol,probit,164,707.8443088309156,False
melo_b_isopulegol,probit,165,705.5613298275493,False
melo_b_isopulegol,probit,166,716.3507060308292,False
melo_b_isopulegol,probit,167,687.544768912714,False
melo_b_isopulegol,probit,168,699.8138391548885,False
melo_b_isopulegol,probit,169,702.6390533962751,False
melo_b_isopulegol,probit,170,713.3075340198014,False
melo_b_isopulegol,probit,171,702.1727539365439,False
melo_b_isopulegol,probit,172,702.6380633754461,False
melo_b_isopulegol,probit,173,697.2224700279962,False
melo_b_isopulegol,probit,174,702.2791227102654,False
melo_b_isopulegol,probit,175,675.1547358944172,False
melo_b_isopulegol,probit,176,696.0916047406723,False
melo_b_isopulegol,probit,177,705.5924222363518,False
melo_b_isopulegol,probit,178,689.6959148834923,False
melo_b_isopulegol,probit,179,691.8849588227995,False
melo_b_isopulegol,probit,180,694.0425047847235,False
melo_b_isopulegol,probit,181,680.097823066935,False
melo_b_isopulegol,probit,182,684.8706932925722,False
melo_b_isopulegol,probit,183,712.0403311805562,False
melo_b_isopulegol,probit,184,699.1076748917101,False
melo_b_isopulegol,probit,185,689.5731964043038,False
melo_b_isopulegol,probit,186,711.7947361661938,False
melo_b_isopulegol,probit,187,703.2844707962622,False
melo_b_isopulegol,probit,188,695.8077926363368,False
melo_b_isopulegol,probit,189,689.5985032608611,False
melo_b_isopulegol,probit,190,686.9044061046234,False
melo_b_isopulegol,probit,191,694.1765121797639,False
melo_b_isopulegol,probit,192,673.7772352155741,False
melo_b_isopulegol,probit,193,683.263997825185,False
melo_b_isopulegol,probit,194,705.0412524748161,False
melo_b_isopulegol,probit,195,695.9339572927177,False
melo_b_isopulegol,probit,196,686.1008504943168,False
melo_b_isopulegol,probit,197,686.9459407780569,False
melo_b_isopulegol,probit,198,709.9484164063866,False
melo_b_isopulegol,probit,199,700.9159199330514,False
melo_b_isopulegol,logistic,0,695.4068602220284,False
melo_b_isopulegol,logistic,1,680.7297410002158,False
melo_b_isopulegol,logistic,2,678.4992000919731,False
melo_b_isopulegol,logistic,3,687.0559058213265,False
melo_b_isopulegol,logistic,4,681.7298098884827,False
melo_b_isopulegol,logistic,5,694.6893899481223,False
melo_b_isopulegol,logistic,6,693.686912371839,False
melo_b_isopulegol,logistic,7,701.0310621209887,False
melo_b_isopulegol,logistic,8,698.8580537934857,False
melo_b_isopulegol,logistic,9,688.6789206209603,False
melo_b_isopulegol,logistic,10,695.2037391436041,False
melo_b_isopulegol,logistic,11,707.8501161987822,False
melo_b_isopulegol,logistic,12,671.3950663786817,False
melo_b_isopulegol,logistic,13,695.6256910456134,False
melo_b_isopulegol,logistic,14,691.7245286243242,False
melo_b_isopulegol,logistic,15,702.9650509296099,False
melo_b_isopulegol,logistic,16,707.5766297806247,False
melo_b_isopulegol,logistic,17,692.242971831596,False
melo_b_isopulegol,logistic,18,702.1098097943192,False
melo_b_isopulegol,logistic,19,694.7871342823908,False
melo_b_isopulegol,logistic,20,694.454514486801,False
melo_b_isopulegol,logistic,21,702.7046643197314,False
melo_b_isopulegol,logistic,22,697.948128010711,False
melo_b_isopulegol,logistic,23,694.9440509697217,False
melo_b_isopulegol,logistic,24,681.4515783930784,False
melo_b_isopulegol,logistic,25,686.0363210799546,False
melo_b_isopulegol,logistic,26,683.8886168345743,False
melo_b_isopulegol,logistic,27,709.8352375835548,False
melo_b_isopulegol,logistic,28,698.2682634114183,False
melo_b_isopulegol,logistic,29,691.0690539130519,False
melo_b_isopulegol,logistic,30,707.650587283607,False
melo_b_isopulegol,logistic,31,717.6656629398788,False
melo_b_isopulegol,logistic,32,690.646477954407,False
melo_b_isopulegol,logistic,33,710.1426422913215,False
melo_b_isopulegol,logistic,34,698.4586327609679,False
melo_b_isopulegol,logistic,35,683.5890042754863,False
melo_b_isopulegol,logistic,36,675.4052705901705,False
melo_b_isopulegol,logistic,37,694.6628660534659,False
melo_b_isopulegol,logistic,38,700.5464343979164,False
melo_b_isopulegol,logistic,39,686.8666673129889,False
melo_b_isopulegol,logistic,40,701.7485075527259,False
melo_b_isopulegol,logistic,41,673.2093779029499,False
melo_b_isopulegol,logistic,42,710.4209640186484,False
melo_b_isopulegol,logistic,43,690.9137541797257,False
melo_b_isopulegol,logistic,44,711.8875573529281,False
melo_b_isopulegol,logistic,45,703.8525155084934,False
melo_b_isopulegol,logistic,46,706.8174236755567,False
melo_b_isopulegol,logistic,47,682.244645644079,False
melo_b_isopulegol,logistic,48,702.0314731763656,False
melo_b_isopulegol,logistic,49,682.9159546435023,False
melo_b_isopulegol,logistic,50,697.2541202928433,False
melo_b_isopulegol,logistic,51,700.2947356296663,False
melo_b_isopulegol,logistic,52,680.3694264430707,False
melo_b_isopulegol,logistic,53,685.8097370395247,False
melo_b_isopulegol,logistic,54,693.7765877514296,False
melo_b_isopulegol,logistic,55,714.6925990759943,False
melo_b_isopulegol,logistic,56,698.1503869674934,False
melo_b_isopulegol,logistic,57,706.5953456531012,False
melo_b_isopulegol,logistic,58,687.1004843867829,False
melo_b_isopulegol,logistic,59,682.1995241761857,False
melo_b_isopulegol,logistic,60,690.7924466624604,False
melo_b_isopulegol,logistic,61,679.8345589224136,False
melo_b_isopulegol,logistic,62,689.3018114971594,False
melo_b_isopulegol,logistic,63,690.9670492742505,False
melo_b_isopulegol,logistic,64,703.2011214831242,False
melo_b_isopulegol,logistic,65,691.0781526906079,False
melo_b_isopulegol,logistic,66,702.7227550853422,False
melo_b_isopulegol,logistic,67,707.6556783146369,False
melo_b_isopulegol,logistic,68,679.945401389404,False
melo_b_isopulegol,logistic,69,694.1188792889253,False
melo_b_isopulegol,logistic,70,691.0488194214214,False
melo_b_isopulegol,logistic,71,705.1943437570736,False
melo_b_isopulegol,logistic,72,695.8970674669503,False
melo_b_isopulegol,logistic,73,680.4103952363656,False
melo_b_isopulegol,logistic,74,698.7406851670501,False
melo_b_isopulegol,logistic,75,715.762571504399,False
melo_b_isopulegol,logistic,76,709.621682031627,False
melo_b_isopulegol,logistic,77,692.0650610349659,False
melo_b_isopulegol,logistic,78,696.4381000138508,False
melo_b_isopulegol,logistic,79,688.2640317756283,False
melo_b_isopulegol,logistic,80,695.9750383598262,False
melo_b_isopulegol,logistic,81,690.1279302458568,False
melo_b_isopulegol,logistic,82,700.2887583772888,False
melo_b_isopulegol,logistic,83,698.6343554152161,False
melo_b_isopulegol,logistic,84,707.7810734744389,False
melo_b_isopulegol,logistic,85,682.1997590716473,False
melo_b_isopulegol,logistic,86,675.4904373489654,False
melo_b_isopulegol,logistic,87,703.0145072361269,False
melo_b_isopulegol,logistic,88,688.760049968542,False
melo_b_isopulegol,logistic,89,692.1777065128927,False
melo_b_isopulegol,logistic,90,695.1053987223856,False
melo_b_isopulegol,logistic,91,690.811828090841,False
melo_b_isopulegol,logistic,92,719.5858135467934,False
melo_b_isopulegol,logistic,93,687.2961869873362,False
melo_b_isopulegol,logistic,94,686.1050182330572,False
melo_b_isopulegol,logistic,95,698.7452126480713,False
melo_b_isopulegol,logistic,96,690.6959342094594,False
melo_b_isopulegol,logistic,97,707.7205887196419,False
melo_b_isopulegol,logistic,98,688.0266405462995,False
melo_b_isopulegol,logistic,99,696.721240364808,False
melo_b_isopulegol,logistic,100,708.5714553529136,False
melo_b_isopulegol,logistic,101,699.5961899508254,False
melo_b_isopulegol,logistic,102,684.0641568178762,False
melo_b_isopulegol,logistic,103,689.4368852043168,False
melo_b_isopulegol,logistic,104,699.09912696137,False
melo_b_isopulegol,logistic,105,696.2507106943538,False
melo_b_isopulegol,logistic,106,694.1101731939045,False
melo_b_isopulegol,logistic,107,699.0250011819877,False
melo_b_isopulegol,logistic,108,693.8716092314338,False
melo_b_isopulegol,logistic,109,691.0194334164026,False
melo_b_isopulegol,logistic,110,718.2420529901569,False
melo_b_isopulegol,logistic,111,696.7686707008921,False
melo_b_isopulegol,logistic,112,677.6368048053082,False
melo_b_isopulegol,logistic,113,674.3072394152086,False
melo_b_isopulegol,logistic,114,680.7259002336024,False
melo_b_isopulegol,logistic,115,696.1213785126237,False
melo_b_isopulegol,logistic,116,688.4675049542763,False
melo_b_isopulegol,logistic,117,712.3393530432313,False
melo_b_isopulegol,logistic,118,686.7072926156636,False
melo_b_isopulegol,logistic,119,687.6214942205625,False
melo_b_isopulegol,logistic,120,675.9184787723883,False
melo_b_isopulegol,logistic,121,679.7080809140022,False
melo_b_isopulegol,logistic,122,678.434780167321,False
melo_b_isopulegol,logistic,123,700.5692606921864,False
melo_b_isopulegol,logistic,124,685.1088589093844,False
melo_b_isopulegol,logistic,125,681.1506094533453,False
melo_b_isopulegol,logistic,126,694.5233204463888,False
melo_b_isopulegol,logistic,127,680.17155717469,False
melo_b_isopulegol,logistic,128,685.8252129299789,False
melo_b_isopulegol,logistic,129,713.6973237272681,False
melo_b_isopulegol,logistic,130,684.4116209426024,False
melo_b_isopulegol,logistic,131,691.6265556525462,False
melo_b_isopulegol,logistic,132,707.0172183129888,False
melo_b_isopulegol,logistic,133,706.5895711993018,False
melo_b_isopulegol,logistic,134,705.8142845087689,False
melo_b_isopulegol,logistic,135,715.6611051481706,False
melo_b_isopulegol,logistic,136,701.631920444606,False
melo_b_isopulegol,logistic,137,677.1365472802803,False
melo_b_isopulegol,logistic,138,702.6544976413975,False
melo_b_isopulegol,logistic,139,698.235241052745,False
melo_b_isopulegol,logistic,140,685.3880729891569,False
melo_b_isopulegol,logistic,141,682.9108719443118,False
melo_b_isopulegol,logistic,142,702.2384825610881,False
melo_b_isopulegol,logistic,143,707.4293571057922,False
melo_b_isopulegol,logistic,144,700.1175304721669,False
melo_b_isopulegol,logistic,145,709.370909435578,False
melo_b_isopulegol,logistic,146,688.0865758868397,False
melo_b_isopulegol,logistic,147,715.2416295688865,False
melo_b_isopulegol,logistic,148,675.2177436032005,False
melo_b_isopulegol,logistic,149,701.3689173395651,False
melo_b_isopulegol,logistic,150,689.9444736388705,False
melo_b_isopulegol,logistic,151,685.489456253927,False
melo_b_isopulegol,logistic,152,712.5554032449543,False
melo_b_isopulegol,logistic,153,692.257747633911,False
melo_b_isopulegol,logistic,154,708.8966489814103,False
melo_b_isopulegol,logistic,155,679.835552917735,False
melo_b_isopulegol,logistic,156,691.098007720095,False
melo_b_isopulegol,logistic,157,709.1553094491953,False
melo_b_isopulegol,logistic,158,696.1482798711322,False
melo_b_isopulegol,logistic,159,706.9397933041884,False
melo_b_isopulegol,logistic,160,691.8607412548544,False
melo_b_isopulegol,logistic,161,700.6297657827902,False
melo_b_isopulegol,logistic,162,676.1326972150287,False
melo_b_isopulegol,logistic,163,675.294454622864,False
melo_b_isopulegol,logistic,164,683.8155438533539,False
melo_b_isopulegol,logistic,165,698.3749263505483,False
melo_b_isopulegol,logistic,166,700.1596307299477,False
melo_b_isopulegol,logistic,167,689.1635263730806,False
melo_b_isopulegol,logistic,168,694.4440410674414,False
melo_b_isopulegol,logistic,169,700.7466523190938,False
melo_b_isopulegol,logistic,170,692.9954027829931,False
melo_b_isopulegol,logistic,171,691.9234537879431,False
melo_b_isopulegol,logistic,172,710.3529367520337,False
melo_b_isopulegol,logistic,173,695.8161185836694,False
melo_b_isopulegol,logistic,174,684.7645912347489,False
melo_b_isopulegol,logistic,175,683.2489551607949,False
melo_b_isopulegol,logistic,176,692.2796306985056,False
melo_b_isopulegol,logistic,177,683.925732825626,False
melo_b_isopulegol,logistic,178,708.5957790939035,False
melo_b_isopulegol,logistic,179,712.9612103847544,False
melo_b_isopulegol,logistic,180,694.8676416822208,False
melo_b_isopulegol,logistic,181,699.6483123033382,False
melo_b_isopulegol,logistic,182,678.6451944253737,False
melo_b_isopulegol,logistic,183,690.0362991668928,False
melo_b_isopulegol,logistic,184,708.8060991025343,False
melo_b_isopulegol,logistic,185,686.3111391340489,False
melo_b_isopulegol,logistic,186,706.3042430984817,False
melo_b_isopulegol,logistic,187,702.4866977556444,False
melo_b_isopulegol,logistic,188,702.0447638243706,False
melo_b_isopulegol,logistic,189,711.3326710121228,False
melo_b_isopulegol,logistic,190,688.7360603168383,False
melo_b_isopulegol,logistic,191,692.7408232695088,False
melo_b_isopulegol,logistic,192,684.5304040277379,False
melo_b_isopulegol,logistic,193,686.635646704654,False
melo_b_isopulegol,logistic,194,695.3479022765817,False
melo_b_isopulegol,logistic,195,690.173013558556,False
melo_b_isopulegol,logistic,196,705.769543449538,False
melo_b_isopulegol,logistic,197,699.0215244424115,False
melo_b_isopulegol,logistic,198,701.6308501295113,False
melo_b_isopulegol,logistic,199,697.5855144142573,False
melo_b_oil_citral,probit,0,217.89654049530944,False
melo_b_oil_citral,probit,1,220.5814662428367,False
melo_b_oil_citral,probit,2,211.55242802919116,False
melo_b_oil_citral,probit,3,226.80062776338713,False
melo_b_oil_citral,probit,4,215.24601322896777,False
melo_b_oil_citral,probit,5,210.85255468136674,False
melo_b_oil_citral,probit,6,220.68314703528537,False
melo_b_oil_citral,probit,7,214.0376433861687,False
melo_b_oil_citral,probit,8,214.11626804336032,False
melo_b_oil_citral,probit,9,215.70398571734324,False
melo_b_oil_citral,probit,10,215.50252271278947,False
melo_b_oil_citral,probit,11,218.38510236734413,False
melo_b_oil_citral,probit,12,217.53528053135003,False
melo_b_oil_citral,probit,13,215.99346416407167,False
melo_b_oil_citral,probit,14,221.48656504383226,False
melo_b_oil_citral,probit,15,209.16013033855012,False
melo_b_oil_citral,probit,16,221.44872213073492,False
melo_b_oil_citral,probit,17,210.99974120988102,False
melo_b_oil_citral,probit,18,217.52515478967834,False
melo_b_oil_citral,probit,19,225.43204523898586,False
melo_b_oil_citral,probit,20,218.58889952378178,False
melo_b_oil_citral,probit,21,216.24644754507264,False
melo_b_oil_citral,probit,22,221.35529843287648,False
melo_b_oil_citral,probit,23,220.90568080928088,False
melo_b_oil_citral,probit,24,215.66262992807066,False
melo_b_oil_citral,probit,25,218.35507983487162,False
melo_b_oil_citral,probit,26,221.74758158841007,False
melo_b_oil_citral,probit,27,216.53883538743275,False
melo_b_oil_citral,probit,28,215.18457514304043,False
melo_b_oil_citral,probit,29,215.29422150574823,False
melo_b_oil_citral,probit,30,216.1587358456532,False
melo_b_oil_citral,probit,31,221.56272342340176,False
melo_b_oil_citral,probit,32,219.89701956832263,False
melo_b_oil_citral,probit,33,212.1527778637662,False
melo_b_oil_citral,probit,34,217.78852578719608,False
melo_b_oil_citral,probit,35,217.08115561139374,False
melo_b_oil_citral,probit,36,216.99589873235553,False
melo_b_oil_citral,probit,37,218.46290826671057,False
melo_b_oil_citral,probit,38,216.9197317364227,False
melo_b_oil_citral,probit,39,214.40359792575697,False
melo_b_oil_citral,probit,40,215.23235593109789,False
melo_b_oil_citral,probit,41,212.70737411475938,False
melo_b_oil_citral,probit,42,216.63778247814514,False
melo_b_oil_citral,probit,43,221.75220480683944,False
melo_b_oil_citral,probit,44,218.46779360546347,False
melo_b_oil_citral,probit,45,215.54766613509244,False
melo_b_oil_citral,probit,46,215.40850226544364,False
melo_b_oil_citral,probit,47,208.57491411627572,False
melo_b_oil_citral,probit,48,210.08059860473182,False
melo_b_oil_citral,probit,49,219.37050775193228,False
melo_b_oil_citral,probit,50,212.99128772616547,False
melo_b_oil_citral,probit,51,212.74616141211237,False
melo_b_oil_citral,probit,52,217.08951196504714,False
melo_b_oil_citral,probit,53,210.0708309598002,False
melo_b_oil_citral,probit,54,218.85067444751454,False
melo_b_oil_citral,probit,55,218.99074386645924,False
melo_b_oil_citral,probit,56,221.53283547885277,False
melo_b_oil_citral,probit,57,219.20230680757814,False
melo_b_oil_citral,probit,58,217.8186946637042,False
melo_b_oil_citral,probit,59,217.62215022040806,False
melo_b_oil_citral,probit,60,216.06913623756603,False
melo_b_oil_citral,probit,61,215.02375983737286,False
melo_b_oil_citral,probit,62,219.9603265218336,False
melo_b_oil_citral,probit,63,215.32533738138898,False
melo_b_oil_citral,probit,64,221.50363211974073,False
melo_b_oil_citral,probit,65,219.7533057247343,False
melo_b_oil_citral,probit,66,224.30176282947554,False
melo_b_oil_citral,probit,67,217.9485767249422,False
melo_b_oil_citral,probit,68,215.95278802874853,False
melo_b_oil_citral,probit,69,221.00196707669176,False
melo_b_oil_citral,probit,70,219.14869943958496,False
melo_b_oil_citral,probit,71,216.65094653228908,False
melo_b_oil_citral,probit,72,220.0252882358425,False
melo_b_oil_citral,probit,73,215.96145526716572,False
melo_b_oil_citral,probit,74,211.12156525741528,False
melo_b_oil_citral,probit,75,215.71267748882994,False
melo_b_oil_citral,probit,76,222.1555357287139,False
melo_b_oil_citral,probit,77,216.56559926205622,False
melo_b_oil_citral,probit,78,219.40809766279688,False
melo_b_oil_citral,probit,79,211.11210398296194,False
melo_b_oil_citral,probit,80,217.8256244655756,False
melo_b_oil_citral,probit,81,221.4528407341606,False
melo_b_oil_citral,probit,82,218.9970015326352,False
melo_b_oil_citral,probit,83,215.51600466189439,False
melo_b_oil_citral,probit,84,216.76623216070337,False
melo_b_oil_citral,probit,85,222.3617691792946,False
melo_b_oil_citral,probit,86,213.4702421363206,False
melo_b_oil_citral,probit,87,219.28252759177954,False
melo_b_oil_citral,probit,88,214.83787465644414,False
melo_b_oil_citral,probit,89,220.89805373705252,False
melo_b_oil_citral,probit,90,216.68894670151911,False
melo_b_oil_citral,probit,91,216.76040560755087,False
melo_b_oil_citral,probit,92,211.5545240105791,False
melo_b_oil_citral,probit,93,214.52791404758705,False
melo_b_oil_citral,probit,94,213.4289535967041,False
melo_b_oil_citral,probit,95,206.1122930072986,False
melo_b_oil_citral,probit,96,219.55465884396548,False
melo_b_oil_citral,probit,97,217.01379229268304,False
melo_b_oil_citral,probit,98,219.45169475142794,False
melo_b_oil_citral,probit,99,212.72858151804385,False
melo_b_oil_citral,probit,100,213.7580485848292,False
melo_b_oil_citral,probit,101,224.60275768400393,False
melo_b_oil_citral,probit,102,210.7190492770709,False
melo_b_oil_citral,probit,103,213.23363804100512,False
melo_b_oil_citral,probit,104,211.56458887091563,False
melo_b_oil_citral,probit,105,211.29912535974987,False
melo_b_oil_citral,probit,106,217.22449868491967,False
melo_b_oil_citral,probit,107,213.69211821379383,False
melo_b_oil_citral,probit,108,210.41945184577506,False
melo_b_oil_citral,probit,109,211.88073740111045,False
melo_b_oil_citral,probit,110,224.33069541478937,False
melo_b_oil_citral,probit,111,217.30539051996595,False
melo_b_oil_citral,probit,112,216.808151656826,False
melo_b_oil_citral,probit,113,225.57885501347593,False
melo_b_oil_citral,probit,114,224.91960537029948,False
melo_b_oil_citral,probit,115,220.5480160631097,False
melo_b_oil_citral,probit,116,217.16084765603088,False
melo_b_oil_citral,probit,117,218.32789075042518,False
melo_b_oil_citral,probit,118,216.48922631235772,False
melo_b_oil_citral,probit,119,212.94930594361404,False
melo_b_oil_citral,probit,120,217.86332784294987,False
melo_b_oil_citral,probit,121,216.01714387187647,False
melo_b_oil_citral,probit,122,223.05752524892327,False
melo_b_oil_citral,probit,123,217.72276741294394,False
melo_b_oil_citral,probit,124,211.19577958199136,False
melo_b_oil_citral,probit,125,216.19925566724802,False
melo_b_oil_citral,probit,126,220.06659084741176,False
melo_b_oil_citral,probit,127,216.91979605084953,False
melo_b_oil_citral,probit,128,216.08186335163953,False
melo_b_oil_citral,probit,129,218.5181403246188,False
melo_b_oil_citral,probit,130,220.07401341743767,False
melo_b_oil_citral,probit,131,213.07381831966467,False
melo_b_oil_citral,probit,132,216.25935870997932,False
melo_b_oil_citral,probit,133,212.585548235263,False
melo_b_oil_citral,probit,134,215.50916756697504,False
melo_b_oil_citral,probit,135,211.76175853003897,False
melo_b_oil_citral,probit,136,217.83750429482163,False
melo_b_oil_citral,probit,137,212.8530227375805,False
melo_b_oil_citral,probit,138,210.93906423778492,False
melo_b_oil_citral,probit,139,214.90218703071298,False
melo_b_oil_citral,probit,140,213.81672473707027,False
melo_b_oil_citral,probit,141,225.90268123293134,False
melo_b_oil_citral,probit,142,221.42546740940367,False
melo_b_oil_citral,probit,143,213.01245879630443,False
melo_b_oil_citral,probit,144,218.7311187539034,False
melo_b_oil_citral,probit,145,211.98381296265575,False
melo_b_oil_citral,probit,146,216.7468551519526,False
melo_b_oil_citral,probit,147,220.2418833805968,False
melo_b_oil_citral,probit,148,220.37024681522612,False
melo_b_oil_citral,probit,149,212.53870829813198,False
melo_b_oil_citral,probit,150,217.6105939100862,False
melo_b_oil_citral,probit,151,222.55062407939593,False
melo_b_oil_citral,probit,152,219.80925642298334,False
melo_b_oil_citral,probit,153,210.8784797661494,False
melo_b_oil_citral,probit,154,218.94430243790097,False
melo_b_oil_citral,probit,155,221.85584527182877,False
melo_b_oil_citral,probit,156,217.61177120496282,False
melo_b_oil_citral,probit,157,215.14567525771773,False
melo_b_oil_citral,probit,158,223.67748114114474,False
melo_b_oil_citral,probit,159,219.315076719788,False
melo_b_oil_citral,probit,160,224.25496250282447,False
melo_b_oil_citral,probit,161,210.99553469822223,False
melo_b_oil_citral,probit,162,213.22192109972758,False
melo_b_oil_citral,probit,163,217.43900257078442,False
melo_b_oil_citral,probit,164,220.37845181286855,False
melo_b_oil_citral,probit,165,218.87233060328666,False
melo_b_oil_citral,probit,166,223.48989872727387,False
melo_b_oil_citral,probit,167,220.97741649152266,False
melo_b_oil_citral,probit,168,218.5770523149564,False
melo_b_oil_citral,probit,169,215.84562177287677,False
melo_b_oil_citral,probit,170,216.91039645124377,False
melo_b_oil_citral,probit,171,211.73017883270174,False
melo_b_oil_citral,probit,172,215.9670733968458,False
melo_b_oil_citral,probit,173,216.96998906990657,False
melo_b_oil_citral,probit,174,211.25726855550445,False
melo_b_oil_citral,probit,175,217.25186018265373,False
melo_b_oil_citral,probit,176,209.85635966005285,False
melo_b_oil_citral,probit,177,216.10100982877702,False
melo_b_oil_citral,probit,178,223.57820520209867,False
melo_b_oil_citral,probit,179,212.3836935714316,False
melo_b_oil_citral,probit,180,218.1052710497289,False
melo_b_oil_citral,probit,181,219.60114497927543,False
melo_b_oil_citral,probit,182,215.6192485972834,False
melo_b_oil_citral,probit,183,221.11846344285038,False
melo_b_oil_citral,probit,184,219.5627523483042,False
melo_b_oil_citral,probit,185,216.42764880114916,False
melo_b_oil_citral,probit,186,220.1343626757409,False
melo_b_oil_citral,probit,187,216.1694391684742,False
melo_b_oil_citral,probit,188,217.11100322759512,False
melo_b_oil_citral,probit,189,216.4401965918369,False
melo_b_oil_citral,probit,190,218.51113611649,False
melo_b_oil_citral,probit,191,216.80902078630842,False
melo_b_oil_citral,probit,192,221.42618757317285,False
melo_b_oil_citral,probit,193,216.29294359967398,False
melo_b_oil_citral,probit,194,218.36945242898136,False
melo_b_oil_citral,probit,195,223.75714588337274,False
melo_b_oil_citral,probit,196,212.9700922217254,False
melo_b_oil_citral,probit,197,210.08033907395793,False
melo_b_oil_citral,probit,198,215.42098745264008,False
melo_b_oil_citral,probit,199,214.5180736686164,False
melo_b_oil_citral,logistic,0,213.99607602066172,False
melo_b_oil_citral,logistic,1,220.29194431401822,False
melo_b_oil_citral,logistic,2,220.13874583585843,False
melo_b_oil_citral,logistic,3,220.3142793801546,False
melo_b_oil_citral,logistic,4,219.39816310911394,False
melo_b_oil_citral,logistic,5,222.7640723321899,False
melo_b_oil_citral,logistic,6,217.08113299052056,False
melo_b_oil_citral,logistic,7,213.46161966737847,False
melo_b_oil_citral,logistic,8,222.04275798371685,False
melo_b_oil_citral,logistic,9,220.19041219953803,False
melo_b_oil_citral,logistic,10,223.13362890527202,False
melo_b_oil_citral,logistic,11,216.550512375376,False
melo_b_oil_citral,logistic,12,221.23112855747303,False
melo_b_oil_citral,logistic,13,216.8092080412992,False
melo_b_oil_citral,logistic,14,218.33058971497292,False
melo_b_oil_citral,logistic,15,221.37467226576834,False
melo_b_oil_citral,logistic,16,223.48836188715228,False
melo_b_oil_citral,logistic,17,221.4822035978115,False
melo_b_oil_citral,logistic,18,219.84156231097458,False
melo_b_oil_citral,logistic,19,224.60155024604683,False
melo_b_oil_citral,logistic,20,210.61738738446653,False
melo_b_oil_citral,logistic,21,220.96929133326688,False
melo_b_oil_citral,logistic,22,216.98802363861424,False
melo_b_oil_citral,logistic,23,221.2977278986656,False
melo_b_oil_citral,logistic,24,215.27937535295538,False
melo_b_oil_citral,logistic,25,221.57780216396048,False
melo_b_oil_citral,logistic,26,218.40845785903898,False
melo_b_oil_citral,logistic,27,215.73748358974342,False
melo_b_oil_citral,logistic,28,213.46267845245788,False
melo_b_oil_citral,logistic,29,224.7590052213707,False
melo_b_oil_citral,logistic,30,216.3060220597189,False
melo_b_oil_citral,logistic,31,219.5579937398744,False
melo_b_oil_citral,logistic,32,216.87666345407308,False
melo_b_oil_citral,logistic,33,219.04223810603895,False
melo_b_oil_citral,logistic,34,224.73819208618315,False
melo_b_oil_citral,logistic,35,215.26174718905835,False
melo_b_oil_citral,logistic,36,221.67676056582397,False
melo_b_oil_citral,logistic,37,221.9341634825779,False
melo_b_oil_citral,logistic,38,219.68157967310557,False
melo_b_oil_citral,logistic,39,220.47688632740136,False
melo_b_oil_citral,logistic,40,214.02676700737115,False
melo_b_oil_citral,logistic,41,222.90215675015966,False
melo_b_oil_citral,logistic,42,222.64150008967178,False
melo_b_oil_citral,logistic,43,217.49856770394712,False
melo_b_oil_citral,logistic,44,226.86019815437217,False
melo_b_oil_citral,logistic,45,220.54449056337313,False
melo_b_oil_citral,logistic,46,226.43260560798407,False
melo_b_oil_citral,logistic,47,221.78832534038372,False
melo_b_oil_citral,logistic,48,224.22423663735466,False
melo_b_oil_citral,logistic,49,218.02170417920428,False
melo_b_oil_citral,logistic,50,214.2912844810552,False
melo_b_oil_citral,logistic,51,216.24972947218626,False
melo_b_oil_citral,logistic,52,211.82962115776579,False
melo_b_oil_citral,logistic,53,218.75862353356177,False
melo_b_oil_citral,logistic,54,223.93156929447235,False
melo_b_oil_citral,logistic,55,214.19963626139653,False
melo_b_oil_citral,logistic,56,215.9495458722475,False
melo_b_oil_citral,logistic,57,217.01176880263398,False
melo_b_oil_citral,logistic,58,223.84340146201774,False
melo_b_oil_citral,logistic,59,221.09195906305246,False
melo_b_oil_citral,logistic,60,217.10653619019595,False
melo_b_oil_citral,logistic,61,213.860420278082,False
melo_b_oil_citral,logistic,62,221.92641882459364,False
melo_b_oil_citral,logistic,63,226.0978378966603,False
melo_b_oil_citral,logistic,64,216.0726133013138,False
melo_b_oil_citral,logistic,65,215.00458059531505,False
melo_b_oil_citral,logistic,66,216.66282602025106,False
melo_b_oil_citral,logistic,67,223.68934864156307,False
melo_b_oil_citral,logistic,68,217.96370494143082,False
melo_b_oil_citral,logistic,69,219.11661614535143,False
melo_b_oil_citral,logistic,70,216.29618312461838,False
melo_b_oil_citral,logistic,71,228.94045031358996,False
melo_b_oil_citral,logistic,72,214.3321545305131,False
melo_b_oil_citral,logistic,73,213.81832961662505,False
melo_b_oil_citral,logistic,74,220.17288984763402,False
melo_b_oil_citral,logistic,75,213.25308113760713,False
melo_b_oil_citral,logistic,76,221.25376917567402,False
melo_b_oil_citral,logistic,77,220.69237453438728,False
melo_b_oil_citral,logistic,78,219.66502657645165,False
melo_b_oil_citral,logistic,79,214.70762251957754,False
melo_b_oil_citral,logistic,80,213.68670992774616,False
melo_b_oil_citral,logistic,81,214.53126713245217,False
melo_b_oil_citral,logistic,82,216.22023159402198,False
melo_b_oil_citral,logistic,83,220.96762473629235,False
melo_b_oil_citral,logistic,84,218.65019757225474,False
melo_b_oil_citral,logistic,85,214.45562376194374,False
melo_b_oil_citral,logistic,86,213.26175390407508,False
melo_b_oil_citral,logistic,87,223.96885770071677,False
melo_b_oil_citral,logistic,88,220.18524360051788,False
melo_b_oil_citral,logistic,89,214.4972063962892,False
melo_b_oil_citral,logistic,90,222.29200268946929,False
melo_b_oil_citral,logistic,91,219.10184209427305,False
melo_b_oil_citral,logistic,92,219.0198710725336,False
melo_b_oil_citral,logistic,93,213.29180754416066,False
melo_b_oil_citral,logistic,94,211.66986240223721,False
melo_b_oil_citral,logistic,95,219.9180893883935,False
melo_b_oil_citral,logistic,96,220.16945963780577,False
melo_b_oil_citral,logistic,97,222.36123062434814,False
melo_b_oil_citral,logistic,98,214.84082019764284,False
melo_b_oil_citral,logistic,99,214.0292614427276,False
melo_b_oil_citral,logistic,100,212.59962561939088,False
melo_b_oil_citral,logistic,101,229.28836363343083,False
melo_b_oil_citral,logistic,102,214.15768995344686,False
melo_b_oil_citral,logistic,103,224.19415752784252,False
melo_b_oil_citral,logistic,104,223.52179643261618,False
melo_b_oil_citral,logistic,105,214.99391645119977,False
melo_b_oil_citral,logistic,106,217.24830400846827,False
melo_b_oil_citral,logistic,107,218.31132452365475,False
melo_b_oil_citral,logistic,108,217.57960417181525,False
melo_b_oil_citral,logistic,109,220.52545923420786,False
melo_b_oil_citral,logistic,110,220.7523045100477,False
melo_b_oil_citral,logistic,111,214.1456570898302,False
melo_b_oil_citral,logistic,112,220.1111255355317,False
melo_b_oil_citral,logistic,113,219.01608784657628,False
melo_b_oil_citral,logistic,114,219.0467046734018,False
melo_b_oil_citral,logistic,115,221.55144252484712,False
melo_b_oil_citral,logistic,116,220.8997730334313,False
melo_b_oil_citral,logistic,117,214.7354605913265,False
melo_b_oil_citral,logistic,118,214.39667893387582,False
melo_b_oil_citral,logistic,119,215.6279355844949,False
melo_b_oil_citral,logistic,120,214.17051639590377,False
melo_b_oil_citral,logistic,121,220.3558166881562,False
melo_b_oil_citral,logistic,122,217.8334347766785,False
melo_b_oil_citral,logistic,123,216.40838594627888,False
melo_b_oil_citral,logistic,124,219.70777374975202,False
melo_b_oil_citral,logistic,125,223.2902287375742,False
melo_b_oil_citral,logistic,126,225.91576194894898,False
melo_b_oil_citral,logistic,127,217.54752403256424,False
melo_b_oil_citral,logistic,128,222.43985449268877,False
melo_b_oil_citral,logistic,129,214.35623078310994,False
melo_b_oil_citral,logistic,130,222.81313447290876,False
melo_b_oil_citral,logistic,131,216.21591434320928,False
melo_b_oil_citral,logistic,132,213.7010197923186,False
melo_b_oil_citral,logistic,133,218.75294553255148,False
melo_b_oil_citral,logistic,134,227.21816568124837,False
melo_b_oil_citral,logistic,135,216.05355911030912,False
melo_b_oil_citral,logistic,136,220.5125060481033,False
melo_b_oil_citral,logistic,137,214.90756214452287,False
melo_b_oil_citral,logistic,138,219.08533515011243,False
melo_b_oil_citral,logistic,139,215.71352260788203,False
melo_b_oil_citral,logistic,140,217.64426809952096,False
melo_b_oil_citral,logistic,141,217.29388979153438,False
melo_b_oil_citral,logistic,142,215.91132013704583,False
melo_b_oil_citral,logistic,143,210.8875952138897,False
melo_b_oil_citral,logistic,144,222.9492548806008,False
melo_b_oil_citral,logistic,145,220.5886856089173,False
melo_b_oil_citral,logistic,146,224.83252758102148,False
melo_b_oil_citral,logistic,147,217.3452948516928,False
melo_b_oil_citral,logistic,148,221.38318174855402,False
melo_b_oil_citral,logistic,149,220.65728254248168,False
melo_b_oil_citral,logistic,150,213.48716617151445,False
melo_b_oil_citral,logistic,151,214.5450199812338,False
melo_b_oil_citral,logistic,152,228.79490255902905,False
melo_b_oil_citral,logistic,153,216.16252880470722,False
melo_b_oil_citral,logistic,154,221.6907087382502,False
melo_b_oil_citral,logistic,155,217.49188940979562,False
melo_b_oil_citral,logistic,156,216.43777203334437,False
melo_b_oil_citral,logistic,157,223.04394039109053,False
melo_b_oil_citral,logistic,158,220.09369248015128,False
melo_b_oil_citral,logistic,159,214.12450975950026,False
melo_b_oil_citral,logistic,160,218.28598676584787,False
melo_b_oil_citral,logistic,161,222.78333297096788,False
melo_b_oil_citral,logistic,162,215.53861882593262,False
melo_b_oil_citral,logistic,163,226.3631037804714,False
melo_b_oil_citral,logistic,164,224.1480468053026,False
melo_b_oil_citral,logistic,165,214.91152519532582,False
melo_b_oil_citral,logistic,166,224.0714075581929,False
melo_b_oil_citral,logistic,167,215.20206653556934,False
melo_b_oil_citral,logistic,168,218.4366627275888,False
melo_b_oil_citral,logistic,169,219.3972128601498,False
melo_b_oil_citral,logistic,170,214.70897020252826,False
melo_b_oil_citral,logistic,171,213.19993640773322,False
melo_b_oil_citral,logistic,172,218.97106362837758,False
melo_b_oil_citral,logistic,173,224.78398185158161,False
melo_b_oil_citral,logistic,174,225.34807987362169,False
melo_b_oil_citral,logistic,175,221.46506370399814,False
melo_b_oil_citral,logistic,176,218.1855326583639,False
melo_b_oil_citral,logistic,177,217.75553364226113,False
melo_b_oil_citral,logistic,178,223.5472297365316,False
melo_b_oil_citral,logistic,179,216.9976367476578,False
melo_b_oil_citral,logistic,180,219.14115187437528,False
melo_b_oil_citral,logistic,181,213.7101325268574,False
melo_b_oil_citral,logistic,182,215.60651942163236,False
melo_b_oil_citral,logistic,183,210.62729014582098,False
melo_b_oil_citral,logistic,184,223.44090931565447,False
melo_b_oil_citral,logistic,185,221.32359571240187,False
melo_b_oil_citral,logistic,186,216.23531588738544,False
melo_b_oil_citral,logistic,187,217.40305192194455,False
melo_b_oil_citral,logistic,188,214.52800737552937,False
melo_b_oil_citral,logistic,189,221.0686467147438,False
melo_b_oil_citral,logistic,190,220.7219391215918,False
melo_b_oil_citral,logistic,191,214.8388748772978,False
melo_b_oil_citral,logistic,192,222.47761564342963,False
melo_b_oil_citral,logistic,193,218.1449712060126,False
melo_b_oil_citral,logistic,194,214.24840509460364,False
melo_b_oil_citral,logistic,195,227.37643777253538,False
melo_b_oil_citral,logistic,196,214.05581344151557,False
melo_b_oil_citral,logistic,197,226.13032333449362,False
melo_b_oil_citral,logistic,198,217.65801791878965,False
melo_b_oil_citral,logistic,199,225.548399842826,False
melo_b_citral,probit,0,279.6339571808515,False
melo_b_citral,probit,1,288.0339810453622,False
melo_b_citral,probit,2,283.0383259578898,False
melo_b_citral,probit,3,284.2727743611816,False
melo_b_citral,probit,4,286.02808781234927,False
melo_b_citral,probit,5,284.7422151111026,False
melo_b_citral,probit,6,287.96294503425094,False
melo_b_citral,probit,7,290.05137985552386,False
melo_b_citral,probit,8,289.84440956161365,False
melo_b_citral,probit,9,287.1787687951305,False
melo_b_citral,probit,10,284.37685120160626,False
melo_b_citral,probit,11,283.52553105526613,False
melo_b_citral,probit,12,276.6234825479773,False
melo_b_citral,probit,13,281.72732230753314,False
melo_b_citral,probit,14,284.08850555997304,False
melo_b_citral,probit,15,286.59293829033345,False
melo_b_citral,probit,16,289.2742971622332,False
melo_b_citral,probit,17,285.34302264088154,False
melo_b_citral,probit,18,285.6121202142168,False
melo_b_citral,probit,19,288.715633018248,False
melo_b_citral,probit,20,284.2675854251728,False
melo_b_citral,probit,21,286.89576683409155,False
melo_b_citral,probit,22,285.5351939790874,False
melo_b_citral,probit,23,286.26524141142454,False
melo_b_citral,probit,24,277.60009296511925,False
melo_b_citral,probit,25,282.43547647916375,False
melo_b_citral,probit,26,288.29074502599497,False
melo_b_citral,probit,27,290.6307433607208,False
melo_b_citral,probit,28,289.4269026859663,False
melo_b_citral,probit,29,280.8504484304744,False
melo_b_citral,probit,30,288.6811307304242,False
melo_b_citral,probit,31,287.1569464004832,False
melo_b_citral,probit,32,291.203687162013,False
melo_b_citral,probit,33,282.8736318362943,False
melo_b_citral,probit,34,290.6860818828821,False
melo_b_citral,probit,35,285.5703342188459,False
melo_b_citral,probit,36,290.4644877517868,False
melo_b_citral,probit,37,292.8116512555087,False
melo_b_citral,probit,38,276.1138299241201,False
melo_b_citral,probit,39,280.9997698083443,False
melo_b_citral,probit,40,284.5797953846058,False
melo_b_citral,probit,41,292.67977805989943,False
melo_b_citral,probit,42,292.9792319600643,False
melo_b_citral,probit,43,279.63956870921703,False
melo_b_citral,probit,44,289.255388198677,False
melo_b_citral,probit,45,285.13660964108834,False
melo_b_citral,probit,46,293.72751844096655,False
melo_b_citral,probit,47,288.2706842739015,False
melo_b_citral,probit,48,285.66521421827304,False
melo_b_citral,probit,49,284.0434752855816,False
melo_b_citral,probit,50,277.94475906029714,False
melo_b_citral,probit,51,289.59833835405055,False
melo_b_citral,probit,52,282.41334692708625,False
melo_b_citral,probit,53,282.1845894615153,False
melo_b_citral,probit,54,284.7345833314325,False
melo_b_citral,probit,55,287.0572991337683,False
melo_b_citral,probit,56,285.39844189710993,False
melo_b_citral,probit,57,290.48487301280954,False
melo_b_citral,probit,58,290.68702267357105,False
melo_b_citral,probit,59,287.39233665374604,False
melo_b_citral,probit,60,283.4022465363812,False
melo_b_citral,probit,61,294.903157254619,False
melo_b_citral,probit,62,284.3675805464033,False
melo_b_citral,probit,63,291.24108602220895,False
melo_b_citral,probit,64,290.5927089213923,False
melo_b_citral,probit,65,289.18294896832487,False
melo_b_citral,probit,66,290.75799968112096,False
melo_b_citral,probit,67,294.4680096825283,False
melo_b_citral,probit,68,281.40317624005434,False
melo_b_citral,probit,69,282.62351896289067,False
melo_b_citral,probit,70,286.23612724505176,False
melo_b_citral,probit,71,286.646299312056,False
melo_b_citral,probit,72,293.0794192229787,False
melo_b_citral,probit,73,280.34740307807897,False
melo_b_citral,probit,74,278.18189949525197,False
melo_b_citral,probit,75,282.39577926610576,False
melo_b_citral,probit,76,287.343301345584,False
melo_b_citral,probit,77,282.7211006149834,False
melo_b_citral,probit,78,292.76418566454237,False
melo_b_citral,probit,79,287.5246857514647,False
melo_b_citral,probit,80,288.3132376311421,False
melo_b_citral,probit,81,289.23668459691623,False
melo_b_citral,probit,82,279.709808793196,False
melo_b_citral,probit,83,280.82139937143864,False
melo_b_citral,probit,84,288.0603856584499,False
melo_b_citral,probit,85,289.037742174402,False
melo_b_citral,probit,86,292.36468535335257,False
melo_b_citral,probit,87,279.27402715096434,False
melo_b_citral,probit,88,284.905394132515,False
melo_b_citral,probit,89,290.59635313449866,False
melo_b_citral,probit,90,281.3072956816253,False
melo_b_citral,probit,91,280.97988670681957,False
melo_b_citral,probit,92,279.8789106416338,False
melo_b_citral,probit,93,279.86739218917154,False
melo_b_citral,probit,94,290.4315508917795,False
melo_b_citral,probit,95,276.77115526769336,False
melo_b_citral,probit,96,290.1971902713367,False
melo_b_citral,probit,97,288.210856968738,False
melo_b_citral,probit,98,284.40030734743783,False
melo_b_citral,probit,99,285.8088307130787,False
melo_b_citral,probit,100,287.37076931446785,False
melo_b_citral,probit,101,288.45083416014575,False
melo_b_citral,probit,102,282.65252076807855,False
melo_b_citral,probit,103,281.21056414956826,False
melo_b_citral,probit,104,281.1339856833543,False
melo_b_citral,probit,105,280.644499032443,False
melo_b_citral,probit,106,289.5075861010391,False
melo_b_citral,probit,107,282.6763196824163,False
melo_b_citral,probit,108,287.6761789804677,False
melo_b_citral,probit,109,276.82070336665316,False
melo_b_citral,probit,110,282.3147850004262,False
melo_b_citral,probit,111,286.69237599308383,False
melo_b_citral,probit,112,285.5816472352591,False
melo_b_citral,probit,113,287.6478623989259,False
melo_b_citral,probit,114,288.63555729585136,False
melo_b_citral,probit,115,284.85690145564314,False
melo_b_citral,probit,116,290.7968286750753,False
melo_b_citral,probit,117,286.1154500381379,False
melo_b_citral,probit,118,284.0428171162754,False
melo_b_citral,probit,119,285.61613838904515,False
melo_b_citral,probit,120,294.2808765546908,False
melo_b_citral,probit,121,283.9960773218625,False
melo_b_citral,probit,122,285.99525042657604,False
melo_b_citral,probit,123,285.0208971891682,False
melo_b_citral,probit,124,287.5984338122219,False
melo_b_citral,probit,125,288.0990470864879,False
melo_b_citral,probit,126,282.49183339516304,False
melo_b_citral,probit,127,284.0446168198537,False
melo_b_citral,probit,128,282.9861449198804,False
melo_b_citral,probit,129,290.4867373082277,False
melo_b_citral,probit,130,285.7537868267825,False
melo_b_citral,probit,131,282.66636882387775,False
melo_b_citral,probit,132,288.97712408783366,False
melo_b_citral,probit,133,288.0382934166075,False
melo_b_citral,probit,134,285.5447377116449,False
melo_b_citral,probit,135,291.4829037133882,False
melo_b_citral,probit,136,291.55059093563625,False
melo_b_citral,probit,137,278.7700374338242,False
melo_b_citral,probit,138,281.2193338930818,False
melo_b_citral,probit,139,282.2568051929553,False
melo_b_citral,probit,140,289.03504774411266,False
melo_b_citral,probit,141,282.71507810771277,False
melo_b_citral,probit,142,280.3292176281824,False
melo_b_citral,probit,143,294.4637974750301,False
melo_b_citral,probit,144,292.25149379943724,False
melo_b_citral,probit,145,283.9842180268585,False
melo_b_citral,probit,146,281.1413521493305,False
melo_b_citral,probit,147,284.9450717400812,False
melo_b_citral,probit,148,283.51499899670836,False
melo_b_citral,probit,149,286.56220829656894,False
melo_b_citral,probit,150,281.945023971794,False
melo_b_citral,probit,151,283.01451082100914,False
melo_b_citral,probit,152,282.55207599355424,False
melo_b_citral,probit,153,288.579600795718,False
melo_b_citral,probit,154,287.23231526111243,False
melo_b_citral,probit,155,286.7669998351704,False
melo_b_citral,probit,156,282.15293619855555,False
melo_b_citral,probit,157,283.04214719174735,False
melo_b_citral,probit,158,288.5498070743506,False
melo_b_citral,probit,159,290.5158821470901,False
melo_b_citral,probit,160,293.0042241332129,False
melo_b_citral,probit,161,286.3932336601672,False
melo_b_citral,probit,162,286.5067098216503,False
melo_b_citral,probit,163,293.92134449030436,False
melo_b_citral,probit,164,283.45695453105594,False
melo_b_citral,probit,165,290.3675873194356,False
melo_b_citral,probit,166,284.3691920324788,False
melo_b_citral,probit,167,285.7756369936494,False
melo_b_citral,probit,168,284.6567993040661,False
melo_b_citral,probit,169,285.41432738692345,False
melo_b_citral,probit,170,284.2587795037856,False
melo_b_citral,probit,171,283.53043944109453,False
melo_b_citral,probit,172,282.6764424920068,False
melo_b_citral,probit,173,283.4235892064886,False
melo_b_citral,probit,174,288.97489140923716,False
melo_b_citral,probit,175,288.48119940759517,False
melo_b_citral,probit,176,290.1914857129821,False
melo_b_citral,probit,177,285.1849365095918,False
melo_b_citral,probit,178,285.22581170083083,False
melo_b_citral,probit,179,289.32701277836304,False
melo_b_citral,probit,180,288.4107955967403,False
melo_b_citral,probit,181,284.75550999338685,False
melo_b_citral,probit,182,282.20087269124105,False
melo_b_citral,probit,183,290.80985002127574,False
melo_b_citral,probit,184,290.36895100395145,False
melo_b_citral,probit,185,287.16968262101943,False
melo_b_citral,probit,186,291.10403687269434,False
melo_b_citral,probit,187,291.30569738765445,False
melo_b_citral,probit,188,285.57886673722294,False
melo_b_citral,probit,189,288.71447808956714,False
melo_b_citral,probit,190,288.82170680457506,False
melo_b_citral,probit,191,281.88020225444865,False
melo_b_citral,probit,192,287.2483134431707,False
melo_b_citral,probit,193,289.9997306479015,False
melo_b_citral,probit,194,289.5974600855274,False
melo_b_citral,probit,195,291.6958584225544,False
melo_b_citral,probit,196,284.1977851007945,False
melo_b_citral,probit,197,286.55886848557856,False
melo_b_citral,probit,198,285.1948012719289,False
melo_b_citral,probit,199,289.1687003486352,False
melo_b_citral,logistic,0,285.89539181599713,False
melo_b_citral,logistic,1,287.09219396170255,False
melo_b_citral,logistic,2,291.51688801807484,False
melo_b_citral,logistic,3,289.53188433677644,False
melo_b_citral,logistic,4,282.64552935998313,False
melo_b_citral,logistic,5,288.61194241174354,False
melo_b_citral,logistic,6,289.6329700079245,False
melo_b_citral,logistic,7,290.2442425933696,False
melo_b_citral,logistic,8,286.6730743777191,False
melo_b_citral,logistic,9,295.16488680681425,False
melo_b_citral,logistic,10,285.41381356762463,False
melo_b_citral,logistic,11,295.50204115548115,False
melo_b_citral,logistic,12,287.1893539986467,False
melo_b_citral,logistic,13,289.8220054227184,False
melo_b_citral,logistic,14,290.0223256667272,False
melo_b_citral,logistic,15,291.08506968459926,False
melo_b_citral,logistic,16,288.8091878951073,False
melo_b_citral,logistic,17,289.67806965631934,False
melo_b_citral,logistic,18,286.4612882495561,False
melo_b_citral,logistic,19,297.69764623815456,False
melo_b_citral,logistic,20,296.8424785096088,False
melo_b_citral,logistic,21,297.80751370452003,False
melo_b_citral,logistic,22,289.48741630708895,False
melo_b_citral,logistic,23,287.89773754529966,False
melo_b_citral,logistic,24,290.8619211287548,False
melo_b_citral,logistic,25,282.4291933273883,False
melo_b_citral,logistic,26,290.0039161787561,False
melo_b_citral,logistic,27,279.28008578122177,False
melo_b_citral,logistic,28,290.1927515729346,False
melo_b_citral,logistic,29,287.00424044306266,False
melo_b_citral,logistic,30,291.1272251478897,False
melo_b_citral,logistic,31,292.2490041579131,False
melo_b_citral,logistic,32,289.106809808484,False
melo_b_citral,logistic,33,288.79595279070134,False
melo_b_citral,logistic,34,297.3535819808998,False
melo_b_citral,logistic,35,289.75323956756864,False
melo_b_citral,logistic,36,292.29985107861427,False
melo_b_citral,logistic,37,296.32959527194856,False
melo_b_citral,logistic,38,290.67987577925584,False
melo_b_citral,logistic,39,291.3955736609034,False
melo_b_citral,logistic,40,292.87404748869255,False
melo_b_citral,logistic,41,292.5006744553294,False
melo_b_citral,logistic,42,297.0546220629899,False
melo_b_citral,logistic,43,288.9846766305356,False
melo_b_citral,logistic,44,285.5688749864431,False
melo_b_citral,logistic,45,294.73741568319673,False
melo_b_citral,logistic,46,293.69644226838705,False
melo_b_citral,logistic,47,282.9332695738494,False
melo_b_citral,logistic,48,285.115738813573,False
melo_b_citral,logistic,49,293.93556799559997,False
melo_b_citral,logistic,50,297.7944434245778,False
melo_b_citral,logistic,51,287.14287362194557,False
melo_b_citral,logistic,52,288.1704403786246,False
melo_b_citral,logistic,53,286.8476217383656,False
melo_b_citral,logistic,54,290.0393097794458,False
melo_b_citral,logistic,55,288.38295226885214,False
melo_b_citral,logistic,56,285.9685965869695,False
melo_b_citral,logistic,57,288.82073677692034,False
melo_b_citral,logistic,58,296.0909395017613,False
melo_b_citral,logistic,59,284.92930396440454,False
melo_b_citral,logistic,60,288.4229043048703,False
melo_b_citral,logistic,61,289.8090629599574,False
melo_b_citral,logistic,62,285.9377253870993,False
melo_b_citral,logistic,63,293.9863103608924,False
melo_b_citral,logistic,64,290.82402564000046,False
melo_b_citral,logistic,65,290.9261251077709,False
melo_b_citral,logistic,66,280.221036586112,False
melo_b_citral,logistic,67,292.1853672849826,False
melo_b_citral,logistic,68,296.15087759681,False
melo_b_citral,logistic,69,293.9003150699194,False
melo_b_citral,logistic,70,289.6097232123981,False
melo_b_citral,logistic,71,287.5750211678762,False
melo_b_citral,logistic,72,294.10442986445736,False
melo_b_citral,logistic,73,291.1872300423687,False
melo_b_citral,logistic,74,286.80273772887506,False
melo_b_citral,logistic,75,294.58823905159545,False
melo_b_citral,logistic,76,284.47982005504315,False
melo_b_citral,logistic,77,296.71649890778434,False
melo_b_citral,logistic,78,293.90918730589095,False
melo_b_citral,logistic,79,287.6502668271676,False
melo_b_citral,logistic,80,287.0525147249076,False
melo_b_citral,logistic,81,281.89601025695805,False
melo_b_citral,logistic,82,292.1181973369523,False
melo_b_citral,logistic,83,289.92427305969136,False
melo_b_citral,logistic,84,284.3750856499567,False
melo_b_citral,logistic,85,295.88911884846783,False
melo_b_citral,logistic,86,295.74212834975975,False
melo_b_citral,logistic,87,290.05629967956753,False
melo_b_citral,logistic,88,288.55694310535125,False
melo_b_citral,logistic,89,290.4680130141136,False
melo_b_citral,logistic,90,295.84712030028766,False
melo_b_citral,logistic,91,288.9201790761754,False
melo_b_citral,logistic,92,283.6537215709499,False
melo_b_citral,logistic,93,289.097814390014,False
melo_b_citral,logistic,94,283.91788804666055,False
melo_b_citral,logistic,95,294.78764375451016,False
melo_b_citral,logistic,96,292.3692625491876,False
melo_b_citral,logistic,97,292.33312823384585,False
melo_b_citral,logistic,98,294.1053704745037,False
melo_b_citral,logistic,99,293.08130086734764,False
melo_b_citral,logistic,100,293.1757967659071,False
melo_b_citral,logistic,101,285.14686040586923,False
melo_b_citral,logistic,102,288.0114538247837,False
melo_b_citral,logistic,103,294.27232167246314,False
melo_b_citral,logistic,104,285.29124385347524,False
melo_b_citral,logistic,105,284.2078093920902,False
melo_b_citral,logistic,106,292.50386462565854,False
melo_b_citral,logistic,107,295.6640384637023,False
melo_b_citral,logistic,108,291.42831106444504,False
melo_b_citral,logistic,109,282.07108514609564,False
melo_b_citral,logistic,110,285.8575550864853,False
melo_b_citral,logistic,111,284.46155209498454,False
melo_b_citral,logistic,112,286.2160631741938,False
melo_b_citral,logistic,113,285.7343874844467,False
melo_b_citral,logistic,114,286.7316085854036,False
melo_b_citral,logistic,115,287.7376360468123,False
melo_b_citral,logistic,116,293.0709539879445,False
melo_b_citral,logistic,117,290.77580105386244,False
melo_b_citral,logistic,118,291.915543135057,False
melo_b_citral,logistic,119,290.18287583821785,False
melo_b_citral,logistic,120,299.24879491989077,False
melo_b_citral,logistic,121,297.5394353837179,False
melo_b_citral,logistic,122,291.4733106571952,False
melo_b_citral,logistic,123,293.1546530248631,False
melo_b_citral,logistic,124,289.33171177378176,False
melo_b_citral,logistic,125,294.7898471863329,False
melo_b_citral,logistic,126,292.3586840402748,False
melo_b_citral,logistic,127,291.40303870602946,False
melo_b_citral,logistic,128,291.3571097420841,False
melo_b_citral,logistic,129,296.8182281371126,False
melo_b_citral,logistic,130,296.80186499694753,False
melo_b_citral,logistic,131,290.7070507280559,False
melo_b_citral,logistic,132,292.3107809476152,False
melo_b_citral,logistic,133,291.3532981404604,False
melo_b_citral,logistic,134,291.2136411705256,False
melo_b_citral,logistic,135,286.68579676906995,False
melo_b_citral,logistic,136,289.6901459776482,False
melo_b_citral,logistic,137,290.61153677292964,False
melo_b_citral,logistic,138,283.85719914334317,False
melo_b_citral,logistic,139,292.28060200338086,False
melo_b_citral,logistic,140,289.65905566350216,False
melo_b_citral,logistic,141,288.8319930156171,False
melo_b_citral,logistic,142,280.4436071634089,False
melo_b_citral,logistic,143,294.04126893224185,False
melo_b_citral,logistic,144,289.3368341227194,False
melo_b_citral,logistic,145,292.44143809720543,False
melo_b_citral,logistic,146,289.76252340858935,False
melo_b_citral,logistic,147,297.9292089101015,False
melo_b_citral,logistic,148,294.5880106613175,False
melo_b_citral,logistic,149,290.1239655746172,False
melo_b_citral,logistic,150,291.35855549421103,False
melo_b_citral,logistic,151,294.3249203208861,False
melo_b_citral,logistic,152,297.4174758271541,False
melo_b_citral,logistic,153,295.0282778458694,False
melo_b_citral,logistic,154,299.0375818124635,False
melo_b_citral,logistic,155,293.6144202684288,False
melo_b_citral,logistic,156,285.1839408649309,False
melo_b_citral,logistic,157,286.97976683256223,False
melo_b_citral,logistic,158,294.21412482243073,False
melo_b_citral,logistic,159,290.6265484504807,False
melo_b_citral,logistic,160,294.28525615222827,False
melo_b_citral,logistic,161,286.2080583437616,False
melo_b_citral,logistic,162,291.2773600129781,False
melo_b_citral,logistic,163,288.686669119191,False
melo_b_citral,logistic,164,290.0225810808531,False
melo_b_citral,logistic,165,289.1667804478504,False
melo_b_citral,logistic,166,279.4192719435899,False
melo_b_citral,logistic,167,291.9870169725385,False
melo_b_citral,logistic,168,289.79052674312123,False
melo_b_citral,logistic,169,284.7523390524941,False
melo_b_citral,logistic,170,292.23111213308346,False
melo_b_citral,logistic,171,297.24669731018497,False
melo_b_citral,logistic,172,302.022286339282,False
melo_b_citral,logistic,173,294.5457899294525,False
melo_b_citral,logistic,174,291.6202947886259,False
melo_b_citral,logistic,175,289.62692702046115,False
melo_b_citral,logistic,176,286.6839816262353,False
melo_b_citral,logistic,177,295.94294500268734,False
melo_b_citral,logistic,178,283.3658397206528,False
melo_b_citral,logistic,179,288.9232617171611,False
melo_b_citral,logistic,180,289.56309858052657,False
melo_b_citral,logistic,181,288.6835370420452,False
melo_b_citral,logistic,182,287.7315778563631,False
melo_b_citral,logistic,183,294.5034446543226,False
melo_b_citral,logistic,184,290.2087027637684,False
melo_b_citral,logistic,185,285.453100539408,False
melo_b_citral,logistic,186,288.8558980267275,False
melo_b_citral,logistic,187,288.6448534046776,False
melo_b_citral,logistic,188,293.262577437523,False
melo_b_citral,logistic,189,284.0328355955157,False
melo_b_citral,logistic,190,286.4643079839217,False
melo_b_citral,logistic,191,290.0995045829154,False
melo_b_citral,logistic,192,295.867340498491,False
melo_b_citral,logistic,193,295.41290327806263,False
melo_b_citral,logistic,194,289.32242013740176,False
melo_b_citral,logistic,195,278.9346441499455,False
melo_b_citral,logistic,196,299.2417995783964,False
melo_b_citral,logistic,197,292.31711053895344,False
melo_b_citral,logistic,198,287.6041584076705,False
melo_b_citral,logistic,199,285.89778406226384,False
