record_id,source_id,material,material_type,source_compound_or_fraction_code,source_plant,source_organ,dose_value,dose_unit_as_reported,dose_ug_ml,endpoint,endpoint_relation,endpoint_value,endpoint_unit,remaining_growth_percent,derived_inhibition_percent,original_ordinal_score,damaged_cultures,tested_cultures,ant,fungus_as_reported,observation_time,model_use,transcription_notes,limitations,source_locator,original_url,local_original,context_key,exposure_route,dose_basis,endpoint_ci_low,endpoint_ci_high,independence_group,extraction_batch,compound_id,preferred_name,identity_status,source_block,compound_source_group,route_for_grouping,endpoint_family,assay_medium,controls_and_replication,donor_replication,dose_ug_ml_for_grouping,comparison_block,conventional_potency_regression_eligible,potency_eligibility_reason,exact_structure_assigned,evidence_direction
F003,salazar2020,Dillapiole,pure_compound,C1,Piper holtonii,Leaves,,,,IC50,=,38,ppm,,,,,,Atta cephalotes,Leucoagaricus gongylophorus,Growth followed for five weeks; dose-response endpoint reported over this assay.,Fitted concentration endpoint; ppm basis must be curated before cross-study potency modelling,Authors’ fitted estimate; no confidence interval supplied. Fig 3 not digitized. IC50/IC95 from the same curve are not independent replicates.,No confidence intervals supplied for fitted IC values. Preserve ppm as reported; do not silently convert to molarity. Extract and pure-compound curves differ.,PDF 4–5 / printed 671–672; Figs 1–3 and results prose,https://doi.org/10.1007/s10886-020-01170-w,sources/salazar2020.pdf,salazar2020,,,,,,1,C001,Dillapiol,achiral_identity_resolved,salazar2020,salazar2020|C001,agar_contact,fitted_IC50,"Acid PDA, pH4.5; cellulose dispersant; dried samples incorporated into cooled agar.",PDA alone and PDA plus cellulose; five repetitions/treatment; no positive control.,Three artificial nests; allocation of donor isolates to assays unclear; no molecular strain ID supplied.,,salazar2020|agar_contact|fitted_IC50||Growth followed for five weeks; dose-response endpoint reported over this assay.,False,Insufficient independent comparable compounds in each endpoint/exposure block; see feasibility report. No pooling across endpoint types.,True,reported_concentration_endpoint
F004,salazar2020,Dillapiole,pure_compound,C1,Piper holtonii,Leaves,,,,IC95,=,122,ppm,,,,,,Atta cephalotes,Leucoagaricus gongylophorus,Growth followed for five weeks; dose-response endpoint reported over this assay.,Fitted concentration endpoint; ppm basis must be curated before cross-study potency modelling,Authors’ fitted estimate; no confidence interval supplied. Fig 3 not digitized. IC50/IC95 from the same curve are not independent replicates.,No confidence intervals supplied for fitted IC values. Preserve ppm as reported; do not silently convert to molarity. Extract and pure-compound curves differ.,PDF 4–5 / printed 671–672; Figs 1–3 and results prose,https://doi.org/10.1007/s10886-020-01170-w,sources/salazar2020.pdf,salazar2020,,,,,,1,C001,Dillapiol,achiral_identity_resolved,salazar2020,salazar2020|C001,agar_contact,secondary_fit_same_curve,"Acid PDA, pH4.5; cellulose dispersant; dried samples incorporated into cooled agar.",PDA alone and PDA plus cellulose; five repetitions/treatment; no positive control.,Three artificial nests; allocation of donor isolates to assays unclear; no molecular strain ID supplied.,,salazar2020|agar_contact|secondary_fit_same_curve||Growth followed for five weeks; dose-response endpoint reported over this assay.,False,Insufficient independent comparable compounds in each endpoint/exposure block; see feasibility report. No pooling across endpoint types.,True,reported_concentration_endpoint
F006,howard1988terpenoids,Caryophyllene,pure_compound,1,Hymenaea courbaril,"Leaves; previously reported origin, assay-batch provenance unresolved",0.14,mg/mL,140.0,remaining_growth,=,50,percent,50,50,2+,,,Atta cephalotes,Mutualistic attine fungus; pure-culture identity confirmed by ant acceptance.,Table 1 endpoint is day 7; growth was also followed through day 28.,Ordinal dose-conditioned response; group both doses and all plant links within the same material/study,Plant origins from PDF 3; do not expand one assay into independent rows for each plant. No growth at one dose is not a measured MIC.,Mapped percentages retain ordinal measurement resolution. Table concentrations take precedence over approximate method concentrations. Historical plant origins do not establish batch origin or garden exposure. Possible culture-lineage overlap with 1983 study is unverified.,PDF 7 / printed 65; Table 1,https://doi.org/10.1007/BF01022531,sources/howard1988terpenoids.pdf,howard1988terpenoids,,,,,,1,C002,Caryophyllene,stereochemistry_or_identity_review,hubbell_howard_possible_lineage_overlap,hubbell_howard_possible_lineage_overlap|C002,agar_contact,ordinal_growth,"Potato dextrose agar; ether stock dispersed in agar, heated at 50°C for2 h and left 2 days for solvent evaporation.",Ether-treated agar and agar-only controls; triplicate fungal cultures.,"One laboratory colony originating in Santa Rosa, Costa Rica, 1982; no molecular strain identification.",140.0,howard1988terpenoids|agar_contact|ordinal_growth|140.0|Table 1 endpoint is day 7; growth was also followed through day 28.,False,Insufficient independent comparable compounds in each endpoint/exposure block; see feasibility report. No pooling across endpoint types.,False,inhibition_at_tested_dose
F007,howard1988terpenoids,Caryophyllene,pure_compound,1,Hymenaea courbaril,"Leaves; previously reported origin, assay-batch provenance unresolved",0.014,mg/mL,14.0,remaining_growth,=,75,percent,75,25,1+,,,Atta cephalotes,Mutualistic attine fungus; pure-culture identity confirmed by ant acceptance.,Table 1 endpoint is day 7; growth was also followed through day 28.,Ordinal dose-conditioned response; group both doses and all plant links within the same material/study,Plant origins from PDF 3; do not expand one assay into independent rows for each plant. No growth at one dose is not a measured MIC.,Mapped percentages retain ordinal measurement resolution. Table concentrations take precedence over approximate method concentrations. Historical plant origins do not establish batch origin or garden exposure. Possible culture-lineage overlap with 1983 study is unverified.,PDF 7 / printed 65; Table 1,https://doi.org/10.1007/BF01022531,sources/howard1988terpenoids.pdf,howard1988terpenoids,,,,,,1,C002,Caryophyllene,stereochemistry_or_identity_review,hubbell_howard_possible_lineage_overlap,hubbell_howard_possible_lineage_overlap|C002,agar_contact,ordinal_growth,"Potato dextrose agar; ether stock dispersed in agar, heated at 50°C for2 h and left 2 days for solvent evaporation.",Ether-treated agar and agar-only controls; triplicate fungal cultures.,"One laboratory colony originating in Santa Rosa, Costa Rica, 1982; no molecular strain identification.",14.0,howard1988terpenoids|agar_contact|ordinal_growth|14.0|Table 1 endpoint is day 7; growth was also followed through day 28.,False,Insufficient independent comparable compounds in each endpoint/exposure block; see feasibility report. No pooling across endpoint types.,False,inhibition_at_tested_dose
F008,howard1988terpenoids,Caryophyllene epoxide,pure_compound,2,Hymenaea courbaril; Melampodium divaricatum; Vismea baccifera [as printed; Vismia linkage],"Leaves; previously reported origin, assay-batch provenance unresolved",0.1,mg/mL,100.0,remaining_growth,=,0,percent,0,100,4+,,,Atta cephalotes,Mutualistic attine fungus; pure-culture identity confirmed by ant acceptance.,Table 1 endpoint is day 7; growth was also followed through day 28.,Ordinal dose-conditioned response; group both doses and all plant links within the same material/study,Plant origins from PDF 3; do not expand one assay into independent rows for each plant. No growth at one dose is not a measured MIC.,Mapped percentages retain ordinal measurement resolution. Table concentrations take precedence over approximate method concentrations. Historical plant origins do not establish batch origin or garden exposure. Possible culture-lineage overlap with 1983 study is unverified.,PDF 7 / printed 65; Table 1,https://doi.org/10.1007/BF01022531,sources/howard1988terpenoids.pdf,howard1988terpenoids,,,,,,1,C003,Caryophyllene oxide,stereochemistry_or_identity_review,hubbell_howard_possible_lineage_overlap,hubbell_howard_possible_lineage_overlap|C003,agar_contact,ordinal_growth,"Potato dextrose agar; ether stock dispersed in agar, heated at 50°C for2 h and left 2 days for solvent evaporation.",Ether-treated agar and agar-only controls; triplicate fungal cultures.,"One laboratory colony originating in Santa Rosa, Costa Rica, 1982; no molecular strain identification.",100.0,howard1988terpenoids|agar_contact|ordinal_growth|100.0|Table 1 endpoint is day 7; growth was also followed through day 28.,False,Insufficient independent comparable compounds in each endpoint/exposure block; see feasibility report. No pooling across endpoint types.,False,inhibition_at_tested_dose
F009,howard1988terpenoids,Caryophyllene epoxide,pure_compound,2,Hymenaea courbaril; Melampodium divaricatum; Vismea baccifera [as printed; Vismia linkage],"Leaves; previously reported origin, assay-batch provenance unresolved",0.01,mg/mL,10.0,remaining_growth,=,75,percent,75,25,1+,,,Atta cephalotes,Mutualistic attine fungus; pure-culture identity confirmed by ant acceptance.,Table 1 endpoint is day 7; growth was also followed through day 28.,Ordinal dose-conditioned response; group both doses and all plant links within the same material/study,Plant origins from PDF 3; do not expand one assay into independent rows for each plant. No growth at one dose is not a measured MIC.,Mapped percentages retain ordinal measurement resolution. Table concentrations take precedence over approximate method concentrations. Historical plant origins do not establish batch origin or garden exposure. Possible culture-lineage overlap with 1983 study is unverified.,PDF 7 / printed 65; Table 1,https://doi.org/10.1007/BF01022531,sources/howard1988terpenoids.pdf,howard1988terpenoids,,,,,,1,C003,Caryophyllene oxide,stereochemistry_or_identity_review,hubbell_howard_possible_lineage_overlap,hubbell_howard_possible_lineage_overlap|C003,agar_contact,ordinal_growth,"Potato dextrose agar; ether stock dispersed in agar, heated at 50°C for2 h and left 2 days for solvent evaporation.",Ether-treated agar and agar-only controls; triplicate fungal cultures.,"One laboratory colony originating in Santa Rosa, Costa Rica, 1982; no molecular strain identification.",10.0,howard1988terpenoids|agar_contact|ordinal_growth|10.0|Table 1 endpoint is day 7; growth was also followed through day 28.,False,Insufficient independent comparable compounds in each endpoint/exposure block; see feasibility report. No pooling across endpoint types.,False,inhibition_at_tested_dose
F010,howard1988terpenoids,Kolavenol,pure_compound,3,Melampodium divaricatum; Vismea baccifera [as printed; Vismia linkage],"Leaves; previously reported origin, assay-batch provenance unresolved",0.11,mg/mL,110.0,remaining_growth,=,100,percent,100,0,0,,,Atta cephalotes,Mutualistic attine fungus; pure-culture identity confirmed by ant acceptance.,Table 1 endpoint is day 7; growth was also followed through day 28.,Ordinal dose-conditioned response; group both doses and all plant links within the same material/study,Plant origins from PDF 3; do not expand one assay into independent rows for each plant. No growth at one dose is not a measured MIC.,Mapped percentages retain ordinal measurement resolution. Table concentrations take precedence over approximate method concentrations. Historical plant origins do not establish batch origin or garden exposure. Possible culture-lineage overlap with 1983 study is unverified.,PDF 7 / printed 65; Table 1,https://doi.org/10.1007/BF01022531,sources/howard1988terpenoids.pdf,howard1988terpenoids,,,,,,1,C004,Kolavenol,stereochemistry_or_identity_review,hubbell_howard_possible_lineage_overlap,hubbell_howard_possible_lineage_overlap|C004,agar_contact,ordinal_growth,"Potato dextrose agar; ether stock dispersed in agar, heated at 50°C for2 h and left 2 days for solvent evaporation.",Ether-treated agar and agar-only controls; triplicate fungal cultures.,"One laboratory colony originating in Santa Rosa, Costa Rica, 1982; no molecular strain identification.",110.0,howard1988terpenoids|agar_contact|ordinal_growth|110.0|Table 1 endpoint is day 7; growth was also followed through day 28.,False,Insufficient independent comparable compounds in each endpoint/exposure block; see feasibility report. No pooling across endpoint types.,False,no_inhibition_at_tested_dose
F011,howard1988terpenoids,Kolavenol,pure_compound,3,Melampodium divaricatum; Vismea baccifera [as printed; Vismia linkage],"Leaves; previously reported origin, assay-batch provenance unresolved",0.011,mg/mL,11.0,remaining_growth,=,100,percent,100,0,0,,,Atta cephalotes,Mutualistic attine fungus; pure-culture identity confirmed by ant acceptance.,Table 1 endpoint is day 7; growth was also followed through day 28.,Ordinal dose-conditioned response; group both doses and all plant links within the same material/study,Plant origins from PDF 3; do not expand one assay into independent rows for each plant. No growth at one dose is not a measured MIC.,Mapped percentages retain ordinal measurement resolution. Table concentrations take precedence over approximate method concentrations. Historical plant origins do not establish batch origin or garden exposure. Possible culture-lineage overlap with 1983 study is unverified.,PDF 7 / printed 65; Table 1,https://doi.org/10.1007/BF01022531,sources/howard1988terpenoids.pdf,howard1988terpenoids,,,,,,1,C004,Kolavenol,stereochemistry_or_identity_review,hubbell_howard_possible_lineage_overlap,hubbell_howard_possible_lineage_overlap|C004,agar_contact,ordinal_growth,"Potato dextrose agar; ether stock dispersed in agar, heated at 50°C for2 h and left 2 days for solvent evaporation.",Ether-treated agar and agar-only controls; triplicate fungal cultures.,"One laboratory colony originating in Santa Rosa, Costa Rica, 1982; no molecular strain identification.",11.0,howard1988terpenoids|agar_contact|ordinal_growth|11.0|Table 1 endpoint is day 7; growth was also followed through day 28.,False,Insufficient independent comparable compounds in each endpoint/exposure block; see feasibility report. No pooling across endpoint types.,False,no_inhibition_at_tested_dose
F012,howard1988terpenoids,Nerolidol,pure_compound,4,Vismea baccifera [as printed; Vismia linkage],"Leaves; previously reported origin, assay-batch provenance unresolved",0.14,mg/mL,140.0,remaining_growth,=,0,percent,0,100,4+,,,Atta cephalotes,Mutualistic attine fungus; pure-culture identity confirmed by ant acceptance.,Table 1 endpoint is day 7; growth was also followed through day 28.,Ordinal dose-conditioned response; group both doses and all plant links within the same material/study,Plant origins from PDF 3; do not expand one assay into independent rows for each plant. No growth at one dose is not a measured MIC.,Mapped percentages retain ordinal measurement resolution. Table concentrations take precedence over approximate method concentrations. Historical plant origins do not establish batch origin or garden exposure. Possible culture-lineage overlap with 1983 study is unverified.,PDF 7 / printed 65; Table 1,https://doi.org/10.1007/BF01022531,sources/howard1988terpenoids.pdf,howard1988terpenoids,,,,,,1,C005,Nerolidol,stereochemistry_or_identity_review,hubbell_howard_possible_lineage_overlap,hubbell_howard_possible_lineage_overlap|C005,agar_contact,ordinal_growth,"Potato dextrose agar; ether stock dispersed in agar, heated at 50°C for2 h and left 2 days for solvent evaporation.",Ether-treated agar and agar-only controls; triplicate fungal cultures.,"One laboratory colony originating in Santa Rosa, Costa Rica, 1982; no molecular strain identification.",140.0,howard1988terpenoids|agar_contact|ordinal_growth|140.0|Table 1 endpoint is day 7; growth was also followed through day 28.,False,Insufficient independent comparable compounds in each endpoint/exposure block; see feasibility report. No pooling across endpoint types.,False,inhibition_at_tested_dose
F013,howard1988terpenoids,Nerolidol,pure_compound,4,Vismea baccifera [as printed; Vismia linkage],"Leaves; previously reported origin, assay-batch provenance unresolved",0.014,mg/mL,14.0,remaining_growth,=,50,percent,50,50,2+,,,Atta cephalotes,Mutualistic attine fungus; pure-culture identity confirmed by ant acceptance.,Table 1 endpoint is day 7; growth was also followed through day 28.,Ordinal dose-conditioned response; group both doses and all plant links within the same material/study,Plant origins from PDF 3; do not expand one assay into independent rows for each plant. No growth at one dose is not a measured MIC.,Mapped percentages retain ordinal measurement resolution. Table concentrations take precedence over approximate method concentrations. Historical plant origins do not establish batch origin or garden exposure. Possible culture-lineage overlap with 1983 study is unverified.,PDF 7 / printed 65; Table 1,https://doi.org/10.1007/BF01022531,sources/howard1988terpenoids.pdf,howard1988terpenoids,,,,,,1,C005,Nerolidol,stereochemistry_or_identity_review,hubbell_howard_possible_lineage_overlap,hubbell_howard_possible_lineage_overlap|C005,agar_contact,ordinal_growth,"Potato dextrose agar; ether stock dispersed in agar, heated at 50°C for2 h and left 2 days for solvent evaporation.",Ether-treated agar and agar-only controls; triplicate fungal cultures.,"One laboratory colony originating in Santa Rosa, Costa Rica, 1982; no molecular strain identification.",14.0,howard1988terpenoids|agar_contact|ordinal_growth|14.0|Table 1 endpoint is day 7; growth was also followed through day 28.,False,Insufficient independent comparable compounds in each endpoint/exposure block; see feasibility report. No pooling across endpoint types.,False,inhibition_at_tested_dose
F014,pagnocca1996,Sesamin,pure_compound,1,Virola sebifera,Leaves,70,µg/mL,70,remaining_growth,<,20,percent,<20,>80,,,,Atta sexdens rubropilosa,"Leucocoprinus gongylophorus (syn. Rozites gongylophora), identified morphologically.",30–35 days at 25±1°C,Coarse visual or censored dose-conditioned response; structure and stereochemistry curation required,"Source identity: Figure 1; source-to-organ mapping PDF 2. Table reports <20% growth, prose says complete inhibition; retain >80% inhibition as a bound. ","Coarse visual endpoint; no error bars. Sesamin/epigalgravin: prose says complete inhibition, table says <20% remaining growth; retain the table bound. Unequal doses do not give a potency ranking. Names/stereochemistry require structure curation before descriptor assignment.",PDF 4 / printed 1328; Table 1,https://doi.org/10.1007/BF02266969,sources/pagnocca1996.pdf,pagnocca1996,,,,,,1,C006,Sesamin,stereochemistry_or_identity_review,pagnocca1996,pagnocca1996|C006,agar_contact,coarse_visual_growth,"Glucose10, NaCl 5, peptone 5, malt extract 10, agar 15 g/L; 1 mL DCM stock plus9 mL medium, autoclaved120°C10 min.","DCM and water controls; ten test tubes/run, assays repeated twice as worded; total independent n not resolved.","One laboratory nest; historical names retained, no molecular strain ID supplied.",70,pagnocca1996|agar_contact|coarse_visual_growth|70|30–35 days at 25±1°C,False,Insufficient independent comparable compounds in each endpoint/exposure block; see feasibility report. No pooling across endpoint types.,False,inhibition_at_tested_dose
F015,pagnocca1996,Eudesmin,pure_compound,2,Virola sebifera,Leaves,160,µg/mL,160,remaining_growth,=,60,percent,60,40,,,,Atta sexdens rubropilosa,"Leucocoprinus gongylophorus (syn. Rozites gongylophora), identified morphologically.",30–35 days at 25±1°C,Coarse visual or censored dose-conditioned response; structure and stereochemistry curation required,Source identity: Figure 1; source-to-organ mapping PDF 2. ,"Coarse visual endpoint; no error bars. Sesamin/epigalgravin: prose says complete inhibition, table says <20% remaining growth; retain the table bound. Unequal doses do not give a potency ranking. Names/stereochemistry require structure curation before descriptor assignment.",PDF 4 / printed 1328; Table 1,https://doi.org/10.1007/BF02266969,sources/pagnocca1996.pdf,pagnocca1996,,,,,,1,C007,Eudesmin,stereochemistry_or_identity_review,pagnocca1996,pagnocca1996|C007,agar_contact,coarse_visual_growth,"Glucose10, NaCl 5, peptone 5, malt extract 10, agar 15 g/L; 1 mL DCM stock plus9 mL medium, autoclaved120°C10 min.","DCM and water controls; ten test tubes/run, assays repeated twice as worded; total independent n not resolved.","One laboratory nest; historical names retained, no molecular strain ID supplied.",160,pagnocca1996|agar_contact|coarse_visual_growth|160|30–35 days at 25±1°C,False,Insufficient independent comparable compounds in each endpoint/exposure block; see feasibility report. No pooling across endpoint types.,False,inhibition_at_tested_dose
F016,pagnocca1996,Episesamin,pure_compound,3,Virola sp.,Leaves,200,µg/mL,200,remaining_growth,=,100,percent,100,0,,,,Atta sexdens rubropilosa,"Leucocoprinus gongylophorus (syn. Rozites gongylophora), identified morphologically.",30–35 days at 25±1°C,Coarse visual or censored dose-conditioned response; structure and stereochemistry curation required,Source identity: Figure 1; source-to-organ mapping PDF 2. ,"Coarse visual endpoint; no error bars. Sesamin/epigalgravin: prose says complete inhibition, table says <20% remaining growth; retain the table bound. Unequal doses do not give a potency ranking. Names/stereochemistry require structure curation before descriptor assignment.",PDF 4 / printed 1328; Table 1,https://doi.org/10.1007/BF02266969,sources/pagnocca1996.pdf,pagnocca1996,,,,,,1,C008,Episesamin,ambiguous_name_lookup,pagnocca1996,pagnocca1996|C008,agar_contact,coarse_visual_growth,"Glucose10, NaCl 5, peptone 5, malt extract 10, agar 15 g/L; 1 mL DCM stock plus9 mL medium, autoclaved120°C10 min.","DCM and water controls; ten test tubes/run, assays repeated twice as worded; total independent n not resolved.","One laboratory nest; historical names retained, no molecular strain ID supplied.",200,pagnocca1996|agar_contact|coarse_visual_growth|200|30–35 days at 25±1°C,False,Insufficient independent comparable compounds in each endpoint/exposure block; see feasibility report. No pooling across endpoint types.,False,no_inhibition_at_tested_dose
F017,pagnocca1996,Philygenol,pure_compound,4,Otoba parvifolia,Fruits,200,µg/mL,200,remaining_growth,=,80,percent,80,20,,,,Atta sexdens rubropilosa,"Leucocoprinus gongylophorus (syn. Rozites gongylophora), identified morphologically.",30–35 days at 25±1°C,Coarse visual or censored dose-conditioned response; structure and stereochemistry curation required,Source identity: Figure 1; source-to-organ mapping PDF 2. ,"Coarse visual endpoint; no error bars. Sesamin/epigalgravin: prose says complete inhibition, table says <20% remaining growth; retain the table bound. Unequal doses do not give a potency ranking. Names/stereochemistry require structure curation before descriptor assignment.",PDF 4 / printed 1328; Table 1,https://doi.org/10.1007/BF02266969,sources/pagnocca1996.pdf,pagnocca1996,,,,,,1,C009,Philygenol,database_unresolved,pagnocca1996,pagnocca1996|C009,agar_contact,coarse_visual_growth,"Glucose10, NaCl 5, peptone 5, malt extract 10, agar 15 g/L; 1 mL DCM stock plus9 mL medium, autoclaved120°C10 min.","DCM and water controls; ten test tubes/run, assays repeated twice as worded; total independent n not resolved.","One laboratory nest; historical names retained, no molecular strain ID supplied.",200,pagnocca1996|agar_contact|coarse_visual_growth|200|30–35 days at 25±1°C,False,Insufficient independent comparable compounds in each endpoint/exposure block; see feasibility report. No pooling across endpoint types.,False,inhibition_at_tested_dose
F018,pagnocca1996,Lignan 5,pure_compound,5,Virola sebifera,Leaves,200,µg/mL,200,remaining_growth,=,80,percent,80,20,,,,Atta sexdens rubropilosa,"Leucocoprinus gongylophorus (syn. Rozites gongylophora), identified morphologically.",30–35 days at 25±1°C,Coarse visual or censored dose-conditioned response; structure and stereochemistry curation required,Source identity: Figure 1; source-to-organ mapping PDF 2. Source-local compound code; no guessed common name or SMILES assigned. ,"Coarse visual endpoint; no error bars. Sesamin/epigalgravin: prose says complete inhibition, table says <20% remaining growth; retain the table bound. Unequal doses do not give a potency ranking. Names/stereochemistry require structure curation before descriptor assignment.",PDF 4 / printed 1328; Table 1,https://doi.org/10.1007/BF02266969,sources/pagnocca1996.pdf,pagnocca1996,,,,,,1,C010,Lignan 5,source_code_unresolved,pagnocca1996,pagnocca1996|C010,agar_contact,coarse_visual_growth,"Glucose10, NaCl 5, peptone 5, malt extract 10, agar 15 g/L; 1 mL DCM stock plus9 mL medium, autoclaved120°C10 min.","DCM and water controls; ten test tubes/run, assays repeated twice as worded; total independent n not resolved.","One laboratory nest; historical names retained, no molecular strain ID supplied.",200,pagnocca1996|agar_contact|coarse_visual_growth|200|30–35 days at 25±1°C,False,Insufficient independent comparable compounds in each endpoint/exposure block; see feasibility report. No pooling across endpoint types.,False,inhibition_at_tested_dose
F019,pagnocca1996,Lignan 6,pure_compound,6,Virola sebifera,Leaves,210,µg/mL,210,remaining_growth,=,40,percent,40,60,,,,Atta sexdens rubropilosa,"Leucocoprinus gongylophorus (syn. Rozites gongylophora), identified morphologically.",30–35 days at 25±1°C,Coarse visual or censored dose-conditioned response; structure and stereochemistry curation required,Source identity: Figure 1; source-to-organ mapping PDF 2. Source-local compound code; no guessed common name or SMILES assigned. ,"Coarse visual endpoint; no error bars. Sesamin/epigalgravin: prose says complete inhibition, table says <20% remaining growth; retain the table bound. Unequal doses do not give a potency ranking. Names/stereochemistry require structure curation before descriptor assignment.",PDF 4 / printed 1328; Table 1,https://doi.org/10.1007/BF02266969,sources/pagnocca1996.pdf,pagnocca1996,,,,,,1,C011,Lignan 6,source_code_unresolved,pagnocca1996,pagnocca1996|C011,agar_contact,coarse_visual_growth,"Glucose10, NaCl 5, peptone 5, malt extract 10, agar 15 g/L; 1 mL DCM stock plus9 mL medium, autoclaved120°C10 min.","DCM and water controls; ten test tubes/run, assays repeated twice as worded; total independent n not resolved.","One laboratory nest; historical names retained, no molecular strain ID supplied.",210,pagnocca1996|agar_contact|coarse_visual_growth|210|30–35 days at 25±1°C,False,Insufficient independent comparable compounds in each endpoint/exposure block; see feasibility report. No pooling across endpoint types.,False,inhibition_at_tested_dose
F020,pagnocca1996,Epigalgravin,pure_compound,7,Virola sp.,Leaves,200,µg/mL,200,remaining_growth,<,20,percent,<20,>80,,,,Atta sexdens rubropilosa,"Leucocoprinus gongylophorus (syn. Rozites gongylophora), identified morphologically.",30–35 days at 25±1°C,Coarse visual or censored dose-conditioned response; structure and stereochemistry curation required,"Source identity: Figure 1; source-to-organ mapping PDF 2. Table reports <20% growth, prose says complete inhibition; retain >80% inhibition as a bound. Table spelling variant preserved in PDF; narrative name used here. ","Coarse visual endpoint; no error bars. Sesamin/epigalgravin: prose says complete inhibition, table says <20% remaining growth; retain the table bound. Unequal doses do not give a potency ranking. Names/stereochemistry require structure curation before descriptor assignment.",PDF 4 / printed 1328; Table 1,https://doi.org/10.1007/BF02266969,sources/pagnocca1996.pdf,pagnocca1996,,,,,,1,C012,Epigalgravin,database_unresolved,pagnocca1996,pagnocca1996|C012,agar_contact,coarse_visual_growth,"Glucose10, NaCl 5, peptone 5, malt extract 10, agar 15 g/L; 1 mL DCM stock plus9 mL medium, autoclaved120°C10 min.","DCM and water controls; ten test tubes/run, assays repeated twice as worded; total independent n not resolved.","One laboratory nest; historical names retained, no molecular strain ID supplied.",200,pagnocca1996|agar_contact|coarse_visual_growth|200|30–35 days at 25±1°C,False,Insufficient independent comparable compounds in each endpoint/exposure block; see feasibility report. No pooling across endpoint types.,False,inhibition_at_tested_dose
F021,pagnocca1996,Lignan 8,pure_compound,8,Virola sp.,Leaves,200,µg/mL,200,remaining_growth,=,100,percent,100,0,,,,Atta sexdens rubropilosa,"Leucocoprinus gongylophorus (syn. Rozites gongylophora), identified morphologically.",30–35 days at 25±1°C,Coarse visual or censored dose-conditioned response; structure and stereochemistry curation required,Source identity: Figure 1; source-to-organ mapping PDF 2. Source-local compound code; no guessed common name or SMILES assigned. ,"Coarse visual endpoint; no error bars. Sesamin/epigalgravin: prose says complete inhibition, table says <20% remaining growth; retain the table bound. Unequal doses do not give a potency ranking. Names/stereochemistry require structure curation before descriptor assignment.",PDF 4 / printed 1328; Table 1,https://doi.org/10.1007/BF02266969,sources/pagnocca1996.pdf,pagnocca1996,,,,,,1,C013,Lignan 8,source_code_unresolved,pagnocca1996,pagnocca1996|C013,agar_contact,coarse_visual_growth,"Glucose10, NaCl 5, peptone 5, malt extract 10, agar 15 g/L; 1 mL DCM stock plus9 mL medium, autoclaved120°C10 min.","DCM and water controls; ten test tubes/run, assays repeated twice as worded; total independent n not resolved.","One laboratory nest; historical names retained, no molecular strain ID supplied.",200,pagnocca1996|agar_contact|coarse_visual_growth|200|30–35 days at 25±1°C,False,Insufficient independent comparable compounds in each endpoint/exposure block; see feasibility report. No pooling across endpoint types.,False,no_inhibition_at_tested_dose
F022,hubbell1983,Caryophyllene epoxide,pure_compound,,Hymenaea courbaril,Mature leaves,100,µg/mL,100,culture_damage_incidence,=,0.8,proportion,,,,8,10,Atta cephalotes,Attine fungus; culture identity confirmed by ant acceptance.,Visible culture damage within 48 h,Binomial culture-damage outcome; separate from growth/MIC/IC50 models,"Damage counted as shrivelling, collapse and browning. At100 µg/mL the paper says all but2 of 10; 8 derived by subtraction. No conversion to growth-inhibition percent.",Unsuccessful recovery transfer reported without enough detail to establish a formal fungicidal endpoint; authors leave fungistatic versus fungicidal unresolved. Other-fungus claim is unnamed-species personal communication and is not transcribed as assay data. Culture-lineage overlap with 1988 is unverified.,PDF 5 / printed 325; Fungal bioassays,https://doi.org/10.1007/BF00376846,sources/hubbell1983.pdf,hubbell1983,,,,,,1,C003,Caryophyllene oxide,stereochemistry_or_identity_review,hubbell_howard_possible_lineage_overlap,hubbell_howard_possible_lineage_overlap|C003,agar_contact,culture_damage_incidence,Slants on2% potato dextrose agar or2% cornmeal agar; exact medium assignment not specified. Crystalline epoxide mixed into hot agar after autoclaving.,Ten untreated slants stayed healthy and growing. Initial ether carrier was abandoned because residual ether itself harmed fungus.,One laboratory colony; species/strain not molecularly identified.,100,hubbell1983|agar_contact|culture_damage_incidence|100|Visible culture damage within 48 h,False,Insufficient independent comparable compounds in each endpoint/exposure block; see feasibility report. No pooling across endpoint types.,False,culture_damage
F023,hubbell1983,Caryophyllene epoxide,pure_compound,,Hymenaea courbaril,Mature leaves,3,mg/mL,3000,culture_damage_incidence,=,1.0,proportion,,,,10,10,Atta cephalotes,Attine fungus; culture identity confirmed by ant acceptance.,Visible culture damage within 48 h,Binomial culture-damage outcome; separate from growth/MIC/IC50 models,"Damage counted as shrivelling, collapse and browning. At100 µg/mL the paper says all but2 of 10; 8 derived by subtraction. No conversion to growth-inhibition percent.",Unsuccessful recovery transfer reported without enough detail to establish a formal fungicidal endpoint; authors leave fungistatic versus fungicidal unresolved. Other-fungus claim is unnamed-species personal communication and is not transcribed as assay data. Culture-lineage overlap with 1988 is unverified.,PDF 5 / printed 325; Fungal bioassays,https://doi.org/10.1007/BF00376846,sources/hubbell1983.pdf,hubbell1983,,,,,,1,C003,Caryophyllene oxide,stereochemistry_or_identity_review,hubbell_howard_possible_lineage_overlap,hubbell_howard_possible_lineage_overlap|C003,agar_contact,culture_damage_incidence,Slants on2% potato dextrose agar or2% cornmeal agar; exact medium assignment not specified. Crystalline epoxide mixed into hot agar after autoclaving.,Ten untreated slants stayed healthy and growing. Initial ether carrier was abandoned because residual ether itself harmed fungus.,One laboratory colony; species/strain not molecularly identified.,3000,hubbell1983|agar_contact|culture_damage_incidence|3000|Visible culture damage within 48 h,False,Insufficient independent comparable compounds in each endpoint/exposure block; see feasibility report. No pooling across endpoint types.,False,culture_damage
F024,hubbell1983,Caryophyllene epoxide,pure_compound,,Hymenaea courbaril,Mature leaves,30,mg/mL,30000,culture_damage_incidence,=,1.0,proportion,,,,5,5,Atta cephalotes,Attine fungus; culture identity confirmed by ant acceptance.,Visible culture damage within 48 h,Binomial culture-damage outcome; separate from growth/MIC/IC50 models,"Damage counted as shrivelling, collapse and browning. At100 µg/mL the paper says all but2 of 10; 8 derived by subtraction. No conversion to growth-inhibition percent.",Unsuccessful recovery transfer reported without enough detail to establish a formal fungicidal endpoint; authors leave fungistatic versus fungicidal unresolved. Other-fungus claim is unnamed-species personal communication and is not transcribed as assay data. Culture-lineage overlap with 1988 is unverified.,PDF 5 / printed 325; Fungal bioassays,https://doi.org/10.1007/BF00376846,sources/hubbell1983.pdf,hubbell1983,,,,,,1,C003,Caryophyllene oxide,stereochemistry_or_identity_review,hubbell_howard_possible_lineage_overlap,hubbell_howard_possible_lineage_overlap|C003,agar_contact,culture_damage_incidence,Slants on2% potato dextrose agar or2% cornmeal agar; exact medium assignment not specified. Crystalline epoxide mixed into hot agar after autoclaving.,Ten untreated slants stayed healthy and growing. Initial ether carrier was abandoned because residual ether itself harmed fungus.,One laboratory colony; species/strain not molecularly identified.,30000,hubbell1983|agar_contact|culture_damage_incidence|30000|Visible culture damage within 48 h,False,Insufficient independent comparable compounds in each endpoint/exposure block; see feasibility report. No pooling across endpoint types.,False,culture_damage
F040,bigi2004,Ricinine,pure_compound,,Ricinus communis,Leaves; isolated from methanol fraction of DCM extract,1,mg/mL,1000,qualitative_fungal_effect,=,Interpreted as no effect; source wording defective,text,,,,,,Atta sexdens rubropilosa,Leucoagaricus gongylophorus (syn. Rozites gongylophorus).,30 days at 25±1°C,Hold out from numeric and binary training until defective outcome wording is resolved,PDF 3 says: “Pure ricinine have any effect on L gongylophorus at the concentration tested (1 mg ml−1).” Null interpretation follows abstract/context contrasting fatty-acid fungal activity and ricinine ant activity. No quantitative growth value is printed.,Active fractions are mixtures. MFHE-9 also contains glycosylsteroids. Palmitic-acid abundance is not a pure-compound activity result. Ricinine sentence is malformed and no quantitative growth value is tabulated; retain a provisional qualitative interpretation.,PDF 3–4 / printed 935–936; Tables 1–3 and results prose,https://doi.org/10.1002/ps.892,sources/bigi2004.pdf,bigi2004,,,,,,1,C014,Ricinine,achiral_identity_resolved,bigi2004,bigi2004|C014,agar_contact,outcome_ambiguous_hold,"Peptone5, NaCl 5, malt extract 10, glucose 10, agar 15 g/L; 1 mL DCM sample plus9 mL medium; autoclaved121°C15 min. TLC comparison reported stability after autoclaving.",Two runs with five tubes/concentration each; DCM and water controls each showed100% growth.,Fungus isolated from one nest; no molecular strain ID supplied.,1000,bigi2004|agar_contact|outcome_ambiguous_hold|1000|30 days at 25±1°C,False,Insufficient independent comparable compounds in each endpoint/exposure block; see feasibility report. No pooling across endpoint types.,True,ambiguous
F073,lobo2020papaya,Squalene,pure_compound,1,Carica papaya (quercetin reagent not isolated from this sample),Leaves; commercial quercetin comparator where indicated,0.5,mg/mL,500.0,growth_inhibition,=,25.67,percent,,25.67,,,,Acromyrmex octospinosus,Leucoagaricus gongylophorus,Five weeks,Assay-specific endpoint only,Pure-compound numbers reported in section3.3; mixture is not established synergy. Commercial quercetin null does not label the isolated glycosides inactive.,Mixture of squalene/carpaine 1:1 is labelled0.5 mg/mL without explicit total-versus-each-component clarification. Larger combination effect alone is not a formal synergy test. Glycosides/other isolated compounds were not tested; commercial quercetin was tested.,"PDF 5,8 / printed 205,208; sections3.1,3.3 and Fig 3",https://doi.org/10.1080/09670874.2019.1610812,sources/lobo2020papaya.pdf,lobo2020papaya,Agar contact,Compound mass per medium volume; mixture total-versus-component basis unresolved,,,lobo2020papaya,2,C015,Squalene,stereochemistry_or_identity_review,lobo2020papaya,lobo2020papaya|C015,Agar contact,radial_growth_inhibition,"Acid PDA pH4.5, cellulose dispersion; five-week growth assay. Two ethanol leaf extracts from separate collections/preparations.",Five replicates/treatment; PDA-only and PDA+cellulose controls; no positive control in vitro.,Three artificial nests; isolate allocation and independence not specified.,500.0,lobo2020papaya|Agar contact|radial_growth_inhibition|500.0|Five weeks,False,Insufficient independent comparable compounds in each endpoint/exposure block; see feasibility report. No pooling across endpoint types.,False,inhibition_at_tested_dose
F074,lobo2020papaya,Carpaine,pure_compound,6,Carica papaya (quercetin reagent not isolated from this sample),Leaves; commercial quercetin comparator where indicated,0.5,mg/mL,500.0,growth_inhibition,=,27.67,percent,,27.67,,,,Acromyrmex octospinosus,Leucoagaricus gongylophorus,Five weeks,Assay-specific endpoint only,Pure-compound numbers reported in section3.3; mixture is not established synergy. Commercial quercetin null does not label the isolated glycosides inactive.,Mixture of squalene/carpaine 1:1 is labelled0.5 mg/mL without explicit total-versus-each-component clarification. Larger combination effect alone is not a formal synergy test. Glycosides/other isolated compounds were not tested; commercial quercetin was tested.,"PDF 5,8 / printed 205,208; sections3.1,3.3 and Fig 3",https://doi.org/10.1080/09670874.2019.1610812,sources/lobo2020papaya.pdf,lobo2020papaya,Agar contact,Compound mass per medium volume; mixture total-versus-component basis unresolved,,,lobo2020papaya,2,C016,Carpaine,stereochemistry_or_identity_review,lobo2020papaya,lobo2020papaya|C016,Agar contact,radial_growth_inhibition,"Acid PDA pH4.5, cellulose dispersion; five-week growth assay. Two ethanol leaf extracts from separate collections/preparations.",Five replicates/treatment; PDA-only and PDA+cellulose controls; no positive control in vitro.,Three artificial nests; isolate allocation and independence not specified.,500.0,lobo2020papaya|Agar contact|radial_growth_inhibition|500.0|Five weeks,False,Insufficient independent comparable compounds in each endpoint/exposure block; see feasibility report. No pooling across endpoint types.,False,inhibition_at_tested_dose
F076,lobo2020papaya,Quercetin (commercial aglycone),pure_compound,commercial,Carica papaya (quercetin reagent not isolated from this sample),Leaves; commercial quercetin comparator where indicated,0.5,mg/mL,500.0,qualitative_fungal_effect,=,No effect reported,text,,,,,,Acromyrmex octospinosus,Leucoagaricus gongylophorus,Five weeks,Assay-specific endpoint only,Pure-compound numbers reported in section3.3; mixture is not established synergy. Commercial quercetin null does not label the isolated glycosides inactive.,Mixture of squalene/carpaine 1:1 is labelled0.5 mg/mL without explicit total-versus-each-component clarification. Larger combination effect alone is not a formal synergy test. Glycosides/other isolated compounds were not tested; commercial quercetin was tested.,"PDF 5,8 / printed 205,208; sections3.1,3.3 and Fig 3",https://doi.org/10.1080/09670874.2019.1610812,sources/lobo2020papaya.pdf,lobo2020papaya,Agar contact,Compound mass per medium volume; mixture total-versus-component basis unresolved,,,lobo2020papaya,2,C017,Quercetin,achiral_identity_resolved,lobo2020papaya,lobo2020papaya|C017,Agar contact,qualitative_null,"Acid PDA pH4.5, cellulose dispersion; five-week growth assay. Two ethanol leaf extracts from separate collections/preparations.",Five replicates/treatment; PDA-only and PDA+cellulose controls; no positive control in vitro.,Three artificial nests; isolate allocation and independence not specified.,500.0,lobo2020papaya|Agar contact|qualitative_null|500.0|Five weeks,False,Insufficient independent comparable compounds in each endpoint/exposure block; see feasibility report. No pooling across endpoint types.,True,no_effect_reported
F078,souza2005,Germanicol,pure_compound,2,Pilocarpus grandiflorus,Stems,100,µg/mL,100,growth_inhibition,=,0,percent,,0,,,,Atta sexdens rubropilosa,Leucoagaricus gongylophorus,"Not restated; cited1990 protocol reads30–35 days, not independently confirmed for this run.",Assay-specific endpoint only,Table 3; no MIC or IC50 inferred. Dictamine spelling retained with synonym cue; molecular identity still requires curation.,Do not infer an assay for each of 18 isolated compounds: Table 3 lists only 11 plus extract. New imidazole compound 1 has no tabulated assay. Related Godoy thesis may overlap; do not count it as independent replication.,PDF 3 / printed 789; Table 3,https://doi.org/10.1515/znb-2005-0715,sources/souza2005.pdf,souza2005,,Reported assay concentration,,,souza2005_godoy2003_potential_overlap,2,C018,Germanicol,stereochemistry_or_identity_review,souza2005,souza2005|C018,agar_contact,coarse_visual_growth,Paper refers assay to Pagnocca1990 (reference37); does not repeat medium/solvent details.,"Replication and controls referred to previous protocol, not restated in this paper.",Fungus from a nest; other donor details not repeated.,100,"souza2005|agar_contact|coarse_visual_growth|100|Not restated; cited1990 protocol reads30–35 days, not independently confirmed for this run.",False,Insufficient independent comparable compounds in each endpoint/exposure block; see feasibility report. No pooling across endpoint types.,False,no_inhibition_at_tested_dose
F079,souza2005,β-Amyrin,pure_compound,3,Pilocarpus grandiflorus,Stems,100,µg/mL,100,growth_inhibition,=,0,percent,,0,,,,Atta sexdens rubropilosa,Leucoagaricus gongylophorus,"Not restated; cited1990 protocol reads30–35 days, not independently confirmed for this run.",Assay-specific endpoint only,Table 3; no MIC or IC50 inferred. Dictamine spelling retained with synonym cue; molecular identity still requires curation.,Do not infer an assay for each of 18 isolated compounds: Table 3 lists only 11 plus extract. New imidazole compound 1 has no tabulated assay. Related Godoy thesis may overlap; do not count it as independent replication.,PDF 3 / printed 789; Table 3,https://doi.org/10.1515/znb-2005-0715,sources/souza2005.pdf,souza2005,,Reported assay concentration,,,souza2005_godoy2003_potential_overlap,2,C019,β-Amyrin,stereochemistry_or_identity_review,souza2005,souza2005|C019,agar_contact,coarse_visual_growth,Paper refers assay to Pagnocca1990 (reference37); does not repeat medium/solvent details.,"Replication and controls referred to previous protocol, not restated in this paper.",Fungus from a nest; other donor details not repeated.,100,"souza2005|agar_contact|coarse_visual_growth|100|Not restated; cited1990 protocol reads30–35 days, not independently confirmed for this run.",False,Insufficient independent comparable compounds in each endpoint/exposure block; see feasibility report. No pooling across endpoint types.,False,no_inhibition_at_tested_dose
F080,souza2005,β-Sitosterol,pure_compound,5,Pilocarpus grandiflorus,Stems,100,µg/mL,100,growth_inhibition,=,0,percent,,0,,,,Atta sexdens rubropilosa,Leucoagaricus gongylophorus,"Not restated; cited1990 protocol reads30–35 days, not independently confirmed for this run.",Assay-specific endpoint only,Table 3; no MIC or IC50 inferred. Dictamine spelling retained with synonym cue; molecular identity still requires curation.,Do not infer an assay for each of 18 isolated compounds: Table 3 lists only 11 plus extract. New imidazole compound 1 has no tabulated assay. Related Godoy thesis may overlap; do not count it as independent replication.,PDF 3 / printed 789; Table 3,https://doi.org/10.1515/znb-2005-0715,sources/souza2005.pdf,souza2005,,Reported assay concentration,,,souza2005_godoy2003_potential_overlap,2,C020,β-Sitosterol,stereochemistry_or_identity_review,souza2005,souza2005|C020,agar_contact,coarse_visual_growth,Paper refers assay to Pagnocca1990 (reference37); does not repeat medium/solvent details.,"Replication and controls referred to previous protocol, not restated in this paper.",Fungus from a nest; other donor details not repeated.,100,"souza2005|agar_contact|coarse_visual_growth|100|Not restated; cited1990 protocol reads30–35 days, not independently confirmed for this run.",False,Insufficient independent comparable compounds in each endpoint/exposure block; see feasibility report. No pooling across endpoint types.,False,no_inhibition_at_tested_dose
F081,souza2005,Stigmast-4-en-3-one,pure_compound,6,Pilocarpus grandiflorus,Stems,100,µg/mL,100,growth_inhibition,=,0,percent,,0,,,,Atta sexdens rubropilosa,Leucoagaricus gongylophorus,"Not restated; cited1990 protocol reads30–35 days, not independently confirmed for this run.",Assay-specific endpoint only,Table 3; no MIC or IC50 inferred. Dictamine spelling retained with synonym cue; molecular identity still requires curation.,Do not infer an assay for each of 18 isolated compounds: Table 3 lists only 11 plus extract. New imidazole compound 1 has no tabulated assay. Related Godoy thesis may overlap; do not count it as independent replication.,PDF 3 / printed 789; Table 3,https://doi.org/10.1515/znb-2005-0715,sources/souza2005.pdf,souza2005,,Reported assay concentration,,,souza2005_godoy2003_potential_overlap,2,C021,Stigmast-4-en-3-one,stereochemistry_or_identity_review,souza2005,souza2005|C021,agar_contact,coarse_visual_growth,Paper refers assay to Pagnocca1990 (reference37); does not repeat medium/solvent details.,"Replication and controls referred to previous protocol, not restated in this paper.",Fungus from a nest; other donor details not repeated.,100,"souza2005|agar_contact|coarse_visual_growth|100|Not restated; cited1990 protocol reads30–35 days, not independently confirmed for this run.",False,Insufficient independent comparable compounds in each endpoint/exposure block; see feasibility report. No pooling across endpoint types.,False,no_inhibition_at_tested_dose
F082,souza2005,3β-Hydroxystigmast-5-en-7-one,pure_compound,7,Pilocarpus grandiflorus,Stems,60,µg/mL,60,growth_inhibition,=,20,percent,,20,,,,Atta sexdens rubropilosa,Leucoagaricus gongylophorus,"Not restated; cited1990 protocol reads30–35 days, not independently confirmed for this run.",Assay-specific endpoint only,Table 3; no MIC or IC50 inferred. Dictamine spelling retained with synonym cue; molecular identity still requires curation.,Do not infer an assay for each of 18 isolated compounds: Table 3 lists only 11 plus extract. New imidazole compound 1 has no tabulated assay. Related Godoy thesis may overlap; do not count it as independent replication.,PDF 3 / printed 789; Table 3,https://doi.org/10.1515/znb-2005-0715,sources/souza2005.pdf,souza2005,,Reported assay concentration,,,souza2005_godoy2003_potential_overlap,2,C022,3β-Hydroxystigmast-5-en-7-one,stereochemistry_or_identity_review,souza2005,souza2005|C022,agar_contact,coarse_visual_growth,Paper refers assay to Pagnocca1990 (reference37); does not repeat medium/solvent details.,"Replication and controls referred to previous protocol, not restated in this paper.",Fungus from a nest; other donor details not repeated.,60,"souza2005|agar_contact|coarse_visual_growth|60|Not restated; cited1990 protocol reads30–35 days, not independently confirmed for this run.",False,Insufficient independent comparable compounds in each endpoint/exposure block; see feasibility report. No pooling across endpoint types.,False,inhibition_at_tested_dose
F083,souza2005,Syringaresinol,pure_compound,9,Pilocarpus grandiflorus,Stems,50,µg/mL,50,growth_inhibition,=,0,percent,,0,,,,Atta sexdens rubropilosa,Leucoagaricus gongylophorus,"Not restated; cited1990 protocol reads30–35 days, not independently confirmed for this run.",Assay-specific endpoint only,Table 3; no MIC or IC50 inferred. Dictamine spelling retained with synonym cue; molecular identity still requires curation.,Do not infer an assay for each of 18 isolated compounds: Table 3 lists only 11 plus extract. New imidazole compound 1 has no tabulated assay. Related Godoy thesis may overlap; do not count it as independent replication.,PDF 3 / printed 789; Table 3,https://doi.org/10.1515/znb-2005-0715,sources/souza2005.pdf,souza2005,,Reported assay concentration,,,souza2005_godoy2003_potential_overlap,2,C023,Syringaresinol,stereochemistry_or_identity_review,souza2005,souza2005|C023,agar_contact,coarse_visual_growth,Paper refers assay to Pagnocca1990 (reference37); does not repeat medium/solvent details.,"Replication and controls referred to previous protocol, not restated in this paper.",Fungus from a nest; other donor details not repeated.,50,"souza2005|agar_contact|coarse_visual_growth|50|Not restated; cited1990 protocol reads30–35 days, not independently confirmed for this run.",False,Insufficient independent comparable compounds in each endpoint/exposure block; see feasibility report. No pooling across endpoint types.,False,no_inhibition_at_tested_dose
F084,souza2005,Syringaldehyde,pure_compound,10,Pilocarpus grandiflorus,Stems,50,µg/mL,50,growth_inhibition,=,80,percent,,80,,,,Atta sexdens rubropilosa,Leucoagaricus gongylophorus,"Not restated; cited1990 protocol reads30–35 days, not independently confirmed for this run.",Assay-specific endpoint only,Table 3; no MIC or IC50 inferred. Dictamine spelling retained with synonym cue; molecular identity still requires curation.,Do not infer an assay for each of 18 isolated compounds: Table 3 lists only 11 plus extract. New imidazole compound 1 has no tabulated assay. Related Godoy thesis may overlap; do not count it as independent replication.,PDF 3 / printed 789; Table 3,https://doi.org/10.1515/znb-2005-0715,sources/souza2005.pdf,souza2005,,Reported assay concentration,,,souza2005_godoy2003_potential_overlap,2,C024,Syringaldehyde,achiral_identity_resolved,souza2005,souza2005|C024,agar_contact,coarse_visual_growth,Paper refers assay to Pagnocca1990 (reference37); does not repeat medium/solvent details.,"Replication and controls referred to previous protocol, not restated in this paper.",Fungus from a nest; other donor details not repeated.,50,"souza2005|agar_contact|coarse_visual_growth|50|Not restated; cited1990 protocol reads30–35 days, not independently confirmed for this run.",False,Insufficient independent comparable compounds in each endpoint/exposure block; see feasibility report. No pooling across endpoint types.,True,inhibition_at_tested_dose
F085,souza2005,Vanillic acid,pure_compound,12,Pilocarpus grandiflorus,Stems,50,µg/mL,50,growth_inhibition,=,80,percent,,80,,,,Atta sexdens rubropilosa,Leucoagaricus gongylophorus,"Not restated; cited1990 protocol reads30–35 days, not independently confirmed for this run.",Assay-specific endpoint only,Table 3; no MIC or IC50 inferred. Dictamine spelling retained with synonym cue; molecular identity still requires curation.,Do not infer an assay for each of 18 isolated compounds: Table 3 lists only 11 plus extract. New imidazole compound 1 has no tabulated assay. Related Godoy thesis may overlap; do not count it as independent replication.,PDF 3 / printed 789; Table 3,https://doi.org/10.1515/znb-2005-0715,sources/souza2005.pdf,souza2005,,Reported assay concentration,,,souza2005_godoy2003_potential_overlap,2,C025,Vanillic acid,achiral_identity_resolved,souza2005,souza2005|C025,agar_contact,coarse_visual_growth,Paper refers assay to Pagnocca1990 (reference37); does not repeat medium/solvent details.,"Replication and controls referred to previous protocol, not restated in this paper.",Fungus from a nest; other donor details not repeated.,50,"souza2005|agar_contact|coarse_visual_growth|50|Not restated; cited1990 protocol reads30–35 days, not independently confirmed for this run.",False,Insufficient independent comparable compounds in each endpoint/exposure block; see feasibility report. No pooling across endpoint types.,True,inhibition_at_tested_dose
F086,souza2005,Dictamine [dictamnine],pure_compound,16,Pilocarpus grandiflorus,Stems,40,µg/mL,40,growth_inhibition,=,40,percent,,40,,,,Atta sexdens rubropilosa,Leucoagaricus gongylophorus,"Not restated; cited1990 protocol reads30–35 days, not independently confirmed for this run.",Assay-specific endpoint only,Table 3; no MIC or IC50 inferred. Dictamine spelling retained with synonym cue; molecular identity still requires curation.,Do not infer an assay for each of 18 isolated compounds: Table 3 lists only 11 plus extract. New imidazole compound 1 has no tabulated assay. Related Godoy thesis may overlap; do not count it as independent replication.,PDF 3 / printed 789; Table 3,https://doi.org/10.1515/znb-2005-0715,sources/souza2005.pdf,souza2005,,Reported assay concentration,,,souza2005_godoy2003_potential_overlap,2,C026,Dictamnine,achiral_identity_resolved,souza2005,souza2005|C026,agar_contact,coarse_visual_growth,Paper refers assay to Pagnocca1990 (reference37); does not repeat medium/solvent details.,"Replication and controls referred to previous protocol, not restated in this paper.",Fungus from a nest; other donor details not repeated.,40,"souza2005|agar_contact|coarse_visual_growth|40|Not restated; cited1990 protocol reads30–35 days, not independently confirmed for this run.",False,Insufficient independent comparable compounds in each endpoint/exposure block; see feasibility report. No pooling across endpoint types.,True,inhibition_at_tested_dose
F087,souza2005,1-Methyl-4-methoxy-2-quinolone,pure_compound,17,Pilocarpus grandiflorus,Stems,60,µg/mL,60,growth_inhibition,=,0,percent,,0,,,,Atta sexdens rubropilosa,Leucoagaricus gongylophorus,"Not restated; cited1990 protocol reads30–35 days, not independently confirmed for this run.",Assay-specific endpoint only,Table 3; no MIC or IC50 inferred. Dictamine spelling retained with synonym cue; molecular identity still requires curation.,Do not infer an assay for each of 18 isolated compounds: Table 3 lists only 11 plus extract. New imidazole compound 1 has no tabulated assay. Related Godoy thesis may overlap; do not count it as independent replication.,PDF 3 / printed 789; Table 3,https://doi.org/10.1515/znb-2005-0715,sources/souza2005.pdf,souza2005,,Reported assay concentration,,,souza2005_godoy2003_potential_overlap,2,C027,1-Methyl-4-methoxy-2-quinolone,achiral_identity_resolved,souza2005,souza2005|C027,agar_contact,coarse_visual_growth,Paper refers assay to Pagnocca1990 (reference37); does not repeat medium/solvent details.,"Replication and controls referred to previous protocol, not restated in this paper.",Fungus from a nest; other donor details not repeated.,60,"souza2005|agar_contact|coarse_visual_growth|60|Not restated; cited1990 protocol reads30–35 days, not independently confirmed for this run.",False,Insufficient independent comparable compounds in each endpoint/exposure block; see feasibility report. No pooling across endpoint types.,True,no_inhibition_at_tested_dose
F088,souza2005,Platydesmine,pure_compound,18,Pilocarpus grandiflorus,Stems,50,µg/mL,50,growth_inhibition,=,80,percent,,80,,,,Atta sexdens rubropilosa,Leucoagaricus gongylophorus,"Not restated; cited1990 protocol reads30–35 days, not independently confirmed for this run.",Assay-specific endpoint only,Table 3; no MIC or IC50 inferred. Dictamine spelling retained with synonym cue; molecular identity still requires curation.,Do not infer an assay for each of 18 isolated compounds: Table 3 lists only 11 plus extract. New imidazole compound 1 has no tabulated assay. Related Godoy thesis may overlap; do not count it as independent replication.,PDF 3 / printed 789; Table 3,https://doi.org/10.1515/znb-2005-0715,sources/souza2005.pdf,souza2005,,Reported assay concentration,,,souza2005_godoy2003_potential_overlap,2,C028,Platydesmine,stereochemistry_or_identity_review,souza2005,souza2005|C028,agar_contact,coarse_visual_growth,Paper refers assay to Pagnocca1990 (reference37); does not repeat medium/solvent details.,"Replication and controls referred to previous protocol, not restated in this paper.",Fungus from a nest; other donor details not repeated.,50,"souza2005|agar_contact|coarse_visual_growth|50|Not restated; cited1990 protocol reads30–35 days, not independently confirmed for this run.",False,Insufficient independent comparable compounds in each endpoint/exposure block; see feasibility report. No pooling across endpoint types.,False,inhibition_at_tested_dose
F090,melo2020,Isopulegol (purchased),pure_compound,,Myrcia lundiana,Leaves for oils; purchased compound comparators,,,,IC50,=,150.1,µL/L air,,,,,,Acromyrmex balzani,Leucoagaricus gongylophorus,Seven days; citral recovery: further seven days on untreated PDA.,Route-specific concentration endpoint; no mass/molar conversion without density/composition,Fig 2 printed fit and interval values; curves not digitized.,"Contact screening dose conflict: methods1400 µL/L versus results/Fig 2 bound>1000 µL/L. Preserve reported bound. Oils are mixtures; pure compounds mostly purchased, sulcatyl acetate synthesized. Ant-mixture synergy is not fungal synergy.","PDF 5,8–9 / printed 17307,17310–17311; Figs 2–3",https://doi.org/10.1007/s11356-020-08170-z,sources/melo2020.pdf,melo2020,Fumigation,µL/L air,136.1,165.8,melo2020,2,C029,Isopulegol,stereochemistry_or_identity_review,melo2020,melo2020|C029,fumigation,fitted_IC50,PDA; sealed dishes. Fumigation from filter paper in lid; contact treatment incorporated using1% DMSO.,Four replicates/treatment; PDA control for fumigation; PDA+1% DMSO control for contact.,Laboratory colonies; exact donor count not stated. Morphology/gongylidia and ant acceptance used for identification.,,melo2020|fumigation|fitted_IC50||Seven days; citral recovery: further seven days on untreated PDA.,False,Insufficient independent comparable compounds in each endpoint/exposure block; see feasibility report. No pooling across endpoint types.,False,reported_concentration_endpoint
F092,melo2020,Citral (purchased),pure_compound,,Myrcia lundiana,Leaves for oils; purchased compound comparators,,,,IC50,=,31.7,µL/L air,,,,,,Acromyrmex balzani,Leucoagaricus gongylophorus,Seven days; citral recovery: further seven days on untreated PDA.,Route-specific concentration endpoint; no mass/molar conversion without density/composition,Fig 2 printed fit and interval values; curves not digitized.,"Contact screening dose conflict: methods1400 µL/L versus results/Fig 2 bound>1000 µL/L. Preserve reported bound. Oils are mixtures; pure compounds mostly purchased, sulcatyl acetate synthesized. Ant-mixture synergy is not fungal synergy.","PDF 5,8–9 / printed 17307,17310–17311; Figs 2–3",https://doi.org/10.1007/s11356-020-08170-z,sources/melo2020.pdf,melo2020,Fumigation,µL/L air,29.1,34.4,melo2020,2,C030,Citral (isomer composition unspecified),isomer_composition_unresolved,melo2020,melo2020|C030,fumigation,fitted_IC50,PDA; sealed dishes. Fumigation from filter paper in lid; contact treatment incorporated using1% DMSO.,Four replicates/treatment; PDA control for fumigation; PDA+1% DMSO control for contact.,Laboratory colonies; exact donor count not stated. Morphology/gongylidia and ant acceptance used for identification.,,melo2020|fumigation|fitted_IC50||Seven days; citral recovery: further seven days on untreated PDA.,False,Insufficient independent comparable compounds in each endpoint/exposure block; see feasibility report. No pooling across endpoint types.,False,reported_concentration_endpoint
F094,melo2020,"1,8-Cineol",pure_compound,,Myrcia lundiana / Aristolochia trilobata study,Purchased reagent,,,,IC50,>,266.6,µL/L air,,,,,,Acromyrmex balzani,Leucoagaricus gongylophorus,Seven days; citral recovery: further seven days on untreated PDA.,Right-censored concentration endpoint; not exact zero growth inhibition,Source reports no antifungal activity at discriminatory screen and gives this IC50 bound. Contact method says1400 µL/L but result bound is>1000; neither is silently substituted.,"Contact screening dose conflict: methods1400 µL/L versus results/Fig 2 bound>1000 µL/L. Preserve reported bound. Oils are mixtures; pure compounds mostly purchased, sulcatyl acetate synthesized. Ant-mixture synergy is not fungal synergy.","PDF 5,8–9 / printed 17307,17310–17311; Figs 2–3",https://doi.org/10.1007/s11356-020-08170-z,sources/melo2020.pdf,melo2020,Fumigation,µL/L air,,,melo2020,2,C031,"1,8-Cineole",achiral_identity_resolved,melo2020,melo2020|C031,fumigation,censored_IC50,PDA; sealed dishes. Fumigation from filter paper in lid; contact treatment incorporated using1% DMSO.,Four replicates/treatment; PDA control for fumigation; PDA+1% DMSO control for contact.,Laboratory colonies; exact donor count not stated. Morphology/gongylidia and ant acceptance used for identification.,,melo2020|fumigation|censored_IC50||Seven days; citral recovery: further seven days on untreated PDA.,False,Insufficient independent comparable compounds in each endpoint/exposure block; see feasibility report. No pooling across endpoint types.,True,IC50_not_reached_at_reported_bound
F095,melo2020,Sulcatyl acetate,pure_compound,,Aristolochia trilobata study,Synthesized comparator,,,,IC50,>,266.6,µL/L air,,,,,,Acromyrmex balzani,Leucoagaricus gongylophorus,Seven days; citral recovery: further seven days on untreated PDA.,Right-censored concentration endpoint; not exact zero growth inhibition,Source reports no antifungal activity at discriminatory screen and gives this IC50 bound. Contact method says1400 µL/L but result bound is>1000; neither is silently substituted.,"Contact screening dose conflict: methods1400 µL/L versus results/Fig 2 bound>1000 µL/L. Preserve reported bound. Oils are mixtures; pure compounds mostly purchased, sulcatyl acetate synthesized. Ant-mixture synergy is not fungal synergy.","PDF 5,8–9 / printed 17307,17310–17311; Figs 2–3",https://doi.org/10.1007/s11356-020-08170-z,sources/melo2020.pdf,melo2020,Fumigation,µL/L air,,,melo2020,2,C032,Sulcatyl acetate,stereochemistry_or_identity_review,melo2020,melo2020|C032,fumigation,censored_IC50,PDA; sealed dishes. Fumigation from filter paper in lid; contact treatment incorporated using1% DMSO.,Four replicates/treatment; PDA control for fumigation; PDA+1% DMSO control for contact.,Laboratory colonies; exact donor count not stated. Morphology/gongylidia and ant acceptance used for identification.,,melo2020|fumigation|censored_IC50||Seven days; citral recovery: further seven days on untreated PDA.,False,Insufficient independent comparable compounds in each endpoint/exposure block; see feasibility report. No pooling across endpoint types.,False,IC50_not_reached_at_reported_bound
F096,melo2020,Limonene,pure_compound,,Aristolochia trilobata study,Purchased reagent,,,,IC50,>,266.6,µL/L air,,,,,,Acromyrmex balzani,Leucoagaricus gongylophorus,Seven days; citral recovery: further seven days on untreated PDA.,Right-censored concentration endpoint; not exact zero growth inhibition,Source reports no antifungal activity at discriminatory screen and gives this IC50 bound. Contact method says1400 µL/L but result bound is>1000; neither is silently substituted.,"Contact screening dose conflict: methods1400 µL/L versus results/Fig 2 bound>1000 µL/L. Preserve reported bound. Oils are mixtures; pure compounds mostly purchased, sulcatyl acetate synthesized. Ant-mixture synergy is not fungal synergy.","PDF 5,8–9 / printed 17307,17310–17311; Figs 2–3",https://doi.org/10.1007/s11356-020-08170-z,sources/melo2020.pdf,melo2020,Fumigation,µL/L air,,,melo2020,2,C033,Limonene,stereochemistry_or_identity_review,melo2020,melo2020|C033,fumigation,censored_IC50,PDA; sealed dishes. Fumigation from filter paper in lid; contact treatment incorporated using1% DMSO.,Four replicates/treatment; PDA control for fumigation; PDA+1% DMSO control for contact.,Laboratory colonies; exact donor count not stated. Morphology/gongylidia and ant acceptance used for identification.,,melo2020|fumigation|censored_IC50||Seven days; citral recovery: further seven days on untreated PDA.,False,Insufficient independent comparable compounds in each endpoint/exposure block; see feasibility report. No pooling across endpoint types.,False,IC50_not_reached_at_reported_bound
F097,melo2020,Linalool,pure_compound,,Aristolochia trilobata study,Purchased reagent,,,,IC50,>,266.6,µL/L air,,,,,,Acromyrmex balzani,Leucoagaricus gongylophorus,Seven days; citral recovery: further seven days on untreated PDA.,Right-censored concentration endpoint; not exact zero growth inhibition,Source reports no antifungal activity at discriminatory screen and gives this IC50 bound. Contact method says1400 µL/L but result bound is>1000; neither is silently substituted.,"Contact screening dose conflict: methods1400 µL/L versus results/Fig 2 bound>1000 µL/L. Preserve reported bound. Oils are mixtures; pure compounds mostly purchased, sulcatyl acetate synthesized. Ant-mixture synergy is not fungal synergy.","PDF 5,8–9 / printed 17307,17310–17311; Figs 2–3",https://doi.org/10.1007/s11356-020-08170-z,sources/melo2020.pdf,melo2020,Fumigation,µL/L air,,,melo2020,2,C034,Linalool,stereochemistry_or_identity_review,melo2020,melo2020|C034,fumigation,censored_IC50,PDA; sealed dishes. Fumigation from filter paper in lid; contact treatment incorporated using1% DMSO.,Four replicates/treatment; PDA control for fumigation; PDA+1% DMSO control for contact.,Laboratory colonies; exact donor count not stated. Morphology/gongylidia and ant acceptance used for identification.,,melo2020|fumigation|censored_IC50||Seven days; citral recovery: further seven days on untreated PDA.,False,Insufficient independent comparable compounds in each endpoint/exposure block; see feasibility report. No pooling across endpoint types.,False,IC50_not_reached_at_reported_bound
F098,melo2020,p-Cymene,pure_compound,,Aristolochia trilobata study,Purchased reagent,,,,IC50,>,266.6,µL/L air,,,,,,Acromyrmex balzani,Leucoagaricus gongylophorus,Seven days; citral recovery: further seven days on untreated PDA.,Right-censored concentration endpoint; not exact zero growth inhibition,Source reports no antifungal activity at discriminatory screen and gives this IC50 bound. Contact method says1400 µL/L but result bound is>1000; neither is silently substituted.,"Contact screening dose conflict: methods1400 µL/L versus results/Fig 2 bound>1000 µL/L. Preserve reported bound. Oils are mixtures; pure compounds mostly purchased, sulcatyl acetate synthesized. Ant-mixture synergy is not fungal synergy.","PDF 5,8–9 / printed 17307,17310–17311; Figs 2–3",https://doi.org/10.1007/s11356-020-08170-z,sources/melo2020.pdf,melo2020,Fumigation,µL/L air,,,melo2020,2,C035,p-Cymene,achiral_identity_resolved,melo2020,melo2020|C035,fumigation,censored_IC50,PDA; sealed dishes. Fumigation from filter paper in lid; contact treatment incorporated using1% DMSO.,Four replicates/treatment; PDA control for fumigation; PDA+1% DMSO control for contact.,Laboratory colonies; exact donor count not stated. Morphology/gongylidia and ant acceptance used for identification.,,melo2020|fumigation|censored_IC50||Seven days; citral recovery: further seven days on untreated PDA.,False,Insufficient independent comparable compounds in each endpoint/exposure block; see feasibility report. No pooling across endpoint types.,True,IC50_not_reached_at_reported_bound
F100,melo2020,Isopulegol (purchased),pure_compound,,Myrcia lundiana,Leaves for oils; purchased compound comparators,,,,IC50,=,696.8,µL/L medium,,,,,,Acromyrmex balzani,Leucoagaricus gongylophorus,Seven days; citral recovery: further seven days on untreated PDA.,Route-specific concentration endpoint; no mass/molar conversion without density/composition,Fig 2 printed fit and interval values; curves not digitized.,"Contact screening dose conflict: methods1400 µL/L versus results/Fig 2 bound>1000 µL/L. Preserve reported bound. Oils are mixtures; pure compounds mostly purchased, sulcatyl acetate synthesized. Ant-mixture synergy is not fungal synergy.","PDF 5,8–9 / printed 17307,17310–17311; Figs 2–3",https://doi.org/10.1007/s11356-020-08170-z,sources/melo2020.pdf,melo2020,Agar contact,µL/L medium,636.0,747.6,melo2020,2,C029,Isopulegol,stereochemistry_or_identity_review,melo2020,melo2020|C029,agar_contact,fitted_IC50,PDA; sealed dishes. Fumigation from filter paper in lid; contact treatment incorporated using1% DMSO.,Four replicates/treatment; PDA control for fumigation; PDA+1% DMSO control for contact.,Laboratory colonies; exact donor count not stated. Morphology/gongylidia and ant acceptance used for identification.,,melo2020|agar_contact|fitted_IC50||Seven days; citral recovery: further seven days on untreated PDA.,False,Insufficient independent comparable compounds in each endpoint/exposure block; see feasibility report. No pooling across endpoint types.,False,reported_concentration_endpoint
F102,melo2020,Citral (purchased),pure_compound,,Myrcia lundiana,Leaves for oils; purchased compound comparators,,,,IC50,=,289.9,µL/L medium,,,,,,Acromyrmex balzani,Leucoagaricus gongylophorus,Seven days; citral recovery: further seven days on untreated PDA.,Route-specific concentration endpoint; no mass/molar conversion without density/composition,Fig 2 printed fit and interval values; curves not digitized.,"Contact screening dose conflict: methods1400 µL/L versus results/Fig 2 bound>1000 µL/L. Preserve reported bound. Oils are mixtures; pure compounds mostly purchased, sulcatyl acetate synthesized. Ant-mixture synergy is not fungal synergy.","PDF 5,8–9 / printed 17307,17310–17311; Figs 2–3",https://doi.org/10.1007/s11356-020-08170-z,sources/melo2020.pdf,melo2020,Agar contact,µL/L medium,241.3,356.4,melo2020,2,C030,Citral (isomer composition unspecified),isomer_composition_unresolved,melo2020,melo2020|C030,agar_contact,fitted_IC50,PDA; sealed dishes. Fumigation from filter paper in lid; contact treatment incorporated using1% DMSO.,Four replicates/treatment; PDA control for fumigation; PDA+1% DMSO control for contact.,Laboratory colonies; exact donor count not stated. Morphology/gongylidia and ant acceptance used for identification.,,melo2020|agar_contact|fitted_IC50||Seven days; citral recovery: further seven days on untreated PDA.,False,Insufficient independent comparable compounds in each endpoint/exposure block; see feasibility report. No pooling across endpoint types.,False,reported_concentration_endpoint
F104,melo2020,"1,8-Cineol",pure_compound,,Myrcia lundiana / Aristolochia trilobata study,Purchased reagent,,,,IC50,>,1000,µL/L medium,,,,,,Acromyrmex balzani,Leucoagaricus gongylophorus,Seven days; citral recovery: further seven days on untreated PDA.,Right-censored concentration endpoint; not exact zero growth inhibition,Source reports no antifungal activity at discriminatory screen and gives this IC50 bound. Contact method says1400 µL/L but result bound is>1000; neither is silently substituted.,"Contact screening dose conflict: methods1400 µL/L versus results/Fig 2 bound>1000 µL/L. Preserve reported bound. Oils are mixtures; pure compounds mostly purchased, sulcatyl acetate synthesized. Ant-mixture synergy is not fungal synergy.","PDF 5,8–9 / printed 17307,17310–17311; Figs 2–3",https://doi.org/10.1007/s11356-020-08170-z,sources/melo2020.pdf,melo2020,Agar contact,µL/L medium,,,melo2020,2,C031,"1,8-Cineole",achiral_identity_resolved,melo2020,melo2020|C031,agar_contact,censored_IC50,PDA; sealed dishes. Fumigation from filter paper in lid; contact treatment incorporated using1% DMSO.,Four replicates/treatment; PDA control for fumigation; PDA+1% DMSO control for contact.,Laboratory colonies; exact donor count not stated. Morphology/gongylidia and ant acceptance used for identification.,,melo2020|agar_contact|censored_IC50||Seven days; citral recovery: further seven days on untreated PDA.,False,Insufficient independent comparable compounds in each endpoint/exposure block; see feasibility report. No pooling across endpoint types.,True,IC50_not_reached_at_reported_bound
F105,melo2020,Sulcatyl acetate,pure_compound,,Aristolochia trilobata study,Synthesized comparator,,,,IC50,>,1000,µL/L medium,,,,,,Acromyrmex balzani,Leucoagaricus gongylophorus,Seven days; citral recovery: further seven days on untreated PDA.,Right-censored concentration endpoint; not exact zero growth inhibition,Source reports no antifungal activity at discriminatory screen and gives this IC50 bound. Contact method says1400 µL/L but result bound is>1000; neither is silently substituted.,"Contact screening dose conflict: methods1400 µL/L versus results/Fig 2 bound>1000 µL/L. Preserve reported bound. Oils are mixtures; pure compounds mostly purchased, sulcatyl acetate synthesized. Ant-mixture synergy is not fungal synergy.","PDF 5,8–9 / printed 17307,17310–17311; Figs 2–3",https://doi.org/10.1007/s11356-020-08170-z,sources/melo2020.pdf,melo2020,Agar contact,µL/L medium,,,melo2020,2,C032,Sulcatyl acetate,stereochemistry_or_identity_review,melo2020,melo2020|C032,agar_contact,censored_IC50,PDA; sealed dishes. Fumigation from filter paper in lid; contact treatment incorporated using1% DMSO.,Four replicates/treatment; PDA control for fumigation; PDA+1% DMSO control for contact.,Laboratory colonies; exact donor count not stated. Morphology/gongylidia and ant acceptance used for identification.,,melo2020|agar_contact|censored_IC50||Seven days; citral recovery: further seven days on untreated PDA.,False,Insufficient independent comparable compounds in each endpoint/exposure block; see feasibility report. No pooling across endpoint types.,False,IC50_not_reached_at_reported_bound
F106,melo2020,Limonene,pure_compound,,Aristolochia trilobata study,Purchased reagent,,,,IC50,>,1000,µL/L medium,,,,,,Acromyrmex balzani,Leucoagaricus gongylophorus,Seven days; citral recovery: further seven days on untreated PDA.,Right-censored concentration endpoint; not exact zero growth inhibition,Source reports no antifungal activity at discriminatory screen and gives this IC50 bound. Contact method says1400 µL/L but result bound is>1000; neither is silently substituted.,"Contact screening dose conflict: methods1400 µL/L versus results/Fig 2 bound>1000 µL/L. Preserve reported bound. Oils are mixtures; pure compounds mostly purchased, sulcatyl acetate synthesized. Ant-mixture synergy is not fungal synergy.","PDF 5,8–9 / printed 17307,17310–17311; Figs 2–3",https://doi.org/10.1007/s11356-020-08170-z,sources/melo2020.pdf,melo2020,Agar contact,µL/L medium,,,melo2020,2,C033,Limonene,stereochemistry_or_identity_review,melo2020,melo2020|C033,agar_contact,censored_IC50,PDA; sealed dishes. Fumigation from filter paper in lid; contact treatment incorporated using1% DMSO.,Four replicates/treatment; PDA control for fumigation; PDA+1% DMSO control for contact.,Laboratory colonies; exact donor count not stated. Morphology/gongylidia and ant acceptance used for identification.,,melo2020|agar_contact|censored_IC50||Seven days; citral recovery: further seven days on untreated PDA.,False,Insufficient independent comparable compounds in each endpoint/exposure block; see feasibility report. No pooling across endpoint types.,False,IC50_not_reached_at_reported_bound
F107,melo2020,Linalool,pure_compound,,Aristolochia trilobata study,Purchased reagent,,,,IC50,>,1000,µL/L medium,,,,,,Acromyrmex balzani,Leucoagaricus gongylophorus,Seven days; citral recovery: further seven days on untreated PDA.,Right-censored concentration endpoint; not exact zero growth inhibition,Source reports no antifungal activity at discriminatory screen and gives this IC50 bound. Contact method says1400 µL/L but result bound is>1000; neither is silently substituted.,"Contact screening dose conflict: methods1400 µL/L versus results/Fig 2 bound>1000 µL/L. Preserve reported bound. Oils are mixtures; pure compounds mostly purchased, sulcatyl acetate synthesized. Ant-mixture synergy is not fungal synergy.","PDF 5,8–9 / printed 17307,17310–17311; Figs 2–3",https://doi.org/10.1007/s11356-020-08170-z,sources/melo2020.pdf,melo2020,Agar contact,µL/L medium,,,melo2020,2,C034,Linalool,stereochemistry_or_identity_review,melo2020,melo2020|C034,agar_contact,censored_IC50,PDA; sealed dishes. Fumigation from filter paper in lid; contact treatment incorporated using1% DMSO.,Four replicates/treatment; PDA control for fumigation; PDA+1% DMSO control for contact.,Laboratory colonies; exact donor count not stated. Morphology/gongylidia and ant acceptance used for identification.,,melo2020|agar_contact|censored_IC50||Seven days; citral recovery: further seven days on untreated PDA.,False,Insufficient independent comparable compounds in each endpoint/exposure block; see feasibility report. No pooling across endpoint types.,False,IC50_not_reached_at_reported_bound
F108,melo2020,p-Cymene,pure_compound,,Aristolochia trilobata study,Purchased reagent,,,,IC50,>,1000,µL/L medium,,,,,,Acromyrmex balzani,Leucoagaricus gongylophorus,Seven days; citral recovery: further seven days on untreated PDA.,Right-censored concentration endpoint; not exact zero growth inhibition,Source reports no antifungal activity at discriminatory screen and gives this IC50 bound. Contact method says1400 µL/L but result bound is>1000; neither is silently substituted.,"Contact screening dose conflict: methods1400 µL/L versus results/Fig 2 bound>1000 µL/L. Preserve reported bound. Oils are mixtures; pure compounds mostly purchased, sulcatyl acetate synthesized. Ant-mixture synergy is not fungal synergy.","PDF 5,8–9 / printed 17307,17310–17311; Figs 2–3",https://doi.org/10.1007/s11356-020-08170-z,sources/melo2020.pdf,melo2020,Agar contact,µL/L medium,,,melo2020,2,C035,p-Cymene,achiral_identity_resolved,melo2020,melo2020|C035,agar_contact,censored_IC50,PDA; sealed dishes. Fumigation from filter paper in lid; contact treatment incorporated using1% DMSO.,Four replicates/treatment; PDA control for fumigation; PDA+1% DMSO control for contact.,Laboratory colonies; exact donor count not stated. Morphology/gongylidia and ant acceptance used for identification.,,melo2020|agar_contact|censored_IC50||Seven days; citral recovery: further seven days on untreated PDA.,False,Insufficient independent comparable compounds in each endpoint/exposure block; see feasibility report. No pooling across endpoint types.,True,IC50_not_reached_at_reported_bound
F109,melo2020,Citral (purchased),pure_compound,,Myrcia lundiana,Purchased reagent comparator,123.21,µL/L air,,no_regrowth_after_transfer,=,No mycelial regrowth observed,categorical,,,,,,Acromyrmex balzani,Leucoagaricus gongylophorus,Seven days; citral recovery: further seven days on untreated PDA.,Recovery endpoint supporting killing under tested conditions; separate from IC50,Seven days exposure then seven days recovery; source dose is upper confidence limit of IC99. Lower IC99 condition showed recovery; its exact concentration was not tabulated.,"Contact screening dose conflict: methods1400 µL/L versus results/Fig 2 bound>1000 µL/L. Preserve reported bound. Oils are mixtures; pure compounds mostly purchased, sulcatyl acetate synthesized. Ant-mixture synergy is not fungal synergy.","PDF 5,8–9 / printed 17307,17310–17311; Figs 2–3",https://doi.org/10.1007/s11356-020-08170-z,sources/melo2020.pdf,melo2020,Fumigation followed by transfer to untreated agar,Volume per air volume,,,melo2020,2,C030,Citral (isomer composition unspecified),isomer_composition_unresolved,melo2020,melo2020|C030,fumigation,recovery_after_exposure,PDA; sealed dishes. Fumigation from filter paper in lid; contact treatment incorporated using1% DMSO.,Four replicates/treatment; PDA control for fumigation; PDA+1% DMSO control for contact.,Laboratory colonies; exact donor count not stated. Morphology/gongylidia and ant acceptance used for identification.,,melo2020|fumigation|recovery_after_exposure||Seven days; citral recovery: further seven days on untreated PDA.,False,Insufficient independent comparable compounds in each endpoint/exposure block; see feasibility report. No pooling across endpoint types.,False,no_regrowth_in_observation_window
M001,coumarins2005,Angelicin,pure_compound,1,Citrus limonia,Roots,72,µg/mL,72,growth_inhibition,=,40,percent,,40,,,,Atta sexdens rubropilosa,Leucoagaricus gongylophorus (syn. Rozites gongylophorus),30 days at 25±1°C,Within-study dose-conditioned response; no fitted potency implied,Additional original-table transcription for compound assessment; not part of original 149 rows. Single concentration per isolated compound; no MIC or IC50 established. Godoy thesis may overlap; not imported again.,Single concentration per isolated compound; no MIC or IC50 established. Godoy thesis may overlap; not imported again.,PDF 3 / printed 671; Table 1 and Figure 1,https://doi.org/10.1590/S0103-50532005000400031,sources/coumarins2005.pdf,coumarins2005,agar_contact,Final concentration explicitly stated in methods,,,coumarins2005|Angelicin,compound_assessment,C036,Angelicin,achiral_identity_resolved,coumarins2005,coumarins2005|C036,agar_contact,coarse_visual_growth,Glucose/NaCl/peptone/malt/agar slants; DCM stock incorporated and autoclaved; methods explicitly report final concentrations.,Solvent and solvent-free controls; commercial piperonyl butoxide. Two sets of five tubes; do not count ten tubes as ten strains.,One laboratory nest; strain identity and independence from related laboratory papers unresolved.,72,coumarins2005|agar_contact|coarse_visual_growth|72|30 days at 25±1°C,False,Insufficient independent comparable compounds in each endpoint/exposure block; see feasibility report. No pooling across endpoint types.,True,inhibition_at_tested_dose
M002,coumarins2005,Suberosin,pure_compound,2,Citrus limonia,Roots,64,µg/mL,64,growth_inhibition,=,100,percent,,100,,,,Atta sexdens rubropilosa,Leucoagaricus gongylophorus (syn. Rozites gongylophorus),30 days at 25±1°C,Within-study dose-conditioned response; no fitted potency implied,Additional original-table transcription for compound assessment; not part of original 149 rows. Single concentration per isolated compound; no MIC or IC50 established. Godoy thesis may overlap; not imported again.,Single concentration per isolated compound; no MIC or IC50 established. Godoy thesis may overlap; not imported again.,PDF 3 / printed 671; Table 1 and Figure 1,https://doi.org/10.1590/S0103-50532005000400031,sources/coumarins2005.pdf,coumarins2005,agar_contact,Final concentration explicitly stated in methods,,,coumarins2005|Suberosin,compound_assessment,C037,Suberosin,achiral_identity_resolved,coumarins2005,coumarins2005|C037,agar_contact,coarse_visual_growth,Glucose/NaCl/peptone/malt/agar slants; DCM stock incorporated and autoclaved; methods explicitly report final concentrations.,Solvent and solvent-free controls; commercial piperonyl butoxide. Two sets of five tubes; do not count ten tubes as ten strains.,One laboratory nest; strain identity and independence from related laboratory papers unresolved.,64,coumarins2005|agar_contact|coarse_visual_growth|64|30 days at 25±1°C,False,Insufficient independent comparable compounds in each endpoint/exposure block; see feasibility report. No pooling across endpoint types.,True,inhibition_at_tested_dose
M003,coumarins2005,Xanthoxyletin,pure_compound,3,Citrus limonia,Roots,70,µg/mL,70,growth_inhibition,=,100,percent,,100,,,,Atta sexdens rubropilosa,Leucoagaricus gongylophorus (syn. Rozites gongylophorus),30 days at 25±1°C,Within-study dose-conditioned response; no fitted potency implied,Additional original-table transcription for compound assessment; not part of original 149 rows. Single concentration per isolated compound; no MIC or IC50 established. Godoy thesis may overlap; not imported again.,Single concentration per isolated compound; no MIC or IC50 established. Godoy thesis may overlap; not imported again.,PDF 3 / printed 671; Table 1 and Figure 1,https://doi.org/10.1590/S0103-50532005000400031,sources/coumarins2005.pdf,coumarins2005,agar_contact,Final concentration explicitly stated in methods,,,coumarins2005|Xanthoxyletin,compound_assessment,C038,Xanthoxyletin,achiral_identity_resolved,coumarins2005,coumarins2005|C038,agar_contact,coarse_visual_growth,Glucose/NaCl/peptone/malt/agar slants; DCM stock incorporated and autoclaved; methods explicitly report final concentrations.,Solvent and solvent-free controls; commercial piperonyl butoxide. Two sets of five tubes; do not count ten tubes as ten strains.,One laboratory nest; strain identity and independence from related laboratory papers unresolved.,70,coumarins2005|agar_contact|coarse_visual_growth|70|30 days at 25±1°C,False,Insufficient independent comparable compounds in each endpoint/exposure block; see feasibility report. No pooling across endpoint types.,True,inhibition_at_tested_dose
M004,coumarins2005,Clausarin,pure_compound,4,Citrus limonia,Roots,75,µg/mL,75,growth_inhibition,=,0,percent,,0,,,,Atta sexdens rubropilosa,Leucoagaricus gongylophorus (syn. Rozites gongylophorus),30 days at 25±1°C,Within-study dose-conditioned response; no fitted potency implied,Additional original-table transcription for compound assessment; not part of original 149 rows. Single concentration per isolated compound; no MIC or IC50 established. Godoy thesis may overlap; not imported again.,Single concentration per isolated compound; no MIC or IC50 established. Godoy thesis may overlap; not imported again.,PDF 3 / printed 671; Table 1 and Figure 1,https://doi.org/10.1590/S0103-50532005000400031,sources/coumarins2005.pdf,coumarins2005,agar_contact,Final concentration explicitly stated in methods,,,coumarins2005|Clausarin,compound_assessment,C039,Clausarin,achiral_identity_resolved,coumarins2005,coumarins2005|C039,agar_contact,coarse_visual_growth,Glucose/NaCl/peptone/malt/agar slants; DCM stock incorporated and autoclaved; methods explicitly report final concentrations.,Solvent and solvent-free controls; commercial piperonyl butoxide. Two sets of five tubes; do not count ten tubes as ten strains.,One laboratory nest; strain identity and independence from related laboratory papers unresolved.,75,coumarins2005|agar_contact|coarse_visual_growth|75|30 days at 25±1°C,False,Insufficient independent comparable compounds in each endpoint/exposure block; see feasibility report. No pooling across endpoint types.,True,no_inhibition_at_tested_dose
M005,coumarins2005,Isopimpinellin,pure_compound,5,Adiscanthus fusciflorus,Roots,80,µg/mL,80,growth_inhibition,=,100,percent,,100,,,,Atta sexdens rubropilosa,Leucoagaricus gongylophorus (syn. Rozites gongylophorus),30 days at 25±1°C,Within-study dose-conditioned response; no fitted potency implied,Additional original-table transcription for compound assessment; not part of original 149 rows. Single concentration per isolated compound; no MIC or IC50 established. Godoy thesis may overlap; not imported again.,Single concentration per isolated compound; no MIC or IC50 established. Godoy thesis may overlap; not imported again.,PDF 3 / printed 671; Table 1 and Figure 1,https://doi.org/10.1590/S0103-50532005000400031,sources/coumarins2005.pdf,coumarins2005,agar_contact,Final concentration explicitly stated in methods,,,coumarins2005|Isopimpinellin,compound_assessment,C040,Isopimpinellin,achiral_identity_resolved,coumarins2005,coumarins2005|C040,agar_contact,coarse_visual_growth,Glucose/NaCl/peptone/malt/agar slants; DCM stock incorporated and autoclaved; methods explicitly report final concentrations.,Solvent and solvent-free controls; commercial piperonyl butoxide. Two sets of five tubes; do not count ten tubes as ten strains.,One laboratory nest; strain identity and independence from related laboratory papers unresolved.,80,coumarins2005|agar_contact|coarse_visual_growth|80|30 days at 25±1°C,False,Insufficient independent comparable compounds in each endpoint/exposure block; see feasibility report. No pooling across endpoint types.,True,inhibition_at_tested_dose
M006,coumarins2005,Umbelliferone,pure_compound,6,Picramnia teapensis,Bark,65,µg/mL,65,growth_inhibition,=,60,percent,,60,,,,Atta sexdens rubropilosa,Leucoagaricus gongylophorus (syn. Rozites gongylophorus),30 days at 25±1°C,Within-study dose-conditioned response; no fitted potency implied,Additional original-table transcription for compound assessment; not part of original 149 rows. Single concentration per isolated compound; no MIC or IC50 established. Godoy thesis may overlap; not imported again.,Single concentration per isolated compound; no MIC or IC50 established. Godoy thesis may overlap; not imported again.,PDF 3 / printed 671; Table 1 and Figure 1,https://doi.org/10.1590/S0103-50532005000400031,sources/coumarins2005.pdf,coumarins2005,agar_contact,Final concentration explicitly stated in methods,,,coumarins2005|Umbelliferone,compound_assessment,C041,Umbelliferone,achiral_identity_resolved,coumarins2005,coumarins2005|C041,agar_contact,coarse_visual_growth,Glucose/NaCl/peptone/malt/agar slants; DCM stock incorporated and autoclaved; methods explicitly report final concentrations.,Solvent and solvent-free controls; commercial piperonyl butoxide. Two sets of five tubes; do not count ten tubes as ten strains.,One laboratory nest; strain identity and independence from related laboratory papers unresolved.,65,coumarins2005|agar_contact|coarse_visual_growth|65|30 days at 25±1°C,False,Insufficient independent comparable compounds in each endpoint/exposure block; see feasibility report. No pooling across endpoint types.,True,inhibition_at_tested_dose
M007,coumarins2005,Xanthyletin,pure_compound,7,Pilocarpus riedelianus,Stems,25,µg/mL,25,growth_inhibition,=,100,percent,,100,,,,Atta sexdens rubropilosa,Leucoagaricus gongylophorus (syn. Rozites gongylophorus),30 days at 25±1°C,Within-study dose-conditioned response; no fitted potency implied,Additional original-table transcription for compound assessment; not part of original 149 rows. Single concentration per isolated compound; no MIC or IC50 established. Godoy thesis may overlap; not imported again.,Single concentration per isolated compound; no MIC or IC50 established. Godoy thesis may overlap; not imported again.,PDF 3 / printed 671; Table 1 and Figure 1,https://doi.org/10.1590/S0103-50532005000400031,sources/coumarins2005.pdf,coumarins2005,agar_contact,Final concentration explicitly stated in methods,,,coumarins2005|Xanthyletin,compound_assessment,C042,Xanthyletin,achiral_identity_resolved,coumarins2005,coumarins2005|C042,agar_contact,coarse_visual_growth,Glucose/NaCl/peptone/malt/agar slants; DCM stock incorporated and autoclaved; methods explicitly report final concentrations.,Solvent and solvent-free controls; commercial piperonyl butoxide. Two sets of five tubes; do not count ten tubes as ten strains.,One laboratory nest; strain identity and independence from related laboratory papers unresolved.,25,coumarins2005|agar_contact|coarse_visual_growth|25|30 days at 25±1°C,False,Insufficient independent comparable compounds in each endpoint/exposure block; see feasibility report. No pooling across endpoint types.,True,inhibition_at_tested_dose
M008,coumarins2005,"7-Hydroxy-3-(1,1-dimethylallyl)-8-methoxycoumarin",pure_compound,8,Pilocarpus riedelianus,Stems,75,µg/mL,75,growth_inhibition,=,80,percent,,80,,,,Atta sexdens rubropilosa,Leucoagaricus gongylophorus (syn. Rozites gongylophorus),30 days at 25±1°C,Within-study dose-conditioned response; no fitted potency implied,Additional original-table transcription for compound assessment; not part of original 149 rows. Single concentration per isolated compound; no MIC or IC50 established. Godoy thesis may overlap; not imported again.,Single concentration per isolated compound; no MIC or IC50 established. Godoy thesis may overlap; not imported again.,PDF 3 / printed 671; Table 1 and Figure 1,https://doi.org/10.1590/S0103-50532005000400031,sources/coumarins2005.pdf,coumarins2005,agar_contact,Final concentration explicitly stated in methods,,,"coumarins2005|7-Hydroxy-3-(1,1-dimethylallyl)-8-methoxycoumarin",compound_assessment,C043,"7-Hydroxy-3-(1,1-dimethylallyl)-8-methoxycoumarin",database_unresolved,coumarins2005,coumarins2005|C043,agar_contact,coarse_visual_growth,Glucose/NaCl/peptone/malt/agar slants; DCM stock incorporated and autoclaved; methods explicitly report final concentrations.,Solvent and solvent-free controls; commercial piperonyl butoxide. Two sets of five tubes; do not count ten tubes as ten strains.,One laboratory nest; strain identity and independence from related laboratory papers unresolved.,75,coumarins2005|agar_contact|coarse_visual_growth|75|30 days at 25±1°C,False,Insufficient independent comparable compounds in each endpoint/exposure block; see feasibility report. No pooling across endpoint types.,False,inhibition_at_tested_dose
M009,coumarins2005,Piperonyl butoxide,reference_compound,PBO,Not applicable,Commercial reference,50,µg/mL,50,growth_inhibition,>=,80,percent,,>=80,,,,Atta sexdens rubropilosa,Leucoagaricus gongylophorus (syn. Rozites gongylophorus),30 days at 25±1°C,Within-study dose-conditioned response; no fitted potency implied,Additional original-table transcription for compound assessment; not part of original 149 rows. Single concentration per isolated compound; no MIC or IC50 established. Godoy thesis may overlap; not imported again.,Single concentration per isolated compound; no MIC or IC50 established. Godoy thesis may overlap; not imported again.,PDF 3 / printed 671; Table 1 and Figure 1,https://doi.org/10.1590/S0103-50532005000400031,sources/coumarins2005.pdf,coumarins2005,agar_contact,Final concentration explicitly stated in methods,,,coumarins2005|Piperonyl butoxide,compound_assessment,C044,Piperonyl butoxide,achiral_identity_resolved,coumarins2005,coumarins2005|C044,agar_contact,coarse_visual_growth,Glucose/NaCl/peptone/malt/agar slants; DCM stock incorporated and autoclaved; methods explicitly report final concentrations.,Solvent and solvent-free controls; commercial piperonyl butoxide. Two sets of five tubes; do not count ten tubes as ten strains.,One laboratory nest; strain identity and independence from related laboratory papers unresolved.,50,coumarins2005|agar_contact|coarse_visual_growth|50|30 days at 25±1°C,False,Insufficient independent comparable compounds in each endpoint/exposure block; see feasibility report. No pooling across endpoint types.,True,inhibition_at_tested_dose
M010,raulinoa2002,Skimmianine,pure_compound,1,Raulinoa echinata,Stems; also detected in leaves,50,µg/mL,50,growth_inhibition,=,60,percent,,60,,,,Atta sexdens,Leucoagaricus gongylophorus (Rozites gongylophora),Not restated; do not assume the exact duration of the cited protocol.,Within-study dose-conditioned response; no fitted potency implied,"Additional original-table transcription for compound assessment; not part of original 149 rows. Only numeric compound cells extracted. Dashes are unspecified, not zero; NT is not tested. Related thesis not counted again.","Only numeric compound cells extracted. Dashes are unspecified, not zero; NT is not tested. Related thesis not counted again.",PDF 3 / printed 68; Table 1,https://doi.org/10.1590/S0103-50532002000100010,sources/raulinoa2002.pdf,raulinoa2002,agar_contact,Table concentration; detailed assay referred to prior protocol,,,raulinoa2002|Skimmianine,compound_assessment,C045,Skimmianine,achiral_identity_resolved,raulinoa2002,raulinoa2002|C045,agar_contact,coarse_visual_growth,Assay refers to Pagnocca1990; actual conditions not repeated.,Not restated; referred protocol.,One nest; molecular strain and independence from related laboratory papers unresolved.,50,raulinoa2002|agar_contact|coarse_visual_growth|50|Not restated; do not assume the exact duration of the cited protocol.,False,Insufficient independent comparable compounds in each endpoint/exposure block; see feasibility report. No pooling across endpoint types.,True,inhibition_at_tested_dose
M011,raulinoa2002,Skimmianine,pure_compound,1,Raulinoa echinata,Stems; also detected in leaves,100,µg/mL,100,growth_inhibition,=,80,percent,,80,,,,Atta sexdens,Leucoagaricus gongylophorus (Rozites gongylophora),Not restated; do not assume the exact duration of the cited protocol.,Within-study dose-conditioned response; no fitted potency implied,"Additional original-table transcription for compound assessment; not part of original 149 rows. Only numeric compound cells extracted. Dashes are unspecified, not zero; NT is not tested. Related thesis not counted again.","Only numeric compound cells extracted. Dashes are unspecified, not zero; NT is not tested. Related thesis not counted again.",PDF 3 / printed 68; Table 1,https://doi.org/10.1590/S0103-50532002000100010,sources/raulinoa2002.pdf,raulinoa2002,agar_contact,Table concentration; detailed assay referred to prior protocol,,,raulinoa2002|Skimmianine,compound_assessment,C045,Skimmianine,achiral_identity_resolved,raulinoa2002,raulinoa2002|C045,agar_contact,coarse_visual_growth,Assay refers to Pagnocca1990; actual conditions not repeated.,Not restated; referred protocol.,One nest; molecular strain and independence from related laboratory papers unresolved.,100,raulinoa2002|agar_contact|coarse_visual_growth|100|Not restated; do not assume the exact duration of the cited protocol.,False,Insufficient independent comparable compounds in each endpoint/exposure block; see feasibility report. No pooling across endpoint types.,True,inhibition_at_tested_dose
M012,raulinoa2002,Kokusaginine,pure_compound,2,Raulinoa echinata,Stems; also detected in leaves,50,µg/mL,50,growth_inhibition,=,20,percent,,20,,,,Atta sexdens,Leucoagaricus gongylophorus (Rozites gongylophora),Not restated; do not assume the exact duration of the cited protocol.,Within-study dose-conditioned response; no fitted potency implied,"Additional original-table transcription for compound assessment; not part of original 149 rows. Only numeric compound cells extracted. Dashes are unspecified, not zero; NT is not tested. Related thesis not counted again.","Only numeric compound cells extracted. Dashes are unspecified, not zero; NT is not tested. Related thesis not counted again.",PDF 3 / printed 68; Table 1,https://doi.org/10.1590/S0103-50532002000100010,sources/raulinoa2002.pdf,raulinoa2002,agar_contact,Table concentration; detailed assay referred to prior protocol,,,raulinoa2002|Kokusaginine,compound_assessment,C046,Kokusaginine,achiral_identity_resolved,raulinoa2002,raulinoa2002|C046,agar_contact,coarse_visual_growth,Assay refers to Pagnocca1990; actual conditions not repeated.,Not restated; referred protocol.,One nest; molecular strain and independence from related laboratory papers unresolved.,50,raulinoa2002|agar_contact|coarse_visual_growth|50|Not restated; do not assume the exact duration of the cited protocol.,False,Insufficient independent comparable compounds in each endpoint/exposure block; see feasibility report. No pooling across endpoint types.,True,inhibition_at_tested_dose
M013,raulinoa2002,Kokusaginine,pure_compound,2,Raulinoa echinata,Stems; also detected in leaves,100,µg/mL,100,growth_inhibition,=,100,percent,,100,,,,Atta sexdens,Leucoagaricus gongylophorus (Rozites gongylophora),Not restated; do not assume the exact duration of the cited protocol.,Within-study dose-conditioned response; no fitted potency implied,"Additional original-table transcription for compound assessment; not part of original 149 rows. Only numeric compound cells extracted. Dashes are unspecified, not zero; NT is not tested. Related thesis not counted again.","Only numeric compound cells extracted. Dashes are unspecified, not zero; NT is not tested. Related thesis not counted again.",PDF 3 / printed 68; Table 1,https://doi.org/10.1590/S0103-50532002000100010,sources/raulinoa2002.pdf,raulinoa2002,agar_contact,Table concentration; detailed assay referred to prior protocol,,,raulinoa2002|Kokusaginine,compound_assessment,C046,Kokusaginine,achiral_identity_resolved,raulinoa2002,raulinoa2002|C046,agar_contact,coarse_visual_growth,Assay refers to Pagnocca1990; actual conditions not repeated.,Not restated; referred protocol.,One nest; molecular strain and independence from related laboratory papers unresolved.,100,raulinoa2002|agar_contact|coarse_visual_growth|100|Not restated; do not assume the exact duration of the cited protocol.,False,Insufficient independent comparable compounds in each endpoint/exposure block; see feasibility report. No pooling across endpoint types.,True,inhibition_at_tested_dose
M014,raulinoa2002,Maculine,pure_compound,3,Raulinoa echinata,Stems; also detected in leaves,50,µg/mL,50,growth_inhibition,=,10,percent,,10,,,,Atta sexdens,Leucoagaricus gongylophorus (Rozites gongylophora),Not restated; do not assume the exact duration of the cited protocol.,Within-study dose-conditioned response; no fitted potency implied,"Additional original-table transcription for compound assessment; not part of original 149 rows. Only numeric compound cells extracted. Dashes are unspecified, not zero; NT is not tested. Related thesis not counted again.","Only numeric compound cells extracted. Dashes are unspecified, not zero; NT is not tested. Related thesis not counted again.",PDF 3 / printed 68; Table 1,https://doi.org/10.1590/S0103-50532002000100010,sources/raulinoa2002.pdf,raulinoa2002,agar_contact,Table concentration; detailed assay referred to prior protocol,,,raulinoa2002|Maculine,compound_assessment,C047,Maculine,achiral_identity_resolved,raulinoa2002,raulinoa2002|C047,agar_contact,coarse_visual_growth,Assay refers to Pagnocca1990; actual conditions not repeated.,Not restated; referred protocol.,One nest; molecular strain and independence from related laboratory papers unresolved.,50,raulinoa2002|agar_contact|coarse_visual_growth|50|Not restated; do not assume the exact duration of the cited protocol.,False,Insufficient independent comparable compounds in each endpoint/exposure block; see feasibility report. No pooling across endpoint types.,True,inhibition_at_tested_dose
M015,raulinoa2002,Maculine,pure_compound,3,Raulinoa echinata,Stems; also detected in leaves,100,µg/mL,100,growth_inhibition,=,50,percent,,50,,,,Atta sexdens,Leucoagaricus gongylophorus (Rozites gongylophora),Not restated; do not assume the exact duration of the cited protocol.,Within-study dose-conditioned response; no fitted potency implied,"Additional original-table transcription for compound assessment; not part of original 149 rows. Only numeric compound cells extracted. Dashes are unspecified, not zero; NT is not tested. Related thesis not counted again.","Only numeric compound cells extracted. Dashes are unspecified, not zero; NT is not tested. Related thesis not counted again.",PDF 3 / printed 68; Table 1,https://doi.org/10.1590/S0103-50532002000100010,sources/raulinoa2002.pdf,raulinoa2002,agar_contact,Table concentration; detailed assay referred to prior protocol,,,raulinoa2002|Maculine,compound_assessment,C047,Maculine,achiral_identity_resolved,raulinoa2002,raulinoa2002|C047,agar_contact,coarse_visual_growth,Assay refers to Pagnocca1990; actual conditions not repeated.,Not restated; referred protocol.,One nest; molecular strain and independence from related laboratory papers unresolved.,100,raulinoa2002|agar_contact|coarse_visual_growth|100|Not restated; do not assume the exact duration of the cited protocol.,False,Insufficient independent comparable compounds in each endpoint/exposure block; see feasibility report. No pooling across endpoint types.,True,inhibition_at_tested_dose
M016,raulinoa2002,Flindersiamine,pure_compound,4,Raulinoa echinata,Stems,100,µg/mL,100,growth_inhibition,=,50,percent,,50,,,,Atta sexdens,Leucoagaricus gongylophorus (Rozites gongylophora),Not restated; do not assume the exact duration of the cited protocol.,Within-study dose-conditioned response; no fitted potency implied,"Additional original-table transcription for compound assessment; not part of original 149 rows. Only numeric compound cells extracted. Dashes are unspecified, not zero; NT is not tested. Related thesis not counted again.","Only numeric compound cells extracted. Dashes are unspecified, not zero; NT is not tested. Related thesis not counted again.",PDF 3 / printed 68; Table 1,https://doi.org/10.1590/S0103-50532002000100010,sources/raulinoa2002.pdf,raulinoa2002,agar_contact,Table concentration; detailed assay referred to prior protocol,,,raulinoa2002|Flindersiamine,compound_assessment,C048,Flindersiamine,achiral_identity_resolved,raulinoa2002,raulinoa2002|C048,agar_contact,coarse_visual_growth,Assay refers to Pagnocca1990; actual conditions not repeated.,Not restated; referred protocol.,One nest; molecular strain and independence from related laboratory papers unresolved.,100,raulinoa2002|agar_contact|coarse_visual_growth|100|Not restated; do not assume the exact duration of the cited protocol.,False,Insufficient independent comparable compounds in each endpoint/exposure block; see feasibility report. No pooling across endpoint types.,True,inhibition_at_tested_dose
M017,raulinoa2002,2-n-Nonyl-4-quinolone,pure_compound,5,Raulinoa echinata,Leaves,50,µg/mL,50,growth_inhibition,=,20,percent,,20,,,,Atta sexdens,Leucoagaricus gongylophorus (Rozites gongylophora),Not restated; do not assume the exact duration of the cited protocol.,Within-study dose-conditioned response; no fitted potency implied,"Additional original-table transcription for compound assessment; not part of original 149 rows. Only numeric compound cells extracted. Dashes are unspecified, not zero; NT is not tested. Related thesis not counted again.","Only numeric compound cells extracted. Dashes are unspecified, not zero; NT is not tested. Related thesis not counted again.",PDF 3 / printed 68; Table 1,https://doi.org/10.1590/S0103-50532002000100010,sources/raulinoa2002.pdf,raulinoa2002,agar_contact,Table concentration; detailed assay referred to prior protocol,,,raulinoa2002|2-n-Nonyl-4-quinolone,compound_assessment,C049,2-n-Nonyl-4-quinolone,achiral_identity_resolved,raulinoa2002,raulinoa2002|C049,agar_contact,coarse_visual_growth,Assay refers to Pagnocca1990; actual conditions not repeated.,Not restated; referred protocol.,One nest; molecular strain and independence from related laboratory papers unresolved.,50,raulinoa2002|agar_contact|coarse_visual_growth|50|Not restated; do not assume the exact duration of the cited protocol.,False,Insufficient independent comparable compounds in each endpoint/exposure block; see feasibility report. No pooling across endpoint types.,True,inhibition_at_tested_dose
M018,raulinoa2002,2-n-Nonyl-4-quinolone,pure_compound,5,Raulinoa echinata,Leaves,100,µg/mL,100,growth_inhibition,=,50,percent,,50,,,,Atta sexdens,Leucoagaricus gongylophorus (Rozites gongylophora),Not restated; do not assume the exact duration of the cited protocol.,Within-study dose-conditioned response; no fitted potency implied,"Additional original-table transcription for compound assessment; not part of original 149 rows. Only numeric compound cells extracted. Dashes are unspecified, not zero; NT is not tested. Related thesis not counted again.","Only numeric compound cells extracted. Dashes are unspecified, not zero; NT is not tested. Related thesis not counted again.",PDF 3 / printed 68; Table 1,https://doi.org/10.1590/S0103-50532002000100010,sources/raulinoa2002.pdf,raulinoa2002,agar_contact,Table concentration; detailed assay referred to prior protocol,,,raulinoa2002|2-n-Nonyl-4-quinolone,compound_assessment,C049,2-n-Nonyl-4-quinolone,achiral_identity_resolved,raulinoa2002,raulinoa2002|C049,agar_contact,coarse_visual_growth,Assay refers to Pagnocca1990; actual conditions not repeated.,Not restated; referred protocol.,One nest; molecular strain and independence from related laboratory papers unresolved.,100,raulinoa2002|agar_contact|coarse_visual_growth|100|Not restated; do not assume the exact duration of the cited protocol.,False,Insufficient independent comparable compounds in each endpoint/exposure block; see feasibility report. No pooling across endpoint types.,True,inhibition_at_tested_dose
M019,napal2015,Argentilactone,pure_compound,Argentilactona,Aristolochia argentina,Aerial parts,,,,MIC,=,0.9,µg/mL,,,,,,Acromyrmex lundi,Leucoagaricus gongylophorus; morphology/gongylidia,MIC incubation duration not clearly restated separately from 48-hour TLC screen; do not inherit automatically.,Reported MIC; preserve endpoint and source protocol,Additional original-table transcription for compound assessment; not part of original 149 rows. One natural-product MIC plus reference fungicide; no negative pure-compound set. Ant IC50 is a different endpoint and excluded here.,One natural-product MIC plus reference fungicide; no negative pure-compound set. Ant IC50 is a different endpoint and excluded here.,PDF 4 / printed 278; Table 2 and Figure 1,https://doi.org/10.1016/j.indcrop.2015.07.001,sources/napal2015.pdf,napal2015,broth_contact,Final concentration explicitly stated in methods,,,napal2015|Argentilactone,compound_assessment,C050,Argentilactone,stereochemistry_or_identity_review,napal2015,napal2015|C050,broth_contact,MIC,Glucose-mineral salts broth microdilution; 2% final acetone.,Inoculum with/without 2% acetone; carbendazin positive control; triplicate.,One colony; six garden fragments do not establish six independent strains.,,napal2015|broth_contact|MIC||MIC incubation duration not clearly restated separately from 48-hour TLC screen; do not inherit automatically.,False,Insufficient independent comparable compounds in each endpoint/exposure block; see feasibility report. No pooling across endpoint types.,False,reported_concentration_endpoint
M020,napal2015,Carbendazim,reference_compound,Carbendazin [as printed],Not applicable,Commercial reference,,,,MIC,=,0.12,µg/mL,,,,,,Acromyrmex lundi,Leucoagaricus gongylophorus; morphology/gongylidia,MIC incubation duration not clearly restated separately from 48-hour TLC screen; do not inherit automatically.,Reported MIC; preserve endpoint and source protocol,Additional original-table transcription for compound assessment; not part of original 149 rows. One natural-product MIC plus reference fungicide; no negative pure-compound set. Ant IC50 is a different endpoint and excluded here.,One natural-product MIC plus reference fungicide; no negative pure-compound set. Ant IC50 is a different endpoint and excluded here.,PDF 4 / printed 278; Table 2 and Figure 1,https://doi.org/10.1016/j.indcrop.2015.07.001,sources/napal2015.pdf,napal2015,broth_contact,Final concentration explicitly stated in methods,,,napal2015|Carbendazim,compound_assessment,C051,Carbendazim,achiral_identity_resolved,napal2015,napal2015|C051,broth_contact,MIC,Glucose-mineral salts broth microdilution; 2% final acetone.,Inoculum with/without 2% acetone; carbendazin positive control; triplicate.,One colony; six garden fragments do not establish six independent strains.,,napal2015|broth_contact|MIC||MIC incubation duration not clearly restated separately from 48-hour TLC screen; do not inherit automatically.,False,Insufficient independent comparable compounds in each endpoint/exposure block; see feasibility report. No pooling across endpoint types.,True,reported_concentration_endpoint
