paper_id,title,authors,indexed_year,doi,semantic_scholar_url,open_access_url,query_ids,status
003f1ecd8550d010219b90ee25c6410ac3f75141,Spatio-temporal learning in a mass-recruiting leaf-cutting ant (Acromyrmex subterraneus),Fernanda Tiemi Nakashima Ferreira; P. B. Constantino; Marcelo Arruda Fiuza de Toledo; A. Helene,2024,10.1101/2024.06.12.598721,https://www.semanticscholar.org/paper/003f1ecd8550d010219b90ee25c6410ac3f75141,http://dx.doi.org/10.1101/2024.06.12.598721,"1,2",Discovery metadata; not a validated inclusion or toxicity claim
00bc4708aeecfb9f6d8c0a2752b4de7e2d01b239,Consecuencias demográficas del sitio de nidificación en la hormiga cortadora de hojas Acromyrmex lobicornis: un enfoque utilizando modelos matriciales,Alejandro G. Farji-Brener; M. De-Torres-Curth; Paula Casanovas; P. Naim,2003,,https://www.semanticscholar.org/paper/00bc4708aeecfb9f6d8c0a2752b4de7e2d01b239,,"1,2",Discovery metadata; not a validated inclusion or toxicity claim
00e74b879576666378031aae12e90a9cd92e311a,Energetics of Locomotion and Load Carriage and a Model of the Energy Cost of Foraging in the Leaf-Cutting Ant Atta colombica Guer,J. Lighton; G. Bartholomew; D. Feener,1987,10.1086/physzool.60.5.30156127,https://www.semanticscholar.org/paper/00e74b879576666378031aae12e90a9cd92e311a,,"1,3",Discovery metadata; not a validated inclusion or toxicity claim
010bf238dc57e72a69f42aa6abffc672b495f2ca,"Hybienic behavior, liquid-foraging, and trophallaxis in the leafcutting ants, Acromyrmex subterraneus and Acromyrmex",Freddie-Jeanne Richard; C. Errard,2009,,https://www.semanticscholar.org/paper/010bf238dc57e72a69f42aa6abffc672b495f2ca,,"1,2",Discovery metadata; not a validated inclusion or toxicity claim
0131b80687813c38d6e0ff566c0b036f382618f1,Metabolização de xenobióticos e produção de bioinseticidas por bactérias associadas a insetos,Luís Gustavo de Almeida,2018,10.11606/T.11.2018.TDE-11102018-102026,https://www.semanticscholar.org/paper/0131b80687813c38d6e0ff566c0b036f382618f1,http://www.teses.usp.br/teses/disponiveis/11/11146/tde-11102018-102026/publico/Luis_Gustavo_de_Almeida.pdf,"1,2",Discovery metadata; not a validated inclusion or toxicity claim
017bef2448e19035820368a9799f8f221a5334c5,Delayed rejection in a leaf-cutting ant after foraging on plants unsuitable for the symbiotic fungus,H. Herz; B. Hölldobler; F. Roces,2008,10.1093/BEHECO/ARN016,https://www.semanticscholar.org/paper/017bef2448e19035820368a9799f8f221a5334c5,https://academic.oup.com/beheco/article-pdf/19/3/575/17278976/arn016.pdf,"1,2",Discovery metadata; not a validated inclusion or toxicity claim
0181defbcd4e02ab57b07fcb07e4aa047871b8e5,Fitness consequences of cooperative colony founding in the desert leaf-cutter ant Acromyrmex versicolor,S. Cahan; Glennis E. Julian,1999,10.1093/BEHECO/10.5.585,https://www.semanticscholar.org/paper/0181defbcd4e02ab57b07fcb07e4aa047871b8e5,,"1,2",Discovery metadata; not a validated inclusion or toxicity claim
0196c4082cccad2d866157fa8d92741022e2c42d,"Starch metabolism in Leucoagaricus gongylophorus, the symbiotic fungus of leaf-cutting ants.",Aline Silva; M. Bacci; F. C. Pagnocca; O. Bueno; M. Hebling,2006,10.1016/J.MICRES.2005.11.001,https://www.semanticscholar.org/paper/0196c4082cccad2d866157fa8d92741022e2c42d,https://www.sciencedirect.com/science/article/pii/S0944501305001187/pdf,"1,3,9",Discovery metadata; not a validated inclusion or toxicity claim
01b020cfa11d6bde86393d039bebf6a7103dc52d,Spatial Distribution and Fruiting Phenology of Protium heptaphyllum (Burseraceae) Determine the Design of the Underground Foraging System of Atta sexdens L. (Hymenoptera: Formicidae),Ps Silva; I. Leal; R. Wirth; M. Tabarelli,2012,10.1007/s13744-012-0052-x,https://www.semanticscholar.org/paper/01b020cfa11d6bde86393d039bebf6a7103dc52d,,"1,3",Discovery metadata; not a validated inclusion or toxicity claim
01e17fe0cc331ee5ac2ca4063e6bf8674eb85807,Decomposition rates of spent fungal refuse of Atta sexdens (Hymenoptera: Formicidae) and implications for estimating forage intake by leaf-cutting ants,H. Fowler; M. Schlindwein; L. C. Forti,1994,10.1016/s0031-4056(24)00130-6,https://www.semanticscholar.org/paper/01e17fe0cc331ee5ac2ca4063e6bf8674eb85807,https://doi.org/10.1016/s0031-4056(24)00130-6,"1,3",Discovery metadata; not a validated inclusion or toxicity claim
023cf44c44d7c2cd9be133f59ea811e80259f71c,"Effects of substrate, ant and fungal species on plant fiber degradation in a fungus-gardening ant symbiosis.",Alexandria DeMilto; M. Rouquette; U. Mueller; K. Kellner; J. Seal,2017,10.1016/j.jinsphys.2017.02.001,https://www.semanticscholar.org/paper/023cf44c44d7c2cd9be133f59ea811e80259f71c,,"1,2,3,8,9",Discovery metadata; not a validated inclusion or toxicity claim
025aba72c7572ed7733f22bf6e678d6e69ec1076,"Welcome to the
 Atta
 world: A framework for understanding the effects of leaf‐cutter ants on ecosystem functions",A. Swanson; L. Schwendenmann; M. Allen; E. Aronson; A. Artavia-León; D. Dierick; A. S. Fernandez-Bou; T. Harmon; Catalina MURILLO-CRUZ; S. Oberbauer; A. Pinto-Tomás; P. Rundel; T. Zelikova,2019,10.1111/1365-2435.13319,https://www.semanticscholar.org/paper/025aba72c7572ed7733f22bf6e678d6e69ec1076,https://besjournals.onlinelibrary.wiley.com/doi/pdfdirect/10.1111/1365-2435.13319,1,Discovery metadata; not a validated inclusion or toxicity claim
030f843f09ac7372a1807e58e73b2b84b54f6630,Extended phenotypes and foraging restrictions: ant nest entrances and resource ingress in leaf‐cutting ants,L. Rodríguez-Planes; A. Farji-Brener,2019,10.1111/btp.12630,https://www.semanticscholar.org/paper/030f843f09ac7372a1807e58e73b2b84b54f6630,http://hdl.handle.net/11336/103697,"1,3",Discovery metadata; not a validated inclusion or toxicity claim
0322f36d6b3e41404deb8d65795cae7550c24b9d,Past and Current Strategies for the Control of Leaf-Cutting Ants in Brazil,Terezinha Maria Castro Della Lucia; K. D. Amaral,2020,10.1007/978-3-030-35143-4_3,https://www.semanticscholar.org/paper/0322f36d6b3e41404deb8d65795cae7550c24b9d,,"1,2",Discovery metadata; not a validated inclusion or toxicity claim
036a48f5061adc435ad58aa0f0eea8d48a4932ef,"Mechanisms affecting load size determination inAtta cephalotes L. (Hymenoptera, Formicidae)",J. Breda; D. J. Stradling,1994,10.1007/BF01240645,https://www.semanticscholar.org/paper/036a48f5061adc435ad58aa0f0eea8d48a4932ef,,1,Discovery metadata; not a validated inclusion or toxicity claim
0381de9c6850f4116c439745619dff2d2501b5a1,Sampling of Leaf-Cutting Ant Nests (Hymenoptera: Formicidae) in Eucalyptus Plantations Using Quadrant and Prodan Methods,Marcelo de Almeida Reis; R. Zanetti; J. Scolforo; Maria Zélia Ferreira; J. Zanuncio,2008,,https://www.semanticscholar.org/paper/0381de9c6850f4116c439745619dff2d2501b5a1,,1,Discovery metadata; not a validated inclusion or toxicity claim
03fbb06f3b863a0b8807a2870ac65bf3d2a6c529,Working in the rain? Why leaf-cutting ants stop foraging when it’s raining,A. Farji-Brener; M. C. Dalton; U. Balza; A. Courtis; I. Lemus-Domínguez; R. Fernandez‐Hilario; D. Cáceres-Levi,2018,10.1007/s00040-018-0605-z,https://www.semanticscholar.org/paper/03fbb06f3b863a0b8807a2870ac65bf3d2a6c529,,1,Discovery metadata; not a validated inclusion or toxicity claim
047c5b602aba3fa02ab55046fc17acdf55451583,EVOLUTIONARY TRANSITIONS IN ENZYME ACTIVITY OF ANT FUNGUS GARDENS,H. H. De Fine Licht; M. Schiøtt; U. Mueller; J. Boomsma,2010,10.1111/j.1558-5646.2010.00948.x,https://www.semanticscholar.org/paper/047c5b602aba3fa02ab55046fc17acdf55451583,https://lup.lub.lu.se/record/1970616,1,Discovery metadata; not a validated inclusion or toxicity claim
0484702c3bfc0bf4e6ea6b0856e09e47b4c364ed,Editorial,E. Kothe,2014,10.1002/jobm.201470303,https://www.semanticscholar.org/paper/0484702c3bfc0bf4e6ea6b0856e09e47b4c364ed,,1,Discovery metadata; not a validated inclusion or toxicity claim
048ff8e9842ea5bc7b72ac79f9018435b03fb173,The relevance of ants as seed rescuers of a primarily bird-dispersed tree in the Neotropical cerrado savanna,A. Christianini; P. S. Oliveira,2009,10.1007/s00442-009-1349-2,https://www.semanticscholar.org/paper/048ff8e9842ea5bc7b72ac79f9018435b03fb173,,1,Discovery metadata; not a validated inclusion or toxicity claim
04b47af16ff06c57d90ab30dee6982835d96dbbb,When and how obstacle size and the number of foragers affect clearing a foraging trail in leaf-cutting ants,A. M. Alma; A. Farji-Brener; L. Elizalde,2019,10.1007/s00040-018-00680-x,https://www.semanticscholar.org/paper/04b47af16ff06c57d90ab30dee6982835d96dbbb,http://hdl.handle.net/11336/122103,"1,3",Discovery metadata; not a validated inclusion or toxicity claim
051b9e8c54068d5d092d7e2d4791b2ecbfda3028,Plant–Animal Interactions in the Caatinga: Overview and Perspectives,I. Leal; A. Lopes; I. Machado; M. Tabarelli,2017,10.1007/978-3-319-68339-3_9,https://www.semanticscholar.org/paper/051b9e8c54068d5d092d7e2d4791b2ecbfda3028,,1,Discovery metadata; not a validated inclusion or toxicity claim
057e797a0959d5e4c734e303275122827f4d6e76,"Dispersal of Schinus fasciculatus seeds by the leaf-cutting ant Acromyrmex striatus in a shrubland of the dry Chaco, Argentina",R. O. Varela; T. C. Perera,2003,10.1017/S0266467403003109,https://www.semanticscholar.org/paper/057e797a0959d5e4c734e303275122827f4d6e76,,"1,2",Discovery metadata; not a validated inclusion or toxicity claim
059d573b187a1eb9960b521caf5f86751b8dde2d,Why Do Leaf-Cutting Ants (Hymenoptera: Formicidae) Change Their Foraging Pattern?,L. Sousa‐Souto; J. Schoereder; E. Lima,2008,,https://www.semanticscholar.org/paper/059d573b187a1eb9960b521caf5f86751b8dde2d,,"1,3",Discovery metadata; not a validated inclusion or toxicity claim
05a4b9ff96178409d509413a6c08a9721526a69f,Book review,F. Messina,2005,10.1007/BF01058201,https://www.semanticscholar.org/paper/05a4b9ff96178409d509413a6c08a9721526a69f,,1,Discovery metadata; not a validated inclusion or toxicity claim
05e6b079f63e18da2b7e4ed71ed2352d285bbf3c,"The Leaf-Cutting ant Atta Sexdens rubropilosa, FOREL, 1908 Prefers Drier Chambers for Garbage Disposal",P. Ribeiro; C. Navas,2007,10.1007/s10905-006-9052-1,https://www.semanticscholar.org/paper/05e6b079f63e18da2b7e4ed71ed2352d285bbf3c,,1,Discovery metadata; not a validated inclusion or toxicity claim
05ff664ec223d58962fb78a23ce78dbba0af29ac,"Priority rules govern the organization of traffic on foraging trails in the leaf-cutting ant Atta colombica (Hymenoptera, Formicidae)",A. Dussutour; S. Beshers; J. Deneubourg; V. Fourcassié,2009,,https://www.semanticscholar.org/paper/05ff664ec223d58962fb78a23ce78dbba0af29ac,,"1,3",Discovery metadata; not a validated inclusion or toxicity claim
0653d5fc3931dab25f3a2eeed9181c31f241d18c,Does increased contact rate increase foraging efficiency in leaf-cutting ant?,S. Bouchebti; L. C. Forti; A. Dussutour; V. Fourcassié,2014,,https://www.semanticscholar.org/paper/0653d5fc3931dab25f3a2eeed9181c31f241d18c,,1,Discovery metadata; not a validated inclusion or toxicity claim
07347ad8ee1e8845242cb6be0593b085e0101d44,Efeito da fragmentação florestal nas taxas de herbivoria da formiga cortadeira Atta cephalotes,Manoel Austregésilo de Araújo Junior,2004,,https://www.semanticscholar.org/paper/07347ad8ee1e8845242cb6be0593b085e0101d44,,"1,3",Discovery metadata; not a validated inclusion or toxicity claim
073741159b7dad92bdb75cd9d53d98fc69423f8e,Wingless virgin queens assume helper roles in Acromyrmex leaf-cutting ants.,Volker Nehring; J. Boomsma; P. D’ettorre,2012,10.1016/j.cub.2012.06.038,https://www.semanticscholar.org/paper/073741159b7dad92bdb75cd9d53d98fc69423f8e,https://freidok.uni-freiburg.de/files/10706/6fau3w-LC2NEl57V/Wingless+virgin+queens.pdf,"1,2,10",Discovery metadata; not a validated inclusion or toxicity claim
075ec53e67f62c5108ec3c78c172ce3e6a0df20a,Alternative Control of the Leaf-Cutting Ant Atta bisphaerica Forel (Hymenoptera: Formicidae) Via Homeopathic Baits,V. M. Ramos; F. Cunha; K. Kuhn; Rafael Gervasoni Ferreira Leite; Wellington Franckievicz Roma,2013,10.13102/SOCIOBIOLOGY.V60I2.145-149,https://www.semanticscholar.org/paper/075ec53e67f62c5108ec3c78c172ce3e6a0df20a,https://doi.org/10.13102/sociobiology.v60i2.145-149,"1,4",Discovery metadata; not a validated inclusion or toxicity claim
07b0298b2021dc51ec59039230c122a62a5e9713,Seed transport and removal of the elaiosome of Mabea fistulifera by workers of Atta sexdens rubropilosa (Hymenoptera: Formicidae).,Ethel Fernandes de Oliveira Peternelli; T. M. D. Lucia; L. Peternelli; N. C. Moreira,2009,,https://www.semanticscholar.org/paper/07b0298b2021dc51ec59039230c122a62a5e9713,,"1,3",Discovery metadata; not a validated inclusion or toxicity claim
07e66f8b83f4b44ec2a0f484eab1fc3c4802be39,"Integrating the host plant phylogeny, plant traits, intraspecific competition and repeated measures using a phylogenetic mixed model of field behaviour by polyphagous herbivores, the leaf-cutting ants",M. Weerathunga; Alexander S. Mikheyev,2019,10.1101/854471,https://www.semanticscholar.org/paper/07e66f8b83f4b44ec2a0f484eab1fc3c4802be39,https://www.biorxiv.org/content/biorxiv/early/2019/11/25/854471.full.pdf,"1,3",Discovery metadata; not a validated inclusion or toxicity claim
080722ac245a96b02facc24de30c999a037b4ac7,"An Integrative Approach With Cytogenetic and Molecular Data of the Leaf‐Cutting Ant Acromyrmex hystrix (Latreille, 1802) Highlights a Notably Derived Karyotype in the Genus",L. Barros; G. Teixeira; Hugo de Azevedo Werneck; S. Etienne; Jérôme Orivel; Hilton Jeferson Alves Cardoso de Aguiar,2025,10.1111/zsc.70007,https://www.semanticscholar.org/paper/080722ac245a96b02facc24de30c999a037b4ac7,https://hal.science/hal-05468439,1,Discovery metadata; not a validated inclusion or toxicity claim
0864f0ab8e9188d5de6e7ad9a9ab65a09aecc013,Interspecific Repellent Effect of Hydroalcoholic Solution of Nest Refuse from Two Leaf-cutter Ant Species,L. Sousa‐Souto; B. Ambrogi; R. S. Santos,2023,10.13102/sociobiology.v70i3.8701,https://www.semanticscholar.org/paper/0864f0ab8e9188d5de6e7ad9a9ab65a09aecc013,https://periodicos.uefs.br/index.php/sociobiology/article/download/8701/8513,"1,2,4",Discovery metadata; not a validated inclusion or toxicity claim
0880daba7182acfda65363b571729896f4c6b37d,Effects of Concentrations of Azadirachtin Oil on Mortality and Post-Exposure Time of Atta mexicana1 Leaf-Cutter Worker Ants,E. Presa-Parra; C. Llarena-Hernández; Ricardo Serna-Lagunes; Gregorio Briones-Ruiz; A. Herrera-Solano; Rosalía Núñez-Pastrana; M. García-Martínez,2021,10.3958/059.046.0108,https://www.semanticscholar.org/paper/0880daba7182acfda65363b571729896f4c6b37d,,"1,3",Discovery metadata; not a validated inclusion or toxicity claim
08b0c62af9f021b5d516432c6738db26551204f7,Neural investment patterns reflect task specialization in the leaf-cutting ant Acromyrmex subterraneus,L. Valadares; Heiko G. Rödel; P. d’Ettorre; J. Sandoz,2026,10.1016/j.isci.2026.114820,https://www.semanticscholar.org/paper/08b0c62af9f021b5d516432c6738db26551204f7,https://doi.org/10.1016/j.isci.2026.114820,"1,2",Discovery metadata; not a validated inclusion or toxicity claim
08e918e1816db5dd3a81e2148ae89f526305235d,"Differential parasitism by four species of phorid flies when attacking three worker castes of the leaf-cutting ant Atta laevigata (Smith, 1858)",M. L. O. Souza; Rafael J. Oliveira; D. J. Souza; R. Samuels; M. Bragança,2021,10.1371/journal.pone.0250973,https://www.semanticscholar.org/paper/08e918e1816db5dd3a81e2148ae89f526305235d,https://journals.plos.org/plosone/article/file?id=10.1371/journal.pone.0250973&type=printable,"1,3",Discovery metadata; not a validated inclusion or toxicity claim
08fb5fa892f0dd212b814d6538ed7e464f5db298,The effect of wilting on the selection of leaves by the leaf‐cutting ant Atta laevigata,H. Vasconcelos; J. M. Cherrett,1996,10.1111/j.1570-7458.1996.tb00784.x,https://www.semanticscholar.org/paper/08fb5fa892f0dd212b814d6538ed7e464f5db298,,"1,3",Discovery metadata; not a validated inclusion or toxicity claim
092e1e3832630f0b651c81e5fdbe1f45d6222e51,Amino acid and chitin controlled Ca-Mg carbonate precipitation,Gabriela Farfan; Yihang Fang; Huifang Xu; Seungyeol Lee,2023,10.7185/gold2023.18615,https://www.semanticscholar.org/paper/092e1e3832630f0b651c81e5fdbe1f45d6222e51,https://goldschmidtabstracts.info/2023/18615.pdf,1,Discovery metadata; not a validated inclusion or toxicity claim
092f2bf1b3e83e758d3c4b64247a12c92667f2d9,Symbiotic adaptations in the fungal cultivar of leaf-cutting ants,H. H. De Fine Licht; J. Boomsma; A. Tunlid,2014,10.1038/ncomms6675,https://www.semanticscholar.org/paper/092f2bf1b3e83e758d3c4b64247a12c92667f2d9,https://www.nature.com/articles/ncomms6675.pdf,"1,9",Discovery metadata; not a validated inclusion or toxicity claim
0935268b82d1cf5d224f167c46281e9adac89b24,Laccase detoxification mediates the nutritional alliance between leaf-cutting ants and fungus-garden symbionts,Henrik H. De Fine Licht; M. Schiøtt; A. Rogowska-Wrzesińska; S. Nygaard; P. Roepstorff; J. Boomsma,2012,10.1073/pnas.1212709110,https://www.semanticscholar.org/paper/0935268b82d1cf5d224f167c46281e9adac89b24,https://www.ncbi.nlm.nih.gov/pmc/articles/3545816,"1,2,9",Discovery metadata; not a validated inclusion or toxicity claim
0944db5960a5ccc58637a1ff5d2d0a62405982c9,Foraging and Nesting Behavior of Leafcutter Ants ( Atta cephalotes ) in a Tropical Secondary Forest,J. Carson,2019,,https://www.semanticscholar.org/paper/0944db5960a5ccc58637a1ff5d2d0a62405982c9,,"1,3,6",Discovery metadata; not a validated inclusion or toxicity claim
095b59c34594c42983513919a3cd8a3cd8c7fc10,Parasitism of the leaf‐cutting ant Atta bisphaerica by phorid flies: biology and seasonal and inter‐colonial parasitism rates,M. Bragança; Hendria C. Martins; Rafael J. Oliveira; T. Della Lucia,2021,10.1111/eea.13020,https://www.semanticscholar.org/paper/095b59c34594c42983513919a3cd8a3cd8c7fc10,,"1,4",Discovery metadata; not a validated inclusion or toxicity claim
0995ec28e7fb3d201c135abaf8b3c217ce98d57e,Co-evolution and the superorganism: switching cultivars does not alter the performance of fungus-gardening ant colonies,J. Seal; W. Tschinkel,2007,10.1111/J.1365-2435.2007.01294.X,https://www.semanticscholar.org/paper/0995ec28e7fb3d201c135abaf8b3c217ce98d57e,https://onlinelibrary.wiley.com/doi/pdfdirect/10.1111/j.1365-2435.2007.01294.x,"1,3,10",Discovery metadata; not a validated inclusion or toxicity claim
09c839721d18e3c030395be87c751d0e283e6264,"Small-scale disturbances spread along trophic chains: leaf-cutting ant nests, plants, aphids, and tending ants",A. Farji-Brener; E. Gianoli; M. Molina‐Montenegro,2008,10.1007/s11284-008-0491-3,https://www.semanticscholar.org/paper/09c839721d18e3c030395be87c751d0e283e6264,http://americanae.aecid.es/americanae/es/registros/registro.do?tipoRegistro=MTD&idBib=3452081,1,Discovery metadata; not a validated inclusion or toxicity claim
09fed7367612c974b3cc27871557ed7f021a836f,Production and characterization of Ligninolytic enzymes by Leucoagaricus gongylophorus fungus,Ike,2013,,https://www.semanticscholar.org/paper/09fed7367612c974b3cc27871557ed7f021a836f,,"1,9",Discovery metadata; not a validated inclusion or toxicity claim
0a21b9e2e6b2eb76389489a333d8da82419d1325,Communication or Toxicity: What Is the Effect of Cycloheximide on Leaf-Cutting Ant Workers?,Kátia Kaelly Andrade Sousa; Roberto da Silva Camargo; L. C. Forti,2017,10.3390/insects8040126,https://www.semanticscholar.org/paper/0a21b9e2e6b2eb76389489a333d8da82419d1325,https://www.mdpi.com/2075-4450/8/4/126/pdf?version=1513587493,1,Discovery metadata; not a validated inclusion or toxicity claim
0a8a445ae97f5ba2e5b19f8314b68539187df9e6,Efeito do óleo essencial das folhas de Drimys angustifolia em colônias de Acromyrmex spp. em plantio de Pinus taeda,C. Meneghetti; R. Rebelo; M. Vitorino,2015,10.5380/RF.V45I4.37111,https://www.semanticscholar.org/paper/0a8a445ae97f5ba2e5b19f8314b68539187df9e6,https://revistas.ufpr.br/floresta/article/download/37111/26950,"1,2",Discovery metadata; not a validated inclusion or toxicity claim
0a925f1b7b1dd0a7af194dca07e23cfd94c1f6cd,Symbiotic fungi alter plant chemistry that discourages leaf-cutting ants.,C. Estrada; W. Wcislo; Sunshine A. Van Bael,2013,10.1111/nph.12140,https://www.semanticscholar.org/paper/0a925f1b7b1dd0a7af194dca07e23cfd94c1f6cd,https://onlinelibrary.wiley.com/doi/pdfdirect/10.1111/nph.12140,1,Discovery metadata; not a validated inclusion or toxicity claim
0ace6602de6cb33628b4b722b99af64a5cdd0882,"Parasitism, sexual dimorphism and effect of host size on Apocephalus attophilus offspring, a parasitoid of the leaf-cutting ant Atta bisphaerica",C. F. Farder-Gomes; Verônica Priscila da Silva; T. P. L. Pereira; J. Serrão; E. M. Pires; M. A. Oliveira,2018,10.1371/journal.pone.0208253,https://www.semanticscholar.org/paper/0ace6602de6cb33628b4b722b99af64a5cdd0882,https://journals.plos.org/plosone/article/file?id=10.1371/journal.pone.0208253&type=printable,"1,4",Discovery metadata; not a validated inclusion or toxicity claim
0adf08a9f413248c826dc0bdf6a392038e6ad2ca,Atratividade de Atta sexdens rubropilosa por plantas de eucalipto atacadas previamente ou não por Thyrinteina arnobia,Hamilton Gomes de Oliveira; F. G. Lacerda; C. G. S. Marinho; Terezinha Maria Castro Della Lucia,2004,10.1590/S0100-204X2004000300012,https://www.semanticscholar.org/paper/0adf08a9f413248c826dc0bdf6a392038e6ad2ca,https://www.scielo.br/j/pab/a/4YxWMqkXk49BnCZHQThct7g/?lang=pt&format=pdf,"1,3",Discovery metadata; not a validated inclusion or toxicity claim
0af521ed73d673ab67afba2c295efee9868cc6ac,"Ant nesting ecology of leaf-cutter ants in altitude natural fields, southern Brazil",A. Giesel; P. Boff; M. Boff; P. Fernandes,2020,10.33448/rsd-v9i9.7371,https://www.semanticscholar.org/paper/0af521ed73d673ab67afba2c295efee9868cc6ac,https://rsdjournal.org/index.php/rsd/article/download/7371/6530,"1,2",Discovery metadata; not a validated inclusion or toxicity claim
0b1218bcb2b467cbf22abaca49abe7443226e24f,PLASTICITY OF FORAGING BEHAVIOR IN LEAF-CUTTING ANTS,A. M. Viana-Bailez; Fabíola Bonicenha Endringer,2016,10.4257/oeco.2016.2003.02,https://www.semanticscholar.org/paper/0b1218bcb2b467cbf22abaca49abe7443226e24f,https://revistas.ufrj.br/index.php/oa/article/download/8394/10226,"1,2",Discovery metadata; not a validated inclusion or toxicity claim
0b288ee4bc3e638f0c7c6c8d97aef5fd9ef6904b,"DISTRIBUCION ALTITUDINAL Y ESTACIONAL DE LOS INSECTOS NECROFILOS EN LA SIERRA NORTE DE HIDALGO, MEXICO",M. Morón; Roberto A. Terrón-S,1984,10.21829/AZM.1984.132052,https://www.semanticscholar.org/paper/0b288ee4bc3e638f0c7c6c8d97aef5fd9ef6904b,https://azm.ojs.inecol.mx/index.php/azm/article/download/2052/2165,1,Discovery metadata; not a validated inclusion or toxicity claim
0b312f26b4dfe38e8cc97d88732b2fe2edf49f0d,Leaf-cutting ants may be optimal foragers.,C. Clark,1994,10.1016/0169-5347(94)90272-0,https://www.semanticscholar.org/paper/0b312f26b4dfe38e8cc97d88732b2fe2edf49f0d,,1,Discovery metadata; not a validated inclusion or toxicity claim
0b373cc552290bb4aed65e97fe6a1d40a30d375e,Developmental changes in factors limiting colony survival and growth of the leaf‐cutter ant Atta laevigata,E. Vieira‐Neto; H. Vasconcelos,2010,10.1111/J.1600-0587.2009.05875.X,https://www.semanticscholar.org/paper/0b373cc552290bb4aed65e97fe6a1d40a30d375e,,"1,2,3",Discovery metadata; not a validated inclusion or toxicity claim
0c13b97b5bd611a6702ec55a41eee34bd69c993b,In vitro evaluation of Trichoderma and Gliocladium antagonism against the symbiotic fungus of the leaf-cutting ant Atta cephalotes,A. Ortiz; S. Orduz,2004,10.1023/A:1010843413085,https://www.semanticscholar.org/paper/0c13b97b5bd611a6702ec55a41eee34bd69c993b,,1,Discovery metadata; not a validated inclusion or toxicity claim
0c4d268657373faf457a8b2e316c23424fb42f4c,Species turnover regulates leaf‐cutter ant densities in environmental gradients across the Brazilian Cerrado,A. N. Costa; E. Vieira‐Neto,2016,10.1111/jen.12277,https://www.semanticscholar.org/paper/0c4d268657373faf457a8b2e316c23424fb42f4c,,1,Discovery metadata; not a validated inclusion or toxicity claim
0cb094cfed0a77fabe9fd2be2c31a67127be574b,"Leaf-cutting ants, seasonal burning and nutrient distribution in Cerrado vegetation",L. Sousa‐Souto; J. Schoereder; C. Schaefer,2007,10.1111/J.1442-9993.2007.01756.X,https://www.semanticscholar.org/paper/0cb094cfed0a77fabe9fd2be2c31a67127be574b,https://onlinelibrary.wiley.com/doi/pdfdirect/10.1111/j.1442-9993.2007.01756.x,1,Discovery metadata; not a validated inclusion or toxicity claim
0cb48910a782df3974c318db70f2783db60f1e95,Preferência de corte de Acromyrmex ambiguus Emery 1887 (Hymenoptera: Formicidae) por três cultivares de pessegueiro em condições de laboratório,J. Rosado; A. E. Loeck; N. Mayer; D. Freitas; Marcelo Perrone; M. G. D. Gonçalves,2012,,https://www.semanticscholar.org/paper/0cb48910a782df3974c318db70f2783db60f1e95,,"1,2",Discovery metadata; not a validated inclusion or toxicity claim
0cfda4efb038f6504a73e743890d589089a0d227,Transport rate of capsules to leaf-cutting ants Atta sexdens,Raphael Vacchi Travaglini; Luis Eduardo Pontes Stefanelli; Fabíola Bonicenha Endringer,2020,10.4322/2359-6643.10166,https://www.semanticscholar.org/paper/0cfda4efb038f6504a73e743890d589089a0d227,https://www.revistacta.ufscar.br/index.php/revistacta/article/download/166/100,"1,3",Discovery metadata; not a validated inclusion or toxicity claim
0d3444eadcb0c97e1d0ce7a1a3b406b71fdffeb8,Potential of alternative control of leaf‐cutting ants using essential oils: A systematic review,H. S. S. Pinheiro; C. C. Calazans; Virginia E. Masiulionis; Valfran S. Andrade; Tainara da S. Carvalho; I. B. Gois; G. T. Ribeiro; A. F. Blank; A. P. A. Araújo; L. Bacci,2025,10.1111/afe.12688,https://www.semanticscholar.org/paper/0d3444eadcb0c97e1d0ce7a1a3b406b71fdffeb8,https://onlinelibrary.wiley.com/doi/pdfdirect/10.1111/afe.12688,1,Discovery metadata; not a validated inclusion or toxicity claim
0d811b5e68c2544abed7c3f193a31f5bc0e54b8c,The early life of a leaf‐cutter ant colony constrains symbiont vertical transmission and favors horizontal transmission,Z. I. Phillips; L. Reding; C. Farrior,2021,10.1002/ece3.7900,https://www.semanticscholar.org/paper/0d811b5e68c2544abed7c3f193a31f5bc0e54b8c,https://onlinelibrary.wiley.com/doi/pdfdirect/10.1002/ece3.7900,1,Discovery metadata; not a validated inclusion or toxicity claim
0d884121f42bfa95e03769a27087884f71e2df08,Allometric scaling of foraging rate with trail dimensions in leaf-cutting ants,A. I. Bruce; M. Burd,2012,10.1098/rspb.2011.2583,https://www.semanticscholar.org/paper/0d884121f42bfa95e03769a27087884f71e2df08,https://www.ncbi.nlm.nih.gov/pmc/articles/3350673,"1,3",Discovery metadata; not a validated inclusion or toxicity claim
0d8edaccde22844990c0184b2e16de71c547df33,Attack frequency and the tolerance to herbivory of Neotropical savanna trees,F. Mundim; E. Bruna; E. Vieira‐Neto; H. Vasconcelos,2012,10.1007/s00442-011-2088-8,https://www.semanticscholar.org/paper/0d8edaccde22844990c0184b2e16de71c547df33,,1,Discovery metadata; not a validated inclusion or toxicity claim
0dce0e64a2ac533e3ec1dd4b82153b8ec5932478,Ant Protection against Herbivory in Three Species of Tococa (Melastomataceae) Occupying Different Environments 1,F. Michelangeli,2003,10.1111/j.1744-7429.2003.tb00277.x,https://www.semanticscholar.org/paper/0dce0e64a2ac533e3ec1dd4b82153b8ec5932478,,1,Discovery metadata; not a validated inclusion or toxicity claim
0e5e182454e5662fff26338a71d23385cc5c15a8,Do Atta sexdens rubropilosa workers prepare leaves and bait pellets in similar ways to their symbiotic fungus,Roberto Da Silva Camargo; Lais Cristina Silva; Luiz Carlos Forti; Carlos Alberto Oliveira de Matos; Raphael Vacchi Travaglini,2015,10.13102/SOCIOBIOLOGY.V62I4.772,https://www.semanticscholar.org/paper/0e5e182454e5662fff26338a71d23385cc5c15a8,http://periodicos.uefs.br/ojs/index.php/sociobiology/article/download/772/760,"1,3,9",Discovery metadata; not a validated inclusion or toxicity claim
0e74519adabc77bd75f8a85843562f24949734ec,Differences in Forage-Acquisition and Fungal Enzyme Activity Contribute to Niche Segregation in Panamanian Leaf-Cutting Ants,P. W. Kooij; Joanito Liberti; Konstantinos Giampoudakis; M. Schiøtt; J. Boomsma,2014,10.1371/journal.pone.0094284,https://www.semanticscholar.org/paper/0e74519adabc77bd75f8a85843562f24949734ec,https://journals.plos.org/plosone/article/file?id=10.1371/journal.pone.0094284&type=printable,"1,2",Discovery metadata; not a validated inclusion or toxicity claim
0e77864b814ab77bd5f8407f38847c0b888f0470,Sexual selection in Apis bees 1,Boris; Baer,2005,,https://www.semanticscholar.org/paper/0e77864b814ab77bd5f8407f38847c0b888f0470,,1,Discovery metadata; not a validated inclusion or toxicity claim
0e7912e711b14009a2a8e0a975c447e8dd415b69,Liquid foraging behaviour in leafcutting ants: the lunchbox hypothesis,Winnie Rytter; Jonathan Z. Shik; Jonathan Z. Shik,2016,10.1016/J.ANBEHAV.2016.04.022,https://www.semanticscholar.org/paper/0e7912e711b14009a2a8e0a975c447e8dd415b69,https://www.sciencedirect.com/science/article/am/pii/S0003347216300422,1,Discovery metadata; not a validated inclusion or toxicity claim
0e7c2f5ea50e230b442b49991d12410099cfb616,Selected isolates of endophytic Trichoderma decrease cutting by Acromyrmex subterraneus subterraneus,P. F. Braga,,10.47328/ufvbbt.2025.318,https://www.semanticscholar.org/paper/0e7c2f5ea50e230b442b49991d12410099cfb616,,"1,2",Discovery metadata; not a validated inclusion or toxicity claim
0ed1db5fe8fb1c6003efde45c3917bf772a95b57,Bird-song as an indicator of habitat suitability,C. Clark,2003,,https://www.semanticscholar.org/paper/0ed1db5fe8fb1c6003efde45c3917bf772a95b57,,"1,2",Discovery metadata; not a validated inclusion or toxicity claim
0edddd44b0af42e68332b56e991cfa672ece29f9,"Foraging and nest maintenance activity of the leafcutter ant Acromyrmex lobicornis (Hymenoptera: Formicidae) in an organic vineyard in the Monte desert of Mendoza, Argentina",C. V. Dagatti; Gabriela Vargas,2021,10.25085/rsea.800407,https://www.semanticscholar.org/paper/0edddd44b0af42e68332b56e991cfa672ece29f9,https://doi.org/10.25085/rsea.800407,"1,2",Discovery metadata; not a validated inclusion or toxicity claim
0f3be1888a2bce9f8fc22001227223f2765ea367,Aspects of the symbiosis of the leaf‐cutting ant Acromyrmex octospinosus (Reich) and its food fungus,R. Quinlan; J. M. Cherrett,1978,10.1111/j.1365-2311.1978.tb00922.x,https://www.semanticscholar.org/paper/0f3be1888a2bce9f8fc22001227223f2765ea367,,1,Discovery metadata; not a validated inclusion or toxicity claim
0f4309bc70a033504e2181af4be32fc0e1cfe829,Walking and foraging activity of Acromyrmex subterraneus molestans (Hymenoptera: Formicidae) at different temperatures,J. Ramírez-Olier; J. J. Sanches; J. Barbosa; Liliana R. Botero; V. Fourcassié; J. Zanuncio; R. Zanetti,2022,10.1111/phen.12384,https://www.semanticscholar.org/paper/0f4309bc70a033504e2181af4be32fc0e1cfe829,,"1,2",Discovery metadata; not a validated inclusion or toxicity claim
0fe5f2ab8f6a5b5acfe2d5b22bbdd718835ecaf8,Social interactions between fungus garden and external workers of Atta sexdens (Linnaeus) (Hymenoptera: Formicidae),F. G. Lacerda; T. Della Lucia; O. DeSouza; O. L. Pereira; M. Kasuya; L. M. de Souza; J. C. Couceiro; D. J. de Souza,2014,10.1080/11250003.2014.911369,https://www.semanticscholar.org/paper/0fe5f2ab8f6a5b5acfe2d5b22bbdd718835ecaf8,https://www.tandfonline.com/doi/pdf/10.1080/11250003.2014.911369?needAccess=true&role=button,"1,3",Discovery metadata; not a validated inclusion or toxicity claim
0fe8e2617fda837d2d89cadad3f67a9dab3f95f7,Seasonal Parasitism of the Leaf-Cutting Ant Atta sexdens Linnaeus (Hymenoptera: Formicidae) by Phorid Flies (Diptera: Phoridae) in a Brazilian Cerrado-Atlantic Forest Ecotone,C. F. Farder-Gomes; M. D. de Oliveira; A. C. D. de Oliveira; P. L. Gonçalves; E. M. Pires; Antônio José Vinha Zanuncio; J. Serrão; J. Zanuncio,2020,10.1653/024.103.0418,https://www.semanticscholar.org/paper/0fe8e2617fda837d2d89cadad3f67a9dab3f95f7,https://bioone.org/journals/florida-entomologist/volume-103/issue-1/024.103.0418/Seasonal-Parasitism-of-the-Leaf-Cutting-Ant-Atta-sexdens-Linnaeus/10.1653/024.103.0418.pdf,"1,3",Discovery metadata; not a validated inclusion or toxicity claim
0fed1456b4f75bf8916dc2cd3425e96a775ed144,"Ants, plants and antibiotics",T. Schultz,1999,10.1038/19619,https://www.semanticscholar.org/paper/0fed1456b4f75bf8916dc2cd3425e96a775ed144,,1,Discovery metadata; not a validated inclusion or toxicity claim
103ddb3bcf74debf4aec845e872260d8f5ef389d,Does mining waste concentration in the soil interfere with leaf selection by Acromyrmex subterraneus (Formicidae)?,F. Nascimento; A. M. O. Toledo; M. Pimenta; C. D. Resende; P. H. P. Peixoto; Arthur Zimerer; J. Lopes,2021,10.1111/btp.12892,https://www.semanticscholar.org/paper/103ddb3bcf74debf4aec845e872260d8f5ef389d,,"1,2",Discovery metadata; not a validated inclusion or toxicity claim
10560401e3edab383e94b5cbeac74d0be4faeca9,Does Diatomaceous Earth Control Leaf-Cutter Ants (Hymenoptera: Formicidae) in the Eucalyptus Plantations?,P. J. Ferreira-Filho; C. F. Wilcken; D. Neves; M. D. Pogetto; J. Carmo; J. C. Guerreiro; J. Serrão; J. Zanuncio,2015,10.1093/jee/tov066,https://www.semanticscholar.org/paper/10560401e3edab383e94b5cbeac74d0be4faeca9,,"1,3",Discovery metadata; not a validated inclusion or toxicity claim
105cce2b906dd70952ddfbbc5de2f6f5217a3fe3,Trail Gradient Influences Load Size in Wild Leaf Cutter Ants,C. Finger; J. Chaves‐Campos,2020,10.1007/s10905-020-09740-2,https://www.semanticscholar.org/paper/105cce2b906dd70952ddfbbc5de2f6f5217a3fe3,,1,Discovery metadata; not a validated inclusion or toxicity claim
1074a2189779c764fbef63de489b8ef51bb12805,The Role of Symbiont Genetic Distance and Potential Adaptability in Host Preference Towards Pseudonocardia Symbionts in Acromyrmex Leaf-Cutting Ants,M. Poulsen; Janielle P. Maynard; D. L. Roland; C. Currie,2011,10.1673/031.011.12001,https://www.semanticscholar.org/paper/1074a2189779c764fbef63de489b8ef51bb12805,https://academic.oup.com/jinsectscience/article-pdf/11/1/120/18185671/jis11-0120.pdf,"1,2,10",Discovery metadata; not a validated inclusion or toxicity claim
1121538891b7af91f5d3abbaf3931d2d4d3424b6,Perception of carbon dioxide and other “air-condition” parameters in the leaf cutting antAtta cephalotes,C. Kleineidam; J. Tautz,1996,10.1007/BF01141981,https://www.semanticscholar.org/paper/1121538891b7af91f5d3abbaf3931d2d4d3424b6,https://kops.uni-konstanz.de/bitstreams/34a2202a-6dc8-4b2c-8a50-a17264834f29/download,1,Discovery metadata; not a validated inclusion or toxicity claim
11d31b72d3db8d61772720bd5ba4bff16f07ae50,The fungus gardens of leaf-cutter ants undergo a distinct physiological transition during biomass degradation.,Eric L. Huang; F. Aylward; Young-Mo Kim; B. Webb-Robertson; C. Nicora; Zeping Hu; T. Metz; M. Lipton; Richard D. Smith; C. Currie; Kristin E. Burnum-Johnson,2014,10.1111/1758-2229.12163,https://www.semanticscholar.org/paper/11d31b72d3db8d61772720bd5ba4bff16f07ae50,,1,Discovery metadata; not a validated inclusion or toxicity claim
11e2982b4dc9a2b360857dea1fc117be8b6ae220,Foundation and early survival of Atta sexdens rubropilosa (Hymenoptera: Formicidae) colonies in contrasting environments,R. S. Camargo; L. C. Forti; C. A. O. Matos; F. Guilherme; N. C. Oliveira; A. A. Moreira; J. E. Serrao; M. A. Castellani; J. C. Zanuncio,2026,10.1038/s41598-026-51306-3,https://www.semanticscholar.org/paper/11e2982b4dc9a2b360857dea1fc117be8b6ae220,https://www.nature.com/articles/s41598-026-51306-3_reference.pdf,"1,3",Discovery metadata; not a validated inclusion or toxicity claim
120d130884ea214ae37ff72d6fe8294f1b230cad,"Foraging Performance by Atta colombica, a Leaf-Cutting Ant",M. Burd,1996,10.1086/285942,https://www.semanticscholar.org/paper/120d130884ea214ae37ff72d6fe8294f1b230cad,,"1,3",Discovery metadata; not a validated inclusion or toxicity claim
121935bf7937b854ebdf97948a430f8f2a39723d,The nest architecture of the leaf-cutting ant Atta sexdens (Hymenoptera: Formicidae).,R. Soares; A. Moreira; M. A. Castellani; L. Forti; R. S. Camargo; D. L. Nascimento; C. Matos; S. A. Leite; A. C. Cardoso; J. C. Zanúncio; J. Sabattini; N. Oliveira,2025,10.1590/1519-6984.295068,https://www.semanticscholar.org/paper/121935bf7937b854ebdf97948a430f8f2a39723d,https://doi.org/10.1590/1519-6984.295068,"1,3",Discovery metadata; not a validated inclusion or toxicity claim
124d3cd790faef387d0b780e33528d118cce4fa9,Spatial and Temporal Variation of Plant Fragment Removal by Two Species of Atta Leaf-Cutting Ants,Lorena Bernardes Munique; E. Calixto,2018,10.1007/s10905-018-9673-1,https://www.semanticscholar.org/paper/124d3cd790faef387d0b780e33528d118cce4fa9,,"1,3",Discovery metadata; not a validated inclusion or toxicity claim
1265d4f17023288f169890d322a87091c211e4a8,Application Method Determines Effects of Beauveria bassiana on Eucalyptus grandis Growth and Leaf-Cutting Ant Foraging,R. R. S. Queiroz; T. Teodoro; A. Carolino; R. O. B. Bitencourt; R. I. Samuels,2026,10.3390/insects17020134,https://www.semanticscholar.org/paper/1265d4f17023288f169890d322a87091c211e4a8,https://www.mdpi.com/2075-4450/17/2/134/pdf?version=1769245412,1,Discovery metadata; not a validated inclusion or toxicity claim
12ff75c3d38fc0c305433307d2bf2c6a57734b1e,"An Investigation of Variables that Affect Foraging In the Leaf-Cutting Ant, Atta cephalotes (Formicidae)",K. Buckingham,2019,,https://www.semanticscholar.org/paper/12ff75c3d38fc0c305433307d2bf2c6a57734b1e,,"1,2,3",Discovery metadata; not a validated inclusion or toxicity claim
130dee0ee70d1d7dd4ecd5066a0c5d9f339c2cb5,OCCURRENCE OF THE LEAF-CUTTING ANT Atta sexdens L. (HYMENOPTERA: FORMICIDAE) RELATED TO UNPAVED ROADS IN TWO BRAZILIAN SEMIARID AREAS WITH CONTRASTING DISTURBANCE DEGREES,Iani A. S. Cruz; Gabriel S. C. Silva; Claudia Bottcher; A. G. Bieber; M. M. Correa; Paulo S. D. Silva,2020,10.18316/rca.v14i1.5980,https://www.semanticscholar.org/paper/130dee0ee70d1d7dd4ecd5066a0c5d9f339c2cb5,https://doi.org/10.18316/rca.v14i1.5980,"1,3",Discovery metadata; not a validated inclusion or toxicity claim
13897924eb305f642f152737b9fb3d1233a724c7,Vibrational communication in the spatial organization of collective digging in the leaf-cutting ant Atta vollenweideri,Steffen Pielström; F. Roces,2012,10.1016/J.ANBEHAV.2012.07.008,https://www.semanticscholar.org/paper/13897924eb305f642f152737b9fb3d1233a724c7,,1,Discovery metadata; not a validated inclusion or toxicity claim
13bff6f9e93f75884070faa7209e279ff4ae2371,"Parasitism characteristics of two phorid fly species in relation to their host, the leaf-cutting ant Atta laevigata (Smith) (Hymenoptera: Formicidae)",M. Bragança; A. Tonhasca; D. D. Moreira,2002,10.1590/S1519-566X2002000200010,https://www.semanticscholar.org/paper/13bff6f9e93f75884070faa7209e279ff4ae2371,https://www.scielo.br/j/ne/a/nhTQdmcSnbKFH63fgckKXBr/?lang=en&format=pdf,"1,3",Discovery metadata; not a validated inclusion or toxicity claim
142114a4e94e0d9ef0753d0e073d55cc66df26ad,ARTIFICIAL DEFOLIATION ON Eucalyptus benthammii AND Eucalyptus dunnii FOR SIMULATION OF LEAF-CUTTING ANT ATTACKS,M. Nickele; Wilson Reis Filho; S. Penteado; E. C. Queiroz,2023,10.5380/rf.v53i3.81091,https://www.semanticscholar.org/paper/142114a4e94e0d9ef0753d0e073d55cc66df26ad,https://revistas.ufpr.br/floresta/article/download/81091/49734,"1,2",Discovery metadata; not a validated inclusion or toxicity claim
1432824ffe3e1d05b9c009465e31aa86f6a080b3,Waste management in the leaf-cutting ant Atta colombica,A. Hart; F. Ratnieks,2002,10.1093/BEHECO/13.2.224,https://www.semanticscholar.org/paper/1432824ffe3e1d05b9c009465e31aa86f6a080b3,https://figshare.com/articles/journal_contribution/Waste_management_in_the_leaf-cutting_ant_Atta_colombica/23367227,"1,3",Discovery metadata; not a validated inclusion or toxicity claim
147f372f9277f74100287f5b097db8afe9368a10,"Características biológicas e comportamentais de Neodohrniphora elongata Brown (Diptera, Phoridae), um parasitóide da saúva Atta sexdens rubropilosa Forel (Hymenoptera, Formicidae)",M. A. L. Bragança; A. Tonhasca; T. Della Lucia,2009,10.1590/S0085-56262009000400009,https://www.semanticscholar.org/paper/147f372f9277f74100287f5b097db8afe9368a10,https://www.scielo.br/j/rbent/a/C7H4y6pVyKfLJpvmsyQsQbR/?lang=pt&format=pdf,"1,3",Discovery metadata; not a validated inclusion or toxicity claim
14d8531d76e227557439f4182f08211bd9638cf1,Disentangling the effects of foliar vs. floral herbivory of leaf-cutting ants on the plant reproductive success of Miconia nervosa (Smith) Triana (Family Melastomataceae),T. Câmara; X. Arnan; V. S. Barbosa; R. Wirth; L. Iannuzzi; I. Leal,2019,10.1017/S0007485319000294,https://www.semanticscholar.org/paper/14d8531d76e227557439f4182f08211bd9638cf1,,1,Discovery metadata; not a validated inclusion or toxicity claim
1582698e576881c75c3e27684ad2e44f1cd9043a,Leaf-cutting ants in commercial forest plantations of Brazil: biological aspects and control methods,G. L. Vinha; Ricardo Alcántara-de la Cruz; Terezinha Maria Castro Della Lucia; C. F. Wilcken; Edson Dias da Silva; P. G. Lemes; J. Zanuncio,2020,10.2989/20702620.2019.1639596,https://www.semanticscholar.org/paper/1582698e576881c75c3e27684ad2e44f1cd9043a,,"1,2",Discovery metadata; not a validated inclusion or toxicity claim
1582724cbec2c13e5d9e723c93af5e84ecc089c8,Specificity and stability of the Acromyrmex–Pseudonocardia symbiosis,S. Andersen; Lars Henrik Hansen; P. Sapountzis; Søren J. Sørensen; J. J. Boomsma,2013,10.1111/mec.12380,https://www.semanticscholar.org/paper/1582724cbec2c13e5d9e723c93af5e84ecc089c8,https://onlinelibrary.wiley.com/doi/pdfdirect/10.1111/mec.12380,"1,2",Discovery metadata; not a validated inclusion or toxicity claim
15a4fd4bacb2b81818a60e82484f9cb94c7c43b0,PLASTICIDADE DO COMPORTAMENTO DE FORRAGEAMENTO,Ana Maria Viana-Bailez; Fabíola Bonicenha Endringer,2017,,https://www.semanticscholar.org/paper/15a4fd4bacb2b81818a60e82484f9cb94c7c43b0,,"1,2",Discovery metadata; not a validated inclusion or toxicity claim
15a99c9fbadc0e1c8f717804b4b2e079321f3290,Decreasing abundance of leaf-cutting ants across a chronosequence of advancing Atlantic forest regeneration,Paulo S. D. Silva; A. G. Bieber; I. Leal; R. Wirth; M. Tabarelli,2009,10.1017/S0266467409005823,https://www.semanticscholar.org/paper/15a99c9fbadc0e1c8f717804b4b2e079321f3290,,"1,2",Discovery metadata; not a validated inclusion or toxicity claim
16013904a5117d4b295ab5b8b4acaa81f2329278,How to Deal with the Disadvantages of Living in Dense Societies: Traffic Rules in Leaf-Cutting Ants,Alejandro G. Farji-Brener,2021,10.25100/socolen.v47i2.11046,https://www.semanticscholar.org/paper/16013904a5117d4b295ab5b8b4acaa81f2329278,https://revistacolombianaentomologia.univalle.edu.co/index.php/SOCOLEN/article/download/11046/14279,1,Discovery metadata; not a validated inclusion or toxicity claim
16d365fa0f58c0105244024381590785c03f2a4f,Foraging Ecology of the Leaf-Cutting Ant Acromyrmex Octospinosus in a Costa Rican Rain Forest,J. K. Wetterer,1991,10.1155/1991/46737,https://www.semanticscholar.org/paper/16d365fa0f58c0105244024381590785c03f2a4f,https://downloads.hindawi.com/journals/psyche/1991/046737.pdf,"1,2",Discovery metadata; not a validated inclusion or toxicity claim
16ee432609e74bb6bcc01fe618bc951815d8fc09,Bioactivity of plant extracts against Atta sexdens (Hymenoptera: Formicidae) workers by ingestion,Flávia Vidal Teixeira; T. R. de Melo Souza; M. Castellani; Roberto da Silva Camargo; L. C. Forti; V. F. de Paula; A. Silva; C. A. O. de Matos; Óscar B. Nipato; A. Moreira; J. Sabattini,2023,10.1007/s42690-023-01030-6,https://www.semanticscholar.org/paper/16ee432609e74bb6bcc01fe618bc951815d8fc09,,"1,3",Discovery metadata; not a validated inclusion or toxicity claim
1721a77eebed11f3fb5098b2f40f8c990aa907cd,Selective isolation of dematiaceous fungi from the workers of Atta laevigata (Formicidae: Attini),F. L. A. Guedes; D. Attili-Angelis; F. C. Pagnocca,2011,10.1007/s12223-011-0081-6,https://www.semanticscholar.org/paper/1721a77eebed11f3fb5098b2f40f8c990aa907cd,,"1,10",Discovery metadata; not a validated inclusion or toxicity claim
1723ec6f5c9629806cd7f7216c824f3468606a54,Inhibition of symbiote fungus of the leaf cutter ant Atta sexdens by secondary metabolites from the bacterium Xenorhabdus szentirmaii associated with entomopathogenic nematodes,J. Orozco; L. G. Leite; B. Custódio; Raphael Satochi Abe da Silva; A. G. B. Casteliani; Raphael Vacchi Travaglini,2018,10.1590/1808-1657000172018,https://www.semanticscholar.org/paper/1723ec6f5c9629806cd7f7216c824f3468606a54,http://www.scielo.br/pdf/aib/v85/1808-1657-aib-85-e0172018.pdf,"1,3,9",Discovery metadata; not a validated inclusion or toxicity claim
1729945100922a88ed9b4f9ef552656372f44fc2,Effects of trail gradient on leaf tissue transport and load size selection in leaf-cutter ants,O. Lewis; M. Martin; T. Czaczkes,2008,10.1093/BEHECO/ARN032,https://www.semanticscholar.org/paper/1729945100922a88ed9b4f9ef552656372f44fc2,https://figshare.com/articles/journal_contribution/Effects_of_trail_gradient_on_leaf_tissue_transport_and_load_size_selection_in_leaf-cutter_ants/23379518,"1,3",Discovery metadata; not a validated inclusion or toxicity claim
17710896c926610498f27f102dd2de6a836e6b0c,Insectes Sociaux Best Paper 2017,,2018,10.1007/s00040-018-0600-4,https://www.semanticscholar.org/paper/17710896c926610498f27f102dd2de6a836e6b0c,https://link.springer.com/content/pdf/10.1007%2Fs00040-018-0600-4.pdf,"1,2",Discovery metadata; not a validated inclusion or toxicity claim
179fbd594f6f3cff8686c712c08c6b3bfab064db,Individual and collective problem-solving in a foraging context in the leaf-cutting ant Atta colombica,A. Dussutour; J. Deneubourg; S. Beshers; V. Fourcassié,2008,10.1007/s10071-008-0165-0,https://www.semanticscholar.org/paper/179fbd594f6f3cff8686c712c08c6b3bfab064db,http://dussutou.free.fr/Dussutour%20et%20al.%202009.pdf,"1,3",Discovery metadata; not a validated inclusion or toxicity claim
185caab85b3e17f180bf36bcfa39c3d570d21f80,"Notas Científicas Spittlebug Cephisus siccifolius damaging eucalypt plants in the State of Bahia, Brazil",G. T. Ribeiro; M. C. Mendonça; J. Mesquita; J. Zanuncio; G. S. Carvalho,2005,,https://www.semanticscholar.org/paper/185caab85b3e17f180bf36bcfa39c3d570d21f80,,1,Discovery metadata; not a validated inclusion or toxicity claim
186498f9d83a3c0f3229b138e98dbf539e29cbc1,"Investigations of the acceptability of Citrus reticulata as a forage substrate for the leaf-cutting ant, Acromyrmex octospinosus",V. Jones,2008,,https://www.semanticscholar.org/paper/186498f9d83a3c0f3229b138e98dbf539e29cbc1,,"1,2",Discovery metadata; not a validated inclusion or toxicity claim
18e27901b9195b268a3ec227ff3307c9f06c14ea,"Diversity, biogeography and ecology of insects in the Pacific lowlands of Costa Rica with emphasis on La Gamba",,2008,,https://www.semanticscholar.org/paper/18e27901b9195b268a3ec227ff3307c9f06c14ea,,1,Discovery metadata; not a validated inclusion or toxicity claim
19a1ea52bff9e8bce521e8a222536fab3636de24,"Natural Enemies of Atta vollenweideri (Hymenoptera: Formicidae) Leaf-Cutter Ants Negatively Affected by Synthetic Pesticides, Chlorpyrifos and Fipronil",A. Guillade; P. Folgarait,2014,10.1603/EC12498,https://www.semanticscholar.org/paper/19a1ea52bff9e8bce521e8a222536fab3636de24,http://hdl.handle.net/11336/85996,"1,4",Discovery metadata; not a validated inclusion or toxicity claim
19f1c1be66b64db70f81735db7b0a0d6ef5ddff1,The Evolutionary Innovation of Nutritional Symbioses in Leaf-Cutter Ants,F. Aylward; C. Currie; G. Suen,2012,10.3390/insects3010041,https://www.semanticscholar.org/paper/19f1c1be66b64db70f81735db7b0a0d6ef5ddff1,https://www.mdpi.com/2075-4450/3/1/41/pdf?version=1325846448,"1,2,3",Discovery metadata; not a validated inclusion or toxicity claim
19fbeeacf10a6a857396cbd36c7e4af84b3ea793,"Laboratory investigations to evaluate the possible use of brood Pheromones of the leaf-cutting ant Atta cephalotes (L.) (Formicidae, Attini) as a component in an attractive bait",S. W. Robinson; J. M. Cherrett,1974,10.1017/S0007485300040992,https://www.semanticscholar.org/paper/19fbeeacf10a6a857396cbd36c7e4af84b3ea793,,"1,3",Discovery metadata; not a validated inclusion or toxicity claim
1a681019eaa79d685ff12c5332ffdefba9a39bff,"WSN System Warns ""Atta Cephalotes"" Climbing in Mango Fruit Trees",F. Hahn; Fermín Martinez,2022,10.1007/978-3-031-18458-1_20,https://www.semanticscholar.org/paper/1a681019eaa79d685ff12c5332ffdefba9a39bff,,"1,3",Discovery metadata; not a validated inclusion or toxicity claim
1b54df50c024cb9bf51bc05bf30025b6554be844,Who is the Queen’s mother? Royal cheats in social insects,M. Beekman; B. Oldroyd,2008,10.1007/s12038-008-0032-9,https://www.semanticscholar.org/paper/1b54df50c024cb9bf51bc05bf30025b6554be844,,"1,2",Discovery metadata; not a validated inclusion or toxicity claim
1bc78aee901789e9d5720740cfb12ad58de14002,"Actinomicetos e fungos simbiontes: implicações para formigas cortadeiras do gênero Acromyrmex MAYR, 1865",R. A. C. Dângelo,2011,,https://www.semanticscholar.org/paper/1bc78aee901789e9d5720740cfb12ad58de14002,http://locus.ufv.br/handle/123456789/3935,1,Discovery metadata; not a validated inclusion or toxicity claim
1be67ed61af8ae2153904e5fa384a867215e5487,Changes in the cuticular hydrocarbon profile associated with the molting cycle correlate with the hydrocarbon profile of the fungus cultivated by the ant Atta sexdens,L. Valadares; F. Nascimento,2017,10.1007/s00040-017-0581-8,https://www.semanticscholar.org/paper/1be67ed61af8ae2153904e5fa384a867215e5487,,1,Discovery metadata; not a validated inclusion or toxicity claim
1c0cbeb519386c203e9522245b3d7851f0f5dcc7,Do Trees Benefit from Nutrient-Rich Patches Created by Leaf-Cutting Ants?,J. Schoereder; P. Howse,1998,10.1076/SNFE.33.2.111.2161,https://www.semanticscholar.org/paper/1c0cbeb519386c203e9522245b3d7851f0f5dcc7,,1,Discovery metadata; not a validated inclusion or toxicity claim
1c53f6610be158b3263194205cb32772411bff8e,Chemical basis of the synergism and antagonism in microbial communities in the nests of leaf-cutting ants,Ilka Schoenian; M. Spiteller; M. Ghaste; R. Wirth; H. Herz; D. Spiteller,2011,10.1073/pnas.1008441108,https://www.semanticscholar.org/paper/1c53f6610be158b3263194205cb32772411bff8e,https://www.ncbi.nlm.nih.gov/pmc/articles/3033269,1,Discovery metadata; not a validated inclusion or toxicity claim
1c5491d037ce45205b68ce4410554d41fc7935be,Fat-Soluble Substance Flow During Symbiotic Fungus Cultivation by Leaf-Cutter Ants,G. C. Catalani; R. Camargo; K. A. Sousa; N. Caldato; A. Silva; L. C. Forti,2019,10.1007/s13744-019-00718-0,https://www.semanticscholar.org/paper/1c5491d037ce45205b68ce4410554d41fc7935be,,1,Discovery metadata; not a validated inclusion or toxicity claim
1c677ebb9e1e4de56ff4edbf8949d7da48b8a070,Biocontrol of Leucoagaricus gongylophorus of leaf-cutting ants with the mycoparasitic agent Trichoderma koningiopsis,M. Castrillo,2016,10.5943/MYCOSPHERE/7/6/12,https://www.semanticscholar.org/paper/1c677ebb9e1e4de56ff4edbf8949d7da48b8a070,https://doi.org/10.5943/mycosphere/7/6/12,"1,10",Discovery metadata; not a validated inclusion or toxicity claim
1c814d4fa3d0c6e497409c46ed491c5fc3451932,"Aerial baiting to control leaf-cutting ants (Formicidae, Attini) in Trinidad. III. Economic implications",T. Lewis; G. Norton,1973,10.1017/S0007485300039079,https://www.semanticscholar.org/paper/1c814d4fa3d0c6e497409c46ed491c5fc3451932,,1,Discovery metadata; not a validated inclusion or toxicity claim
1c954751ce2167ab02b82d0ae8f12a45210d5b06,Scaling of body weight and fat content in fungus-gardening ant queens: does this explain why leaf-cutting ants found claustrally?,Jon N. Seal,2009,10.1007/s00040-009-0002-8,https://www.semanticscholar.org/paper/1c954751ce2167ab02b82d0ae8f12a45210d5b06,,"1,10",Discovery metadata; not a validated inclusion or toxicity claim
1ce59aa46212ef572fc06c77f986cab55bafbd9d,Differential gene expression in Acromyrmex leaf‐cutting ants after challenges with two fungal pathogens,S. H. Yek; J. Boomsma; M. Schiøtt,2013,10.1111/mec.12255,https://www.semanticscholar.org/paper/1ce59aa46212ef572fc06c77f986cab55bafbd9d,http://hdl.handle.net/2263/31793,"1,2",Discovery metadata; not a validated inclusion or toxicity claim
1d0cc418f48d89373c2604f3620c34da38b911a4,COMPORTAMENTO AGRONÔMICO DE TANGERINEIRA ‘CLEMENULES’ E DE LARANJEIRA ‘SALUSTIANA’ NO MUNICÍPIO DE URUGUAIANA – RS,Dienice Ana Bini; C. Martins; U. D. Amaral; G. F. Brixner; Danielle Bellagamba De Oliveira,2010,,https://www.semanticscholar.org/paper/1d0cc418f48d89373c2604f3620c34da38b911a4,,1,Discovery metadata; not a validated inclusion or toxicity claim
1d7f86ebf2fd3a55367b0f31d84ed9eb55102a07,"UNIVERSIDADE DE SÃO PAULO FFCLRP-DEPARTAMENTO DE BIOLOGIA PROGRAMA DE PÓS-GRADUAÇÃO EM ENTOMOLOGIA The nestmate recognition process of leaf-cutting ants (Formicidae, Myrmicinae, Attini): from behaviour to brain O processo de reconhecimento entre companheiras de ninho de formigas cortadeiras",Lohan Claudio Abreu; Cláudio A. G. Valadares; F. S. Nascimento; C. Abreu; F. Santos; B. Paula,2019,,https://www.semanticscholar.org/paper/1d7f86ebf2fd3a55367b0f31d84ed9eb55102a07,,"1,10",Discovery metadata; not a validated inclusion or toxicity claim
1db58e3407c3ed068af5d22892b32c31609b4b44,Antagonistic interactions between garden yeasts and microfungal garden pathogens of leaf-cutting ants,A. Rodrigues; Rachel N. Cable; U. Mueller; M. Bacci; F. C. Pagnocca,2009,10.1007/s10482-009-9350-7,https://www.semanticscholar.org/paper/1db58e3407c3ed068af5d22892b32c31609b4b44,,"1,3",Discovery metadata; not a validated inclusion or toxicity claim
1dd44c47a8e47d497542352b74dd0776ae946d4d,Yeasts associated with the worker caste of the leaf-cutting ant Atta cephalotes under experimental conditions in Colombia,Carolina Giraldo; C. Chaves‐López; R. Tofalo; R. Angrisani; André Rodrigues; J. Montoya-Lerma,2021,10.1007/s00203-022-02811-2,https://www.semanticscholar.org/paper/1dd44c47a8e47d497542352b74dd0776ae946d4d,http://doi.org/10.1007/s00203-022-02811-2,"1,10",Discovery metadata; not a validated inclusion or toxicity claim
1dfe3b7ddb82c97a93d8d70ade1a45fb42e974c3,Context is everything: mapping Cyphomyrmex-derived compounds to the fungus-growing ant phylogeny,Natalie M Hamilton; T. Jones; J. Shik; B. Wall; T. Schultz; Haley Blair; R. M. Adams,2018,10.1007/s00049-018-0265-5,https://www.semanticscholar.org/paper/1dfe3b7ddb82c97a93d8d70ade1a45fb42e974c3,,"1,8,10",Discovery metadata; not a validated inclusion or toxicity claim
1e0a4dc47671aab4b4c4655179e5216336e5a534,Herbivory by leaf-cutter ants changes the glandular trichomes density and the volatile components in an aromatic plant model,Luiz Ricardo dos Santos Tozin; Marcia Ortiz Mayo Marques; Tatiane Maria Rodrigues,2017,10.1093/aobpla/plx057,https://www.semanticscholar.org/paper/1e0a4dc47671aab4b4c4655179e5216336e5a534,https://academic.oup.com/aobpla/article-pdf/9/6/plx057/22033927/plx057.pdf,1,Discovery metadata; not a validated inclusion or toxicity claim
1e4023a9c8ee3763b7e783b13a7730eab8dbf538,Isolation and characterization of mollicute symbionts from a fungus-growing ant reveals high niche overlap leading to co-exclusion,E. A. Green; Ian Klepacki; J. Klassen,2025,10.1128/mbio.00893-25,https://www.semanticscholar.org/paper/1e4023a9c8ee3763b7e783b13a7730eab8dbf538,https://doi.org/10.1128/mbio.00893-25,"1,2,8",Discovery metadata; not a validated inclusion or toxicity claim
1e59dc359b1182d051153e4fb52e99da8367793d,"Variation in nest morphology, queen oviposition rates, and fungal species present in incipient colonies of the leaf-cutter ant Atta sexdens",A. Moreira; L. C. Forti; R. Camargo; N. S. Nagamoto; N. Caldato; M. Castellani; V. M. Ramos,2019,10.1080/03946975.2019.1603622,https://www.semanticscholar.org/paper/1e59dc359b1182d051153e4fb52e99da8367793d,https://www.tandfonline.com/doi/pdf/10.1080/03946975.2019.1603622?needAccess=true&role=button,"1,3",Discovery metadata; not a validated inclusion or toxicity claim
1e656564129d3546f751c69f937ca1d0fda98b69,EXPERIMENTAL EVIDENCES OF Escovopsioides ANTAGONISM TOWARDS THE SYMBIOTIC FUNGUS CULTIVATED BY LEAF-CUTTING ANTS,,2015,,https://www.semanticscholar.org/paper/1e656564129d3546f751c69f937ca1d0fda98b69,,1,Discovery metadata; not a validated inclusion or toxicity claim
1f074d5ffd57dfba69f108c07eb36699f00c264e,Old and wise but not size: factors affecting threat response behaviour and nestmate recognition in Acromyrmex echinatior leaf-cutting ants,V. Norman; M. Hoppé; W. Hughes,2014,10.1007/s00040-014-0355-5,https://www.semanticscholar.org/paper/1f074d5ffd57dfba69f108c07eb36699f00c264e,https://figshare.com/articles/journal_contribution/Old_and_wise_but_not_size_factors_affecting_threat_response_behaviour_and_nestmate_recognition_in_Acromyrmex_echinatior_leaf-cutting_ants/23414915,"1,2",Discovery metadata; not a validated inclusion or toxicity claim
1f4370de67b87d2e992f527ab3bf4b7a42938783,"Leaf-cutter ants with worn mandibles cut half as fast, spend twice the energy, and tend to carry instead of cut",R. Schofield; K. Emmett; Jack C. Niedbala; M. Nesson,2011,10.1007/s00265-010-1098-6,https://www.semanticscholar.org/paper/1f4370de67b87d2e992f527ab3bf4b7a42938783,,"1,3",Discovery metadata; not a validated inclusion or toxicity claim
1f578259e0895ee2213b926f8259d8786596824e,"Observations on a little-known leaf-cutting ant, Acromyrmex volcanus (Hymenoptera: Formicidae)",J. K. Wetterer; M.F.P. Moreira; A. Corrêa,2005,,https://www.semanticscholar.org/paper/1f578259e0895ee2213b926f8259d8786596824e,,"1,2,3",Discovery metadata; not a validated inclusion or toxicity claim
2029d115a89fee80a28c76c74f18feca16a6f899,"Digestive enzymes in larvae of the leaf cutting ant, Acromyrmex subterraneus (Hymenoptera: Formicidae: Attini).",M. Erthal; Carlos Peres Silva; Richard Ian Samuels,2007,10.1016/J.JINSPHYS.2007.06.014,https://www.semanticscholar.org/paper/2029d115a89fee80a28c76c74f18feca16a6f899,,"1,2",Discovery metadata; not a validated inclusion or toxicity claim
20517c58e5b00e2cad518aea86d7e05f54971b56,"The use of leaf-cutter ants, Atta laevigata (Smith) (Hymenoptera: Formicidae), as a substrate for oviposition by the dung beetle Canthon virens Mannerheim (Coleoptera: Scarabaeidae) in Central Brazil.",F. Hertel; G. Colli,1998,,https://www.semanticscholar.org/paper/20517c58e5b00e2cad518aea86d7e05f54971b56,,1,Discovery metadata; not a validated inclusion or toxicity claim
205b0502eebbd06019dc395aa3429ef388b17562,"Behavioral Strategies of Phorid Parasitoids and Responses of Their Hosts, the Leaf-Cutting Ants",L. Elizalde; P. Folgarait,2012,10.1673/031.012.13501,https://www.semanticscholar.org/paper/205b0502eebbd06019dc395aa3429ef388b17562,https://academic.oup.com/jinsectscience/article-pdf/12/1/135/18151544/jis12-0135.pdf,1,Discovery metadata; not a validated inclusion or toxicity claim
20681709e44e0505f7722ae9d2d446ce52a57c13,Leaf cutter ant foraging,J. Wojdak; Justin C. Touchon; Myra C. Hughey,2018,10.25334/Q4RB0M,https://www.semanticscholar.org/paper/20681709e44e0505f7722ae9d2d446ce52a57c13,,1,Discovery metadata; not a validated inclusion or toxicity claim
207d8c041202c1071a0b681f2c8df1f77f786945,Forager size and ecology of Acromyrmex coronatus and other leaf-cutting ants in Costa Rica,J. K. Wetterer,1995,10.1007/BF00341337,https://www.semanticscholar.org/paper/207d8c041202c1071a0b681f2c8df1f77f786945,,"1,2,3",Discovery metadata; not a validated inclusion or toxicity claim
20b825abcd75abd5bf6bd5c9fdebce5ac9350e9e,Conclusions: Ecosystem Perspectives,R. Wirth; H. Herz; R. Ryel; W. Beyschlag; B. Hölldobler,2003,10.1007/978-3-662-05259-4_15,https://www.semanticscholar.org/paper/20b825abcd75abd5bf6bd5c9fdebce5ac9350e9e,,1,Discovery metadata; not a validated inclusion or toxicity claim
20bab990da1fddbf03253186e7e4e6a5f4cef1b2,Insecticidal and antifungal chemicals produced by plants: a review,I. Boulogne; P. Petit; H. Ozier-Lafontaine; L. Desfontaines; G. Loranger-Merciris,2012,10.1007/s10311-012-0359-1,https://www.semanticscholar.org/paper/20bab990da1fddbf03253186e7e4e6a5f4cef1b2,https://normandie-univ.hal.science/hal-01767269,1,Discovery metadata; not a validated inclusion or toxicity claim
20cc892ef013e5103f855cac816018f2fb566adb,Avoiding plants unsuitable for the symbiotic fungus: learning and long-term memory in leaf-cutting ants,N. Saverschek; H. Herz; M. Wagner; F. Roces,2010,10.1016/J.ANBEHAV.2009.12.021,https://www.semanticscholar.org/paper/20cc892ef013e5103f855cac816018f2fb566adb,,1,Discovery metadata; not a validated inclusion or toxicity claim
212b9bfa46e9f956079c0536b4f5d17e99b6d272,Thermal radiation as a learned orientation cue in leaf-cutting ants ( Atta vollenweideri ),C. J. Kleineidama; M. Ruchtya; Z. A. Casero-Montesb; F. Rocesa,2018,,https://www.semanticscholar.org/paper/212b9bfa46e9f956079c0536b4f5d17e99b6d272,,"1,4",Discovery metadata; not a validated inclusion or toxicity claim
217111c8df28c6123db2580967251f4491b45c1d,Damage by Acromyrmex spp. to an Initial Pinus taeda L. Planting,E. Cantarelli; E. C. Costa; R. Pezzutti; R. Zanetti; Marciane Danniela Fleck,2019,10.1590/2179-8087.006016,https://www.semanticscholar.org/paper/217111c8df28c6123db2580967251f4491b45c1d,http://www.scielo.br/pdf/floram/v26n4/2179-8087-floram-26-04-e20160060.pdf,"1,2",Discovery metadata; not a validated inclusion or toxicity claim
21a52a27cb3b9b58e291fa29a543e29841be3023,Plant–Derived Products for Leaf–Cutting Ants Control,J. C. Santos; R. Zanetti; D. F. Oliveira; G. Gajo; D. S. Alves,2013,10.5772/55035,https://www.semanticscholar.org/paper/21a52a27cb3b9b58e291fa29a543e29841be3023,https://www.intechopen.com/chapters/42425,"1,9",Discovery metadata; not a validated inclusion or toxicity claim
21bc26e43c3498784b74695fbb4fe04ca84f3c39,Bioactivity of neotropical plant compounds to agricultural and vegetable pests and selectivity to non-target insects,S. C. Moreno,2014,,https://www.semanticscholar.org/paper/21bc26e43c3498784b74695fbb4fe04ca84f3c39,,"1,2,3",Discovery metadata; not a validated inclusion or toxicity claim
2255b011d028d3141029669923595f519e3412ee,"A Conserved Lignocellulolytic Secretome with Quantitative Modulation in Leucoagaricus gongylophorus, the Mutualistic Fungus of Leaf-Cutting Ants",Gabriela Cejas-Añón; Freddy Castillo-Alfonso; U. Carrasco-Navarro; J. Valenzuela-González; Roberto Olivares-Hernández; Gabriel Vigueras-Ramírez,2026,10.1080/12298093.2026.2680805,https://www.semanticscholar.org/paper/2255b011d028d3141029669923595f519e3412ee,https://doi.org/10.1080/12298093.2026.2680805,"1,9",Discovery metadata; not a validated inclusion or toxicity claim
2270171c769bb017fcf0e279645d84e9010a22f8,"Forager polymorphism, size‐matching, and load delivery in the leaf‐cutting ant, Atta cephalotes",J. K. Wetterer,1994,10.1111/j.1365-2311.1994.tb00390.x,https://www.semanticscholar.org/paper/2270171c769bb017fcf0e279645d84e9010a22f8,,"1,3",Discovery metadata; not a validated inclusion or toxicity claim
228d13f621eb4cd29af9d1548f5f1710910666d4,Yeasts in the nests of the leaf-cutter ant Acromyrmex balzani in a Savanna biome: exploitation of community and metabolic diversity,Weilan Gomes da Paixão Melo; T. B. de Oliveira; S. L. Arcuri; P. B. de Morais; F. C. Pagnocca,2021,10.1007/s10482-021-01555-1,https://www.semanticscholar.org/paper/228d13f621eb4cd29af9d1548f5f1710910666d4,,"1,2",Discovery metadata; not a validated inclusion or toxicity claim
22e7beed1d52a7f89af04e7d186f49c2b84b0ac3,Preliminary In Vitro Insights into the Use of Natural Fungal Pathogens of Leaf-cutting Ants as Biocontrol Agents,P. Folgarait; N. Gorosito; M. Poulsen; C. Currie,2011,10.1007/s00284-011-9944-y,https://www.semanticscholar.org/paper/22e7beed1d52a7f89af04e7d186f49c2b84b0ac3,,1,Discovery metadata; not a validated inclusion or toxicity claim
23729b8e15bb55ec5d55388391a5713e10c647db,The chemical basis for the use of citrus pulp as a fungus garden substrate by the leaf-cutting ants Atta cephalotes (L.) and Acromyrmex octospinosus (Reich) (Hymenoptera: Formicidae),A. Mudd; D. Peregrine; J. M. Cherrett,1978,10.1017/S0007485300009639,https://www.semanticscholar.org/paper/23729b8e15bb55ec5d55388391a5713e10c647db,,"1,2",Discovery metadata; not a validated inclusion or toxicity claim
23a9e90a443c9c44a83991a897724b754c0799f2,Low variation in ribosomal DNA and internal transcribed spacers of the symbiotic fungi of leaf-cutting ants (Attini: Formicidae).,A. C. O. Silva-Pinhati; M. Bacci; G. Hinkle; M. Sogin; F. C. Pagnocca; V. G. Martins; O. Bueno; M. Hebling,2004,10.1590/S0100-879X2004001000004,https://www.semanticscholar.org/paper/23a9e90a443c9c44a83991a897724b754c0799f2,https://www.scielo.br/j/bjmbr/a/yXmgyWtjWkCQZKq3BwczSdv/?lang=en&format=pdf,"1,2",Discovery metadata; not a validated inclusion or toxicity claim
246ae57fc2469821b6ece27d461dc20feb2a790d,[Working title]: Evaluating the Role of Endophyte-Rich Leaves in Protecting Tropical Trees Against a Generalist Herbivore and a Pathogen,Bolívar Aponte Rolón; A. E. Arnold; Mareli Sánchez Juliá; Sunshine A. Van Bael,,,https://www.semanticscholar.org/paper/246ae57fc2469821b6ece27d461dc20feb2a790d,,1,Discovery metadata; not a validated inclusion or toxicity claim
25020670f15299e72e1694bff1e027480bed5418,Production of Escovopsis weberi (Ascomycota: Hypocreales) Mycelial Pellets and Their Effects on Leaf-Cutting Ant Fungal Gardens,T. Teodoro; A. Carolino; Raymyson Rhuryo de Sousa Queiroz; Patricia Batista de Oliveira; Denise Dolores Oliveira Moreira; G. Silva; R. Samuels,2023,10.3390/pathogens12020330,https://www.semanticscholar.org/paper/25020670f15299e72e1694bff1e027480bed5418,https://www.mdpi.com/2076-0817/12/2/330/pdf?version=1677167429,"1,2",Discovery metadata; not a validated inclusion or toxicity claim
252a46852b36ef3f9e1b66f5ae9107476c9e2a6e,"ECOLOGY, BEHAVIOR AND BIONOMICS Hormigas: Relaciones Especies-Área en Fragmentos de Bosque Seco Tropical",Fabio H Lozano-Zambrano; Patricia Ulloa-Chacón; I. Armbrecht; Alexander von Humboldt,2009,,https://www.semanticscholar.org/paper/252a46852b36ef3f9e1b66f5ae9107476c9e2a6e,,1,Discovery metadata; not a validated inclusion or toxicity claim
253d103f04a4d1b5ff978081ca8251e466ff6c46,Effects of leaf‐cutting ant refuse on native plant performance under two levels of grazing intensity in the Monte Desert of Argentina,Noelia V. Cerda; M. Tadey; A. Farji-Brener; M. C. Navarro,2012,10.1111/J.1654-109X.2012.01188.X,https://www.semanticscholar.org/paper/253d103f04a4d1b5ff978081ca8251e466ff6c46,https://ri.conicet.gov.ar/bitstream/11336/11038/1/CONICET_Digital_Nro.14642.pdf,"1,2",Discovery metadata; not a validated inclusion or toxicity claim
254e6e398053e294fab22f122b9511520cb32968,Polyandry may mitigate the negative impact of reproductive interference among bumblebees in Japan,Fumina Inokuchi; Maki N. Inoue; Yuya Kanbe; Masaaki Ito; Jun-ichi Takahashi; T. Nomura; Koichi Goka; Koji Tsuchida,2024,10.1007/s00114-024-01917-5,https://www.semanticscholar.org/paper/254e6e398053e294fab22f122b9511520cb32968,http://dx.doi.org/10.1007/s00114-024-01917-5,1,Discovery metadata; not a validated inclusion or toxicity claim
2569ff16fb0e9ecd830a61eb95400a25e0292d62,Rhythmic foraging in the leaf-cutting ant Atta cephalotes (L.) (Formicidae: Attini),T. Lewis; G. Pollard; G. Dibley,1974,10.2307/3162,https://www.semanticscholar.org/paper/2569ff16fb0e9ecd830a61eb95400a25e0292d62,,"1,3",Discovery metadata; not a validated inclusion or toxicity claim
258dae2fe0d1e7edab79f03ca251c008da1136e9,Nest Building in Leaf-Cutting Ants: Behavioral Mechanisms and Adaptive Value.,F. Roces; M. Bollazzi,2025,10.1146/annurev-ento-121423-013337,https://www.semanticscholar.org/paper/258dae2fe0d1e7edab79f03ca251c008da1136e9,https://doi.org/10.1146/annurev-ento-121423-013337,1,Discovery metadata; not a validated inclusion or toxicity claim
259c49db913845b27457e38e73a3cd144d54cebd,Strong positive allometry of bite force in leaf-cutter ants increases the range of cuttable plant tissues,Frederik Püffel; F. Roces; D. Labonte,2023,10.1101/2022.09.28.509980,https://www.semanticscholar.org/paper/259c49db913845b27457e38e73a3cd144d54cebd,https://doi.org/10.1242/jeb.245140,1,Discovery metadata; not a validated inclusion or toxicity claim
25cfb0b6d740fe1b7b7e39c24b75268961bbd557,Untersuchungen zur Vielfalt und Funktion von Antibiotika im Ökosystem der Blattschneiderameisen,Ilka Schoenian,2011,,https://www.semanticscholar.org/paper/25cfb0b6d740fe1b7b7e39c24b75268961bbd557,,1,Discovery metadata; not a validated inclusion or toxicity claim
25d770b25a0ccbb1165d07ae8690837c8dee0880,Insect Herbivory and Leaf Disease in Natural and Human Disturbed Habitats: Lessons from Early‐Successional Heliconia Herbs,Bráulio A. Santos; J. Benítez‐Malvido,2012,10.1111/j.1744-7429.2011.00765.x,https://www.semanticscholar.org/paper/25d770b25a0ccbb1165d07ae8690837c8dee0880,,1,Discovery metadata; not a validated inclusion or toxicity claim
2606b35c234b190e455d79a887b0b252a902664f,The role of trunk trails in the scouting activity of the leaf-cutting ant Atta cephalotes,A. Farji-Brener; C. Sierra,1998,10.1080/11956860.1998.11682464,https://www.semanticscholar.org/paper/2606b35c234b190e455d79a887b0b252a902664f,,"1,3",Discovery metadata; not a validated inclusion or toxicity claim
2670056514fa89a014520add8eb34fcd4f69d2f1,Acromyrmex octospinosus (Hymenoptera: Formicidae) management. Part 1: Effects of TRAMIL's insecticidal plant extracts.,I. Boulogne; L. Germosén-Robineau; H. Ozier-Lafontaine; Christina Jacoby-Koaly; L. Aurela; G. Loranger-Merciris,2012,10.1002/ps.2267,https://www.semanticscholar.org/paper/2670056514fa89a014520add8eb34fcd4f69d2f1,,"1,2",Discovery metadata; not a validated inclusion or toxicity claim
26a6602eb2a649067d3ed628fc4dc65051495990,An Insect Herbivore Microbiome with High Plant Biomass-Degrading Capacity,G. Suen; Jarrod J. Scott; F. Aylward; S. M. Adams; S. Tringe; A. Pinto-Tomás; Clifton E. Foster; M. Pauly; P. Weimer; K. Barry; Lynne A. Goodwin; P. Bouffard; Lewyn Li; Jolene Osterberger; T. Harkins; S. Slater; T. Donohue; C. Currie,2010,10.1371/journal.pgen.1001129,https://www.semanticscholar.org/paper/26a6602eb2a649067d3ed628fc4dc65051495990,https://journals.plos.org/plosgenetics/article/file?id=10.1371/journal.pgen.1001129&type=printable,1,Discovery metadata; not a validated inclusion or toxicity claim
27122f8e9421ad4af3d1411744b81f71cf29b43a,Simple and rapid CE‐UV method for the assessment of trail pheromone compounds of leaf‐cutting ants' venom glands,Amanda Araujo Leitão; Paulo Cesar Muniz de Lacerda Miranda; A. Simionato,2011,10.1002/elps.201000580,https://www.semanticscholar.org/paper/27122f8e9421ad4af3d1411744b81f71cf29b43a,,1,Discovery metadata; not a validated inclusion or toxicity claim
27739f5cbaa290ff20670d73fc8a4ae566688afb,Dispersal of Miconia argentea seeds by the leaf-cutting ant Atta colombica,J. Dalling; R. Wirth,1998,10.1017/S0266467498000492,https://www.semanticscholar.org/paper/27739f5cbaa290ff20670d73fc8a4ae566688afb,,"1,3",Discovery metadata; not a validated inclusion or toxicity claim
277be4a502babd4e43f1f37f3162dcf86bbddc7d,"From Plants to the Fungus Garden: Physical, Chemical, and Behavioral Factors Influencing Foraging in Leaf-Cutting Ants",R. S. Camargo; L. Forti; C. Matos; F. Guilherme; N. Oliveira; A. A. Moreira; J. E. Serrão; M. A. Castellani; J. C. Zanúncio; J. Portugal; T.R. MELO SOUZA; B. S. Coelho,2026,10.1590/1519-6984.306398,https://www.semanticscholar.org/paper/277be4a502babd4e43f1f37f3162dcf86bbddc7d,https://www.scielo.br/j/bjb/a/BFpDRHLFfVNXD8KpVTQhWJw/?lang=en&format=pdf,"1,9",Discovery metadata; not a validated inclusion or toxicity claim
27ad2591264af5f01ddcdc257a16c7825ab32512,Synergy and the Bioeconomics of Complexity,P. Corning,2018,10.1007/978-3-319-96661-8_2,https://www.semanticscholar.org/paper/27ad2591264af5f01ddcdc257a16c7825ab32512,,1,Discovery metadata; not a validated inclusion or toxicity claim
27cfab035aab5fd46e2cd0e513ab739d5bdf3ca5,"Fungal endophyte effects on leaf chemistry alter the in vitro growth rates of leaf-cutting ants' fungal mutualist, Leucocoprinus gongylophorus",C. Estrada; Enith I. Rojas; W. Wcislo; Sunshine A. Van Bael,2014,10.1016/J.FUNECO.2013.12.009,https://www.semanticscholar.org/paper/27cfab035aab5fd46e2cd0e513ab739d5bdf3ca5,,"1,9",Discovery metadata; not a validated inclusion or toxicity claim
281d2ad9d5562eb4cff49a5b6964c4b9d6bb03c3,Habitat selection by the queens of the leaf-cutting ant Atta sexdens L. in Brazil,H. Vasconcelos,1990,10.1017/S0266467400004405,https://www.semanticscholar.org/paper/281d2ad9d5562eb4cff49a5b6964c4b9d6bb03c3,,"1,2,3",Discovery metadata; not a validated inclusion or toxicity claim
283748e472d475dc736b24857c294c16c795d3ff,Can Hemiepiphytes be Useful in the Revegetation of Barren Sites,V. C. Quesnel; F. Farrell; Luisa Zuniaga,2001,,https://www.semanticscholar.org/paper/283748e472d475dc736b24857c294c16c795d3ff,,1,Discovery metadata; not a validated inclusion or toxicity claim
2869ee436ee61059644efde1d14c964d3306946c,An Overview of Integrated Management of Leaf-Cutting Ants (Hymenoptera: Formicidae) in Brazilian Forest Plantations,R. Zanetti; J. Zanuncio; J. C. Santos; Willian da Silva; G. T. Ribeiro; P. G. Lemes,2014,10.3390/F5030439,https://www.semanticscholar.org/paper/2869ee436ee61059644efde1d14c964d3306946c,https://www.mdpi.com/1999-4907/5/3/439/pdf?version=1395312406,"1,2",Discovery metadata; not a validated inclusion or toxicity claim
287fe1293c1e9d72b3badd45ec01e7d361da94c1,Ants and xenarthrans involved in a Quaternary food web from Argentina as reflected by their fossil nests and palaeocaves,J. Genise; J. Farina,2012,10.1111/J.1502-3931.2011.00301.X,https://www.semanticscholar.org/paper/287fe1293c1e9d72b3badd45ec01e7d361da94c1,http://hdl.handle.net/11336/68942,"1,2",Discovery metadata; not a validated inclusion or toxicity claim
28982e6bdd992b3946789fb01e5bd8960b71df6e,Metagenomics reveals diet-specific specialization of bacterial communities in fungus gardens of grass- and dicot-cutter ants,L. Khadempour; H. Fan; Ken Keefover‐Ring; C. Carlos; N. S. Nagamoto; Miranda A. Dam; M. Pupo; C. Currie,2018,10.1101/250993,https://www.semanticscholar.org/paper/28982e6bdd992b3946789fb01e5bd8960b71df6e,https://www.frontiersin.org/articles/10.3389/fmicb.2020.570770/pdf,1,Discovery metadata; not a validated inclusion or toxicity claim
28a3875efb2ef6f7c69f379a680fa5aa9cfa0649,ffects of cycloheximide on the mortality of Atta sexdens leaf-cutting orker ants átia,K. A. Sousa; Roberto da Silva Camargo; L. C. Forti; N. Caldato,2018,,https://www.semanticscholar.org/paper/28a3875efb2ef6f7c69f379a680fa5aa9cfa0649,,"1,3",Discovery metadata; not a validated inclusion or toxicity claim
28abd82b3c0aa3b11bf5e04d10c9b3fcdd12c159,Foraging leaf-cutting ants reject plants based on the gardeners' experience,F. Roces; N. Saverschek,2014,,https://www.semanticscholar.org/paper/28abd82b3c0aa3b11bf5e04d10c9b3fcdd12c159,,1,Discovery metadata; not a validated inclusion or toxicity claim
28c68d1629c90196c3b82068f5b809a312bd897e,Environmentally Induced Differences in Plant Traits: Consequences for Susceptibility to a Leaf‐Cutter Ant,C. Nichols-orians,1991,10.2307/1940961,https://www.semanticscholar.org/paper/28c68d1629c90196c3b82068f5b809a312bd897e,,1,Discovery metadata; not a validated inclusion or toxicity claim
28e4d6a118c9ec9cbaf8e00dd1b371d7909dcc3a,Repellent potential of agroecological extracts: Exploring their efficacy against the leaf‐cutting ant Acromyrmex subterraneus in the laboratory,T. Novato; G. Soldati; L. Chedier; J. Lopes,2024,10.1111/eea.13485,https://www.semanticscholar.org/paper/28e4d6a118c9ec9cbaf8e00dd1b371d7909dcc3a,https://onlinelibrary.wiley.com/doi/pdfdirect/10.1111/eea.13485,"1,2",Discovery metadata; not a validated inclusion or toxicity claim
28eb794fb1eed68f0962cd9e3ea8c0f6a380e26c,Experimental studies on the life-cycle of Raillietiella gigliolii (Pentastomida: Cephalobaenida) in the South American worm-lizard Amphisbaena alba: a unique interaction involving two insects,J. Winch; J. Riley,1985,10.1017/S0031182000062715,https://www.semanticscholar.org/paper/28eb794fb1eed68f0962cd9e3ea8c0f6a380e26c,,1,Discovery metadata; not a validated inclusion or toxicity claim
28f9fa6569344d76d040be56139812db67de8f29,"Propeller-shaped structures seem to reveal the presence of moonlets, about 100 metres in diameter, embedded in Saturn's rings. This discovery adds to our picture of how the rings formed and are evolving.",F. Spahn; J. Schmidt,2006,,https://www.semanticscholar.org/paper/28f9fa6569344d76d040be56139812db67de8f29,,1,Discovery metadata; not a validated inclusion or toxicity claim
292de1806328983ad0381e5c7f558eeb549fcace,Seasonal Activity and Foraging Preferences of the Leaf-Cutting Ant Atta sexdens piriventris (Santschi) (Hymenoptera: Formicidae),A. Giesel; M. Boff; P. Boff,2013,10.1007/s13744-013-0160-2,https://www.semanticscholar.org/paper/292de1806328983ad0381e5c7f558eeb549fcace,https://repositorio.udesc.br/handle/UDESC/8754,"1,3",Discovery metadata; not a validated inclusion or toxicity claim
293b3b13f88f1b0b9d87c71814cba24eafa2c680,"Correction: Enrichment and Broad Representation of Plant Biomass-Degrading Enzymes in the Specialized Hyphal Swellings of Leucoagaricus gongylophorus, the Fungal Symbiont of Leaf-Cutter Ants",F. Aylward; L. Khadempour; Daniel M. Tremmel; B. R. McDonald; C. Nicora; Si Wu; Ronald J. Moore; D. Orton; Matthew E. Monroe; P. Piehowski; S. Purvine; Richard D. Smith; M. Lipton; Kristin E. Burnum-Johnson; C. Currie,2015,10.1371/journal.pone.0139151,https://www.semanticscholar.org/paper/293b3b13f88f1b0b9d87c71814cba24eafa2c680,https://journals.plos.org/plosone/article/file?id=10.1371/journal.pone.0139151&type=printable,"1,9",Discovery metadata; not a validated inclusion or toxicity claim
29ce28c851d538f37dcb85bf66eed3f5df8b1685,Screening of native plants from central Argentina against the leaf-cutting ant Acromyrmex lundi (Guérin) and its symbiotic fungus,G. D. Napal; L. Buffa; L. Nolli; M. T. Defagó; Graciela Valladares; M. Carpinella; G. Ruiz; S. M. Palacios,2015,10.1016/J.INDCROP.2015.07.001,https://www.semanticscholar.org/paper/29ce28c851d538f37dcb85bf66eed3f5df8b1685,https://ars.els-cdn.com/content/image/1-s2.0-S0926669015302260-fx1_lrg.jpg,"1,2,9",Discovery metadata; not a validated inclusion or toxicity claim
29d58e8b783259c36da4a72bce4a9a311c609a5e,Herbivory of Leaf-Cutting Ants: A Case Study on Atta colombica in the Tropical Rainforest of Panama,R. Wirth; H. Herz; R. Ryel; W. Beyschlag; B. Hölldobler,2003,,https://www.semanticscholar.org/paper/29d58e8b783259c36da4a72bce4a9a311c609a5e,,"1,3",Discovery metadata; not a validated inclusion or toxicity claim
2a0920f3e7e52fd40fc8d8c8fcdcb86d36511ff6,Costs of trail construction and maintenance in the leaf-cutting ant Atta columbica,J. J. Howard,2001,10.1007/s002650000314,https://www.semanticscholar.org/paper/2a0920f3e7e52fd40fc8d8c8fcdcb86d36511ff6,,1,Discovery metadata; not a validated inclusion or toxicity claim
2a1786bf68dd13122fe42422a1788b8b7a91a84d,Seasonal Activity and Foraging Preferences of the Leaf-Cutting Ant Atta sexdens piriventris (Santschi) (Hymenoptera: Formicidae),Alexandre Giesel; Mari Inês Carissimi Boff; Pedro Boff,2013,10.1007/s13744-013-0160-2,https://www.semanticscholar.org/paper/2a1786bf68dd13122fe42422a1788b8b7a91a84d,https://repositorio.udesc.br/handle/UDESC/8754,"1,3",Discovery metadata; not a validated inclusion or toxicity claim
2a2a704a2a2d114969572741acf22bedf5ea9270,"Managing leaf-cutting ants: peculiarities, trends and challenges.",T. M. C. Della Lucia; Lailla C. Gandra; R. Guedes,2014,10.1002/ps.3660,https://www.semanticscholar.org/paper/2a2a704a2a2d114969572741acf22bedf5ea9270,https://onlinelibrary.wiley.com/doi/pdfdirect/10.1002/ps.3660,1,Discovery metadata; not a validated inclusion or toxicity claim
2a51dc1329e80646f30af098137363711961798b,"Distribution and densities of nests of the leaf-cutting ant Atta vollenweideri Forel, 1893 in Paraguay",J. Jonkman,2009,10.1111/J.1439-0418.1979.TB02474.X,https://www.semanticscholar.org/paper/2a51dc1329e80646f30af098137363711961798b,,"1,4",Discovery metadata; not a validated inclusion or toxicity claim
2a952fc51a21c9c3544306f00a311e356441e9b3,The influence of the scout upon the decision-making process of recruited workers in three Acromyrmex species (Formicidae: Attini).,J. Lopes; L. Orti; R. Camargo,2004,10.1016/J.BEPROC.2004.08.001,https://www.semanticscholar.org/paper/2a952fc51a21c9c3544306f00a311e356441e9b3,,"1,2",Discovery metadata; not a validated inclusion or toxicity claim
2ad5b02df05fa829640abfb08ad1c83d00988c84,Leaf-cutting ants revisited: Towards rational management and control,J. Montoya-Lerma; Carolina Giraldo-Echeverri; I. Armbrecht; A. Farji-Brener; Z. Calle,2012,10.1080/09670874.2012.663946,https://www.semanticscholar.org/paper/2ad5b02df05fa829640abfb08ad1c83d00988c84,http://hdl.handle.net/11336/269441,1,Discovery metadata; not a validated inclusion or toxicity claim
2ae04216dfc8563aa26c485977905249f2fafee3,Old and wise but not size: factors affecting threat response behaviour and nestmate recognition in Acromyrmex echinatior leaf-cutting ants,V. Norman; M. Hoppé; William O. H. Hughes,2014,10.1007/s00040-014-0355-5,https://www.semanticscholar.org/paper/2ae04216dfc8563aa26c485977905249f2fafee3,https://figshare.com/articles/journal_contribution/Old_and_wise_but_not_size_factors_affecting_threat_response_behaviour_and_nestmate_recognition_in_Acromyrmex_echinatior_leaf-cutting_ants/23414915,"1,2",Discovery metadata; not a validated inclusion or toxicity claim
2aefcd127c66827b0900bbfc28cd3cfc98a4a2fb,Sequential load transport during foraging in Acromyrmex (Hymenoptera: Formicidae) leaf-cutting ants,Mariane A. N Ickele; W. R. E. F. Ilho; IE MarcioR.P,,,https://www.semanticscholar.org/paper/2aefcd127c66827b0900bbfc28cd3cfc98a4a2fb,,"1,2",Discovery metadata; not a validated inclusion or toxicity claim
2b8ed2798db7e202759b1d623d3ef5c29ca5a67a,Symbiont Interactions in a Tripartite Mutualism: Exploring the Presence and Impact of Antagonism between Two Fungus-Growing Ant Mutualists,M. Poulsen; C. Currie,2010,10.1371/journal.pone.0008748,https://www.semanticscholar.org/paper/2b8ed2798db7e202759b1d623d3ef5c29ca5a67a,https://journals.plos.org/plosone/article/file?id=10.1371/journal.pone.0008748&type=printable,1,Discovery metadata; not a validated inclusion or toxicity claim
2bfc109b41159a3ea2ef12bf0a1d8665e22ddf0f,Factores que influyen sobre la actividad microbiana en basureros de hormigas cortadoras de hojas,Anahí Fernández; Alejandro G. Farji-Brener; P. Satti,2014,10.25260/EA.14.24.1.0.42,https://www.semanticscholar.org/paper/2bfc109b41159a3ea2ef12bf0a1d8665e22ddf0f,http://ojs.ecologiaaustral.com.ar/index.php/Ecologia_Austral/article/download/42/45,"1,2",Discovery metadata; not a validated inclusion or toxicity claim
2c06ba52ed0c3a5d6d7484f51b1858be6e20ba7d,Attack frequency and the tolerance to herbivory of Neotropical savanna trees,F. Mundim; E. Bruna; E. Vieira‐Neto; H. Vasconcelos,2011,10.1007/s00442-011-2088-8,https://www.semanticscholar.org/paper/2c06ba52ed0c3a5d6d7484f51b1858be6e20ba7d,,1,Discovery metadata; not a validated inclusion or toxicity claim
2c3858ee64d4a9e944e0d2b21179fa6afdc90657,Reconstructing the relatedness of cooperatively breeding queens in the Panamanian leaf-cutting ant Acromyrmex echinatior (Hymenoptera: Formicidae),Volker N EhriNg; Michiel B. D ijKstra; Seirian s umNEr; William O.H. h ughEs; Jacobus J. B oomsma,2018,,https://www.semanticscholar.org/paper/2c3858ee64d4a9e944e0d2b21179fa6afdc90657,,"1,2",Discovery metadata; not a validated inclusion or toxicity claim
2c3ff293e04d2e74bdd48db3e4a76cf239d7b4e6,"Cyatta abscondita: Taxonomy, Evolution, and Natural History of a New Fungus-Farming Ant Genus from Brazil",J. Sosa‐Calvo; T. Schultz; C. Brandão; C. Klingenberg; R. Feitosa; C. Rabeling; M. Bacci; C. T. Lopes; H. Vasconcelos,2013,10.1371/journal.pone.0080498,https://www.semanticscholar.org/paper/2c3ff293e04d2e74bdd48db3e4a76cf239d7b4e6,https://journals.plos.org/plosone/article/file?id=10.1371/journal.pone.0080498&type=printable,1,Discovery metadata; not a validated inclusion or toxicity claim
2ce3c7ca70ca23c40bf68746b6aaf5eea69c4480,Crowding increases foraging efficiency in the leaf-cutting ant Atta colombica,A. Dussutour; S. Beshers; J.-L. Deneubourg; V. Fourcassié,2007,10.1007/s00040-007-0926-9,https://www.semanticscholar.org/paper/2ce3c7ca70ca23c40bf68746b6aaf5eea69c4480,,"1,3",Discovery metadata; not a validated inclusion or toxicity claim
2d5897490e0214b77f0929cf3a62c14cb27be194,"The Thermoregulatory Function of Thatched Nests in the South American Grass-Cutting Ant, Acromyrmex heyeri",M. Bollazzi; F. Roces,2010,10.1673/031.010.13701,https://www.semanticscholar.org/paper/2d5897490e0214b77f0929cf3a62c14cb27be194,https://academic.oup.com/jinsectscience/article-pdf/10/1/137/18184018/jis10-0137.pdf,"1,2",Discovery metadata; not a validated inclusion or toxicity claim
2d5b7ffca6963d643440d67f05cbb2d5b6425895,Experimental demonstration that screening can enable the environmental recruitment of a defensive microbiome,T. Innocent; Neil A. Holmes; M. A. Bassam; M. Schiøtt; I. Scheuring; B. Wilkinson; M. Hutchings; J. Boomsma; Douglas W. Yu,2018,10.1101/375634,https://www.semanticscholar.org/paper/2d5b7ffca6963d643440d67f05cbb2d5b6425895,https://www.biorxiv.org/content/biorxiv/early/2018/10/30/375634.full.pdf,"1,2",Discovery metadata; not a validated inclusion or toxicity claim
2d9895155d6a3a7e8f7a1386db4a44a665932c07,"Agriculture as a Mimic of Natural Ecosystems. Edited by E.C. Lefroy R.J. Hobbs M.H. O'Connor and J.S. Pate 1999. Kluwer Academic Publishers, Dordrecht. 492 p. US$210.00, ISBN 0-7923-5965-8, hardbound.",W. Harris,2005,10.1079/RAF200494,https://www.semanticscholar.org/paper/2d9895155d6a3a7e8f7a1386db4a44a665932c07,,1,Discovery metadata; not a validated inclusion or toxicity claim
2db7acead2d4ccd581f86ed66ce10d248fed6ca3,"Patrones de actividad forrajera y tamaño de nido de Acromyrmex lobicornis (Hymenoptera: Formicidae) en una zona urbana de San Luis, Argentina",L. E. Jofré; A. I. Medina,2012,,https://www.semanticscholar.org/paper/2db7acead2d4ccd581f86ed66ce10d248fed6ca3,,"1,2",Discovery metadata; not a validated inclusion or toxicity claim
2dc88d07871bf3f9a12924c2082afc190a508a6e,Selective fern herbivory by leaf-cutter ants of Atta cephalotes (L.) in Brazil,R. Farias; L. Costa; I. C. L. Barros; A. F. M. Oliveira; Klaus Mehltreter,2018,10.1007/s40415-018-0499-z,https://www.semanticscholar.org/paper/2dc88d07871bf3f9a12924c2082afc190a508a6e,https://link.springer.com/content/pdf/10.1007/s40415-018-0499-z.pdf,"1,3",Discovery metadata; not a validated inclusion or toxicity claim
2dca163f36bf771d171434916c5d7a367951d59b,Isocycloseram: A new active ingredient for leaf-cutting ants control,R. Zanetti; J. J. Sanches; Andrea V. A. Wenzel; Khalid Haddi; Henrique Ferreira; L. V. Santos,2024,10.1371/journal.pone.0300187,https://www.semanticscholar.org/paper/2dca163f36bf771d171434916c5d7a367951d59b,https://doi.org/10.1371/journal.pone.0300187,"1,2,3,10",Discovery metadata; not a validated inclusion or toxicity claim
2e2b045ce681e4de94784ee1cad01c2bca1cd639,Random sperm use and genetic effects on worker caste fate in Atta colombica leaf‐cutting ants,L. Holman; M. Stürup; K. Trontti; J. J. Boomsma,2011,10.1111/j.1365-294X.2011.05338.x,https://www.semanticscholar.org/paper/2e2b045ce681e4de94784ee1cad01c2bca1cd639,,"1,3",Discovery metadata; not a validated inclusion or toxicity claim
2ed91d12c38fb3d72f251cca5f540061bcafa23c,Pyrazines from bacteria and ants: convergent chemistry within an ecological niche,E. A. Silva-Junior; Antonio C. Ruzzini; C. R. Paludo; F. S. Nascimento; Cameron R. Currie; Jon Clardy; M. T. Pupo,2018,10.1038/s41598-018-20953-6,https://www.semanticscholar.org/paper/2ed91d12c38fb3d72f251cca5f540061bcafa23c,https://www.nature.com/articles/s41598-018-20953-6.pdf,1,Discovery metadata; not a validated inclusion or toxicity claim
2f1bcaed4657f39c0ab8f1de69627c2631a958f9,"Phorid parasitoids of the leaf‐cutting ant Atta laevigata in the Atlantic Forest: occurrence, parasitism rate, and host size",Fabíola Aparecida Pimentel; Omar Bailez; R. C. Pereira; A. M. Viana-Bailez,2022,10.1111/eea.13170,https://www.semanticscholar.org/paper/2f1bcaed4657f39c0ab8f1de69627c2631a958f9,,"1,3",Discovery metadata; not a validated inclusion or toxicity claim
2f69dd239bd7cc8190fe9a8cd33ff3678ddd0569,Foundation and architecture of leaf-cutting ant nests in the genus Atta Fabricius (Hymenoptera:Formicidae).,R. S. Camargo; L. Forti; D. L. Nascimento; N. Oliveira; J. C. Zanúncio; J. E. Serrão; A. A. Moreira; C. Matos; F. Guilherme; M. A. Castellani,2025,10.1590/1519-6984.295961,https://www.semanticscholar.org/paper/2f69dd239bd7cc8190fe9a8cd33ff3678ddd0569,https://doi.org/10.1590/1519-6984.295961,1,Discovery metadata; not a validated inclusion or toxicity claim
2fbba5ef6151d6cd593064d19225a7d87e21ce5e,"Growth of populations and the fungus garden of Atta sexdens rubropilosa (Hymenoptera, Formicidae) response to foraged substrates",R. Camargo; L. C. Forti; J. Lopes; C. Matos,2008,,https://www.semanticscholar.org/paper/2fbba5ef6151d6cd593064d19225a7d87e21ce5e,,"1,3",Discovery metadata; not a validated inclusion or toxicity claim
3031b6c9501357bc17903eb51597d256f2064914,Do Workers from Subspecies Acromyrmex subterraneus Prepare Leaves and Toxic Baits in Similar Ways for Their Fungus Garden?,L. C. Forti; A. P. P. Andrade; K. K. Sousa; R. Camargo; C. Matos; N. Caldato; G. C. Catalani; V. M. Ramos,2019,10.1007/s13744-019-00708-2,https://www.semanticscholar.org/paper/3031b6c9501357bc17903eb51597d256f2064914,,"1,2",Discovery metadata; not a validated inclusion or toxicity claim
305b70bcb5602059b582ddc8002800889bdf7030,Energetics of trail clearing in the leaf-cutter ant Atta,Thomas Bochynek; B. Meyer; M. Burd,2016,10.1007/s00265-016-2237-5,https://www.semanticscholar.org/paper/305b70bcb5602059b582ddc8002800889bdf7030,,1,Discovery metadata; not a validated inclusion or toxicity claim
30711ee0fc8e3c25ea693fa0e8ab55a4ec3b421f,"Adjusting Foraging Effort to Resources in Adjacent Colonies of the Leaf- Cutter Ant, Atta colombica",J. Shepherd,1985,10.2307/2388225,https://www.semanticscholar.org/paper/30711ee0fc8e3c25ea693fa0e8ab55a4ec3b421f,,"1,2,3",Discovery metadata; not a validated inclusion or toxicity claim
3072a2aa33e7d6a187032f708582c31ea2656501,Influence of caffeine on the survival of leaf-cutting ants Atta sexdens rubropilosa and in vitro growth of their mutualistic fungus.,C.H. Miyashira; D.G. Tanigushi; A. M. Gugliotta; Déborah Yara Alves Cursino Santos,2012,10.1002/ps.3254,https://www.semanticscholar.org/paper/3072a2aa33e7d6a187032f708582c31ea2656501,,"1,3",Discovery metadata; not a validated inclusion or toxicity claim
30bb198c7968c85c40fa56e80d2c444ca13af57f,The role of chemical signalling in maintenance of the fungus garden by leaf-cutting ants,P. C. W. Green; P. W. Kooij,2018,10.1007/s00049-018-0260-x,https://www.semanticscholar.org/paper/30bb198c7968c85c40fa56e80d2c444ca13af57f,,1,Discovery metadata; not a validated inclusion or toxicity claim
30c3c8c01e3c043c5bf3cfccc2b556763143f4ee,Behavioral Changes in Workers of the Leaf-Cutting Ant Atta sexdens rubropilosa Induced by Chemical Components of Eucalyptus maculata Leaves,A. L. Júnior Marsaro; R. C. Souza; T. Della Lucia; J. Fernandes; M. Silva; P. Vieira,2004,10.1023/B:JOEC.0000042400.14451.08,https://www.semanticscholar.org/paper/30c3c8c01e3c043c5bf3cfccc2b556763143f4ee,http://enpuir.npu.edu.ua/handle/123456789/19114,"1,3",Discovery metadata; not a validated inclusion or toxicity claim
30cc970cd489662252eb52ae82317670861c5b4d,Is dump material an effective small-scale deterrent to herbivory by leaf-cutting ants?,A. Farji-Brener; Y. Sasal,2003,10.1080/11956860.2003.11682761,https://www.semanticscholar.org/paper/30cc970cd489662252eb52ae82317670861c5b4d,,"1,2,3",Discovery metadata; not a validated inclusion or toxicity claim
30d5ce15b2c1364d5d2335090e7f08d6bdda27d8,"Leaf nutrient content and host plant selection by leaf‐cutter ants, Atta laevigata, in a Neotropical savanna",F. Mundim; A. N. Costa; H. Vasconcelos,2009,10.1111/j.1570-7458.2008.00789.x,https://www.semanticscholar.org/paper/30d5ce15b2c1364d5d2335090e7f08d6bdda27d8,,"1,3",Discovery metadata; not a validated inclusion or toxicity claim
310976658488ee3eb8c7cefc82a181aa4b0e79d7,A breakthrough innovation in animal evolution,U. Mueller; C. Rabeling,2008,10.1073/pnas.0801464105,https://www.semanticscholar.org/paper/310976658488ee3eb8c7cefc82a181aa4b0e79d7,https://europepmc.org/articles/pmc2291106?pdf=render,1,Discovery metadata; not a validated inclusion or toxicity claim
310fd4fed4355d033f35e63fbc2dfe13b5383089,"Diel changes in forager size, activity, and load selectivity in a tropical leaf‐cutting ant, Atta cephalotes",J. K. Wetterer,1990,10.1111/J.1365-2311.1990.TB00788.X,https://www.semanticscholar.org/paper/310fd4fed4355d033f35e63fbc2dfe13b5383089,,"1,3",Discovery metadata; not a validated inclusion or toxicity claim
3193a496d03d84371bb88cc732721bb61c7c8797,Detection and use of foraging trails of the leaf-cutting ant Atta laevigata (Hymenoptera: Formicidae) by Amphisbaena alba (Reptilia: Squamata),Vitor Azarias Campos; Wesley Dáttilo; F. H. Oda; Luis Eduardo Piroseli; Aline Dartora,2014,10.21829/AZM.2014.302113,https://www.semanticscholar.org/paper/3193a496d03d84371bb88cc732721bb61c7c8797,https://azm.ojs.inecol.mx/index.php/azm/article/download/113/165,"1,3",Discovery metadata; not a validated inclusion or toxicity claim
31b1d06f31298dd640ae6db06d61e20ac27161ba,Citogenética de espécies de Attini (Formicidae: Myrmicinae),L. Barros,2010,,https://www.semanticscholar.org/paper/31b1d06f31298dd640ae6db06d61e20ac27161ba,,"1,2,8",Discovery metadata; not a validated inclusion or toxicity claim
31bc618b08ac18dba27a1d3075cf3f0e25f7c569,Symbiont-Mediated Protection of Acromyrmex Leaf-Cutter Ants from the Entomopathogenic Fungus Metarhizium anisopliae,Gaspar Bruner-Montero; M. Wood; Heidi A. Horn; Erin Gemperline; Lingjun Li; C. Currie,2021,10.1128/mBio.01885-21,https://www.semanticscholar.org/paper/31bc618b08ac18dba27a1d3075cf3f0e25f7c569,https://doi.org/10.1128/mbio.01885-21,"1,2",Discovery metadata; not a validated inclusion or toxicity claim
31f1384eb605844e2d8fcdee5b236d1be48d0993,Potential present and future distributions of the genus Atta of Mexico,J. A. Gómez-Díaz; M. Baena; A. González-Zamora; C. Delfín-Alfonso,2023,10.1371/journal.pone.0292072,https://www.semanticscholar.org/paper/31f1384eb605844e2d8fcdee5b236d1be48d0993,https://journals.plos.org/plosone/article/file?id=10.1371/journal.pone.0292072&type=printable,1,Discovery metadata; not a validated inclusion or toxicity claim
323c1150104c26f50ae9a07dfdee976459cac54c,Effect of leaf-cutting ant nests on plant growth in an oligotrophic Amazon rain forest,A. Saha; K. S. Carvalho; Lobo Sternberg Leonel da Silveira; P. Moutinho,2012,10.1017/S0266467412000107,https://www.semanticscholar.org/paper/323c1150104c26f50ae9a07dfdee976459cac54c,,"1,3",Discovery metadata; not a validated inclusion or toxicity claim
3241d5edb90c02544efff04604f6a8e01829b942,Fungus-Farming Ants (Attini in Part),T. Schultz,2019,10.1007/978-3-319-90306-4_46-1,https://www.semanticscholar.org/paper/3241d5edb90c02544efff04604f6a8e01829b942,,1,Discovery metadata; not a validated inclusion or toxicity claim
3253fb176736efb07590bc8411e472eb62da3e6f,TOXICITY OF HEXANIC EXTRACTS OF PLANTS TO WORKERS OF Atta laevigata AND Acromyrmex subterraneus subterraneus (FORMICIDAE: ATTINI),M. Araújo; M. D. Moreira; M. Picanço,2008,,https://www.semanticscholar.org/paper/3253fb176736efb07590bc8411e472eb62da3e6f,,"1,2,3",Discovery metadata; not a validated inclusion or toxicity claim
32b56d4d8881ee073002050d2e3a4303309e3f7f,Pay it forward: refuse dump from leaf‐cutting ants promotes caterpillar digestive performance by increasing plant nitrogen content,M. Lescano; C. Quintero; A. Farji-Brener; E. Balseiro,2018,10.1111/een.12667,https://www.semanticscholar.org/paper/32b56d4d8881ee073002050d2e3a4303309e3f7f,https://onlinelibrary.wiley.com/doi/pdfdirect/10.1111/een.12667,1,Discovery metadata; not a validated inclusion or toxicity claim
32c41e2e0a5294bfb6ce994a6e65d8b45c1cc79b,Task Performance of Midden Workers of Atta sexdens rubropilosa Forel (Hymenoptera: Formicidae),F. G. Lacerda; Terezinha M. C. Della Lucia; O. DeSouza; L. M. Souza; D. J. Souza,2013,10.1007/s10905-013-9403-7,https://www.semanticscholar.org/paper/32c41e2e0a5294bfb6ce994a6e65d8b45c1cc79b,http://www.alice.cnptia.embrapa.br/alice/handle/doc/968777,"1,3",Discovery metadata; not a validated inclusion or toxicity claim
335670a3ec0088f468c8dac109233c4928137910,Insect fungal symbionts: A promising source of detoxifying enzymes,P. Dowd,1992,10.1007/BF01569619,https://www.semanticscholar.org/paper/335670a3ec0088f468c8dac109233c4928137910,https://academic.oup.com/jimb/article-pdf/9/3-4/149/34779688/jimb0149.pdf,"1,9",Discovery metadata; not a validated inclusion or toxicity claim
3360a2be6336a7e70356f602389ba0674b6e60ee,"Production of Polysaccharidases in Different Carbon Sources by Leucoagaricus gongylophorus Möller (Singer), the Symbiotic Fungus of the Leaf-Cutting Ant Atta sexdens Linnaeus",Aline Silva; M. Bacci; F. C. Pagnocca; O. Bueno; M. A. Hebling,2006,10.1007/s00284-005-0431-1,https://www.semanticscholar.org/paper/3360a2be6336a7e70356f602389ba0674b6e60ee,,"1,3,9",Discovery metadata; not a validated inclusion or toxicity claim
33775b789704a07baf732371b0f67f9d293f8dd3,Herbivory and Light,R. Wirth; H. Herz; R. Ryel; W. Beyschlag; B. Hölldobler,2003,10.1007/978-3-662-05259-4_12,https://www.semanticscholar.org/paper/33775b789704a07baf732371b0f67f9d293f8dd3,,1,Discovery metadata; not a validated inclusion or toxicity claim
33ab7c3ab550e77c5c8ca2f6cb4100e2ca14bec0,Toxicity of foliage extracts of Tithonia diversifolia (Asteraceae) on Atta cephalotes (Hymenoptera: Myrmicinae) workers,Karen Castaño-Quintana; J. Montoya-Lerma; Carolina Giraldo-Echeverri,2013,10.1016/J.INDCROP.2012.11.039,https://www.semanticscholar.org/paper/33ab7c3ab550e77c5c8ca2f6cb4100e2ca14bec0,,"1,3",Discovery metadata; not a validated inclusion or toxicity claim
33b84bb39bc0df9bdd44b19726d84744dd2b13e2,Rates of growth of the food fungus of the leaf-cutting ant Atta cephalotes (L.) (Hymenoptera: Formicidae) on different substrates gathered by the ants,A. Mudd; G. Bateman,1979,10.1017/S0007485300017971,https://www.semanticscholar.org/paper/33b84bb39bc0df9bdd44b19726d84744dd2b13e2,,"1,3",Discovery metadata; not a validated inclusion or toxicity claim
34177e718d0cd946fd864ecfd8da27a767ac7602,Mortality of leaf-cutting ants with salicylic acid,Juliana Chiquetti Fazam; G. D. Shimizu; Júlio Cesar de Almeida; A. Pasini,2021,10.5433/1679-0359.2021V42N4P2599,https://www.semanticscholar.org/paper/34177e718d0cd946fd864ecfd8da27a767ac7602,https://www.uel.br/revistas/uel/index.php/semagrarias/article/download/41565/29679,"1,2,3",Discovery metadata; not a validated inclusion or toxicity claim
3479752b85e638b4f68970f133e31e617c40d745,Influence of leaf-cutting ants (Atta mexicana) on performance and dispersion patterns of perennial desert shrubs in an inter-tropical region of Central Mexico.,J. A. Zavala-Hurtado; P. L. Valverde; María del Carmen Herrera-Fuentes; A. Dı́az-Solı́s,2000,10.1006/JARE.2000.0655,https://www.semanticscholar.org/paper/3479752b85e638b4f68970f133e31e617c40d745,,"1,3",Discovery metadata; not a validated inclusion or toxicity claim
34d2506190bc05e04bd3b7c5a3d2364a34cb06b8,TREE SPECIES SUSCEPTIBILITY TO LEAF-CUTTING ANTS ATTACK IN CARBON NEUTRALIZATION PLANTATIONS,Vicente Toledo Machado de Morais Júnior; Laércio Antônio Gonçalves Jacovine; Mateus Comine Frades da Silva; B. Schettini; M. P. M. X. Rufino; Indira Bifano Comini; Paulo Henrique Villanova; Samuel José Silva Soares da Rocha,2021,10.31413/nativa.v9i5.12536,https://www.semanticscholar.org/paper/34d2506190bc05e04bd3b7c5a3d2364a34cb06b8,https://periodicoscientificos.ufmt.br/ojs/index.php/nativa/article/download/12536/10150,1,Discovery metadata; not a validated inclusion or toxicity claim
352aa1311ffa41113be3c53dc8633dc3bc91d4a1,"Dispersion of seeds of tree species by the leaf-cutting ant Acromyrmex subterraneus molestans (Hymenoptera: Formicidae) in Viçosa, Minas Gerais State, Brazil.",T. G. Pikart; G. K. Souza; T. V. Zanuncio; R. Zanetti; R. Polanczyk; J. Serrão; J. Zanuncio,2010,,https://www.semanticscholar.org/paper/352aa1311ffa41113be3c53dc8633dc3bc91d4a1,,"1,2",Discovery metadata; not a validated inclusion or toxicity claim
3545f79bb12f0627c0b8198359c861890c0676ca,"DISTRIBUIÇÃO DE SUBSTRATOS NAS COLÔNIAS DE Atta laevigata (F. Smith, 1858) (HYMENOPTERA: FORMICIDAE)",A. Moreira; L. C. Forti,1999,10.1590/S0103-90161999000200029,https://www.semanticscholar.org/paper/3545f79bb12f0627c0b8198359c861890c0676ca,https://doi.org/10.1590/s0103-90161999000200029,1,Discovery metadata; not a validated inclusion or toxicity claim
357f1dc16c39b709cf1c023267592f42d2c901b5,Quality control by leaf-cutting ants: evidence from communities of endophytic fungi in foraged and rejected vegetation,S. L. Rocha; Vanessa L. Jorge; T. M. C. Della Lucia; R. Barreto; H. Evans; S. Elliot,2014,10.1007/s11829-014-9329-9,https://www.semanticscholar.org/paper/357f1dc16c39b709cf1c023267592f42d2c901b5,http://enpuir.npu.edu.ua/handle/123456789/21591,"1,2,3",Discovery metadata; not a validated inclusion or toxicity claim
35923fe4faf0380141bfa94bfd6b0c890182a2b5,Combined biological and chemical control of Neotropical leaf-cutting ants (Acromyrmex spp.) under field conditions,B. Corallo; S. Tiscornia; Umberto Galvalisi Carzoglio; S. Rizzo; L. Rossi,2017,,https://www.semanticscholar.org/paper/35923fe4faf0380141bfa94bfd6b0c890182a2b5,,"1,2",Discovery metadata; not a validated inclusion or toxicity claim
359dffb145f1ad4ace72fd0f13ba1e19b9433b83,Index of Authors,,1995,10.1017/s0266467400009251,https://www.semanticscholar.org/paper/359dffb145f1ad4ace72fd0f13ba1e19b9433b83,,1,Discovery metadata; not a validated inclusion or toxicity claim
35a7b93e6dedb4bd5cb1e3b5679b89fb09bb44d6,Foraging ecology and behaviour of the ponerine ant Ectatomma opaciventre Roger in a Brazilian savannah,M. Pie,2004,10.1080/0022293021000041699,https://www.semanticscholar.org/paper/35a7b93e6dedb4bd5cb1e3b5679b89fb09bb44d6,,1,Discovery metadata; not a validated inclusion or toxicity claim
35b9b74a9d09bd39d2e62af86f26ae8972e50d36,Cellulose-Enriched Microbial Communities from Leaf-Cutter Ant (Atta colombica) Refuse Dumps Vary in Taxonomic Composition and Degradation Ability,G. Lewin; A. L. Johnson; R. D. M. Soto; Kailene Perry; A. Book; Heidi A. Horn; A. Pinto-Tomás; C. Currie,2016,10.1371/journal.pone.0151840,https://www.semanticscholar.org/paper/35b9b74a9d09bd39d2e62af86f26ae8972e50d36,https://journals.plos.org/plosone/article/file?id=10.1371/journal.pone.0151840&type=printable,"1,3",Discovery metadata; not a validated inclusion or toxicity claim
3603f9f7412891cbf478958350dd14b88187c0ff,Acromyrmex octospinosus (Hymenoptera: Formicidae) Management: Effects of TRAMILs Fungicidal Plant Extracts,I. Boulogne; H. Ozier-Lafontaine; L. Germosén-Robineau; L. Desfontaines; G. Loranger-Merciris,2012,10.1603/EC11313,https://www.semanticscholar.org/paper/3603f9f7412891cbf478958350dd14b88187c0ff,,"1,2,9",Discovery metadata; not a validated inclusion or toxicity claim
3637d49a4b9f1120c253ebf26c20e19edc409def,Mitochondrial and peroxisomal population in post-pharyngeal glands of leaf-cutting ants after lipid supplementation.,A. S. Vieira; O. Bueno,2015,10.1016/j.micron.2014.08.004,https://www.semanticscholar.org/paper/3637d49a4b9f1120c253ebf26c20e19edc409def,,1,Discovery metadata; not a validated inclusion or toxicity claim
3644863f2321d77c72a641b8d018eede0125070c,Outcomes of competitive interactions after a natural increment of resources: the assemblage of aphid-tending ants in northern Patagonia,M. Lescano; A. Farji-Brener; E. Gianoli,2015,10.1007/s00040-015-0393-7,https://www.semanticscholar.org/paper/3644863f2321d77c72a641b8d018eede0125070c,https://ri.conicet.gov.ar/bitstream/11336/12125/1/CONICET_Digital_Nro.13143.pdf,1,Discovery metadata; not a validated inclusion or toxicity claim
366d96c5bd7b696efe667dd0e699b6eca259eb96,"Enrichment and Broad Representation of Plant Biomass-Degrading Enzymes in the Specialized Hyphal Swellings of Leucoagaricus gongylophorus, the Fungal Symbiont of Leaf-Cutter Ants",F. Aylward; L. Khadempour; Daniel M. Tremmel; B. R. McDonald; C. Nicora; Si Wu; Ronald J. Moore; D. Orton; Matthew E. Monroe; P. Piehowski; S. Purvine; Richard D. Smith; M. Lipton; Kristin E. Burnum-Johnson; C. Currie,2015,10.1371/journal.pone.0134752,https://www.semanticscholar.org/paper/366d96c5bd7b696efe667dd0e699b6eca259eb96,https://journals.plos.org/plosone/article/file?id=10.1371/journal.pone.0134752&type=printable,"1,3,9",Discovery metadata; not a validated inclusion or toxicity claim
366ffd6810c4eb3b4fd64232e4638725baa00192,"BIOLOGICAL CONTROL IN LEAF-CUTTING ANTS, Atta sexdens (HYMENOPTERA: FORMICIDAE), USING PATHOGENIC FUNGI",Tarcísio Marcos Macedo Mota Filho; Luis Eduardo Pontes Stefanelli; R. Camargo; C. Matos; L. C. Forti,2021,10.1590/1806-908820210000016,https://www.semanticscholar.org/paper/366ffd6810c4eb3b4fd64232e4638725baa00192,https://www.scielo.br/j/rarv/a/5JbLR8QrJYm4k4HMxGyQmLq/?lang=en&format=pdf,"1,2,3",Discovery metadata; not a validated inclusion or toxicity claim
3697fee873d8ac41b2a20fab6c21a5e37d260530,Plants use macronutrients accumulated in leaf-cutting ant nests,Leonel da S.L Sternberg; M. C. Pinzón; M. Moreira; P. Moutinho; Enith I. Rojas; E. Herre,2007,10.1098/rspb.2006.3746,https://www.semanticscholar.org/paper/3697fee873d8ac41b2a20fab6c21a5e37d260530,https://www.ncbi.nlm.nih.gov/pmc/articles/1702380,"1,3",Discovery metadata; not a validated inclusion or toxicity claim
36a0860f9a4bc9a5ec750fec28f8c5f378fb0c13,"Principais espécies vegetais herbáceas em locais forrageados e não forrageados por Atta vollenweideri Forel, 1893 (Hymenoptera: Formicidae)",Vicente Rodrigues Simas; E. C. Costa; Claudia Aires Simas,2007,,https://www.semanticscholar.org/paper/36a0860f9a4bc9a5ec750fec28f8c5f378fb0c13,,"1,4,5",Discovery metadata; not a validated inclusion or toxicity claim
36f94daef3e4b3ce3d48bca68f1c1e345bd55eec,"The mass recruitment system of the leaf cutting ant, Atta cephalotes (L.)",K. Jaffe; P. Howse,1979,10.1016/0003-3472(79)90031-9,https://www.semanticscholar.org/paper/36f94daef3e4b3ce3d48bca68f1c1e345bd55eec,,1,Discovery metadata; not a validated inclusion or toxicity claim
370a77e9f47d442f215aa8a75605177c9c8ebfb9,A Convenient Trip: an Analysis of the Impact of Hitchhiker Ants on Forager Transport Rates,Isabel Neto Hastenreiter; T. Sales; Laila F. Ribeiro; J. Lopes,2015,10.1007/s10905-015-9540-2,https://www.semanticscholar.org/paper/370a77e9f47d442f215aa8a75605177c9c8ebfb9,,"1,2",Discovery metadata; not a validated inclusion or toxicity claim
3710b2635c88d019a1f3abfc42a1508b1656381b,Topical Toxicity of Esenbeckia pumila Extracts on Leaf-Cutting Ants Atta laevigata and Acromyrmex balzani,B. R. D. Souza; G. Coelho; E. C. Rocha; F. G. Jesus; A. C. Menezes; M. Araújo,2017,10.5539/JAS.V9N12P248,https://www.semanticscholar.org/paper/3710b2635c88d019a1f3abfc42a1508b1656381b,https://doi.org/10.5539/jas.v9n12p248,"1,2,3",Discovery metadata; not a validated inclusion or toxicity claim
3753a1aecb16646a72e079a5ec3ffab7fcf13ca4,A fungal endosymbiont affects host plant recruitment through seed‐ and litter‐mediated mechanisms,M. Omacini; E. Chaneton; L. Bush; C. Ghersa,2009,10.1111/J.1365-2435.2009.01582.X,https://www.semanticscholar.org/paper/3753a1aecb16646a72e079a5ec3ffab7fcf13ca4,https://onlinelibrary.wiley.com/doi/pdfdirect/10.1111/j.1365-2435.2009.01582.x,1,Discovery metadata; not a validated inclusion or toxicity claim
37a868f2496ff9fbff73c9aa1d80287d753e5558,The cost of re-synchronization in a leaf-cutter ant colony,M. Pamplona-Barbosa; Marcelo Arruda Fiuza de Toledo; G. A. Oda; A. Helene,2025,10.1038/s42003-025-08117-5,https://www.semanticscholar.org/paper/37a868f2496ff9fbff73c9aa1d80287d753e5558,https://www.nature.com/articles/s42003-025-08117-5.pdf,1,Discovery metadata; not a validated inclusion or toxicity claim
37b1650919621237a045dddf3f0598176041c4ba,"Identification and characterization of a recombinant cysteine peptidase (AsCathL) from leaf-cutting ant Atta sexdens Linnaeus, 1758 (Hymenoptera, Formicidae).",Katia Celina Santos Correa; A. Moreira; Amr Galal Abd El-Raheem Ibrahim; Hugo César Ramos de Jesus; K. C. Micocci; Flávio Vinícius Crizóstomo Kock; O. Bueno; T. Venâncio; F. Henrique-Silva; D. Souza,2022,10.1016/j.pep.2022.106174,https://www.semanticscholar.org/paper/37b1650919621237a045dddf3f0598176041c4ba,,"1,10",Discovery metadata; not a validated inclusion or toxicity claim
37d6f0e5af4706d9af915adc41fe06aef6a752aa,Size-Related Foraging in the Leaf-Cutting Ant Atta texana (Buckley) (Formicidae: Attini),D. A. Waller,1989,10.2307/2389620,https://www.semanticscholar.org/paper/37d6f0e5af4706d9af915adc41fe06aef6a752aa,,"1,3,10",Discovery metadata; not a validated inclusion or toxicity claim
37dcb3b145cfb8fe9c7892ccc91d2c33fe358ebf,Behavioral Response of the Leaf-Cutting Ant Atta cephalotes (Hymenoptera: Formicidae) to Trichoderma sp.,K. M. Cotazo-Calambas; Andrea Niño-Castro; S. M. Valencia-Giraldo; J. S. Gómez-Díaz; J. Montoya-Lerma,2022,10.1007/s10905-022-09800-9,https://www.semanticscholar.org/paper/37dcb3b145cfb8fe9c7892ccc91d2c33fe358ebf,,"1,3",Discovery metadata; not a validated inclusion or toxicity claim
3829d0ad3de3f6ded64f119a5d16f761b5109725,Leaf-cutting ants: an unexpected microenvironment holding human opportunistic black fungi,A. P. M. Duarte; D. Attili-Angelis; N. C. Baron; L. C. Forti; F. C. Pagnocca,2014,10.1007/s10482-014-0215-3,https://www.semanticscholar.org/paper/3829d0ad3de3f6ded64f119a5d16f761b5109725,,1,Discovery metadata; not a validated inclusion or toxicity claim
3861775df9fa1b99d9edefe1328cfc1afb90140d,Laterality of leaf cutting in the attine ant Acromyrmexechinatior,Jean‐Nicolas Jasmin; C. Devaux,2015,10.1007/s00040-014-0379-x,https://www.semanticscholar.org/paper/3861775df9fa1b99d9edefe1328cfc1afb90140d,,"1,2",Discovery metadata; not a validated inclusion or toxicity claim
38636182b6d3ad310ff9265905b2d57496d7c893,Impact of sand mining: A case study of initial growth of forest species for recovery of degraded areas,Jair Augusto Zanon; Francisca Alcivania de Melo Silva; R. B. Silva; Ricardo Cordeiro de Paula; Lucas Florêncio Mariano,2021,10.4067/S0717-92002021000100111,https://www.semanticscholar.org/paper/38636182b6d3ad310ff9265905b2d57496d7c893,http://www.scielo.cl/pdf/bosque/v42n1/0717-9200-bosque-42-01-111.pdf,1,Discovery metadata; not a validated inclusion or toxicity claim
38796d48a184a38f3d1a0aff57c1b97ee346f3b8,Phorid fly parasitism rates vary between individual colonies of the leaf‐cutting ant Atta laevigata,M. Bragança; M. L. O. Souza; Rafael J. Oliveira; R. Samuels,2023,10.1111/afe.12575,https://www.semanticscholar.org/paper/38796d48a184a38f3d1a0aff57c1b97ee346f3b8,,"1,3",Discovery metadata; not a validated inclusion or toxicity claim
3886058ab28b599629cee22d1c90b691f296d681,Comparative study of resistance to heat in two species of leaf-cutting ants,S. Bouchebti; C. Jost; N. Caldato; L. Forti; V. Fourcassié,2015,10.1007/s00040-014-0378-y,https://www.semanticscholar.org/paper/3886058ab28b599629cee22d1c90b691f296d681,,"1,3,4",Discovery metadata; not a validated inclusion or toxicity claim
388cfdad695074692560e55fba3a70cda38aafe2,Evidence for differential selection and potential adaptive evolution in the worker caste of an inquiline social parasite,S. Sumner; W. Hughes; J. Boomsma,2003,10.1007/s00265-003-0633-0,https://www.semanticscholar.org/paper/388cfdad695074692560e55fba3a70cda38aafe2,,"1,2",Discovery metadata; not a validated inclusion or toxicity claim
391b66515f2c5619428b7ea6432d24a10c9aed5b,The Acceptability of Young and Mature Leaves to Leaf-Cutter Ants Varies with Light Environment,C. Nichols-orians,1992,10.2307/2388675,https://www.semanticscholar.org/paper/391b66515f2c5619428b7ea6432d24a10c9aed5b,,"1,3",Discovery metadata; not a validated inclusion or toxicity claim
399ff90abd4bf6f0be7e4eb8ff9e9f3febe98d12,Towards a molecular understanding of symbiont function: Identification of a fungal gene for the degradation of xylan in the fungus gardens of leaf-cutting ants,M. Schiøtt; H. H. De Fine Licht; L. Lange; J. Boomsma,2008,10.1186/1471-2180-8-40,https://www.semanticscholar.org/paper/399ff90abd4bf6f0be7e4eb8ff9e9f3febe98d12,https://bmcmicrobiol.biomedcentral.com/counter/pdf/10.1186/1471-2180-8-40,"1,2",Discovery metadata; not a validated inclusion or toxicity claim
39a087a871a0f32ae44185b8ffa495daa7c99273,Integrated pest management at Aracruz celulose,A. Laranjeiro,1994,10.1016/0378-1127(94)90256-9,https://www.semanticscholar.org/paper/39a087a871a0f32ae44185b8ffa495daa7c99273,,1,Discovery metadata; not a validated inclusion or toxicity claim
3a2717658afdcfa6e7d956ba319ff38a8714350f,Canopy defoliation by leaf-cutting ants in eucalyptus plantations inferred by unsupervised machine learning applied to remote sensing,A. dos Santos; Isabel Carolina de Lima Santos; Jeffersoney Garcia Costa; Z. Oumar; Mariane Camargo Bueno; Tarcísio Marcos Macedo Mota; R. Zanetti; J. Zanuncio,2022,10.1007/s11119-022-09919-x,https://www.semanticscholar.org/paper/3a2717658afdcfa6e7d956ba319ff38a8714350f,http://doi.org/10.1007/s11119-022-09919-x,1,Discovery metadata; not a validated inclusion or toxicity claim
3a3c6ccb4fb48843530c78930719db990c00d85f,Olfactory conditioning during the recruitment process in a leaf-cutting ant,F. Roces,1990,10.1007/BF00317762,https://www.semanticscholar.org/paper/3a3c6ccb4fb48843530c78930719db990c00d85f,,1,Discovery metadata; not a validated inclusion or toxicity claim
3a41c4377190d422efebefa31d9cdc1dbcf3212d,"Assessment of the behaviour patterns of the lemon leaf-cutting ant, Atta sexdens rubropilosa (Hymenoptera: Formicidae), to natural sources of allelochemicals",F. Sales,1994,10.1017/S0007485300032259,https://www.semanticscholar.org/paper/3a41c4377190d422efebefa31d9cdc1dbcf3212d,,"1,3",Discovery metadata; not a validated inclusion or toxicity claim
3a7a1b518dd3672a2cf59c387ed5a9d19e2a1f30,Preliminary investigations on the selection of citrus species by the leafcutting ant Acromyrmex octospinosus Reich Formicidae Attini,G. Pollard; R. Riley; Errol Wattle,2016,,https://www.semanticscholar.org/paper/3a7a1b518dd3672a2cf59c387ed5a9d19e2a1f30,,"1,2",Discovery metadata; not a validated inclusion or toxicity claim
3adb3ce262a29fea2c5f09308dd85fad2ece0557,"Patogenicidade de isolados de três fungos entomopatogênicos a soldados de Atta sexdens sexdens (Linnaeus, 1758) (Hymenoptera : Formicidae)",Elisângela de Souza Loureiro; A. C. Monteiro,2005,10.1590/S0100-67622005000400007,https://www.semanticscholar.org/paper/3adb3ce262a29fea2c5f09308dd85fad2ece0557,https://www.scielo.br/j/rarv/a/6MCDxjhhMK87KRSzfLfMqSy/?lang=pt&format=pdf,"1,3",Discovery metadata; not a validated inclusion or toxicity claim
3b5506f8bea1aebc9407fa5c73ba186e6d070c11,Foraging in highly dynamic environments: leaf‐cutting ants adjust foraging trail networks to pioneer plant availability,Paulo Silva; A. G. Bieber; T. Knoch; M. Tabarelli; I. Leal; R. Wirth,2013,10.1111/eea.12050,https://www.semanticscholar.org/paper/3b5506f8bea1aebc9407fa5c73ba186e6d070c11,,"1,3",Discovery metadata; not a validated inclusion or toxicity claim
3b94eab37b2d5fb2fd1c356042d61d87e53d2e42,Alarm Pheromone Composition and Behavioral Activity in Fungus-Growing Ants,V. Norman; Thomas Butterfield; F. Drijfhout; K. Tasman; W. Hughes,2017,10.1007/s10886-017-0821-4,https://www.semanticscholar.org/paper/3b94eab37b2d5fb2fd1c356042d61d87e53d2e42,https://link.springer.com/content/pdf/10.1007/s10886-017-0821-4.pdf,"1,2",Discovery metadata; not a validated inclusion or toxicity claim
3b9aa0154cd0c6e4b63f147a5a71d4f616efbaba,Selection and yield optimisation of a Beauveria bassiana isolate for the biological control of leaf cutter ants,Daniela Goffré; Ema Claudia Cavallo; Sebastian Fernando Cavalitto; Patricia J. Folgarait,2018,10.1080/09583157.2018.1479730,https://www.semanticscholar.org/paper/3b9aa0154cd0c6e4b63f147a5a71d4f616efbaba,http://hdl.handle.net/11336/93560,"1,2",Discovery metadata; not a validated inclusion or toxicity claim
3bb5ee64e0a4aa19592c91e5fd3ddbe2c6766ad8,Specificity of the mutualistic association between actinomycete bacteria and two sympatric species of Acromyrmex leaf‐cutting ants,Michael Poulsen; Michael Poulsen; Matías J. Cafaro; J. J. Boomsma; Cameron R. Currie,2005,10.1111/j.1365-294X.2005.02695.x,https://www.semanticscholar.org/paper/3bb5ee64e0a4aa19592c91e5fd3ddbe2c6766ad8,,"1,2",Discovery metadata; not a validated inclusion or toxicity claim
3c08c653b91d38f98f02209acb2ae525679f09f9,Faeth Neotyphodium endophytes in grasses : deterrents or promoters of herbivory by leaf-cutting ants ?,S. Faeth,,,https://www.semanticscholar.org/paper/3c08c653b91d38f98f02209acb2ae525679f09f9,,"1,2",Discovery metadata; not a validated inclusion or toxicity claim
3c0a7ebad85c5ba26ed64a1223c06bb650bf426b,Defense against parasites by hitchhikers in leaf-cutting ants: a quantitative assessment,D. Feener; K. Moss,2004,10.1007/BF00174021,https://www.semanticscholar.org/paper/3c0a7ebad85c5ba26ed64a1223c06bb650bf426b,,"1,2,3",Discovery metadata; not a validated inclusion or toxicity claim
3c1e904248800e091d9e9cee91b3b7071a6d4015,Microbial Community Structure of Leaf-Cutter Ant Fungus Gardens and Refuse Dumps,Jarrod J. Scott; K. J. Budsberg; G. Suen; D. Wixon; T. Balser; C. Currie,2010,10.1371/journal.pone.0009922,https://www.semanticscholar.org/paper/3c1e904248800e091d9e9cee91b3b7071a6d4015,https://journals.plos.org/plosone/article/file?id=10.1371/journal.pone.0009922&type=printable,1,Discovery metadata; not a validated inclusion or toxicity claim
3c9623412ed96fd12fb698efda7f8225677f5020,"Growth and enzymatic activity of Leucoagaricus gongylophorus, a mutualistic fungus isolated from the leaf‐cutting ant Atta mexicana, on cellulose and lignocellulosic biomass",Gabriel Vigueras; Daniel Paredes-Hernández; Sergio Revah; J. Valenzuela; Roberto Olivares-Hernández; Sylvie Le Borgne,2017,10.1111/lam.12759,https://www.semanticscholar.org/paper/3c9623412ed96fd12fb698efda7f8225677f5020,,"1,3,9,10",Discovery metadata; not a validated inclusion or toxicity claim
3ccb2b1c4dd0b231c664a92d6a78d477978295ed,Diversification of the ant odorant receptor gene family and positive selection on candidate cuticular hydrocarbon receptors,Patamarerk Engsontia; U. Sangket; H. M. Robertson; C. Satasook,2015,10.1186/s13104-015-1371-x,https://www.semanticscholar.org/paper/3ccb2b1c4dd0b231c664a92d6a78d477978295ed,https://bmcresnotes.biomedcentral.com/counter/pdf/10.1186/s13104-015-1371-x,"1,2,3",Discovery metadata; not a validated inclusion or toxicity claim
3d2868cf60194ce50ed3283e1dd50ca885a80ff9,Hitchhiking and the removal of microbial contaminants by the leaf‐cutting ant Atta colombica,H. Griffiths; W. Hughes,2010,10.1111/j.1365-2311.2010.01212.x,https://www.semanticscholar.org/paper/3d2868cf60194ce50ed3283e1dd50ca885a80ff9,,"1,3",Discovery metadata; not a validated inclusion or toxicity claim
3d2b32b20200dae2a5afd16a2e40815a4af8fa42,Introduction of native tree species into degraded Cerrado vegetation,degradada de Cerrado,2021,,https://www.semanticscholar.org/paper/3d2b32b20200dae2a5afd16a2e40815a4af8fa42,,1,Discovery metadata; not a validated inclusion or toxicity claim
3d3a21bfd56918704389c8d993920205287af879,"Physical resistance as a criterion in the selection of foraging material by Acromyrmex subterraneus brunneus Forel, 1911 (Hym., Formicidae)",R. Camargo; L. Forti; C. Matos; J. Lopes; A. P. P. Andrade,2004,10.1111/j.1439-0418.2004.00844.x,https://www.semanticscholar.org/paper/3d3a21bfd56918704389c8d993920205287af879,http://hdl.handle.net/11449/225209,"1,2",Discovery metadata; not a validated inclusion or toxicity claim
3d3aad882a96563ff4ebdeb2ab5ca4f556c3bcd9,Influence of Arbuscular Mycorrhizae on the Development and Attack of Leaf-Cutting Ants in Clonal Seedlings of Eucalyptus urophylla x Eucalyptus camaldulensis,Josielly Cândida Macêdo de Oliveira; Folli Pereira Muriel da Silva; J. Garlet; A. Bertolazi; Ivone da Silva Neves; Getúlio De Freitas Seben,2020,10.9734/IJPSS/2020/V32I1830387,https://www.semanticscholar.org/paper/3d3aad882a96563ff4ebdeb2ab5ca4f556c3bcd9,https://doi.org/10.9734/ijpss/2020/v32i1830387,"1,3",Discovery metadata; not a validated inclusion or toxicity claim
3d529b0917901d4512c2aafc0e2db9f03980c314,Short independent lives and selection for maximal sperm survival make investment in immune defences unprofitable for leaf-cutting ant males,Marlene Stürup; B. Baer; J. J. Boomsma,2014,10.1007/s00265-014-1707-x,https://www.semanticscholar.org/paper/3d529b0917901d4512c2aafc0e2db9f03980c314,https://api.research-repository.uwa.edu.au/ws/files/7120142/Stuerup_et_al_2014.pdf,"1,2",Discovery metadata; not a validated inclusion or toxicity claim
3d7202cdf1ab3d746018def3232022b5eb7f1624,The effect of plant diversity on fungus garden development and foraging behavior of leaf-cutting ants (Hymenoptera: Formicidae),Roberto da Silva Camargo; L. C. Forti; Mariana De Melo Rocha; C. A. O. de Matos; J. Lopes; A. P. D. de Andrade; S. S. Verza,2003,,https://www.semanticscholar.org/paper/3d7202cdf1ab3d746018def3232022b5eb7f1624,,1,Discovery metadata; not a validated inclusion or toxicity claim
3d94c082c30602bc29e7e4262d9db6da34f9e572,"Interplays between Atta ants (Formicidae: Attini), soils and environmental properties in the Brazilian Neotropics: a preliminary assessment",C. Schaefer; R. Henriques; L. P. Gomes; Rodrigo Gomes Gorsani; Michel Filiphy Silva Santos; Daniela Pinto de Souza Fernandes,2021,10.36783/18069657rbcs20210073,https://www.semanticscholar.org/paper/3d94c082c30602bc29e7e4262d9db6da34f9e572,https://www.rbcsjournal.org/wp-content/uploads/articles_xml/1806-9657-rbcs-45-e0210073/1806-9657-rbcs-45-e0210073.pdf,1,Discovery metadata; not a validated inclusion or toxicity claim
3d9508d664dca0b1b21649100e1344b997dccc14,Trichome Removal by Hitchhikers in Two Leaf-cutting Ant Species (Hymenoptera: Formicidae),L. Sousa‐Souto,2014,10.13102/SOCIOBIOLOGY.V59I3.557,https://www.semanticscholar.org/paper/3d9508d664dca0b1b21649100e1344b997dccc14,,"1,10",Discovery metadata; not a validated inclusion or toxicity claim
3dccc2bd52f75c57df241c0cfa6ac3ba82da9540,"Ocorrência e características biológicas de forídeos parasitóides (Diptera: Phoridae) da saúva Atta laevigata (Smith) (Hymenoptera: Formicidae) em Porto Nacional, TO",M. A. L. Bragança; Z. C. S. Medeiros,2006,10.1590/S1519-566X2006000300018,https://www.semanticscholar.org/paper/3dccc2bd52f75c57df241c0cfa6ac3ba82da9540,https://www.scielo.br/j/ne/a/9V4FZGzn8knqTmmDf9gv3xf/?lang=pt&format=pdf,"1,3",Discovery metadata; not a validated inclusion or toxicity claim
3dd4dc50cccf9759899d272ee7a560ca21fe8cbe,Edge‐mediated reduction of phorid parasitism on leaf‐cutting ants in a Brazilian Atlantic forest,W. R. de Almeida; R. Wirth; I. Leal,2008,10.1111/j.1570-7458.2008.00774.x,https://www.semanticscholar.org/paper/3dd4dc50cccf9759899d272ee7a560ca21fe8cbe,,"1,3",Discovery metadata; not a validated inclusion or toxicity claim
3ebcdd655c5b377efda440b1ba2b4adf13516ed9,Seedling growth dynamics of a deeply rooting liana in a secondary forest in eastern Amazonia,T. Restom; D. Nepstad,2004,10.1016/J.FORECO.2003.10.010,https://www.semanticscholar.org/paper/3ebcdd655c5b377efda440b1ba2b4adf13516ed9,,1,Discovery metadata; not a validated inclusion or toxicity claim
3ecd68bd6b616c7ca7de9dc6b08186acd514a852,Influence of nests of leaf-cutting ants on plant species diversity in road verges of northern Patagonia,A. Farji-Brener; L. Ghermandi,2000,10.2307/3236638,https://www.semanticscholar.org/paper/3ecd68bd6b616c7ca7de9dc6b08186acd514a852,,"1,2",Discovery metadata; not a validated inclusion or toxicity claim
3ee7d0825c698042bfda203a121f1004b36e707d,The energetics of running stability: costs of transport in grass-cutting ants depend on fragment shape,Karin Moll; W. Federle; F. Roces,2012,10.1242/jeb.063594,https://www.semanticscholar.org/paper/3ee7d0825c698042bfda203a121f1004b36e707d,,"1,4",Discovery metadata; not a validated inclusion or toxicity claim
3f38c0c84bc928efcf93785a091477047005d041,Isolation of compounds attractive to the leaf-cutting ant Atta sexdens rubropilosa forel (hymenoptera: Formicidae) from Mabea fistulifera elaiosome,Ethel Fernandes de Oliveira Peternelli; L. C. Barbosa,2008,10.1590/S0100-40422008000300002,https://www.semanticscholar.org/paper/3f38c0c84bc928efcf93785a091477047005d041,https://www.scielo.br/j/qn/a/8v4MMMyf8gnSYNKBQXqwg3f/?lang=en&format=pdf,"1,3",Discovery metadata; not a validated inclusion or toxicity claim
3fab4356b7a0823688ae048a610a47f39b6d9b83,FORMULACIÓN DE GRÁNULOS BASES PARA LA INCORPORACIÓN DE INGREDIENTES ACTIVOS CON EFECTO BIOLÓGICO SOBRE EL HONGO SIMBIÓTICO CULTIVADO POR LAS HORMIGAS FORRAJERAS DEL GÉNERO Atta,Ena Edith Herrera; V. Sánchez; H. Blanco,1969,10.15517/RAC.V37I2.12762,https://www.semanticscholar.org/paper/3fab4356b7a0823688ae048a610a47f39b6d9b83,https://revistas.ucr.ac.cr/index.php/agrocost/article/download/12762/12015,"1,10",Discovery metadata; not a validated inclusion or toxicity claim
40205b740c64066c233ec9c0925c93cea3384864,Correlation between virulence and genetic structure of Escovopsis strains from leaf-cutting ant colonies in Costa Rica.,Diego E Elizondo Wallace; Juan G Vargas Asensio; A. Tomas,2014,10.1099/mic.0.073593-0,https://www.semanticscholar.org/paper/40205b740c64066c233ec9c0925c93cea3384864,https://doi.org/10.1099/mic.0.073593-0,"1,2",Discovery metadata; not a validated inclusion or toxicity claim
4044d4de1b62d65386146b31a7436aa91f6ed8d1,"Locating, collecting, and maintaining colonies of fungus-farming ants (Hymenoptera: Formicidae: Myrmicinae: Attini)",J. Sosa‐Calvo; A. Ješovnik; E. Okonski; T. Schultz,2015,,https://www.semanticscholar.org/paper/4044d4de1b62d65386146b31a7436aa91f6ed8d1,,1,Discovery metadata; not a validated inclusion or toxicity claim
40c8cc9919e73c48ff1ee8f5397dd27365c1371b,Spatio-temporal permanence and plasticity of foraging trails in young and mature leaf-cutting ant colonies (Atta spp.),Christian Kost; E. G. Oliveira; T. Knoch; R. Wirth,2005,10.1017/S0266467405002592,https://www.semanticscholar.org/paper/40c8cc9919e73c48ff1ee8f5397dd27365c1371b,https://www.cambridge.org/core/services/aop-cambridge-core/content/view/CA4DA42E61EC4B21E807E6D914E737D8/S0266467405002592a.pdf/div-class-title-spatio-temporal-permanence-and-plasticity-of-foraging-trails-in-young-and-mature-leaf-cutting-ant-colonies-span-class-italic-atta-span-spp-div.pdf,1,Discovery metadata; not a validated inclusion or toxicity claim
40fc457f59d6d83547248b2475403833a8011301,Influence of the leaf-cutting ant Atta sexdens Linnaeus (1758) on the taxonomic and functional diversity of woody plants in Atlantic Forest fragments,Jéssica Magon Garcia; Larissa Cerqueira Dias Rodrigues; L. C. S. M. Pereira; H. Vasconcelos; J. M. Torezan,2024,10.1007/s11258-024-01425-6,https://www.semanticscholar.org/paper/40fc457f59d6d83547248b2475403833a8011301,https://www.researchsquare.com/article/rs-3128482/latest.pdf,"1,3,10",Discovery metadata; not a validated inclusion or toxicity claim
41262455d745d4ee0ea47020f960a0b3aaa75ba9,Global optimization from suboptimal parts: foraging sensu lato by leaf-cutting ants,M. Burd; J. J. Howard,2005,10.1007/s00265-005-0029-4,https://www.semanticscholar.org/paper/41262455d745d4ee0ea47020f960a0b3aaa75ba9,,"1,3",Discovery metadata; not a validated inclusion or toxicity claim
41748e49b15434555cd363a4883dabb32847964a,Bacteria Contribute to Plant Secondary Compound Degradation in a Generalist Herbivore System,Charlotte B. Francoeur; L. Khadempour; Rolando D. Moreira-Soto; K. Gotting; A. Book; A. Pinto-Tomás; Ken Keefover‐Ring; C. Currie,2020,10.1128/mBio.02146-20,https://www.semanticscholar.org/paper/41748e49b15434555cd363a4883dabb32847964a,https://doi.org/10.1128/mbio.02146-20,"1,9",Discovery metadata; not a validated inclusion or toxicity claim
41f7cf2d09c25d9c8ccb22945788d01f44a91b41,Carrying and Effect of Granulated Baits Formulated with Entomopathogenic Fungi among Atta sexdens rubropilosa Colonies (Hymenoptera: Formicidae),S. Cardoso; N. S. Nagamoto; L. C. Forti; E. S. Souza,2014,10.13102/SOCIOBIOLOGY.V59I3.542,https://www.semanticscholar.org/paper/41f7cf2d09c25d9c8ccb22945788d01f44a91b41,https://periodicos.uefs.br/index.php/sociobiology/article/download/542/472,"1,3",Discovery metadata; not a validated inclusion or toxicity claim
42069c4a2040a13ac680697f54ee6bd6a8be6980,Special Issue: Interaction chemicals,E. Kothe,2020,10.1002/jobm.202070028,https://www.semanticscholar.org/paper/42069c4a2040a13ac680697f54ee6bd6a8be6980,,1,Discovery metadata; not a validated inclusion or toxicity claim
42155da6ca0328e12b38609df9282cecd47d5213,Ant and human farmers face similar problems,R. Borges,2001,10.1007/BF02703632,https://www.semanticscholar.org/paper/42155da6ca0328e12b38609df9282cecd47d5213,http://eprints.iisc.ac.in/1875/1/Ant.pdf,1,Discovery metadata; not a validated inclusion or toxicity claim
42196884752d4febc3e9e52fd1714897af5347ed,The fungal symbiont of Acromyrmex leaf-cutting ants expresses the full spectrum of genes to degrade cellulose and other plant cell wall polysaccharides,M. Grell; Tore Linde; S. Nygaard; K. Nielsen; J. Boomsma; L. Lange,2013,10.1186/1471-2164-14-928,https://www.semanticscholar.org/paper/42196884752d4febc3e9e52fd1714897af5347ed,https://bmcgenomics.biomedcentral.com/counter/pdf/10.1186/1471-2164-14-928,"1,2,9",Discovery metadata; not a validated inclusion or toxicity claim
422cafb0ec3ddf121efa08149c64f61d220fd78f,Assessing Herbivory Rates of Leaf‐Cutting Ant (Atta colombica) Colonies Through Short‐Term Refuse Deposition Counts,H. Herz; W. Beyschlag; B. Hölldobler,2007,10.1111/j.1744-7429.2007.00283.x,https://www.semanticscholar.org/paper/422cafb0ec3ddf121efa08149c64f61d220fd78f,,"1,2,3",Discovery metadata; not a validated inclusion or toxicity claim
422d17bf760f3ec348e7bae0004a1214573bccae,ECOLOGY OF THE LEAF-CUTTING ANT ACROMYRMEX OCTOSPINOSUS IN A COSTA RICAN RAIN FOREST,Acromyrmex Octospinosus; I. A. Costa,2014,,https://www.semanticscholar.org/paper/422d17bf760f3ec348e7bae0004a1214573bccae,,"1,2,3",Discovery metadata; not a validated inclusion or toxicity claim
426b42ee72ae6cfd6a482aacbcece7159cb7e719,Examining the Assembly of the Bacterial Community Associated with the Fungus Garden of Atta mexicana (Hymenoptera: Formicidae): Does Queen Origin Matter?,Edgar Guevara-Avendaño; I. Hernández-Velázquez; D. A. Infante-Rodríguez; D. L. Martínez-Tlapa; I. Rodríguez-Sánchez; J. Valenzuela-González; J. A. Zamora-Briseño,2025,10.1007/s00284-025-04405-9,https://www.semanticscholar.org/paper/426b42ee72ae6cfd6a482aacbcece7159cb7e719,,1,Discovery metadata; not a validated inclusion or toxicity claim
42ee214e9139034cb8a8b0c5f6d70fbce5315b20,"Polimorfismo e polietismo na comunicação química, comportamento de limpeza e trofalaxia em Atta sexdens rubropilosa (Hymenoptera: Formicidae)",F. Sujimoto,2018,10.11606/T.11.2018.tde-30072018-160416,https://www.semanticscholar.org/paper/42ee214e9139034cb8a8b0c5f6d70fbce5315b20,https://doi.org/10.11606/T.11.2018.tde-30072018-160416,"1,3",Discovery metadata; not a validated inclusion or toxicity claim
42ef49d94a5614c91597709333a47d32b2bbe8aa,"Food Exploitation By Social Insects : Ecological, Behavioral, and Theoretical Approaches",S. Jarau; M. Hrncir,2009,10.1201/9781420075618,https://www.semanticscholar.org/paper/42ef49d94a5614c91597709333a47d32b2bbe8aa,,1,Discovery metadata; not a validated inclusion or toxicity claim
4345e818167a73d11fdca7a7473c313c708271b5,Formicidal Potential of Thymol Derivatives: Adverse Effects on the Survival and Behavior of Acromyrmex balzani,J. O. Dantas; S. C. Cavalcanti; A. P. Araújo; J. Silva; T. B. Brito; Valfran S. Andrade; H. S. S. Pinheiro; S. R. Tavares; A. Blank; L. Bacci,2023,10.3390/agriculture13071410,https://www.semanticscholar.org/paper/4345e818167a73d11fdca7a7473c313c708271b5,https://www.mdpi.com/2077-0472/13/7/1410/pdf?version=1689494130,"1,2",Discovery metadata; not a validated inclusion or toxicity claim
434668ab8851b6b984fb08ddafd788f526a4b960,"Habitos Alimenticios Y Relaciones Simbioticas de la ""hormiga Loca"" nylanderia Fulva Con Otros Artropodos",Ingerborg Zenner de Polonía; Nhora Ruiz Bolaños,1985,10.25100/socolen.v11i1.10249,https://www.semanticscholar.org/paper/434668ab8851b6b984fb08ddafd788f526a4b960,https://revistacolombianaentomologia.univalle.edu.co/index.php/SOCOLEN/article/download/10249/12726,1,Discovery metadata; not a validated inclusion or toxicity claim
43927b72c61868cd48f58d296ca0360b1c196602,Traffic restrictions for heavy vehicles: leaf-cutting ants avoid extra-large loads when the foraging flow is high.,M. C. Pereyra; A. Farji-Brener,2019,10.1016/j.beproc.2019.104014,https://www.semanticscholar.org/paper/43927b72c61868cd48f58d296ca0360b1c196602,http://hdl.handle.net/11336/154381,"1,2",Discovery metadata; not a validated inclusion or toxicity claim
439c0b43af32c42357df78e4f03b6f9471f4a524,The educational value of leaf‐cutting ant colonies and their maintenance in captivity,R. Powell,1990,10.1111/J.1748-1090.1991.TB03471.X,https://www.semanticscholar.org/paper/439c0b43af32c42357df78e4f03b6f9471f4a524,,1,Discovery metadata; not a validated inclusion or toxicity claim
43ae77711fce308807e8cf853d6ab91e5cb91284,Metagenomic and metaproteomic insights into bacterial communities in leaf-cutter ant fungus gardens,F. Aylward; K. Burnum; Jarrod J. Scott; G. Suen; S. Tringe; S. M. Adams; K. Barry; C. Nicora; P. Piehowski; S. Purvine; G. Starrett; Lynne A. Goodwin; Richard D. Smith; M. Lipton; C. Currie,2012,10.1038/ismej.2012.10,https://www.semanticscholar.org/paper/43ae77711fce308807e8cf853d6ab91e5cb91284,https://www.nature.com/articles/ismej201210.pdf,1,Discovery metadata; not a validated inclusion or toxicity claim
43e3f382ea1521c1a7a20e5736168bfbc5d0c2eb,Fire Increases Insect Herbivory in a Neotropical Savanna,C. T. Lopes; H. Vasconcelos,2011,10.1111/j.1744-7429.2011.00757.x,https://www.semanticscholar.org/paper/43e3f382ea1521c1a7a20e5736168bfbc5d0c2eb,,1,Discovery metadata; not a validated inclusion or toxicity claim
442329a4eb21632f6740f40e80307cf4292b1741,Interactions in tropical reforestation - how plant defence and polycultures can reduce growth-limiting herbivory,T. Massad,2012,10.1111/J.1654-109X.2012.01185.X,https://www.semanticscholar.org/paper/442329a4eb21632f6740f40e80307cf4292b1741,,"1,3",Discovery metadata; not a validated inclusion or toxicity claim
445d6e6847a1eac839caf1362cb4667074ba6847,The role of chemical signalling in maintenance of the fungus garden by leaf-cutting ants,P. C. W. Green; P. Kooij,2018,10.1007/s00049-018-0260-x,https://www.semanticscholar.org/paper/445d6e6847a1eac839caf1362cb4667074ba6847,,1,Discovery metadata; not a validated inclusion or toxicity claim
4467c65c2221553d1783e54e0d16449bd2c110ff,Does inundation risk affect leaf-cutting ant distribution? A study along a topographic gradient of a Costa Rican tropical wet forest,S. Sendoya; Paulo S. D. Silva; A. Farji-Brener,2013,10.1017/S026646741300076X,https://www.semanticscholar.org/paper/4467c65c2221553d1783e54e0d16449bd2c110ff,https://ri.conicet.gov.ar/bitstream/11336/11655/1/CONICET_Digital_Nro.12962.pdf,"1,3",Discovery metadata; not a validated inclusion or toxicity claim
44760966a4bb1e0cdba405c9327530d50ae19b8c,Population Dynamics of Acromyrmex crassispinus (Forel) (Hymenoptera: Formicidae) and Attacks on Pinus taeda Linnaeus (Pinaceae) plantations,M. Nickele; W. R. Filho,2015,10.13102/SOCIOBIOLOGY.V62I3.422,https://www.semanticscholar.org/paper/44760966a4bb1e0cdba405c9327530d50ae19b8c,http://periodicos.uefs.br/index.php/sociobiology/article/download/422/734,"1,2",Discovery metadata; not a validated inclusion or toxicity claim
4488927ffd40aac947c059863596578503b979d8,"Leafcutting Ant Diet Selection: The Role of Nutrients, Water, and Secondary Chemistry",J. J. Howard,1987,10.2307/1938455,https://www.semanticscholar.org/paper/4488927ffd40aac947c059863596578503b979d8,https://scholarworks.uno.edu/cgi/viewcontent.cgi?article=1012&context=biosciences_facpubs,"1,3",Discovery metadata; not a validated inclusion or toxicity claim
44c99e1406c39edcb9ebbd80a6582a8a355ec670,Epigenesis and the evolution of social systems.,E. Wilson,1981,10.1093/OXFORDJOURNALS.JHERED.A109456,https://www.semanticscholar.org/paper/44c99e1406c39edcb9ebbd80a6582a8a355ec670,,1,Discovery metadata; not a validated inclusion or toxicity claim
457906e8a368ac73eec1da322a043983ef06d3bf,Foraging activity of two species of leaf-cutting ants (Atta) in a primary forest of the Central Amazon,H. Vasconcelos,1990,10.1007/BF02224026,https://www.semanticscholar.org/paper/457906e8a368ac73eec1da322a043983ef06d3bf,,"1,10",Discovery metadata; not a validated inclusion or toxicity claim
45a2532780a21b4983d7bf2fd4ec10119dd69a0b,Amostragem de formigas-cortadeiras (Hymenoptera: formicidae) em eucaliptais pelos métodos de transectos em faixa e em linha,Marcelo de Almeida Reis; Ronald Zanetti; J. R. Scolforo; M. Z. Ferreira,2010,10.1590/S0100-67622010000600016,https://www.semanticscholar.org/paper/45a2532780a21b4983d7bf2fd4ec10119dd69a0b,https://www.scielo.br/j/rarv/a/WzXjdjQ8ZMwbr8PZvMXsVyc/?lang=pt&format=pdf,1,Discovery metadata; not a validated inclusion or toxicity claim
45ba271a539fdf22897d7d970a05edb0210e0230,Sub-lethal effects of abamectin suppressing colonies of the leaf-cutting ant Acromyrmex subterraneus subterraneus.,E. Antunes; R. Guedes; T. M. D. Lucia; J. Serrão,2000,10.1002/1526-4998(200012)56:12<1059::AID-PS246>3.0.CO;2-M,https://www.semanticscholar.org/paper/45ba271a539fdf22897d7d970a05edb0210e0230,,"1,2",Discovery metadata; not a validated inclusion or toxicity claim
45f041bbeed79c48bc9016944cf81473b37e0488,The agroecology power: how the environmental representation and management of leaf­cutting ants by peasants from Assentamento Dênis Gonçalves can be transformed,T. Novato; G. Soldati; J. Lopes,2020,10.15451/ec2020-06-9.26-1-23,https://www.semanticscholar.org/paper/45f041bbeed79c48bc9016944cf81473b37e0488,https://ethnobioconservation.com/index.php/ebc/article/download/349/268/1894,1,Discovery metadata; not a validated inclusion or toxicity claim
462380dd799f65a8022b68bf976a6f37d421ed1b,Size-related foraging behaviour of the leaf-cutting ant Atta colombica,D. Shutler; A. Mullie,1991,10.1139/Z91-214,https://www.semanticscholar.org/paper/462380dd799f65a8022b68bf976a6f37d421ed1b,,"1,3",Discovery metadata; not a validated inclusion or toxicity claim
464ac65b54bc826e2be2f7f369f7e4ae55777555,Carbon dioxide levels in initial nests of the leaf-cutting ant Atta sexdens (Hymenoptera: Formicidae),K. K. Sousa; R. Camargo; N. Caldato; A. P. Farias; C. Matos; J. Zanuncio; I. C. Santos; L. C. Forti,2021,10.1038/s41598-021-00099-8,https://www.semanticscholar.org/paper/464ac65b54bc826e2be2f7f369f7e4ae55777555,https://www.nature.com/articles/s41598-021-00099-8.pdf,"1,3",Discovery metadata; not a validated inclusion or toxicity claim
46ead7a6b687c28ca329867daca6007881a4e7f8,IMMUNE DEFENSE IN LEAF‐CUTTING ANTS: A CROSS‐FOSTERING APPROACH,Sophie A. O. Armitage; Jens F. Broch; Hermogenes Fernández Marín; D. Nash; J. J. Boomsma,2011,10.1111/j.1558-5646.2011.01241.x,https://www.semanticscholar.org/paper/46ead7a6b687c28ca329867daca6007881a4e7f8,https://onlinelibrary.wiley.com/doi/pdf/10.1111/j.1558-5646.2011.01241.x,1,Discovery metadata; not a validated inclusion or toxicity claim
47739175323c3a69e212acb7f4fd813b076ffb15,"Trunk trails and the searching strategy of a leaf-cutter ant, Atta colombica",J. Shepherd,1982,10.1007/BF00300095,https://www.semanticscholar.org/paper/47739175323c3a69e212acb7f4fd813b076ffb15,,"1,3",Discovery metadata; not a validated inclusion or toxicity claim
4780c4f35d36c1d96bf3bbb8fe7dd26f68e198fc,Faculty Opinions recommendation of Long-term avoidance memory formation is associated with a transient increase in mushroom body synaptic complexes in leaf-cutting ants.,M. Giurfa,2015,10.3410/f.725447272.793507760,https://www.semanticscholar.org/paper/4780c4f35d36c1d96bf3bbb8fe7dd26f68e198fc,,1,Discovery metadata; not a validated inclusion or toxicity claim
47b80b739028c74c8e47c235722fd7724d03f4a7,Neighbor leaf-cutting ants and mound-building termites: Comparative nest micromorphology,Marcela I. Cosarinsky; F. Roces,2007,10.1016/J.GEODERMA.2007.06.006,https://www.semanticscholar.org/paper/47b80b739028c74c8e47c235722fd7724d03f4a7,,"1,4",Discovery metadata; not a validated inclusion or toxicity claim
47d1836f4903c27a3f35efd1b8011e3dbf9fd9aa,"Foraging activity of the Mexican leafcutting antAtta mexicana (F. Smith), in a sonoran desert habitat (Hymenoptera, Formicidae)",A. Mintzer,1979,10.1007/BF02223555,https://www.semanticscholar.org/paper/47d1836f4903c27a3f35efd1b8011e3dbf9fd9aa,https://hdl.handle.net/2027.42/45978,"1,3",Discovery metadata; not a validated inclusion or toxicity claim
47eb7bab6fc8a17612ddd614129ab33d06ab1ff5,Consequences of leaf-cutting ants on plant fitness: integrating negative effects of herbivory and positive effects from soil improvement,A. Farji-Brener; M. Tadey,2017,10.1007/s00040-016-0510-2,https://www.semanticscholar.org/paper/47eb7bab6fc8a17612ddd614129ab33d06ab1ff5,http://hdl.handle.net/11336/69524,1,Discovery metadata; not a validated inclusion or toxicity claim
47f2bc85655e8da29c1eeef79feee99f4fca0ad0,Cellulolytic insects and their potentials for viable biofuels:a new frontier discipline in Entomology and Bioengineering,Jian Sun,2010,,https://www.semanticscholar.org/paper/47f2bc85655e8da29c1eeef79feee99f4fca0ad0,,1,Discovery metadata; not a validated inclusion or toxicity claim
4861f91c01bb4d42341acc4d5ae614d85c4d6c91,Temporal patterns of nutrient availability around nests of leaf-cutting ants (Atta colombica) in secondary moist tropical forest.,T. Hudson; Benjamin L Turner; H. Herz; J. S. Robinson,2009,10.1016/J.SOILBIO.2009.02.014,https://www.semanticscholar.org/paper/4861f91c01bb4d42341acc4d5ae614d85c4d6c91,,"1,3",Discovery metadata; not a validated inclusion or toxicity claim
487e89a56466f45bdf09374137e127e506c42777,Leaf-cutting ants toxicity of limonexic acid and degraded limonoids from Raulinoa echinata.: X-ray structure of epoxy-fraxinellone,M. Biavatti; Rosângela Westerlon; P. Vieira; M. Silva; João Batista Fernandes; M. Peñaflor; O. Bueno; J. Ellena,2005,10.1590/S0103-50532005000800025,https://www.semanticscholar.org/paper/487e89a56466f45bdf09374137e127e506c42777,https://www.scielo.br/j/jbchs/a/5yrxJFTw47cgXSBXKVz9rZP/?lang=en&format=pdf,"1,3",Discovery metadata; not a validated inclusion or toxicity claim
48c5f0e65be2f7478e1b53aee70fa8dcae1e2df2,The prominent role of fungi and fungal enzymes in the ant–fungus biomass conversion symbiosis,L. Lange; M. Grell,2014,10.1007/s00253-014-5708-5,https://www.semanticscholar.org/paper/48c5f0e65be2f7478e1b53aee70fa8dcae1e2df2,,"1,2,9",Discovery metadata; not a validated inclusion or toxicity claim
48d3dbaa1ecf8bdbeda5bab3792be3656dd644b4,"Intracolonial genetic diversity increases chemical signaling by waggle-dancing honey bees, Apis mellifera",M. Carr-Markell; K. McDonald; H. Mattila,2013,10.1007/s00040-013-0315-5,https://www.semanticscholar.org/paper/48d3dbaa1ecf8bdbeda5bab3792be3656dd644b4,,1,Discovery metadata; not a validated inclusion or toxicity claim
48e431a2c99928f0bdcfa30c04a76f0f241cca0e,Educação Ambiental com estudantes do IFMG: formação de um bosque florestal em São João Evangelista (MG),I. Fontan; R. Almeida,2020,10.34024/revbea.2020.v15.10452,https://www.semanticscholar.org/paper/48e431a2c99928f0bdcfa30c04a76f0f241cca0e,https://periodicos.unifesp.br/index.php/revbea/article/download/10452/7917,"1,10",Discovery metadata; not a validated inclusion or toxicity claim
494fefa5efa83f8058de752f3a863170a12d6fcd,Plant − ant − fungus communities investigated through qualitative modelling,G. Giavelli; A. Bodini,1990,10.2307/3565965,https://www.semanticscholar.org/paper/494fefa5efa83f8058de752f3a863170a12d6fcd,,1,Discovery metadata; not a validated inclusion or toxicity claim
496b90a45bdabb81694a0a6f1f88659f7cc6b448,Spatially Heterogeneous Nest-Clearing Behavior Coincides with Rain Event in the Leaf-Cutting Ant Atta cephalotes (L.) (Hymenoptera: Formicidae),J. Stephan; R. Wirth; I. Leal; S. Meyer,2015,10.1007/s13744-014-0267-0,https://www.semanticscholar.org/paper/496b90a45bdabb81694a0a6f1f88659f7cc6b448,,"1,3",Discovery metadata; not a validated inclusion or toxicity claim
4972580fd349791f5d2bb7a0771d2eef45fab893,"Atta texana, Texas Leaf-cutting Ant, on Typic Quartzipsamments: Ecological Considerations",D. Kulhavy; W. Ross; R. R. Cahal,1996,,https://www.semanticscholar.org/paper/4972580fd349791f5d2bb7a0771d2eef45fab893,,"1,3",Discovery metadata; not a validated inclusion or toxicity claim
499e9b2cee18da03f473d132a9d3cfb580487cc0,ACTIVITY OF LEAF-CUTTING ANT Atta sexdens piriventris SUBMITED TO HIGH DILUTION HOMEOPATHIC PREPARATIONS,A. Giesel; M. Boff; Paulo Antonio de Souza Gonçalves; P. Boff,2013,10.56369/tsaes.1006,https://www.semanticscholar.org/paper/499e9b2cee18da03f473d132a9d3cfb580487cc0,https://www.revista.ccba.uady.mx/ojs/index.php/TSA/article/download/1006/708,"1,3",Discovery metadata; not a validated inclusion or toxicity claim
49ea627c337fcdc4131f0f5fb5e7d8fa74da3aca,Richard T. Corlett and Richard B. Primack: Tropical rain forests: an ecological and biogeographical comparison,P. Thomas,2012,10.1007/s10841-011-9454-z,https://www.semanticscholar.org/paper/49ea627c337fcdc4131f0f5fb5e7d8fa74da3aca,,1,Discovery metadata; not a validated inclusion or toxicity claim
4ae541ed95ec63e6808e5fea22c113c5183edb49,"Draft Genome Sequence of Streptomyces Strain S4, a Symbiont of the Leaf-Cutting Ant Acromyrmex octospinosus",R. Seipke; Lisa C. Crossman; N. Drou; D. Heavens; M. Bibb; M. Cáccamo; M. Hutchings,2011,10.1128/JB.05275-11,https://www.semanticscholar.org/paper/4ae541ed95ec63e6808e5fea22c113c5183edb49,https://europepmc.org/articles/pmc3147664?pdf=render,"1,10",Discovery metadata; not a validated inclusion or toxicity claim
4b2619314c589a91949b88870e4a7fdd32829b38,Diversification of the ant odorant receptor gene family and positive selection on candidate cuticular hydrocarbon receptors,Patamarerk Engsontia; U. Sangket; H. M. Robertson; C. Satasook,2015,10.1186/s13104-015-1371-x,https://www.semanticscholar.org/paper/4b2619314c589a91949b88870e4a7fdd32829b38,https://bmcresnotes.biomedcentral.com/counter/pdf/10.1186/s13104-015-1371-x,"1,2,3",Discovery metadata; not a validated inclusion or toxicity claim
4b6e08f0d244c05e79c07835fed8a2bcd23ebfa3,Caste and division of labor in leaf-cutter ants (Hymenoptera: Formicidae: Atta),E. Wilson,1983,10.1007/BF00366655,https://www.semanticscholar.org/paper/4b6e08f0d244c05e79c07835fed8a2bcd23ebfa3,,"1,3",Discovery metadata; not a validated inclusion or toxicity claim
4bde3d5244be5d65a5f41109958d75adf3d18315,Insects as Human Food,A. Chakravarthy; G. Jayasimha; R. R. Rachana; G. Rohini,2016,10.1007/978-981-10-1524-3_7,https://www.semanticscholar.org/paper/4bde3d5244be5d65a5f41109958d75adf3d18315,,1,Discovery metadata; not a validated inclusion or toxicity claim
4be5a5a22230d4775b58e39a5f3cf12c16e99347,Damage reduction of Acromyrmex lobicornis in Pinus ponderosa using mixed pine species in combination with push–pull tools,A. M. Alma; P. Fernández; M. Serra; J. Villacide; M. Buteler,2023,10.1111/afe.12607,https://www.semanticscholar.org/paper/4be5a5a22230d4775b58e39a5f3cf12c16e99347,,"1,2",Discovery metadata; not a validated inclusion or toxicity claim
4beef0c9fefebff49fb5f85c7b8c1787c0ee5394,Production of Escovopsis conidia and the potential use of this parasitic fungus as a biological control agent of leaf-cutting ant fungus gardens,R. R. S. Queiroz; T. Teodoro; A. Carolino; R. O. B. Bitencourt; W. G. Souza; M. S. B. Boechat; R. R. Sobrinho; G. A. Silva; R. Samuels,2024,10.1007/s00203-024-03862-3,https://www.semanticscholar.org/paper/4beef0c9fefebff49fb5f85c7b8c1787c0ee5394,,1,Discovery metadata; not a validated inclusion or toxicity claim
4c326d290732c1e42f47940b1cf7466fd19dcf2c,Reconstructing the functions of endosymbiotic Mollicutes in fungus-growing ants,P. Sapountzis; M. Zhukova; J. Shik; M. Schiøtt; J. Boomsma,2018,10.7554/eLife.39209,https://www.semanticscholar.org/paper/4c326d290732c1e42f47940b1cf7466fd19dcf2c,https://doi.org/10.7554/elife.39209,1,Discovery metadata; not a validated inclusion or toxicity claim
4c75b18e169cdcd2bc3772fb8add3b137f1c8f19,Agro-ECosystem Studies Based on Lotka-Volterra Modelling and Fourth Order Longe-Kuta Approach,Yi Feng; Yifan Shao; Zhixiang Zhang,2025,10.54097/gvn4er39,https://www.semanticscholar.org/paper/4c75b18e169cdcd2bc3772fb8add3b137f1c8f19,https://hsetdata.com/index.php/ojs/article/download/651/608,1,Discovery metadata; not a validated inclusion or toxicity claim
4c8427924652472785a4f15dc0c838758c89a4fe,Low host–pathogen specificity in the leaf-cutting ant–microbe symbiosis,Stephen J. Taerum; Matías J. Cafaro; Ainslie E. F. Little; T. Schultz; C. Currie,2007,10.1098/rspb.2007.0431,https://www.semanticscholar.org/paper/4c8427924652472785a4f15dc0c838758c89a4fe,https://www.ncbi.nlm.nih.gov/pmc/articles/2275177,1,Discovery metadata; not a validated inclusion or toxicity claim
4cb114385659c55bad43a77078be52d6877671f2,Daily rhythms of foraging and leaf-cutting on an Atta sexdens colony,M. Barbosa; Ritmos diários; Ficha Catalográfica; Mila Maria Pamplona,,,https://www.semanticscholar.org/paper/4cb114385659c55bad43a77078be52d6877671f2,,"1,3",Discovery metadata; not a validated inclusion or toxicity claim
4cb302e3ba4b3b007c66d98c0aa1d3a03eda623d,DETERMINAÇÃO DO CONSUMO DE FOLHAS DE Eucalyptus grandis POR FORMIGUEIROS DE Atta sexdens rubropilosa,Daniele Ukan; N. Sousa; C. Belinovski,2013,10.5380/RF.V43I4.26488,https://www.semanticscholar.org/paper/4cb302e3ba4b3b007c66d98c0aa1d3a03eda623d,https://doi.org/10.5380/rf.v43i4.26488,"1,3,5",Discovery metadata; not a validated inclusion or toxicity claim
4d2da8acf912a0293291bc01ceb0ef9bd42f209e,"Dynamic matching of forager size to resources in the continuously polymorphic leaf‐cutter ant, Atta colombica (Hymenoptera, Formicidae)",Elizabeth Clark,2006,10.1111/j.1365-2311.2006.00826.x,https://www.semanticscholar.org/paper/4d2da8acf912a0293291bc01ceb0ef9bd42f209e,https://onlinelibrary.wiley.com/doi/pdfdirect/10.1111/j.1365-2311.2006.00826.x,"1,3",Discovery metadata; not a validated inclusion or toxicity claim
4d351e1ba4e62b7e3a52d60654ee61d51d5d626f,"SYSTEMATICS, MORPHOLOGY AND PHYSIOLOGY Efeito de Secreções da Glândula Mandibular de Atta sexdens rubropilosa Forel (Hymenoptera: Formicidae) Sobre a Germinação de Conídios de Botrytis cinerea Pers. Fr.",A. L. M. Júnior; L. A. Maffia,2001,,https://www.semanticscholar.org/paper/4d351e1ba4e62b7e3a52d60654ee61d51d5d626f,,"1,3",Discovery metadata; not a validated inclusion or toxicity claim
4d3e5e68ab8ea1df30a66db378c91aa025d0cafd,Herbivory intensity and plant species traits interact with tree canopy cover to drive seedling survival in Neotropical savannas,P. P. Raupp; R. V. Gonçalves; J. C. F. Cardoso; E. Calixto; A. N. Costa,2025,10.1007/s11258-025-01509-x,https://www.semanticscholar.org/paper/4d3e5e68ab8ea1df30a66db378c91aa025d0cafd,,1,Discovery metadata; not a validated inclusion or toxicity claim
4d8d831553c78317c03e1bee89786f1fcc2f960c,Short independent lives and selection for maximal sperm survival make investment in immune defences unprofitable for leaf-cutting ant males,M. Stürup; B. Baer; J. Boomsma,2014,10.1007/s00265-014-1707-x,https://www.semanticscholar.org/paper/4d8d831553c78317c03e1bee89786f1fcc2f960c,https://api.research-repository.uwa.edu.au/ws/files/7120142/Stuerup_et_al_2014.pdf,"1,2",Discovery metadata; not a validated inclusion or toxicity claim
4d9d3aeabd9665b26112d5cbb47e1a01decdd8cc,Effect of intraspecific competition on the demography of leaf-cutting ants: a matrix model approach,L. Jofré; M. De-Torres-Curth; V. Zimmerman; A. Farji-Brener,2022,10.1007/s00040-022-00866-4,https://www.semanticscholar.org/paper/4d9d3aeabd9665b26112d5cbb47e1a01decdd8cc,,"1,2",Discovery metadata; not a validated inclusion or toxicity claim
4dba71731d69e42270a123ee1b68d7ff8ed5dcab,Electrophysiological Responses of Atta sexdens rubropilosa Workers to Essential Oils of Eucalyptus and its Chemical Composition,Luciane G. Batista-Pereira; J. Fernandes; M. Silva; P. Vieira; O. Bueno; A. Corrêa,2006,10.1515/znc-2006-9-1023,https://www.semanticscholar.org/paper/4dba71731d69e42270a123ee1b68d7ff8ed5dcab,https://www.degruyter.com/document/doi/10.1515/znc-2006-9-1023/pdf,"1,3",Discovery metadata; not a validated inclusion or toxicity claim
4debca8d56c69c8d00ee474426897f9356bde6da,Functional Characterization and Antifungal Activity of Insect-Derived Chitinases Expressed in Pichia pastoris,K. C. Correa; G. H. Ribeiro; O. C. Bueno; L. A. Colnago; I. Malavazi; D. D. de Souza,2026,10.3390/polym18030402,https://www.semanticscholar.org/paper/4debca8d56c69c8d00ee474426897f9356bde6da,,1,Discovery metadata; not a validated inclusion or toxicity claim
4df5f8fa37d35e9a81c130ada87bd857d0a770fa,Avoiding traffic jams: Hitchhiking behavior as a strategy to reduce ant workers' traffic on the foraging trail.,Isabel Neto Hastenreiter; J. Lopes; Roberto da Silva Camargo; L. C. Forti,2018,10.1016/j.beproc.2018.08.015,https://www.semanticscholar.org/paper/4df5f8fa37d35e9a81c130ada87bd857d0a770fa,https://www.sciencedirect.com/science/article/pii/S0376635718300913,"1,2",Discovery metadata; not a validated inclusion or toxicity claim
4e33a5659167581ffdfd39cf831c3ecdf1730b7e,Microepiphytes on branches deter leaf-cutting ant herbivory,J. K. Wetterer,2003,,https://www.semanticscholar.org/paper/4e33a5659167581ffdfd39cf831c3ecdf1730b7e,,"1,3",Discovery metadata; not a validated inclusion or toxicity claim
4e894ef12e77217440157a76c35773df135cfb26,Ecosystem engineering by leaf‐cutting ants: nests of Atta cephalotes drastically alter forest structure and microclimate,S. Meyer; I. Leal; M. Tabarelli; R. Wirth,2011,10.1111/j.1365-2311.2010.01241.x,https://www.semanticscholar.org/paper/4e894ef12e77217440157a76c35773df135cfb26,,"1,3",Discovery metadata; not a validated inclusion or toxicity claim
4f05e5996e5520abdc4845419d9f62b865cba8f8,"Genetic variation and task specialization in the desert leaf-cutter ant, Acromyrmex versicolor",Glennis E. Julian; J. Fewell,2004,10.1016/J.ANBEHAV.2003.06.023,https://www.semanticscholar.org/paper/4f05e5996e5520abdc4845419d9f62b865cba8f8,,"1,2",Discovery metadata; not a validated inclusion or toxicity claim
4f443e5c07b38dd7e4f2c0d30b6fbb1c358b4cca,Foraging trails of leaf-cutting ants,H. Fowler,1978,,https://www.semanticscholar.org/paper/4f443e5c07b38dd7e4f2c0d30b6fbb1c358b4cca,,1,Discovery metadata; not a validated inclusion or toxicity claim
4f4ceb675d114760dfcbf4aa95b5ecff9a84fa24,"Element and Energy Flows Through Colonies of the Leaf-Cutting Ant, Atta colombica, in Panama",B. Haines,1978,10.2307/2387679,https://www.semanticscholar.org/paper/4f4ceb675d114760dfcbf4aa95b5ecff9a84fa24,,"1,3",Discovery metadata; not a validated inclusion or toxicity claim
4f565234c6cc19b381dc6263aee53d29176fff83,Sex allocation in the polydomous leaf-cutting ant Acromyrmexbalzani,K. Ichinose; L. C. Forti; D. Pretto; G. Nachman; J. Boomsma,2007,10.1007/s11284-006-0063-3,https://www.semanticscholar.org/paper/4f565234c6cc19b381dc6263aee53d29176fff83,,1,Discovery metadata; not a validated inclusion or toxicity claim
4f565cafd7799e26a40356f4f214c90d94b1336d,Leaf-cutting ants and avoided plants: Defences against Atta texana attack,D. A. Waller,2004,10.1007/BF00367966,https://www.semanticscholar.org/paper/4f565cafd7799e26a40356f4f214c90d94b1336d,,"1,3",Discovery metadata; not a validated inclusion or toxicity claim
4f56f9866fbbf0fffa6783a44a1ac819ceab99c1,Proteomics reveals synergy between biomass degrading enzymes and inorganic Fenton chemistry in leaf-cutting ant colonies,M. Schiøtt; J. Boomsma,2021,10.7554/eLife.61816,https://www.semanticscholar.org/paper/4f56f9866fbbf0fffa6783a44a1ac819ceab99c1,https://doi.org/10.7554/elife.61816,"1,2",Discovery metadata; not a validated inclusion or toxicity claim
4f6826292e1b497dfc528f816008c1985a0cbd3b,Featured Articles in This Month’s Animal Behaviour,Michelle Pellissier Scott; Louise Barrett,2018,10.1016/j.anbehav.2009.03.002,https://www.semanticscholar.org/paper/4f6826292e1b497dfc528f816008c1985a0cbd3b,,"1,3,4",Discovery metadata; not a validated inclusion or toxicity claim
4f75c10506f766084684257c979bb61df267f334,The ‘truck‐driver’ effect in leaf‐cutting ants: how individual load influences the walking speed of nest‐mates,Alejandro G. Farji-Brener; F. Chinchilla; Seth Rifkin; Ana M. Sánchez Cuervo; Emilia Triana; Verónica A. Quiroga; Paola Giraldo,2011,10.1111/j.1365-3032.2010.00771.x,https://www.semanticscholar.org/paper/4f75c10506f766084684257c979bb61df267f334,https://ri.conicet.gov.ar/bitstream/11336/43489/2/CONICET_Digital_Nro.85e182cc-940d-4e2f-a303-704c48cdf9fc_A.pdf,"1,3",Discovery metadata; not a validated inclusion or toxicity claim
500230a8dc1a3591b20782d7537b6d8d3e479d09,"Orientation by magnetic field in leaf‐cutter ants, Atta colombica (Hymenoptera: Formicidae)",A. N. Banks; R. B. Srygley,2003,10.1046/J.0179-1613.2003.00927.X,https://www.semanticscholar.org/paper/500230a8dc1a3591b20782d7537b6d8d3e479d09,,"1,3",Discovery metadata; not a validated inclusion or toxicity claim
504e4a245e8f3cb4aac423f0ce622e863daf6445,"When it's dry, they forage on wet! First report of aquatic macrophytes herbivory by leaf-cutting ants during the dry season in Neotropical environments",Glauco Cássio de Sousa Oliveira; Guilherme Ramos Demetrio; Raquel de Cássia Ramos; Flávia de Freitas Coelho,2025,10.1007/s40415-025-01120-4,https://www.semanticscholar.org/paper/504e4a245e8f3cb4aac423f0ce622e863daf6445,,"1,3,10",Discovery metadata; not a validated inclusion or toxicity claim
505201f003b4b08818302b3bda41074b364d49a3,The effect of increase in the temperature on the foraging of Acromyrmex lobicornis (Hymenoptera: Formicidae),Rodrigo Tizón; J. P. Wulff; D. V. Peláez,2014,10.1186/s40555-014-0040-4,https://www.semanticscholar.org/paper/505201f003b4b08818302b3bda41074b364d49a3,https://zoologicalstudies.springeropen.com/counter/pdf/10.1186/s40555-014-0040-4,"1,2",Discovery metadata; not a validated inclusion or toxicity claim
505270f78a490c581924fceeb2a66e5cd3ffbf8b,Seed Dispersal by Leaf-Cutting Ants,R. Wirth; H. Herz; R. Ryel; W. Beyschlag; B. Hölldobler,2003,10.1007/978-3-662-05259-4_13,https://www.semanticscholar.org/paper/505270f78a490c581924fceeb2a66e5cd3ffbf8b,,1,Discovery metadata; not a validated inclusion or toxicity claim
50a923dbe1ed1f60441fe3632267a5835c1b6704,Mutualistic Fungi Control Crop Diversity in Fungus-Growing Ants,M. Poulsen; J. Boomsma,2005,10.1126/SCIENCE.1106688,https://www.semanticscholar.org/paper/50a923dbe1ed1f60441fe3632267a5835c1b6704,,1,Discovery metadata; not a validated inclusion or toxicity claim
5106811ba1c160f96d00b94510e0e6f60476b839,Variation in Pseudonocardia antibiotic defence helps govern parasite-induced morbidity in Acromyrmex leaf-cutting ants,M. Poulsen; Matías J. Cafaro; Daniel P Erhardt; Ainslie E. F. Little; N. Gerardo; Brad Tebbets; B. Klein; C. Currie,2009,10.1111/J.1758-2229.2009.00098.X,https://www.semanticscholar.org/paper/5106811ba1c160f96d00b94510e0e6f60476b839,https://www.ncbi.nlm.nih.gov/pmc/articles/3418327,"1,2",Discovery metadata; not a validated inclusion or toxicity claim
51106903c2c09254be8b9e6927954718ed3b4e95,"Parasitism and behavioral responses of Acromyrmex coronatus (Fabricius, 1804) and Acromyrmex crassispinus (Forel, 1909) (Hymenoptera: Formicidae) to Myrmosicarius catharinensis Borgmeier, 1928 (Diptera: Phoridae) in Londrina, PR",Julio Cesar de Almeida; A. Hoshino; Ayres de Oliveira Menezes; Juliana Chiquetti Fazam; T. P. L. Pereira; A. Pasini,2021,10.5433/1679-0359.2021V42N5P2669,https://www.semanticscholar.org/paper/51106903c2c09254be8b9e6927954718ed3b4e95,https://www.uel.br/revistas/uel/index.php/semagrarias/article/download/41632/29967,"1,2,10",Discovery metadata; not a validated inclusion or toxicity claim
51d6b29f37e752d9fbd471bba9a4155da5bcaf53,"Entomology, Ornithology & Herpetology: Current Research Leaf-Cutter Ant, Cardiocondyla elegans (Hymenoptera: Formicidae) Foraging Ecology, in Dinder National Park, Sudan",W. Robson; Katashi Tanaka; S. Muto,2021,,https://www.semanticscholar.org/paper/51d6b29f37e752d9fbd471bba9a4155da5bcaf53,,1,Discovery metadata; not a validated inclusion or toxicity claim
51eee45dae059bd38368ac388631953f03f01c47,Flexibility of Individual Load-mass Selection in Relation to Foraging Trail Gradient in the Leaf-cutter Ant Acromyrmex octospinosus,Vicki Norton; B. Stevens-Wood; W. E. Harris,2014,10.1007/s10905-013-9435-z,https://www.semanticscholar.org/paper/51eee45dae059bd38368ac388631953f03f01c47,,"1,2",Discovery metadata; not a validated inclusion or toxicity claim
5244fd204d4d0a677f484741b71d7ece1f6f9fde,Quality control by leaf-cutting ants: evidence from communities of endophytic fungi in foraged and rejected vegetation,S. L. Rocha; Vanessa L. Jorge; T. M. C. Della Lucia; R. Barreto; H. Evans; S. Elliot,2014,10.1007/s11829-014-9329-9,https://www.semanticscholar.org/paper/5244fd204d4d0a677f484741b71d7ece1f6f9fde,http://enpuir.npu.edu.ua/handle/123456789/21591,"1,2,3",Discovery metadata; not a validated inclusion or toxicity claim
5281c834f7083576c453027fe89d6351a14fdf65,Harvesting of Protium heptaphyllum (Aubl.) March. seeds (Burseraceae) by the leaf-cutting ant Atta sexdens L. promotes seed aggregation and seedling mortality,Paulo S. D. Silva; I. Leal; R. Wirth; M. Tabarelli,2007,10.1590/S0100-84042007000300019,https://www.semanticscholar.org/paper/5281c834f7083576c453027fe89d6351a14fdf65,http://www.scielo.br/pdf/rbb/v30n3/19.pdf,"1,3",Discovery metadata; not a validated inclusion or toxicity claim
5288fc7bbdd4001c0b020053fc5d779b3c8198cd,"Local canopy cover, shade tree identity and landscape tree cover shape leaf‐cutter ant nest density and herbivory in cacao agroforestry systems",Blanca Ivañez-Ballesteros; M. Opolka; Pablo Aycart-Lazo; Carolina Ocampo‐Ariza; B. Maas; Evert Thomas; T. Tscharntke; M. Peters; I. Steffan‐Dewenter,2026,10.1111/1365-2664.70359,https://www.semanticscholar.org/paper/5288fc7bbdd4001c0b020053fc5d779b3c8198cd,https://doi.org/10.1111/1365-2664.70359,1,Discovery metadata; not a validated inclusion or toxicity claim
5291d967a6f0f048a98034c9d15e332f926ca21d,Sustainable Management of Acromyrmex octospinosus (Reich): How Botanical Extracts Should Promote an Ecofriendly Control Strategy,L. Desfontaines; H. Ozier-Lafontaine; G. Loranger-Merciris,2018,,https://www.semanticscholar.org/paper/5291d967a6f0f048a98034c9d15e332f926ca21d,,"1,2",Discovery metadata; not a validated inclusion or toxicity claim
529d2cdeacdbf5434b682fe7bb9a53f5a00575fe,Foraging behaviour of Atta cephalotes (leaf-cutting ants): an examination of two predictions for load selection.,M. Burd,2000,10.1006/ANBE.2000.1537,https://www.semanticscholar.org/paper/529d2cdeacdbf5434b682fe7bb9a53f5a00575fe,,"1,3",Discovery metadata; not a validated inclusion or toxicity claim
52b650cc0932d52f7777615d65c04a1b97ea5058,Grazing and Pocket Gopher Abundance in a California Annual Grassland,J. Hunter,1991,10.2307/3672126,https://www.semanticscholar.org/paper/52b650cc0932d52f7777615d65c04a1b97ea5058,,"1,3",Discovery metadata; not a validated inclusion or toxicity claim
52df57d100dde604ecd07fe09ee522fd3ebf8bae,Nest and Foraging Characteristics of Acromyrmex landolti balzani (Hymenoptera: Formicidae) in Northeast Brazil,J. C. M. Poderoso; G. T. Ribeiro; G. B. Gonçalves; P. Mendonça; R. Polanczyk; R. Zanetti; J. Serrão; J. Zanuncio,2009,,https://www.semanticscholar.org/paper/52df57d100dde604ecd07fe09ee522fd3ebf8bae,,"1,2",Discovery metadata; not a validated inclusion or toxicity claim
530233b6d42a53466ba574ab75cb4635fa6e7859,Mathematical Modelling on Nutrient Transmission in a Colony of Leaf-Cutting Ants,J. Amudhavel; R. Ilamathi; D. Pradeepa; S. Ganesan; B. Bhuvaneswari,2016,10.17485/IJST/2016/V9I11/89263,https://www.semanticscholar.org/paper/530233b6d42a53466ba574ab75cb4635fa6e7859,https://doi.org/10.17485/ijst/2016/v9i11/89263,1,Discovery metadata; not a validated inclusion or toxicity claim
53238b4061020000e750afd8ac7d4ec826ae4090,Effects of Trichoderma strigosellum in Eucalyptus urophylla Development and Leaf-Cutting Ant Behavior,K. Batista; Dayara Vieira Silva; Vitor L. Nascimento; D. J. de Souza,2021,10.3390/jof8010015,https://www.semanticscholar.org/paper/53238b4061020000e750afd8ac7d4ec826ae4090,https://www.mdpi.com/2309-608X/8/1/15/pdf?version=1640588765,"1,3",Discovery metadata; not a validated inclusion or toxicity claim
533236918514ee8ff17657311a5a4865e1fa8851,Leaf‐cutting ants as ecosystem engineers: topsoil and litter perturbations around Atta cephalotes nests reduce nutrient availability,S. Meyer; M. Neubauer; E. Sayer; I. Leal; M. Tabarelli; R. Wirth,2013,10.1111/een.12043,https://www.semanticscholar.org/paper/533236918514ee8ff17657311a5a4865e1fa8851,,"1,3",Discovery metadata; not a validated inclusion or toxicity claim
53656fa3611f08223fc5160b3d61a1a2e4f4716a,Production of cellulases by Penicillium oxalicum through solid state fermentation using agroindustrial substrates.,Fabrícia Vieira Silva Bomtempo; Franciane Maria Mantovani Santin; Raphael Sanzio; Pimenta; Deyla Paula de Oliveira; E. Guarda,2017,10.4025/ACTASCIBIOLSCI.V39I3.32384,https://www.semanticscholar.org/paper/53656fa3611f08223fc5160b3d61a1a2e4f4716a,http://periodicos.uem.br/ojs/index.php/ActaSciBiolSci/article/download/32384/pdf,1,Discovery metadata; not a validated inclusion or toxicity claim
53c7fc8d6739d45f6ebe29303b6c4e90d3802983,Evolutionary patterns of proteinase activity in attine ant fungus gardens,T. A. Semenova; D. Hughes; J. Boomsma; M. Schiøtt,2011,10.1186/1471-2180-11-15,https://www.semanticscholar.org/paper/53c7fc8d6739d45f6ebe29303b6c4e90d3802983,https://bmcmicrobiol.biomedcentral.com/counter/pdf/10.1186/1471-2180-11-15,"1,2,8",Discovery metadata; not a validated inclusion or toxicity claim
53d0f0521e0fa3c3a2b15a3e607476f98166dffd,ESTABELECIMENTO E DESENVOLVIMENTO DE ESPÉCIES EM PLANTIOS DE RECUPERAÇÃO DE MATAS DE GALERIA NO DISTRITO FEDERAL E EM GOIÁS.,R. P. Rezende; C. E. L. Fonseca; Maria Jeanine Felfili,2018,,https://www.semanticscholar.org/paper/53d0f0521e0fa3c3a2b15a3e607476f98166dffd,,1,Discovery metadata; not a validated inclusion or toxicity claim
5434b920225789c2328d6c7f2b8ab021a218fab8,A Volatile Semiochemical Released by the Fungus Garden of Leaf-Cutting Ants,K. K. Sousa; G. C. Catalani; T. Gianeti; R. Camargo; N. Caldato; V. M. Ramos; L. C. Forti,2020,10.1653/024.103.0401,https://www.semanticscholar.org/paper/5434b920225789c2328d6c7f2b8ab021a218fab8,https://bioone.org/journals/florida-entomologist/volume-103/issue-1/024.103.0401/A-Volatile-Semiochemical-Released-by-the-Fungus-Garden-of-Leaf/10.1653/024.103.0401.pdf,1,Discovery metadata; not a validated inclusion or toxicity claim
545ed4b0799ab63422441e06f6709da288df6c82,Leaf‐cutting ant preferences for five native tropical plantation tree species growing under different light conditions,P. Folgarait; L. Dyer; R. Marquis; H. E. Braker,1996,10.1111/j.1570-7458.1996.tb00968.x,https://www.semanticscholar.org/paper/545ed4b0799ab63422441e06f6709da288df6c82,,"1,3",Discovery metadata; not a validated inclusion or toxicity claim
5478bb419c71cb0e121cffa44637f1d9e538ab2f,"Parasitism and biology of Myrmosicarius grandicornis (Diptera, Phoridae) in relationship to its host, the leaf-cutting ant Atta sexdens (Hymenoptera, Formicidae)",A. Tonhasca Jr.; M. Bragança; M. Erthal Jr.,2001,10.1007/PL00001759,https://www.semanticscholar.org/paper/5478bb419c71cb0e121cffa44637f1d9e538ab2f,,"1,3",Discovery metadata; not a validated inclusion or toxicity claim
54cbbc369b7dda35b8c21514e1d4941b472d1168,Virola sebifera Aubl. (Myristicaceae) leaf chemical composition and implications on leaf-cutter ant foraging choice,A. A. Carlos; Karla Silva Malaquias; Rafael C. Consolmagno; A. Sarria; J. Fernandes; O. Bueno,2018,10.1007/s11829-017-9582-9,https://www.semanticscholar.org/paper/54cbbc369b7dda35b8c21514e1d4941b472d1168,http://doi.org/10.1007/s11829-017-9582-9,"1,3",Discovery metadata; not a validated inclusion or toxicity claim
550cc48ba5fc79ca6e448fbc3bc2f53697b4274f,Acromyrmex Leaf-Cutting Ants Have Simple Gut Microbiota with Nitrogen-Fixing Potential,P. Sapountzis; M. Zhukova; L. Hansen; S. Sørensen; M. Schiøtt; J. Boomsma,2015,10.1128/AEM.00961-15,https://www.semanticscholar.org/paper/550cc48ba5fc79ca6e448fbc3bc2f53697b4274f,https://aem.asm.org/content/aem/81/16/5527.full.pdf,"1,2",Discovery metadata; not a validated inclusion or toxicity claim
550d5bec92d9667dc6ffa8589cd677c98cf53cd9,Leaf-cutting ants tease optimal foraging theorists.,A. Kacelnik,1993,10.1016/0169-5347(93)90215-B,https://www.semanticscholar.org/paper/550d5bec92d9667dc6ffa8589cd677c98cf53cd9,,1,Discovery metadata; not a validated inclusion or toxicity claim
5516c3bf4040d376d91cbc990ab2ad3b7f2dd2e4,Leucoagaricus gongylophorus uses leaf-cutting ants to vector proteolytic enzymes towards new plant substrate,P. W. Kooij; A. Rogowska-Wrzesińska; D. Hoffmann; P. Roepstorff; J. Boomsma; M. Schiøtt,2014,10.1038/ismej.2013.231,https://www.semanticscholar.org/paper/5516c3bf4040d376d91cbc990ab2ad3b7f2dd2e4,https://www.nature.com/articles/ismej2013231.pdf,"1,2,9",Discovery metadata; not a validated inclusion or toxicity claim
55ba48bdfe36c7bf73e11049f74453f7a7ccbee6,Intraindividual variations of volatile terpene contents in Pinus caribaea needles and its possible relationship to Atta laevigata herbivory,L. Barnola; Aragua Cedeño; M. Hasegawa,1997,10.1016/S0305-1978(97)00067-7,https://www.semanticscholar.org/paper/55ba48bdfe36c7bf73e11049f74453f7a7ccbee6,,"1,3",Discovery metadata; not a validated inclusion or toxicity claim
567096b843c033ef9568cff166f47b0e4bb5f78d,Allometry and the geometry of leaf-cutting in Atta cephalotes,J. K. Wetterer,1991,10.1007/BF00165959,https://www.semanticscholar.org/paper/567096b843c033ef9568cff166f47b0e4bb5f78d,,"1,3",Discovery metadata; not a validated inclusion or toxicity claim
5690b52ffe0d36a772c64a5cb193726cfe035417,"Soil Fungal Pathogens from Different Land Uses/Covers and Their Virulence to Leaf-Cutter Ant, Atta cephalotes",E. Presa-Parra; M. Garcia-Martinez; Francisco Hernández‐Rosas; Rosalía Núñez-Pastrana,2024,10.3958/059.049.0124,https://www.semanticscholar.org/paper/5690b52ffe0d36a772c64a5cb193726cfe035417,,"1,3,6",Discovery metadata; not a validated inclusion or toxicity claim
56c6f98061ad8d971800a7c075f9a7c119f29f81,Resource allocation among worker castes of the leaf-cutting ants Acromyrmex subterraneus subterraneus through trophallaxis.,Denise Dolores Oliveira Moreira; A. M. V. Bailez; M. Erthal; Omar Bailez; M. Carrera; R. Samuels,2010,10.1016/j.jinsphys.2010.06.018,https://www.semanticscholar.org/paper/56c6f98061ad8d971800a7c075f9a7c119f29f81,https://www.sciencedirect.com/science/article/pii/S002219101000199X/pdf,"1,2",Discovery metadata; not a validated inclusion or toxicity claim
56e44eae8fee777ae131b6e0159781457e1ce47a,Biomechanical components of the plant–insect herbivore arms race: a model test in leaf-cutter ants,O. K. Walthaus; Dilanka I. Deegala; Raphael Delattre; David Labonte,2025,10.1098/rsif.2025.0091,https://www.semanticscholar.org/paper/56e44eae8fee777ae131b6e0159781457e1ce47a,https://doi.org/10.1098/rsif.2025.0091,1,Discovery metadata; not a validated inclusion or toxicity claim
57225d26a95bd7f2c7d8ea2fcae6f422bc98e96c,Indirect effects of exotic grazers: livestock decreases the nutrient content of refuse dumps of leaf‐cutting ants through vegetation impoverishment,M. Tadey; A. Farji-Brener,2007,10.1111/J.1365-2664.2007.01338.X,https://www.semanticscholar.org/paper/57225d26a95bd7f2c7d8ea2fcae6f422bc98e96c,https://onlinelibrary.wiley.com/doi/pdfdirect/10.1111/j.1365-2664.2007.01338.x,1,Discovery metadata; not a validated inclusion or toxicity claim
57553f56fa064d408897dcd0d8802934dcf578b1,Phorid Parasitoids of Leaf‐Cutting Ants: Ecological Insights and Biocontrol Perspectives,Luciana Elizalde; Gonzalo A. Ávila; M. Bragança,2026,10.1111/eea.70130,https://www.semanticscholar.org/paper/57553f56fa064d408897dcd0d8802934dcf578b1,,"1,2",Discovery metadata; not a validated inclusion or toxicity claim
5778055e9cbe946f483ccd0a5051ae36ebe9db67,"Chemical Ecology of Host Plant Selection by the Leaf-Cutting Ant, Atta cephalotes",J. J. Howard; D. Wiemer,2019,10.1201/9780429038266-22,https://www.semanticscholar.org/paper/5778055e9cbe946f483ccd0a5051ae36ebe9db67,,"1,3",Discovery metadata; not a validated inclusion or toxicity claim
5819d1246ffaa691ebe8375fe9cc9485010e54c1,Reproduction of leaf-cutting ant workers: breaking the queen monopoly,R. S. Camargo; L. Forti; C. Matos; F. Guilherme; N. Oliveira; A. A. Moreira; J. E. Serrão; M. A. Castellani; R. N. S. Lemos; V. C. S. Pereira; M. P. dos Santos; J. C. Zanúncio,2026,10.1590/1519-6984.306303,https://www.semanticscholar.org/paper/5819d1246ffaa691ebe8375fe9cc9485010e54c1,https://doi.org/10.1590/1519-6984.306303,1,Discovery metadata; not a validated inclusion or toxicity claim
5846816ef929ba40dd4ed57b431a080d4a63eda4,Hemocyte morphology of worker subcastes of the leaf-cutting ant Atta sexdens rubropilosa (Hymenoptera: Formicidae).,Lídia Aparecida Dourado; Leandro Licursi de Oliveira; Ana Paula Pereira Raimundo; J. F. Cossolin; Jacineumo Falcão de Oliveira; J. Serrão,2023,10.1016/j.asd.2023.101301,https://www.semanticscholar.org/paper/5846816ef929ba40dd4ed57b431a080d4a63eda4,,"1,3",Discovery metadata; not a validated inclusion or toxicity claim
584e5f09f301351582dc1e3a6d9f88359be2e429,A meta‐analysis of leaf‐cutting ant nest effects on soil fertility and plant performance,A. Farji-Brener; Victoria Werenkraut,2015,10.1111/een.12169,https://www.semanticscholar.org/paper/584e5f09f301351582dc1e3a6d9f88359be2e429,http://hdl.handle.net/11336/12232,1,Discovery metadata; not a validated inclusion or toxicity claim
58afbdf9f8df368233a559e905a55ae44a9979e6,"Waste Management in the Leaf-Cutting Ant Acromyrmex lobicornis: Division of Labour, Aggressive Behaviour, and Location of External Refuse Dumps",Sebastián A. Ballari; A. Farji-Brener; M. Tadey,2007,10.1007/s10905-006-9065-9,https://www.semanticscholar.org/paper/58afbdf9f8df368233a559e905a55ae44a9979e6,,"1,2",Discovery metadata; not a validated inclusion or toxicity claim
58d49908566bce52f6bbe297e361eb30f7ac78c1,Optimal foraging in leafcutter ants (Atta cephalotes): selection of leaves based on proximity to the nest,R. Snowden,2012,,https://www.semanticscholar.org/paper/58d49908566bce52f6bbe297e361eb30f7ac78c1,,"1,3",Discovery metadata; not a validated inclusion or toxicity claim
58f79a1d1b80df95a66a5a65ca70288146aabca9,"Ant wars: combat strategies, territory and nest defence in the leaf-cutting antAtta laevigata",M. Whitehouse; K. Jaffe,1996,10.1006/ANBE.1996.0126,https://www.semanticscholar.org/paper/58f79a1d1b80df95a66a5a65ca70288146aabca9,,1,Discovery metadata; not a validated inclusion or toxicity claim
59e71c645ec9af04c4c0b50830b3242e0473848b,Ants Do Not Traverse the Silk of Adult Female Nephila clavipes (Linnaeus) Webs,E. Knowlton; A. Kamath,2018,10.1007/s13744-018-0631-6,https://www.semanticscholar.org/paper/59e71c645ec9af04c4c0b50830b3242e0473848b,,1,Discovery metadata; not a validated inclusion or toxicity claim
59f945173d4d89cdc21dabf514e65fd4a1304e2e,Edge-induced narrowing of dietary diversity in leaf-cutting ants,P. F. Falcão; S. Pinto; R. Wirth; I. Leal,2010,10.1017/S000748531000043X,https://www.semanticscholar.org/paper/59f945173d4d89cdc21dabf514e65fd4a1304e2e,,"1,3",Discovery metadata; not a validated inclusion or toxicity claim
5a501bcacefeed7dc822a243aa5a94bec4ba7477,Caste specialization in behavioral defenses against fungus garden parasites in Acromyrmex octospinosus leaf-cutting ants,D. Abramowski; Cameron R. Currie; Michael Poulsen,2011,10.1007/s00040-010-0117-y,https://www.semanticscholar.org/paper/5a501bcacefeed7dc822a243aa5a94bec4ba7477,,"1,2",Discovery metadata; not a validated inclusion or toxicity claim
5a56997c2f9a2b854089c108e175e873b6ed7dc9,"Influence of biotic, chemical and mechanical plant defenses on the foraging pattern of the leaf-cutter ant ( Acromyrmex striatus ) in a subtropical forest",P. Folgarait; A. G. F. Brener; J. Protomastro,1994,,https://www.semanticscholar.org/paper/5a56997c2f9a2b854089c108e175e873b6ed7dc9,,"1,2,6",Discovery metadata; not a validated inclusion or toxicity claim
5a7899330cdc78d16815730244d3e2712c4405ad,Functional role of phenylacetic acid from metapleural gland secretions in controlling fungal pathogens in evolutionarily derived leaf-cutting ants,H. Fernández‐Marín; D. Nash; Sarah Higginbotham; C. Estrada; Jelle S. van Zweden; P. D’ettorre; W. Wcislo; J. Boomsma,2015,10.1098/rspb.2015.0212,https://www.semanticscholar.org/paper/5a7899330cdc78d16815730244d3e2712c4405ad,https://www.ncbi.nlm.nih.gov/pmc/articles/4424645,1,Discovery metadata; not a validated inclusion or toxicity claim
5a95f3e97b5deb1cc77a39b57e7697e9925d0c03,Avoidance of plants unsuitable for the symbiotic fungus in leaf-cutting ants: Learning can take place entirely at the colony dump,A. Arenas; F. Roces,2017,10.1371/journal.pone.0171388,https://www.semanticscholar.org/paper/5a95f3e97b5deb1cc77a39b57e7697e9925d0c03,https://journals.plos.org/plosone/article/file?id=10.1371/journal.pone.0171388&type=printable,1,Discovery metadata; not a validated inclusion or toxicity claim
5aa861ed172832dc3c391950b1b020ae35540090,Effects of Capsicum baccatum and C. frutescens against Atta cephalotes (Hymenoptera: Formicidae) and the symbiotic fungus Leucoagaricus gongylophorus,Tatiana Lobo-Echeverri; L. Salazar; A. Hernández; A. Ortiz-Reyes,2016,10.25100/socolen.v42i2.6684,https://www.semanticscholar.org/paper/5aa861ed172832dc3c391950b1b020ae35540090,,"1,3,9",Discovery metadata; not a validated inclusion or toxicity claim
5ace3ac41d4e216cb514fe7be81cd54933a7d4b8,New caffeic acid derivative from Tithonia diversifolia (Hemsl.) A. Gray butanolic extract and its antioxidant activity.,Kriss Dayana Pantoja Pulido; Ana Julia Colmenares Dulcey; José Hipólito Isaza Martínez,2017,10.1016/j.fct.2017.03.059,https://www.semanticscholar.org/paper/5ace3ac41d4e216cb514fe7be81cd54933a7d4b8,,"1,3,10",Discovery metadata; not a validated inclusion or toxicity claim
5b580ca29e17e49038406b6a8ac3052a3ab423fa,LIQUID FERTILISER FROM NEST REFUSE OF LEAF-CUTTER ANT NESTS (ATTA SP.) IN LETTUCE SEEDLING PRODUCTION,J. Oliveira; Bianca Giuliano Ambrogi; L. Sousa‐Souto,2025,10.21474/ijar01/21982,https://www.semanticscholar.org/paper/5b580ca29e17e49038406b6a8ac3052a3ab423fa,https://www.journalijar.com/uploads/2025/10/690835e8bb92f_IJAR-54471.pdf,"1,4",Discovery metadata; not a validated inclusion or toxicity claim
5b8917e76772f9f3d7b35cf3c931a1b3f89e75e4,Transects to estimate the number of leaf-cutting ant nests (Hymenoptera: Formicidae) in Eucalyptus urophylla plantations,M. Sossai; J. Zanuncio; H. Leite; R. Zanetti; J. Serrão,2005,,https://www.semanticscholar.org/paper/5b8917e76772f9f3d7b35cf3c931a1b3f89e75e4,,1,Discovery metadata; not a validated inclusion or toxicity claim
5b8c7578093460dc6a9e9cef02630f8b4d0e3276,Mechanism of leaf-cutting ant colony suppression by fipronil used in attractive toxic baits.,Lailla C. Gandra; K. D. Amaral; J. C. Couceiro; Terezinha Mc Della Lucia; R. Guedes,2016,10.1002/ps.4239,https://www.semanticscholar.org/paper/5b8c7578093460dc6a9e9cef02630f8b4d0e3276,https://onlinelibrary.wiley.com/doi/pdfdirect/10.1002/ps.4239,"1,2",Discovery metadata; not a validated inclusion or toxicity claim
5b8d5ca8c82f5f925f9bc97838d376f81a28db82,Sustainable Agriculture Reviews,Éric Lichtfouse,2014,10.1007/978-3-319-00915-5,https://www.semanticscholar.org/paper/5b8d5ca8c82f5f925f9bc97838d376f81a28db82,,1,Discovery metadata; not a validated inclusion or toxicity claim
5bbfac6b5d40bba4b1bc792b2196cb83118cff18,Do Leaf Characteristics Influence Foraging Habits in Leaf-cutter Ants ( Atta cephalotes )?,Jenna E. Morris; Asa Arhelger; P. Bax,2016,,https://www.semanticscholar.org/paper/5bbfac6b5d40bba4b1bc792b2196cb83118cff18,,"1,3",Discovery metadata; not a validated inclusion or toxicity claim
5c9f60e1d0a2f6f8d2164c31a35f6ea69e7ed158,Comparative analysis of fungal communities in colonies of two leaf-cutting ant species with different substratum preferences,J. S. Pereira; R. C. D. Costa; N. S. Nagamoto; L. C. Forti; F. C. Pagnocca; A. Rodrigues,2016,10.1016/J.FUNECO.2016.03.004,https://www.semanticscholar.org/paper/5c9f60e1d0a2f6f8d2164c31a35f6ea69e7ed158,https://www.sciencedirect.com/science/article/pii/S1754504816300228,"1,3,4",Discovery metadata; not a validated inclusion or toxicity claim
5cc402099dd02b13ecc1e4de7a817ede15d03297,Landscape genetics across the Andes Mountains: Environmental variation drives genetic divergence in the leaf-cutting ant Atta cephalotes,Vanessa Muñoz‐Valencia; J. Montoya-Lerma; P. Seppä; Fernando Diaz,2021,10.1111/mec.16742,https://www.semanticscholar.org/paper/5cc402099dd02b13ecc1e4de7a817ede15d03297,http://hdl.handle.net/10138/566285,"1,3",Discovery metadata; not a validated inclusion or toxicity claim
5ccc2c05a185f1a9d11713f4cf57a465b362ef64,FORAGING AND NESTING ECOLOGY OF A COSTA RICAN,L. Ant; Acromyrmex Volcanus,2006,,https://www.semanticscholar.org/paper/5ccc2c05a185f1a9d11713f4cf57a465b362ef64,,"1,2,3",Discovery metadata; not a validated inclusion or toxicity claim
5d84d2b47d502c0deb540ed18dd987bd7c51d311,Nest refuse of Acromyrmex balzani (Hymenoptera: Formicidae) increases the plant vigor in Turnera subulata (Turneraceae).,R. S. Santos; L. Sousa‐Souto,2021,10.1590/1519-6984.244732,https://www.semanticscholar.org/paper/5d84d2b47d502c0deb540ed18dd987bd7c51d311,https://www.scielo.br/j/bjb/a/vzjhmWCSNLsnkFW9SFLKQkQ/?lang=en&format=pdf,"1,2,10",Discovery metadata; not a validated inclusion or toxicity claim
5d9fbaaf60c9a79f9d501eeacfb48be8e48ddce0,"ANÁLISE DE CRESCIMENTO, INCIDÊNCIA DE Rhizoctonia sp. E EFEITO ANTIXENOSE PARA A FORMIGA-CORTADEIRA Atta sexdens rubropilosa F. EM CLONES DE Eucalyptus grandis x Eucalyptus urophylla TRATADOS COM GIBERELINA1",Fábio Santos Matos; D. Silva; B. R. D. Souza; Dahís Ramalho Moura; V. D. A. Lopes; Daniel Diego Costa Carvalho; M. Araújo,2015,10.1590/0100-67622015000500014,https://www.semanticscholar.org/paper/5d9fbaaf60c9a79f9d501eeacfb48be8e48ddce0,http://www.scielo.br/pdf/rarv/v39n5/0100-6762-rarv-39-05-0915.pdf,"1,3",Discovery metadata; not a validated inclusion or toxicity claim
5df986fb1fa1f33dc569e582594235ed13dd7522,Outcomes of competitive interactions after a natural increment of resources: the assemblage of aphid-tending ants in northern Patagonia,M. Lescano; A. Farji-Brener; E. Gianoli; E. Gianoli,2015,10.1007/s00040-015-0393-7,https://www.semanticscholar.org/paper/5df986fb1fa1f33dc569e582594235ed13dd7522,https://ri.conicet.gov.ar/bitstream/11336/12125/1/CONICET_Digital_Nro.13143.pdf,1,Discovery metadata; not a validated inclusion or toxicity claim
5e1ffca07c733982b4af29b101f4bb80ffe0cc86,The effects of ant nests on soil fertility and plant performance: a meta‐analysis,A. Farji-Brener; Victoria Werenkraut,2017,10.1111/1365-2656.12672,https://www.semanticscholar.org/paper/5e1ffca07c733982b4af29b101f4bb80ffe0cc86,https://onlinelibrary.wiley.com/doi/pdfdirect/10.1111/1365-2656.12672,1,Discovery metadata; not a validated inclusion or toxicity claim
5e47ee6c34d288ea45007c4e30a7cc7c6d1ec88f,Exposure to creosote bush phenolic resin causes avoidance in the leaf-cutting ant Acromyrmex lobicornis (Formicidae: Attini),A. Medina; A. Mangione; Matías García,2012,10.4067/S0716-078X2012000200007,https://www.semanticscholar.org/paper/5e47ee6c34d288ea45007c4e30a7cc7c6d1ec88f,http://www.scielo.cl/pdf/rchnat/v85n2/art07.pdf,"1,2",Discovery metadata; not a validated inclusion or toxicity claim
5eaac0d45bf7d6f7e636b36d6c6bd97085512016,Polyethism and nestmate recognition in the alarm reaction of Atta leaf‐cutting ants,MÁRCIO R. VELOSO FRANCELINO; Adriana de Lima Mendonça; R. R. Do Nascimento; F. A. C. de Mendonça; Edleide L. Da Silva; M. T. D. de Freitas; CYRO R. Cabral; CARLOS EDUARDO DA SILVA; JOSÉ H. S. Ribeiro; A. Santana,2008,10.1111/j.1365-3032.2007.00598.x,https://www.semanticscholar.org/paper/5eaac0d45bf7d6f7e636b36d6c6bd97085512016,,"1,3,4",Discovery metadata; not a validated inclusion or toxicity claim
5ec6240c9c24a9bc776e28614555fd6e47012a9b,Herbivory by Leaf-cutting Ants: Nutrient Balance between Harvested and Refuse Material,E. Bucher; Victoria A. Marchesini; A. Abril,2004,10.1111/j.1744-7429.2004.tb00324.x,https://www.semanticscholar.org/paper/5ec6240c9c24a9bc776e28614555fd6e47012a9b,,"1,2,10",Discovery metadata; not a validated inclusion or toxicity claim
5f8c82f19858c3dea0b55f6d3e147dd031bece70,Observation of leaf-cutting ants foraging on wild mushrooms,B. Lechner; R. Josens,2012,10.1007/s00040-012-0219-9,https://www.semanticscholar.org/paper/5f8c82f19858c3dea0b55f6d3e147dd031bece70,,"1,2,10",Discovery metadata; not a validated inclusion or toxicity claim
5fc2b356f24bde5994af8b9c6ed089a1096175f0,"Colony size, density and distribution of the leaf‐cutting ant, Acromyrmex octospinosus (Reich) in cultivated fields",T. Lewis,2009,10.1111/J.1365-2311.1975.TB00552.X,https://www.semanticscholar.org/paper/5fc2b356f24bde5994af8b9c6ed089a1096175f0,,"1,2",Discovery metadata; not a validated inclusion or toxicity claim
5fe4c6249eb4bfc17395a3bc94eb66b38f5e9252,Toxicity of terpenoid deterrents to the leafcutting antAtta cephalotes and its mutualistic fungus,J. J. Howard; J. Cazin; D. Wiemer,2005,10.1007/BF01022531,https://www.semanticscholar.org/paper/5fe4c6249eb4bfc17395a3bc94eb66b38f5e9252,,1,Discovery metadata; not a validated inclusion or toxicity claim
600a4dcdd62e8da86d0be05a8720e60a0aa3135e,Exploring and integrating cellulolytic systems of insects to advance biofuel technology,Jianzhong Sun; Michael E. Scharf,2010,10.1111/j.1744-7917.2010.01348.x,https://www.semanticscholar.org/paper/600a4dcdd62e8da86d0be05a8720e60a0aa3135e,,"1,10",Discovery metadata; not a validated inclusion or toxicity claim
601fe9b34b655fb9b62038e6b02d3a0c34a1f041,The effect of plant cover on Atta robusta (Hymenoptera: Formicidae) distribution in restinga vegetation,M. C. Teikeira; J. Schoereder,2003,,https://www.semanticscholar.org/paper/601fe9b34b655fb9b62038e6b02d3a0c34a1f041,,1,Discovery metadata; not a validated inclusion or toxicity claim
60243d8160d972ef608b2ca87f1ac1c2d1dd9e6d,Using Images of Foraging Leaf-Cutter Ants to Teach Linear Regression,Ariel Firebaugh; Justin C. Touchon; Hayley Orndorf; J. Wojdak,2020,10.24918/cs.2020.32,https://www.semanticscholar.org/paper/60243d8160d972ef608b2ca87f1ac1c2d1dd9e6d,https://doi.org/10.24918/cs.2020.32,1,Discovery metadata; not a validated inclusion or toxicity claim
6082babae4668d2f3af81f62a9977482965f95e9,"Sterols and symbiosis in the leaf‐cutting ant Acromyrmex octospinosus (Reich) (Hymenoptera, Formicidae: Attini)",P. Maurer; D. Debieu; P. Leroux; C. Malosse; G. Riba,1992,10.1002/ARCH.940200103,https://www.semanticscholar.org/paper/6082babae4668d2f3af81f62a9977482965f95e9,,"1,2",Discovery metadata; not a validated inclusion or toxicity claim
6199b74b288a5157ed73950bc74384cdb3a942fc,Influence of Azteca alfari Ants on the Exploitation of Cecropia Trees by a Leaf‐Cutting Ant,H. Vasconcelos; Antonio B. Casimiro,1997,10.1111/j.1744-7429.1997.tb00009.x,https://www.semanticscholar.org/paper/6199b74b288a5157ed73950bc74384cdb3a942fc,,"1,3",Discovery metadata; not a validated inclusion or toxicity claim
61a97982d5d2bb155875de07d6229b704802f26f,"Aloetismo em Acromyrmex subterraneus brunneus Forel (Hymenoptera, Formicidae), durante o forrageamento, cultivo do jardim de fungo e devolução dos materiais forrageados",L. C. Forti; Roberto da Silva Camargo; Carlos Alberto Oliveira de Matos; Ana Paula Protti de Andrade; J. F. S. Lopes,2004,10.1590/S0085-56262004000100011,https://www.semanticscholar.org/paper/61a97982d5d2bb155875de07d6229b704802f26f,https://www.scielo.br/j/rbent/a/PXxFWqh7QtzcRXHMYp5WFHR/?lang=pt&format=pdf,"1,2",Discovery metadata; not a validated inclusion or toxicity claim
61e3b45729609c9ff05389163650f2a0918f111f,Leaf-cutting ant attack in initial pine plantations and growth of defoliated plants,M. Nickele; Wilson Reis; Edilson Batista de Oliveira; E. Tadeu; N. Caldato; Priscila Strapasson; Estrada da Ribeira; Ciências Agronômicas,2012,10.1590/S0100-204X2012000700003,https://www.semanticscholar.org/paper/61e3b45729609c9ff05389163650f2a0918f111f,https://www.scielo.br/j/pab/a/nqhGGsjFxLjyYRXhm9mJJ4d/?lang=en&format=pdf,"1,2",Discovery metadata; not a validated inclusion or toxicity claim
6252b80e80f3d189dbcd5301c554fda20a2c84c8,The diet of the black widow spider Latrodectus mirabilis (Theridiidae) in two cereal crops of central Argentina,G. Pompozzi; N. Ferretti; Leonela Schwerdt; S. Copperi; A. Ferrero; M. Simó,2013,10.1590/S0073-47212013000400009,https://www.semanticscholar.org/paper/6252b80e80f3d189dbcd5301c554fda20a2c84c8,https://www.scielo.br/j/isz/a/DMD9zCyVkVRzBHJJv9bdnmM/?lang=en&format=pdf,"1,10",Discovery metadata; not a validated inclusion or toxicity claim
626a603e5e19696a63f657c96e1294394c33879b,A Convenient Trip: an Analysis of the Impact of Hitchhiker Ants on Forager Transport Rates,Isabel Neto Hastenreiter; Tatiane Archanjo de Sales; Laila F. Ribeiro; J. Lopes,2015,10.1007/s10905-015-9540-2,https://www.semanticscholar.org/paper/626a603e5e19696a63f657c96e1294394c33879b,,"1,2",Discovery metadata; not a validated inclusion or toxicity claim
62921ac70a815c817e68f4309731f7bde25d2df2,"The major component of the trail pheromone of the leaf-cutting ant,Atta sexdens rubropilosa forel",John H. Cross; Russell C. Byler; U. Ravid; Robert M. Silverstein; S. W. Robinson; P. M. Baker; João Sabino Oliveira; A. R. Jutsum; J. M. Cherrett,1979,10.1007/BF00988234,https://www.semanticscholar.org/paper/62921ac70a815c817e68f4309731f7bde25d2df2,,"1,3",Discovery metadata; not a validated inclusion or toxicity claim
629a803aff3637531804989ef7a23e72d5993c5e,Leaf‐cutting ant nests support less dense and impoverished seed assemblages in a human‐modified Caatinga dry forest,Fernanda M. P. Oliveira; C. M. Knoechelmann; R. Wirth; M. Tabarelli; I. Leal,2023,10.1111/btp.13198,https://www.semanticscholar.org/paper/629a803aff3637531804989ef7a23e72d5993c5e,,"1,4",Discovery metadata; not a validated inclusion or toxicity claim
62cdf5d58e70a7fd05f2eb7aba836c7c8dff4ad3,Ecological Meltdown in Predator-Free Forest Fragments,J. Terborgh; L. Lopez; Percy V. Núñez; Madhu Rao; G. Shahabuddin; Gabriela Orihuela; M. Riveros; R. Ascanio; G. Adler; T. Lambert; L. Balbás,2001,10.1126/SCIENCE.1064397,https://www.semanticscholar.org/paper/62cdf5d58e70a7fd05f2eb7aba836c7c8dff4ad3,,1,Discovery metadata; not a validated inclusion or toxicity claim
638a6b8332e9f2d1ba284937822002ae262f2bc2,Behavior of Early Generations of Atta sexdens (Hymenoptera: Formicidae) Workers During Preparation of Leaf Substrate for Symbiont Fungus Gardens,J. O. Augustin; Juliane Floriano Lopes Santos,2008,,https://www.semanticscholar.org/paper/638a6b8332e9f2d1ba284937822002ae262f2bc2,,1,Discovery metadata; not a validated inclusion or toxicity claim
639d79d40fdac122ce442611a0cb84de3b5472f1,Flight and substrate utilisation in laboratory-reared males of Atta sexdens,A. R. Jutsum; R. Quinlan,1978,10.1016/0022-1910(78)90102-6,https://www.semanticscholar.org/paper/639d79d40fdac122ce442611a0cb84de3b5472f1,,1,Discovery metadata; not a validated inclusion or toxicity claim
63adf08ce61533ca7f6627f5cb290ff769a16f50,"Enforced herbivory on Canavalia ensiformis and Tithonia diversifolia and its effects on leaf‐cutting ants, Atta cephalotes",E. I. Valderrama-Eslava; J. Montoya-Lerma; C. Giraldo,2009,10.1111/j.1439-0418.2009.01421.x,https://www.semanticscholar.org/paper/63adf08ce61533ca7f6627f5cb290ff769a16f50,,"1,3,9",Discovery metadata; not a validated inclusion or toxicity claim
63dc0b4366440d41022829776455fbc43bcea95c,Toxicological and histopathological effects of hydramethylnon on Atta sexdens rubropilosa (Hymenoptera: Formicidae) workers.,P. Decio; E. C. Silva-Zacarin; F. C. Bueno; O. Bueno,2013,10.1016/j.micron.2012.10.008,https://www.semanticscholar.org/paper/63dc0b4366440d41022829776455fbc43bcea95c,,"1,3",Discovery metadata; not a validated inclusion or toxicity claim
64132a1211032386a4b583bcb99bd858f9e7987c,"Habitat Modification by the Leaf-Cutter Ant, Atta cephalotes, and Patterns of Leaf-Litter Arthropod Communities",R. Wells; S. Murphy; M. Moran,2017,10.1093/ee/nvx162,https://www.semanticscholar.org/paper/64132a1211032386a4b583bcb99bd858f9e7987c,,"1,3",Discovery metadata; not a validated inclusion or toxicity claim
642f97e98534c68cec1ab801c9d23cdd1604209b,Population genomics of the inquiline social parasite Acromyrmex insinuator and its leaf-cutting ant hosts A. echinatior and A. octospinosus reveals cryptic differentiation and reduced efficiency of selection in the parasite,Lukas Schrader; M. Schiøtt; R. S. Larsen; Mohammed Errbii; Hailin Pan; Qiye Li; Guojie Zhang; J. Boomsma,2026,10.64898/2026.08.14.744094,https://www.semanticscholar.org/paper/642f97e98534c68cec1ab801c9d23cdd1604209b,https://doi.org/10.64898/2026.08.14.744094,"1,2",Discovery metadata; not a validated inclusion or toxicity claim
643525a733fa3a252e7f195ca31d7f57808e3af5,Warmer mid-day temperatures increase leaf intake by increasing forager speed and success in Atta colombica during the rainy season,L. Welch; K. Baudier; J. Harrison,2020,10.1007/s00040-020-00749-6,https://www.semanticscholar.org/paper/643525a733fa3a252e7f195ca31d7f57808e3af5,,"1,3",Discovery metadata; not a validated inclusion or toxicity claim
64b7efb60c596a7d17ed573cf670f543e8f5a304,"Polyethism and the importance of context in the alarm reaction of the grass-cutting ant, Atta capiguara",W. Hughes; D. Goulson,2001,10.1007/s002650100321,https://www.semanticscholar.org/paper/64b7efb60c596a7d17ed573cf670f543e8f5a304,,"1,4",Discovery metadata; not a validated inclusion or toxicity claim
64c1df6e68c8665a1e02503ae4830a135849069c,Aversive learning as a behavioural mechanism of plant selection in the leaf-cutting ant Atta sexdens (Hymeno,Jonathan Rodríguez,,,https://www.semanticscholar.org/paper/64c1df6e68c8665a1e02503ae4830a135849069c,,"1,3",Discovery metadata; not a validated inclusion or toxicity claim
64edc8f269d075c9f2d56d1af651e7170f84d8ce,"Foraging of Psilocybe basidiocarps by the leaf-cutting ant Acromyrmex lobicornis in Santa Fé, Argentina",Virginia E. Masiulionis; R. Weber; F. C. Pagnocca,2013,10.1186/2193-1801-2-254,https://www.semanticscholar.org/paper/64edc8f269d075c9f2d56d1af651e7170f84d8ce,https://springerplus.springeropen.com/track/pdf/10.1186/2193-1801-2-254,"1,2,10",Discovery metadata; not a validated inclusion or toxicity claim
64f3dd1bf387817adf5c2dcd222372bba8e2021b,Leaf-cutter ants engineer large nitrous oxide hot spots in tropical forests,F. Soper; B. Sullivan; Brooke B. Osborne; Alanna N. Shaw; L. Philippot; C. Cleveland,2019,10.1098/rspb.2018.2504,https://www.semanticscholar.org/paper/64f3dd1bf387817adf5c2dcd222372bba8e2021b,https://royalsocietypublishing.org/doi/pdf/10.1098/rspb.2018.2504,"1,2,3",Discovery metadata; not a validated inclusion or toxicity claim
64fdfad1aaf24c903f7894fc3636a2f1f06ad2c2,Leaf‐cutting ants negatively impact the regeneration of the Caatinga dry forest across abandoned pastures,C. M. Knoechelmann; Fernanda M. P. Oliveira; F. F. S. Siqueira; R. Wirth; M. Tabarelli; I. Leal,2020,10.1111/btp.12782,https://www.semanticscholar.org/paper/64fdfad1aaf24c903f7894fc3636a2f1f06ad2c2,,"1,4",Discovery metadata; not a validated inclusion or toxicity claim
6533a7f9907c5a9046035bc1f5141953d9b70da0,Does resource-mediated stress affect colony personality in leaf-cutting ants?,Lailla C. Gandra; K. D. Amaral; J. C. Couceiro; R. Guedes; T. M. C. Della Lucia,2020,10.1002/ps.6033,https://www.semanticscholar.org/paper/6533a7f9907c5a9046035bc1f5141953d9b70da0,,"1,2",Discovery metadata; not a validated inclusion or toxicity claim
65638634c99b66da988865e4da984c09bf304682,Bacteria Contribute to Plant Secondary Compound Degradation in a Generalist Herbivore System,Charlotte B. Francoeur; L. Khadempour; Rolando D. Moreira-Soto; K. Gotting; A. Book; A. Pinto-Tomás; Ken Keefover‐Ring; C. Currie,2019,10.1128/mBio.02146-20,https://www.semanticscholar.org/paper/65638634c99b66da988865e4da984c09bf304682,https://doi.org/10.1128/mbio.02146-20,"1,9",Discovery metadata; not a validated inclusion or toxicity claim
65675758c29fd057629fcd22312d597844f3bb3e,"Biomechanics of cutting: sharpness, wear sensitivity and the scaling of cutting forces in leaf-cutter ant mandibles",Frederik Püffel; O. K. Walthaus; Victor Kang; D. Labonte,2023,10.1101/2023.05.10.540164,https://www.semanticscholar.org/paper/65675758c29fd057629fcd22312d597844f3bb3e,https://www.biorxiv.org/content/biorxiv/early/2023/05/12/2023.05.10.540164.full.pdf,1,Discovery metadata; not a validated inclusion or toxicity claim
66d767e36d4652d1b8b61d3f533288ede8b26152,Persisting Hyper‐abundance of Leaf‐cutting Ants (Atta spp.) at the Edge of an Old Atlantic Forest Fragment,S. Meyer; I. Leal; R. Wirth,2009,10.1111/j.1744-7429.2009.00531.x,https://www.semanticscholar.org/paper/66d767e36d4652d1b8b61d3f533288ede8b26152,,1,Discovery metadata; not a validated inclusion or toxicity claim
66dd02d072dad7f41b525dea979af51a598b9617,[Ants: species-area relationship in tropical dry forest fragments].,F. H. Lozano-Zambrano; P. Ulloa-Chacón; I. Armbrecht,2009,10.1590/S1519-566X2009000100004,https://www.semanticscholar.org/paper/66dd02d072dad7f41b525dea979af51a598b9617,https://www.scielo.br/j/ne/a/xmkxXxtKppBh6fw8qgHyW5y/?lang=es&format=pdf,1,Discovery metadata; not a validated inclusion or toxicity claim
66e55848e35ee06734a501ac6e1254785ad832bd,The effects of age and social interactions on innate immunity in a leaf-cutting ant.,Sophie A. O. Armitage; J. Boomsma,2010,10.1016/j.jinsphys.2010.01.009,https://www.semanticscholar.org/paper/66e55848e35ee06734a501ac6e1254785ad832bd,,"1,2",Discovery metadata; not a validated inclusion or toxicity claim
67134590a7c108222a6e1beb1c81e0121919a8e1,The effect of transporting hitchhikers on the stability of loaded leaf-cutting ants,A. Farji-Brener; G. E. Silva; Amanda A. Bernardes; Beatriz D. Castro; Sofia T. B. Lima; Bianca dos Santos Neves,2025,10.1007/s00040-025-01056-8,https://www.semanticscholar.org/paper/67134590a7c108222a6e1beb1c81e0121919a8e1,http://hdl.handle.net/11336/291072,"1,3",Discovery metadata; not a validated inclusion or toxicity claim
67623f94f8ea8fd53aa1aeab0452e5e8597329de,Ecosystem engineering by leaf-cutting ants : nests of Atta cephalotes drastically alter forest structure and microclimate,L. A.,2010,,https://www.semanticscholar.org/paper/67623f94f8ea8fd53aa1aeab0452e5e8597329de,,"1,3,10",Discovery metadata; not a validated inclusion or toxicity claim
6797f79f16fd00e9a4eb5a0c42bdd0b45e459ef7,Insect-Pathogen Relationships,D. Boucias; J. Pendland,1998,10.1007/978-1-4615-4915-4_1,https://www.semanticscholar.org/paper/6797f79f16fd00e9a4eb5a0c42bdd0b45e459ef7,,1,Discovery metadata; not a validated inclusion or toxicity claim
67ac8cf8785fa37c4e53a969c22941b5b8df201c,Selective elimination of microfungi in leaf-cutting ant gardens,Kimberly L. Mighell; Sunshine A. Van Bael,2016,10.1016/J.FUNECO.2016.08.009,https://www.semanticscholar.org/paper/67ac8cf8785fa37c4e53a969c22941b5b8df201c,https://www.sciencedirect.com/science/article/am/pii/S1754504816300903,1,Discovery metadata; not a validated inclusion or toxicity claim
67b6110c4e9861850fedbafb3b1ed491cbf227a4,Lethal and Behavioral Effects of Amazonian Plant Extracts on Leaf-Cutting Ant ( Hymenoptera : Formicidae ) Workers,S. M. Gouvêa; G. Carvalho; M. Picanço; E. G. Morais; J. S. Benevenute; M. Moreira,2010,,https://www.semanticscholar.org/paper/67b6110c4e9861850fedbafb3b1ed491cbf227a4,,"1,2,3",Discovery metadata; not a validated inclusion or toxicity claim
67bf86bb847606bbe2e6b3f301ba4ff0fb6f79d2,Can the extract of Aristolochia argentina Griseb affect the foraging decisions of the leaf cutting ant Acromyrmex lundi (Guérin)? Preliminary assays,M. T. Defagó; L. Nolli; G. D. Napal; S. Palacios; L. Buffa,2017,10.1080/09670874.2017.1327680,https://www.semanticscholar.org/paper/67bf86bb847606bbe2e6b3f301ba4ff0fb6f79d2,http://hdl.handle.net/11336/64255,"1,2",Discovery metadata; not a validated inclusion or toxicity claim
67e6b847c86f9144a11b5c8751fc8e949137aa8f,"Nasturtium leaf compounds, diphenyl disulfide and lyral, against Atta sexdens (Hymenoptera: Formicidae) and their symbiotic fungi",Andressa Graebin; K. D. Amaral; Davi C Lira; L. Collares; R. C. Bernardes; L. M. Turchen; T. Della-Lucia; R. Guedes,2024,10.1093/jee/toae154,https://www.semanticscholar.org/paper/67e6b847c86f9144a11b5c8751fc8e949137aa8f,,"1,3,9",Discovery metadata; not a validated inclusion or toxicity claim
6818acaa240cdf5ac56a0a5a8b085abcbc5ca8e0,Morphological determinants of bite force capacity in insects: a biomechanical analysis of polymorphous leaf-cutter ants,Frederik Püffel; Anaya Pouget; Xinyue Liu; M. Zuber; Thomas van de Kamp; F. Roces; D. Labonte,2021,10.1101/2021.08.06.453764,https://www.semanticscholar.org/paper/6818acaa240cdf5ac56a0a5a8b085abcbc5ca8e0,https://www.biorxiv.org/content/biorxiv/early/2021/08/07/2021.08.06.453764.full.pdf,"1,4",Discovery metadata; not a validated inclusion or toxicity claim
683627dba46ffbdafb19bdb280495d4a95baf920,Brain Science: from the Very Small to the Very Large,Gabriel Kreiman,,,https://www.semanticscholar.org/paper/683627dba46ffbdafb19bdb280495d4a95baf920,,"1,2",Discovery metadata; not a validated inclusion or toxicity claim
684ffebf517260bd88fcfd0355e319c93287f8b6,Infidelity of leafcutting ants to host plants: resource heterogeneity or defense induction?,J. J. Howard,1990,10.1007/BF00317488,https://www.semanticscholar.org/paper/684ffebf517260bd88fcfd0355e319c93287f8b6,,"1,3",Discovery metadata; not a validated inclusion or toxicity claim
686433aadea3dbce5832bd5f383fc9a265d92f8d,Performance and fate of tree seedlings on and around nests of the leaf-cutting ant Atta cephalotes: ecological filters in a fragmented forest.,S. Meyer; I. Leal; M. Tabarelli; R. Wirth,2011,10.1111/J.1442-9993.2010.02217.X,https://www.semanticscholar.org/paper/686433aadea3dbce5832bd5f383fc9a265d92f8d,,"1,3",Discovery metadata; not a validated inclusion or toxicity claim
68e66041138e840b45b27a4ff59a2f6986600c0d,Individual Complexity and Self-Organization in Foraging by Leaf-Cutting Ants,F. Roces,2002,10.2307/1543483,https://www.semanticscholar.org/paper/68e66041138e840b45b27a4ff59a2f6986600c0d,https://www.biodiversitylibrary.org/part/21173,1,Discovery metadata; not a validated inclusion or toxicity claim
69385ce48d724a375f57f3707969251199fbfb98,Effect of the size of workers of Atta sexdens rubropilosa on the Attack behavior of Neodohrniphora spp. (Diptera: Phoridae),V. G. Silva; Omar Bailez; A. M. Viana-Bailez; A. Tonhasca,2007,,https://www.semanticscholar.org/paper/69385ce48d724a375f57f3707969251199fbfb98,,"1,3",Discovery metadata; not a validated inclusion or toxicity claim
69636506eb208693dddd653299ebda7fc3cab833,Nest refuse of Atta opaciceps (Hymenoptera: Formicidae) increases plant biomass and diversity during the regrowth of herbaceous species,R. S. Santos; Hosana Haum Barros Mecenas; L. Sousa‐Souto,2019,10.1016/J.APSOIL.2018.10.002,https://www.semanticscholar.org/paper/69636506eb208693dddd653299ebda7fc3cab833,,"1,4",Discovery metadata; not a validated inclusion or toxicity claim
696b8d632a6bc38f77a62571ba09dff888bb9b23,Leaf density and a trade-off between load-size selection and recruitment behavior in the ant Atta cephalotes,F. Roces; B. Hölldobler,1994,10.1007/BF00317902,https://www.semanticscholar.org/paper/696b8d632a6bc38f77a62571ba09dff888bb9b23,,"1,3",Discovery metadata; not a validated inclusion or toxicity claim
6987d5645f663876cd2a56858c35023d845cb84a,"Registro de Acromyrmex disciger Mayr, 1887 (Hymenoptera: Formicidae) em Cinnamomum zeylanicum (Lauraceae) no Município de Braço do Trombudo, Santa Catarina, Brasil",Tiago Georg Pikart; Gabriely Köerich Souza; Filipe Christian Pikart; R. C. Ribeiro; J. Zanuncio,2010,10.12741/EBRASILIS.V3I3.107,https://www.semanticscholar.org/paper/6987d5645f663876cd2a56858c35023d845cb84a,https://www.entomobrasilis.org/index.php/ebras/article/download/107/104,"1,2,5",Discovery metadata; not a validated inclusion or toxicity claim
6a080b27419f3f8fa0129b19f38d93b87504a9ca,"Foraging Activity of the Leaf-cutter Ant, Acromyrmex versicolor, in Relation to Season, Weather and Colony Condition",F. Werner,1973,,https://www.semanticscholar.org/paper/6a080b27419f3f8fa0129b19f38d93b87504a9ca,,"1,2",Discovery metadata; not a validated inclusion or toxicity claim
6a107fcae4a652854fcb2dac057e76aee93ea70e,Community approach to tropical forest fragmentation gets us closer to understanding mechanisms by revealing strong indirect effects,T. Sherry,2008,10.1111/j.1469-1795.2008.00205.x,https://www.semanticscholar.org/paper/6a107fcae4a652854fcb2dac057e76aee93ea70e,,1,Discovery metadata; not a validated inclusion or toxicity claim
6a2d9f99a467aa55ddeed82c7e0460c7d7a6dc50,"Hygienic Behavior, Liquid-Foraging, and Trophallaxis in the Leaf-Cutting Ants, Acromyrmex subterraneus and Acromyrmex octospinosus",Freddie-Jeanne Richard; C. Errard,2009,10.1673/031.009.6301,https://www.semanticscholar.org/paper/6a2d9f99a467aa55ddeed82c7e0460c7d7a6dc50,https://academic.oup.com/jinsectscience/article-pdf/9/1/63/18149907/jis9-0063.pdf,"1,2",Discovery metadata; not a validated inclusion or toxicity claim
6a3675173c80f4b37ea8497970f5afc4cda76a65,"Mode of colony suppression of the leaf-cutting ant Atta sexdens (Hymenoptera: Formicidae) by an isocycloseram-based bait: caste mortality, behavior, and fungus garden collapse.",L. S. Cruz; K. D. Amaral; Davi C Lira; R. C. Bernardes; L. M. Turchen; Andressa Graebin; Henrique Ferreira; T. Della-Lucia; R. Guedes,2026,10.1093/jee/toag262,https://www.semanticscholar.org/paper/6a3675173c80f4b37ea8497970f5afc4cda76a65,,"1,3",Discovery metadata; not a validated inclusion or toxicity claim
6a54ae3f18908fffed71b30df6b6b67c59e0c358,Environmental effects of harvesting some Mexican wild edible insects: An overview,I. Piña-Domínguez; E. Ruíz-May; D. Hernández-Rodríguez; R. C. Zepeda; G. Melgar-Lalanne,2022,10.3389/fsufs.2022.1021861,https://www.semanticscholar.org/paper/6a54ae3f18908fffed71b30df6b6b67c59e0c358,https://www.frontiersin.org/articles/10.3389/fsufs.2022.1021861/pdf,1,Discovery metadata; not a validated inclusion or toxicity claim
6b31c81ff88440c143ff833a3c40eb72c1bf26a7,Branching angles reflect a trade-off between reducing trail maintenance costs or travel distances in leaf-cutting ants.,A. Farji-Brener; F. Chinchilla; M. Umaña; Maríia Elena Ocasio-Torres; Alexander Chauta-Mellizo; Diana Acosta-Rojas; Sofía Marinaro; M. D. T. Curth; S. Amador‐Vargas,2015,10.1890/14-0220.1,https://www.semanticscholar.org/paper/6b31c81ff88440c143ff833a3c40eb72c1bf26a7,https://ri.conicet.gov.ar/bitstream/11336/12227/1/CONICET_Digital_Nro.13044.pdf,1,Discovery metadata; not a validated inclusion or toxicity claim
6b7d168e43b537e0cd3f38dff4ae7b25832f4634,Leaf-cutting ant nests near roads increase fitness of exotic plant species in natural protected areas,A. Farji-Brener; L. Ghermandi,2008,10.1098/rspb.2008.0154,https://www.semanticscholar.org/paper/6b7d168e43b537e0cd3f38dff4ae7b25832f4634,https://www.ncbi.nlm.nih.gov/pmc/articles/2602710,"1,2",Discovery metadata; not a validated inclusion or toxicity claim
6bd10592d324349eabae965ac3726c2e881e38ea,Ant mediated redistribution of a xyloglucanase enzyme in fungus gardens of Acromyrmex echinatior,P. W. Kooij; Jeroen W. M. Pullens; J. Boomsma; M. Schiøtt,2016,10.1186/s12866-016-0697-4,https://www.semanticscholar.org/paper/6bd10592d324349eabae965ac3726c2e881e38ea,https://bmcmicrobiol.biomedcentral.com/track/pdf/10.1186/s12866-016-0697-4,"1,2",Discovery metadata; not a validated inclusion or toxicity claim
6c2f943f202b73831290c3d3c9e841f38c417721,Adaptive foraging of leaf‐cutter ants to spatiotemporal changes in resource availability in Neotropical savannas,A. N. Costa; H. Vasconcelos; Ernane H. M. Vieira-Neto; Emilio M. Bruna,2018,10.1111/een.12697,https://www.semanticscholar.org/paper/6c2f943f202b73831290c3d3c9e841f38c417721,,1,Discovery metadata; not a validated inclusion or toxicity claim
6c559e5d98a11549f179253c73c7a11f43be477a,Pilze aus Pilzgärten von Atta insularis in Kuba,H. Kreisel,1972,10.1002/JOBM.19720120805,https://www.semanticscholar.org/paper/6c559e5d98a11549f179253c73c7a11f43be477a,,1,Discovery metadata; not a validated inclusion or toxicity claim
6c7fbd3bf3cfd82173927c5c8ebbd32dd105d3f7,Parallel foraging cycles for different resources in leaf‐cutting ants: a clue to the mechanisms of rhythmic activity,Thomas Bochynek; James L. Tanner; B. Meyer; M. Burd,2017,10.1111/een.12437,https://www.semanticscholar.org/paper/6c7fbd3bf3cfd82173927c5c8ebbd32dd105d3f7,,"1,3",Discovery metadata; not a validated inclusion or toxicity claim
6c84b79a55609431641678d746e9ef6807d55ecf,"Nest-founding in Acromyrmex octospinosus (Hymenoptera, Formicidae, Attini): demography and putative prophylactic behaviors",H. Fernández‐Marín; J. Zimmermann; W. Wcislo,2003,10.1007/s00040-003-0687-z,https://www.semanticscholar.org/paper/6c84b79a55609431641678d746e9ef6807d55ecf,,"1,2",Discovery metadata; not a validated inclusion or toxicity claim
6c94e916c2d13a7076a0ada447b84d8a19fdd151,Formicidal activity of essential oils of Myrcia lundiana chemotypes on Acromyrmex balzani,Carlisson R. Melo; A. Blank; B. M. S. Oliveira; A. C. Santos; P. F. Cristaldo; A. P. Araújo; L. Bacci,2021,10.1016/j.cropro.2020.105343,https://www.semanticscholar.org/paper/6c94e916c2d13a7076a0ada447b84d8a19fdd151,,"1,2",Discovery metadata; not a validated inclusion or toxicity claim
6cdd00cac3cc40db2252fca6fd03f3e0ada3b2ca,Efeito das formigas cortadeiras sobre a regeneração da caatinga,C. M. Knoechelmann,2019,,https://www.semanticscholar.org/paper/6cdd00cac3cc40db2252fca6fd03f3e0ada3b2ca,,"1,4",Discovery metadata; not a validated inclusion or toxicity claim
6d170b7dc52c5367a2d3ac32baf781211b0a2981,Allelopathy by Myrmecophytes: The Ant Azteca as an Allelopathic Agent of Cecropia,D. Janzen; D. Janzen,1969,10.2307/1934677,https://www.semanticscholar.org/paper/6d170b7dc52c5367a2d3ac32baf781211b0a2981,,1,Discovery metadata; not a validated inclusion or toxicity claim
6d4da6391a9817a70e60e77ca0a4562866e46f75,Mitochondrial DNA markers as taxonomic characters and evidence of independent evolution in leaf-cutting ants genera,P. O. Ndubuisi,,10.47328/ufvbbt.2023.690,https://www.semanticscholar.org/paper/6d4da6391a9817a70e60e77ca0a4562866e46f75,https://locus.ufv.br/bitstreams/68fa0541-26e1-4656-9076-07bbc35decc2/download,"1,2,4",Discovery metadata; not a validated inclusion or toxicity claim
6d713d56bc6397e7913f089f45bd77230488a36e,Herbivory of Atta Cephalotes (Hymenoptera: Myrmicinae) on Three Plant Substrates,Rodríguez G Jhonattan; Calle D. Zoraida; Montoya-Lerma James,2008,10.25100/socolen.v34i2.9280,https://www.semanticscholar.org/paper/6d713d56bc6397e7913f089f45bd77230488a36e,https://revistacolombianaentomologia.univalle.edu.co/index.php/SOCOLEN/article/download/9280/11752,"1,3",Discovery metadata; not a validated inclusion or toxicity claim
6d893b60ad83a193ad5f8b20c138e558941dafea,Nectar-Secreting Glands,Thomas . Belt,1877,10.1038/016122a0,https://www.semanticscholar.org/paper/6d893b60ad83a193ad5f8b20c138e558941dafea,https://www.nature.com/articles/016122a0.pdf,"1,3",Discovery metadata; not a validated inclusion or toxicity claim
6d91994224e65873a23ef1d8fee131b75d6cfed6,"Life-History Traits and Parasitism Rates of Four Phorid Species (Diptera: Phoridae), Parasitoids of Atta vollenweideri (Hymenoptera: Formicidae) in Argentina",A. Guillade; P. Folgarait,2011,10.1603/EC10173,https://www.semanticscholar.org/paper/6d91994224e65873a23ef1d8fee131b75d6cfed6,https://academic.oup.com/jee/article-pdf/104/1/32/19245193/jee104-0032.pdf,"1,4",Discovery metadata; not a validated inclusion or toxicity claim
6dbc19196e813bb8bffaf3a163b103ead6fb6924,Trash to treasure: leaf-cutting ants repair nest-mound damage by recycling refuse dump materials,A. Farji-Brener; M. Tadey,2012,10.1093/BEHECO/ARS101,https://www.semanticscholar.org/paper/6dbc19196e813bb8bffaf3a163b103ead6fb6924,https://academic.oup.com/beheco/article-pdf/23/6/1195/17282432/ars101.pdf,"1,2",Discovery metadata; not a validated inclusion or toxicity claim
6e4076b00a1713408916a7976d7aa872085548e8,Flexibility of Individual Load-mass Selection in Relation to Foraging Trail Gradient in the Leaf-cutter Ant Acromyrmex octospinosus,Vicki Norton; B. Stevens-Wood; W. E. Harris,2013,10.1007/s10905-013-9435-z,https://www.semanticscholar.org/paper/6e4076b00a1713408916a7976d7aa872085548e8,,"1,2",Discovery metadata; not a validated inclusion or toxicity claim
6e54e51f1bf335b262b964eebda410cb3d2e9f02,Increasing densities of leaf-cutting ants (Atta spp.) with proximity to the edge in a Brazilian Atlantic forest,R. Wirth; S. Meyer; Walkiria R. Almeida; M. Araújo; V. S. Barbosa; I. Leal,2007,10.1017/S0266467407004221,https://www.semanticscholar.org/paper/6e54e51f1bf335b262b964eebda410cb3d2e9f02,,"1,2",Discovery metadata; not a validated inclusion or toxicity claim
6e5f458172f44e097246caa7c273674b8b6da6d2,Reduction in the foraging activity of the leaf‐cutting ant Atta sexdens caused by the phorid Neodohrniphora sp.,M. Bragança; A. Tonhasca; T. M. D. Lucia,1998,10.1046/j.1570-7458.1998.00413.x,https://www.semanticscholar.org/paper/6e5f458172f44e097246caa7c273674b8b6da6d2,,"1,3",Discovery metadata; not a validated inclusion or toxicity claim
6e692f49b9b8d298521e6c3c1a7fb2f70c5b3bf5,Vibration of the plant substrate generated by workers' stridulation during fungus garden cultivation in Atta laevigata (Smith) (Hymenoptera: Formicidae),A. A. Carlos; E. A. Diniz; Sandra Verza Da Silva; O. Bueno,2018,10.12741/EBRASILIS.V11I2.732,https://www.semanticscholar.org/paper/6e692f49b9b8d298521e6c3c1a7fb2f70c5b3bf5,https://www.entomobrasilis.org/index.php/ebras/article/download/ebrasilis.v11i2.732/479,"1,3,5",Discovery metadata; not a validated inclusion or toxicity claim
6e6ffd44446517271586bb4c939826d74443ab65,When and how obstacle size and the number of foragers affect clearing a foraging trail in leaf-cutting ants,A. M. Alma; A. Farji-Brener; L. Elizalde,2019,10.1007/s00040-018-00680-x,https://www.semanticscholar.org/paper/6e6ffd44446517271586bb4c939826d74443ab65,http://hdl.handle.net/11336/122103,"1,3",Discovery metadata; not a validated inclusion or toxicity claim
6e8c523f5741e201e8814fb7d3d2868ed62e4b75,Biological Activity of Quinoline Alkaloids from Raulinoa echinata and X-ray Structure of Flindersiamine,M. Biavatti; P. Vieira; M. Fátima das G. F. da Silva; J. Fernandes; S. R. Victor; F. C. Pagnocca; Sérgio de Albuquerque; I. Caracelli; J. Zukerman-Schpector,2002,10.1590/S0103-50532002000100010,https://www.semanticscholar.org/paper/6e8c523f5741e201e8814fb7d3d2868ed62e4b75,https://www.scielo.br/j/jbchs/a/BQGnktkpjg5GrHXrQjwhwXx/?lang=en&format=pdf,"1,3,9,10",Discovery metadata; not a validated inclusion or toxicity claim
6e93832053fc4bfe30a09e734d5e341f7d2218f6,Vermicompost leachate as a supplement to increase tomato fruit quality,L. Ávila-Juárez; A. R. Gonzalez; N. Piña; R. G. Guevara Gonzalez; I. T. Pacheco; R. V. Ocampo Velázquez; Bah Moustapha,2015,10.4067/S0718-95162015005000005,https://www.semanticscholar.org/paper/6e93832053fc4bfe30a09e734d5e341f7d2218f6,https://scielo.conicyt.cl/pdf/jsspn/v15n1/aop0515.pdf,1,Discovery metadata; not a validated inclusion or toxicity claim
6ef689fb6b63d58af7d8a05eb55ad60ed9c7ac19,Plano de amostragem de Acromyrmex spp. (Hymenoptera: Formicidae) em áreas de pré-plantio de Pinus spp,E. Cantarelli; E. C. Costa; Ronald Zanetti; R. Pezzutti,2006,10.1590/S0103-84782006000200005,https://www.semanticscholar.org/paper/6ef689fb6b63d58af7d8a05eb55ad60ed9c7ac19,https://www.scielo.br/j/cr/a/HG763P4CNjDfYBP6xfc5Tvy/?lang=pt&format=pdf,"1,2",Discovery metadata; not a validated inclusion or toxicity claim
6f1b8e7427ef9db3863c0979e46eceb373460996,AVALIAÇÃO DOS DANOS CAUSADOS POR FORMIGAS- CORTADEIRAS DO GÊNERO Acromyrmex (Hymenoptera) AOS PLANTIOS DE Pinus taeda NO PLANALTO SUL-CATARINENSE,D. Buratto; Josiane Teresinha Cardoso; F. A. Rolim; W. R. Filho,2012,10.5380/RF.V42I4.23710,https://www.semanticscholar.org/paper/6f1b8e7427ef9db3863c0979e46eceb373460996,https://revistas.ufpr.br/floresta/article/download/23710/19826,"1,2,5",Discovery metadata; not a validated inclusion or toxicity claim
6f27f76687b2bbbb0a61bdd638269eb71e6d6a75,Lipase-catalyzed resolution of racemic 2-alkyl substituted 1-alkanols,S. Barth; F. Effenberger,1993,10.1016/S0957-4166(00)80120-2,https://www.semanticscholar.org/paper/6f27f76687b2bbbb0a61bdd638269eb71e6d6a75,,1,Discovery metadata; not a validated inclusion or toxicity claim
7007c43769235ce4021109b59897f1db1cf79550,Foraging Leaf-Cutting Ants Learn to Reject Vitis vinifera ssp. vinifera Plants that Emit Herbivore-Induced Volatiles,T. Thiele; Christian Kost; F. Roces; R. Wirth,2014,10.1007/s10886-014-0460-y,https://www.semanticscholar.org/paper/7007c43769235ce4021109b59897f1db1cf79550,,"1,3",Discovery metadata; not a validated inclusion or toxicity claim
70a5706117c09cd4eb66eb6e338f606db8195de3,Secondary Metabolites from Escovopsis weberi and Their Role in Attacking the Garden Fungus of Leaf-Cutting Ants.,B. Dhodary; Michele Schilg; R. Wirth; D. Spiteller,2018,10.1002/chem.201706071,https://www.semanticscholar.org/paper/70a5706117c09cd4eb66eb6e338f606db8195de3,https://kops.uni-konstanz.de/server/api/core/bitstreams/94226dc1-2137-4b83-aa2f-810e4d5c24e4/content,"1,2",Discovery metadata; not a validated inclusion or toxicity claim
70b19bdb4d8ad24cdbf0062b167331ccbe1e2c0b,Selection of entomopathogenic fungi for use in combination with sub-lethal doses of imidacloprid: perspectives for the control of the leaf-cutting ant Atta sexdensrubropilosa Forel (Hymenoptera: Formicidae),A. V. Santos; Bruno Lorenz de Oliveira; R. Samuels,2007,10.1007/s11046-007-9009-8,https://www.semanticscholar.org/paper/70b19bdb4d8ad24cdbf0062b167331ccbe1e2c0b,,"1,3",Discovery metadata; not a validated inclusion or toxicity claim
70e01d24d5dc13c331c71ad4cd450b8c567e27bf,From Plants to Ants: Fungal Modification of Leaf Lipids for Nutrition and Communication in the Leaf-Cutter Ant Fungal Garden Ecosystem,L. Khadempour; J. Kyle; B. Webb-Robertson; C. Nicora; F. Smith; Richard D. Smith; M. Lipton; C. Currie; Erin S. Baker; Kristin E. Burnum-Johnson,2020,10.1128/mSystems.01307-20,https://www.semanticscholar.org/paper/70e01d24d5dc13c331c71ad4cd450b8c567e27bf,https://doi.org/10.1128/msystems.01307-20,"1,9",Discovery metadata; not a validated inclusion or toxicity claim
7120b20d98b266e41a8edd32d25f8bda5eece89e,"Food influence on colonial recognition and chemical signature
between nestmates in the fungus-growing ant Acromyrmex subterraneus
subterraneus",Freddie-Jeanne Richard; A. Hefetz; J. Christidès; C. Errard,2004,10.1007/s00049-003-0251-3,https://www.semanticscholar.org/paper/7120b20d98b266e41a8edd32d25f8bda5eece89e,,"1,2",Discovery metadata; not a validated inclusion or toxicity claim
71a1283ecc70cda6739ec7912b33ef513a37de32,Padrões de forrageamento e biomassa vegetal consumida por Atta laevigata (Hymenoptera : Formicidae) em uma área do cerrado brasileiro,A. N. Costa,2007,,https://www.semanticscholar.org/paper/71a1283ecc70cda6739ec7912b33ef513a37de32,,"1,3,10",Discovery metadata; not a validated inclusion or toxicity claim
71a2399c5acd20585c34cbaad7ab4f23e28ea24f,Impact of a leaf‐cutting ant (Atta sexdens L.) on a Pinus taeda plantation: A 6 year‐long study,A. Scherf; J. Corley; C. Gioia; E. Eskiviski; C. Carazzo; Hernán Raul Patzer; R. Dimarco,2022,10.1111/jen.13047,https://www.semanticscholar.org/paper/71a2399c5acd20585c34cbaad7ab4f23e28ea24f,,"1,3",Discovery metadata; not a validated inclusion or toxicity claim
71b3ba82f7e9245ce0ace7a2a784a19616895341,Cutting More from Cut Forests: Edge Effects on Foraging and Herbivory of Leaf‐Cutting Ants in Brazil,Pille Urbas; M. Araújo; I. Leal; R. Wirth,2007,10.1111/j.1744-7429.2007.00285.x,https://www.semanticscholar.org/paper/71b3ba82f7e9245ce0ace7a2a784a19616895341,,"1,3",Discovery metadata; not a validated inclusion or toxicity claim
71e84258098b88a00b3b6b59452ec8de19d2932d,Plant Selection and Foraging Patterns in Two Species of Leaf‐Cutting Ants (Atta),L. Rockwood,1976,10.2307/1936397,https://www.semanticscholar.org/paper/71e84258098b88a00b3b6b59452ec8de19d2932d,,"1,3",Discovery metadata; not a validated inclusion or toxicity claim
721264a4007a9424a6c27acf36a903d1d6222ea9,"Chemical and behavioural studies of the trail-following pheromone in the leaf-cutting ant Atta opaciceps, Borgmeier (Hymenoptera: Formicidae).",R. D. S. Campos; A. Mendonça; CYRO R. Cabral; L. Vaníčková; R. R. Do Nascimento,2016,10.1016/j.jinsphys.2015.12.008,https://www.semanticscholar.org/paper/721264a4007a9424a6c27acf36a903d1d6222ea9,,"1,2,4",Discovery metadata; not a validated inclusion or toxicity claim
72700fc5621eb6a74c09fb5a5c7acc8567c47417,Atividade inseticida de Eugenia uniflora L. e Melia azedarach L. sobre Atta laevigata Smith,Paulo Henrique Jung; A. D. Silveira; Érick Martins Nieri; M. Potrich; Everton R. Silva; Margarida Refatti,2013,10.4322/FLORAM.2013.015,https://www.semanticscholar.org/paper/72700fc5621eb6a74c09fb5a5c7acc8567c47417,https://floram.org/article/10.4322/floram.2013.015/pdf/floram-20-2-191.pdf,"1,3",Discovery metadata; not a validated inclusion or toxicity claim
727c01a0e166ac1c666f18e91b649397ff9c501e,Symbiont-mediated degradation of dietary carbon sources in social herbivorous insects,John T. Wertz; Benoît Béchade,2020,10.1016/bs.aiip.2020.04.001,https://www.semanticscholar.org/paper/727c01a0e166ac1c666f18e91b649397ff9c501e,,1,Discovery metadata; not a validated inclusion or toxicity claim
72a8bcbb451e936e7804f25b3b4b6837ada91f16,Fuzzy parameters in a partial differential equation model for population dispersal of leaf-cutting ants,R. M. Jafelice; C. G. Almeida; J. F. Meyer; H. Vasconcelos,2011,10.1016/J.NONRWA.2011.06.003,https://www.semanticscholar.org/paper/72a8bcbb451e936e7804f25b3b4b6837ada91f16,,1,Discovery metadata; not a validated inclusion or toxicity claim
72c26661ceee135a193f19b45971ba18390b19fe,Behavioural effects of juvenile hormone and their influence on division of labour in leaf-cutting ant societies,V. Norman; W. Hughes,2016,10.1242/jeb.132803,https://www.semanticscholar.org/paper/72c26661ceee135a193f19b45971ba18390b19fe,https://jeb.biologists.org/content/jexbio/219/1/8.full.pdf,1,Discovery metadata; not a validated inclusion or toxicity claim
7324ad4e892b0d3debe0a31932331a1ab7639bfe,Phytochemical characteristics of leaves determine foraging rate of the leaf-cutting ant Atta mexicana (Smith) (Hymenoptera: Formicidae),D. A. Infante-Rodríguez; J. Monribot-Villanueva; Klaus Mehltreter; G. Carrión; J. Lachaud; A. C. Velázquez-Narváez; Víctor Vásquez-Reyes; J. Valenzuela-González; J. A. Guerrero-Analco,2020,10.1007/s00049-020-00306-4,https://www.semanticscholar.org/paper/7324ad4e892b0d3debe0a31932331a1ab7639bfe,,"1,3,9",Discovery metadata; not a validated inclusion or toxicity claim
7330a963476b849c661a4d76ba9e0069eb4fd775,FEEDING PREFERENCES OF PHYLLOTRETA CRUCIFERAE (COLEOPTERA: CHRYSOMELIDAE) FOR WILTED AND NONWILTED CRUCIFER SEEDLINGS,P. Palaniswamy; F. Matheson; R. Lamb,1998,10.4039/Ent130385-3,https://www.semanticscholar.org/paper/7330a963476b849c661a4d76ba9e0069eb4fd775,,1,Discovery metadata; not a validated inclusion or toxicity claim
73c8dc1e1b719402b14a13eb70f0d66a39d0e13f,Daily foraging activity of Acromyrmex (Hymenoptera: Formicidae) leaf-cutting ants.,M. Nickele; Wilson Reis; M. Pie; S. R. C. Penteado,2016,10.13102/SOCIOBIOLOGY.V63I1.902,https://www.semanticscholar.org/paper/73c8dc1e1b719402b14a13eb70f0d66a39d0e13f,http://periodicos.uefs.br/ojs/index.php/sociobiology/article/download/902/808,"1,2",Discovery metadata; not a validated inclusion or toxicity claim
74047baebf95322ae5889fa518e4879290e0a505,The origin of the chemical profiles of fungal symbionts and their significance for nestmate recognition in Acromyrmex leaf-cutting ants,Freddie-Jeanne Richard; M. Poulsen; A. Hefetz; C. Errard; D. Nash; J. Boomsma,2007,10.1007/s00265-007-0395-1,https://www.semanticscholar.org/paper/74047baebf95322ae5889fa518e4879290e0a505,https://curis.ku.dk/portal/da/publications/the-origin-of-the-chemical-profiles-of-fungal-symbionts-and-their-significance-for-nestmate-recognition-in-acromyrmex-leafcutting-ants(211faf60-a32e-11dc-bee9-02004c4f4f50).html,1,Discovery metadata; not a validated inclusion or toxicity claim
7429fd3f3ac0d7fb335956732e90855eeccb12d1,Predation rates of a beetle (Canthon virens) that kills female leaf-cutting ants (Atta spp.).,P. Aquino; F. G. de Jesus; E. C. Rocha; T. M. C. Della Lucia; J. Zanuncio; M. G. da S. Araújo,2018,,https://www.semanticscholar.org/paper/7429fd3f3ac0d7fb335956732e90855eeccb12d1,,"1,10",Discovery metadata; not a validated inclusion or toxicity claim
74343c401e6e030435a9032c88e7d41f50bfdc7d,Effect of Plant Extracts on Survival of Leaf-Cutting Ant Workers (Hymenoptera: Formicidae),M. M. R. Ribeiro; T. M. D. Lucia; L. Bacci; M. D. Moreira; M. Picanço,2008,,https://www.semanticscholar.org/paper/74343c401e6e030435a9032c88e7d41f50bfdc7d,,"1,2,3",Discovery metadata; not a validated inclusion or toxicity claim
74399d6203b789cd7dac0e1f2f0feb203c5aa6e3,Novel fungal disease in complex leaf‐cutting ant societies,D. Hughes; H. Evans; N. Hywel-Jones; J. Boomsma; Sophie A. O. Armitage,2009,10.1111/j.1365-2311.2008.01066.x,https://www.semanticscholar.org/paper/74399d6203b789cd7dac0e1f2f0feb203c5aa6e3,,1,Discovery metadata; not a validated inclusion or toxicity claim
748332dc100a4b3eeb146d749014a307b49c5387,"Complete Genome of Enterobacteriaceae Bacterium Strain FGI 57, a Strain Associated with Leaf-Cutter Ant Fungus Gardens",F. Aylward; Daniel M. Tremmel; D. Bruce; P. Chain; Amy Chen; Karen Walston Davenport; C. Detter; C. Han; James Han; Marcel Huntemann; Natalia N. Ivanova; N. Kyrpides; V. Markowitz; Kostas Mavrommatis; Matt Nolan; I. Pagani; Amrita Pati; Sam Pitluck; Shweta Deshpande; Lynne A. Goodwin; T. Woyke; C. Currie,2013,10.1128/genomeA.00238-12,https://www.semanticscholar.org/paper/748332dc100a4b3eeb146d749014a307b49c5387,https://doi.org/10.1128/genomea.00238-12,"1,3",Discovery metadata; not a validated inclusion or toxicity claim
74bd690a9803548fd81ccd445a80d70838e9e4cf,On the territorial behaviour of field colonies of the leaf-cutting ant Atta laevigata (Hymenoptera: Myrmicinae),A. Salzemann; K. Jaffe,1990,10.1016/0022-1910(90)90184-H,https://www.semanticscholar.org/paper/74bd690a9803548fd81ccd445a80d70838e9e4cf,,1,Discovery metadata; not a validated inclusion or toxicity claim
74fd4edd4b070ba51a106da04d6cb32e6392aa82,"Life, the universe and ethics",P. Singer,1986,10.1007/BF00127112,https://www.semanticscholar.org/paper/74fd4edd4b070ba51a106da04d6cb32e6392aa82,,"1,10",Discovery metadata; not a validated inclusion or toxicity claim
7558f5c1d1afcba4463e28f8b3a87fce93bd3b1e,Isolation of the symbiotic fungus of Acromyrmex pubescens and phylogeny of Leucoagaricus gongylophorus from leaf-cutting ants,G. Bich; M. L. Castrillo; L. Villalba; P. Zapata,2016,10.1016/j.sjbs.2016.05.010,https://www.semanticscholar.org/paper/7558f5c1d1afcba4463e28f8b3a87fce93bd3b1e,https://www.sciencedirect.com/science/article/pii/S1319562X16300377/pdf,1,Discovery metadata; not a validated inclusion or toxicity claim
7576c20fd750e326fa686fa6448c8bb3ab270f7b,Nest refuse of leaf-cutting ants as a growing substrate for organic farming systems,R. S. Santos; M. Guerra; B. Ambrogi; L. Sousa‐Souto,2017,10.1007/s13165-017-0199-1,https://www.semanticscholar.org/paper/7576c20fd750e326fa686fa6448c8bb3ab270f7b,,1,Discovery metadata; not a validated inclusion or toxicity claim
75981f069015e4e33d5138934e40e25321b64611,Ants fight fungi with compound from bacteria,B. Halford,2021,10.1021/CEN-09903-SCICON2,https://www.semanticscholar.org/paper/75981f069015e4e33d5138934e40e25321b64611,,1,Discovery metadata; not a validated inclusion or toxicity claim
759b12a6b58f8a6812950498d80471ec89e75bed,Metagenomics Reveals Diet-Specific Specialization of Bacterial Communities in Fungus Gardens of Grass- and Dicot-Cutter Ants,L. Khadempour; Huan Fan; Ken Keefover-Ring; Camila Carlos-Shanley; N. S. Nagamoto; Miranda A. Dam; M. T. Pupo; C. Currie,2020,10.3389/fmicb.2020.570770,https://www.semanticscholar.org/paper/759b12a6b58f8a6812950498d80471ec89e75bed,https://www.frontiersin.org/articles/10.3389/fmicb.2020.570770/pdf,1,Discovery metadata; not a validated inclusion or toxicity claim
759c619315364b0d804a085fe036eb451bf510fd,"Queen influence on workers behavior of the leaf-cutting ant Atta sexdens rubropilosa (Forel, 1908).",L. Sousa-Souto; D. J. Souza,2006,10.1590/S1519-69842006000300016,https://www.semanticscholar.org/paper/759c619315364b0d804a085fe036eb451bf510fd,https://www.scielo.br/j/bjb/a/5bfFGN7S8HrXTQH4mHCGMHk/?lang=en&format=pdf,"1,3",Discovery metadata; not a validated inclusion or toxicity claim
75ad0ece3f87d3d52673c17fbddc49593c92d895,Evolutionary aspects of ant-fungus interactions in leaf-cutting ants.,R. North; C. W. Jackson; P. Howse,1997,10.1016/S0169-5347(97)87381-8,https://www.semanticscholar.org/paper/75ad0ece3f87d3d52673c17fbddc49593c92d895,,1,Discovery metadata; not a validated inclusion or toxicity claim
75eed3a16fe99bf25d24656373c03d0b0597cbb9,Do Leaf Cutting Ants Cut Undetected? Testing the Effect of Ant-Induced Plant Defences on Foraging Decisions in Atta colombica,Christian Kost; Martin Tremmel; R. Wirth,2011,10.1371/journal.pone.0022340,https://www.semanticscholar.org/paper/75eed3a16fe99bf25d24656373c03d0b0597cbb9,https://journals.plos.org/plosone/article/file?id=10.1371/journal.pone.0022340&type=printable,"1,3",Discovery metadata; not a validated inclusion or toxicity claim
7609223ad0a39f2cbf6b3b545320fa17c4d2084e,"Biomass consumption, foraging activity and harvesting patterns in two sympatric leaf‐cutting ant species in a Salicaceae plantation in Argentina",N. Jiménez; A. Sánchez‐Restrepo; Mariel E. Guala; Cristian Battagliotti; A. Farji-Brener; Luis A. Calcaterra,2024,10.1111/afe.12660,https://www.semanticscholar.org/paper/7609223ad0a39f2cbf6b3b545320fa17c4d2084e,,"1,2",Discovery metadata; not a validated inclusion or toxicity claim
760be7be889bfabf3cf0561e03316a55b5c84a35,Dump size and distance from the nest define the investment in waste management in Sericomyrmex mayri (Formicidae: Myrmicinae: Attini),M. R. Bitar; Y. Antonini; V. L. Lopes; M. P. Cristiano; Aline U. N. Lima; F. Costa,2020,,https://www.semanticscholar.org/paper/760be7be889bfabf3cf0561e03316a55b5c84a35,,"1,8",Discovery metadata; not a validated inclusion or toxicity claim
7670dbf22d573dc859e02da518908c2d6da37663,Leaf-cutting ant fungi produce cell wall degrading pectinase complexes reminiscent of phytopathogenic fungi,M. Schiøtt; A. Rogowska-Wrzesińska; P. Roepstorff; J. Boomsma,2010,10.1186/1741-7007-8-156,https://www.semanticscholar.org/paper/7670dbf22d573dc859e02da518908c2d6da37663,https://bmcbiol.biomedcentral.com/counter/pdf/10.1186/1741-7007-8-156,"1,2,9",Discovery metadata; not a validated inclusion or toxicity claim
7673e686f49a3a2698d603aa752d9a12d6f10961,"Biology of the relict fungus-farming ant Apterostigma megacephala Lattke, including descriptions of the male, gyne, and larva",J. Sosa‐Calvo; A. Ješovnik; C. T. Lopes; A. Rodrigues; C. Rabeling; M. Bacci; H. Vasconcelos; T. Schultz,2017,10.1007/s00040-017-0550-2,https://www.semanticscholar.org/paper/7673e686f49a3a2698d603aa752d9a12d6f10961,http://americanae.aecid.es/americanae/es/registros/registro.do?tipoRegistro=MTD&idBib=1795703,"1,8,10",Discovery metadata; not a validated inclusion or toxicity claim
76c233ddfef2e40f89c2acb149d495986bfcae0d,Microbiological changes in the nests of leaf‐cutting ants fed on sesame leaves,F. C. Pagnocca; S. C. Carreiro; O. Bueno; M. Hebling; O. A. Silva,1996,10.1111/j.1439-0418.1996.tb01612.x,https://www.semanticscholar.org/paper/76c233ddfef2e40f89c2acb149d495986bfcae0d,,1,Discovery metadata; not a validated inclusion or toxicity claim
76da7c778d3346d9020b4a4c995877c92bce3a93,Euphorbia cotinifolia (Euphorbiaceae): a promising alternative for leaf cutting ant Atta cephalotes (Hymenoptera: Formicidae) control,Sayra Yady Mina Mejia; Jonathan Rodríguez; J. Montoya-Lerma,2018,10.1080/09583157.2018.1460315,https://www.semanticscholar.org/paper/76da7c778d3346d9020b4a4c995877c92bce3a93,,"1,3",Discovery metadata; not a validated inclusion or toxicity claim
7720459843636738fb404e5467dce733bd0240d7,Is diet choice a picnic for leaf-cutter ants?,C. M. Bristow,1988,10.1016/0169-5347(88)90030-4,https://www.semanticscholar.org/paper/7720459843636738fb404e5467dce733bd0240d7,,1,Discovery metadata; not a validated inclusion or toxicity claim
7720edb4093c0f764aceb54e09e5d57482ec48b7,The ideal habitat for leaf-cutting ant queens to build their nests,K. K. Sousa; R. Camargo; N. Caldato; A. P. Farias; M. Calça; Alexandre Dal Pai; C. Matos; J. Zanuncio; I. C. Santos; L. C. Forti,2022,10.1038/s41598-022-08918-2,https://www.semanticscholar.org/paper/7720edb4093c0f764aceb54e09e5d57482ec48b7,https://www.nature.com/articles/s41598-022-08918-2.pdf,"1,3",Discovery metadata; not a validated inclusion or toxicity claim
77a7359d6d13b4d07ff431b4e6775efc7917aa7a,Reassessing the role of fallen branches as part of leaf-cutting ant (Hymenoprera: Formicidae) trails on leaf transport rates.,H. Mogollón; A. Farji-Brener,2009,,https://www.semanticscholar.org/paper/77a7359d6d13b4d07ff431b4e6775efc7917aa7a,,"1,3",Discovery metadata; not a validated inclusion or toxicity claim
7820e6559b22f16cee6f2dde35857a40927290ac,"Curvilinear allometry, energetics and foraging ecology: a comparison of leaf-cutting ants and army ants",D. Feener; J. Lighton; G. Bartholomew,1988,10.2307/2389394,https://www.semanticscholar.org/paper/7820e6559b22f16cee6f2dde35857a40927290ac,,"1,3",Discovery metadata; not a validated inclusion or toxicity claim
784434d1e4c27f04b198ef22c4fa7870002cfdae,Foraging Networks of the Leaf-Cutting Ant Atta bisphaerica,J. Lopes; V. Fourcassié; R. Camargo; Regys B. Menezes; L. C. Forti; M. S. Brugger,2015,10.5281/zenodo.33875,https://www.semanticscholar.org/paper/784434d1e4c27f04b198ef22c4fa7870002cfdae,,"1,4",Discovery metadata; not a validated inclusion or toxicity claim
784c1239d0034e8d9a925cd8d3f0666f39a23701,Dynamics of physical trail construction and of trail usage in the leaf-cutting ant Atta laevigata,S. Bouchebti; Raphael Vacchi Travaglini; L. C. Forti; V. Fourcassié,2018,10.1080/03949370.2018.1503197,https://www.semanticscholar.org/paper/784c1239d0034e8d9a925cd8d3f0666f39a23701,http://doi.org/10.1080/03949370.2018.1503197,"1,3",Discovery metadata; not a validated inclusion or toxicity claim
7858db1420ead7ff66a64d806ffba94b59f655f2,Seasonal and Habitat-related Variations in the Cuticular Chemical Profile of Atta sexdens (Hymenoptera: Formicidae) Foraging Workers,Jean Carlos dos Santos Lima; Omar Bailez; J. Guerrero; A. Arêdes; M. Canela; A. M. Viana-Bailez,2025,10.1007/s13744-025-01258-6,https://www.semanticscholar.org/paper/7858db1420ead7ff66a64d806ffba94b59f655f2,,"1,3",Discovery metadata; not a validated inclusion or toxicity claim
785c17d5673c39ad0106ded381b9df2f76fdcecc,Quantificação das perdas no desenvolvimento de Pinus taeda após o ataque de formigas cortadeiras.,E. Cantarelli; E. C. Costa; R. Pezzutti; Leonardo Silva de Oliveira,2008,10.5902/19805098509,https://www.semanticscholar.org/paper/785c17d5673c39ad0106ded381b9df2f76fdcecc,https://periodicos.ufsm.br/cienciaflorestal/article/download/509/395,1,Discovery metadata; not a validated inclusion or toxicity claim
78f385f113a60f0b37bcdeb0df8945f7fc3bea41,Control of Amazonian Leaf-Cutting Ants (Hymenoptera: Formicidae): A Multi-criteria Analysis,M. Dionisi; H. Ozier-Lafontaine; D. Laplace,2021,10.1093/jee/toaa331,https://www.semanticscholar.org/paper/78f385f113a60f0b37bcdeb0df8945f7fc3bea41,,1,Discovery metadata; not a validated inclusion or toxicity claim
78fe03685ee73db1bff10d6a0f48615b5e41c6c2,Larval isolation and brood care in Acromyrmex leaf-cutting ants,Jfs Lopes; Jfs Lopes; Woh Hughes; R. Camargo; L. C. Forti,2005,10.1007/s00040-005-0816-y,https://www.semanticscholar.org/paper/78fe03685ee73db1bff10d6a0f48615b5e41c6c2,,"1,2",Discovery metadata; not a validated inclusion or toxicity claim
790c9f620aaf6c6b072fe7b8572366c538eb253b,"INFLUÊNCIA DO CULTIVO DE Eucaliptus SOBRE A COMUNIDADE DE FORMIGAS CORTADEIRAS NAS REGIÕES SUL E CAMPANHA DO ESTADO DO RIO GRANDE DO SUL, BRASIL",Leandro Rodeghiero Krüger; A. E. Loeck; Douglas Daniel Grutzmacher,2010,10.18539/cast.v16i1-4.2007,https://www.semanticscholar.org/paper/790c9f620aaf6c6b072fe7b8572366c538eb253b,,"1,2",Discovery metadata; not a validated inclusion or toxicity claim
793e61fb218df766c42590ab620457632c498d58,Foraging activity of leaf‐cutting ants changes light availability and plant assemblage in Atlantic forest,M. M. Correa; Paulo S. D. Silva; R. Wirth; M. Tabarelli; I. Leal,2016,10.1111/een.12312,https://www.semanticscholar.org/paper/793e61fb218df766c42590ab620457632c498d58,,1,Discovery metadata; not a validated inclusion or toxicity claim
7955f4567f6fd8a1da0a9a59098409fa39882b23,AVALIAÇÃO DO USO DE IMIDACLOPRID NO CONTROLE DE Acromyrmex spp. (HYMENOPTERA: FORMICIDAE) EM PLANTIO DE Pinus taeda,M. Vitorino; Raphaela Noêmia Dutra; Taise Cristina Plattau Arenhardt; L. Beal; Adam Henry Marques Gonçalves; Rafaela Tamara Marquardt; P. Costa; Sandra Ciriaco de Cristo,2014,10.5380/RF.V45I1.31912,https://www.semanticscholar.org/paper/7955f4567f6fd8a1da0a9a59098409fa39882b23,https://doi.org/10.5380/rf.v45i1.31912,"1,2",Discovery metadata; not a validated inclusion or toxicity claim
7a0ce49651a03924c85f19a068d9a255159fd06a,AN ANT COUNTER AND ITS USE IN THE FIELD,G. C. DIBLEY; T. Lewis,1972,10.1111/j.1570-7458.1972.tb00237.x,https://www.semanticscholar.org/paper/7a0ce49651a03924c85f19a068d9a255159fd06a,,1,Discovery metadata; not a validated inclusion or toxicity claim
7abe5d8bf86596dff26ae2aa955c01805ab9936f,Server System and Queuing Models of Leaf Harvesting by Leaf-Cutting Ants,M. Burd,1996,10.1086/285943,https://www.semanticscholar.org/paper/7abe5d8bf86596dff26ae2aa955c01805ab9936f,,"1,3",Discovery metadata; not a validated inclusion or toxicity claim
7ad16966d045631594453f31f5d022f4519a3ff5,Diversity and abundance of understorey plants on active and abandoned nests of leaf-cutting ants (Atta cephalotes) in a Costa Rican rain forest,M. Garrettson; J. F. Stetzel; B. Halpern; David J. Hearn; Brendan T. Lucey; M. McKone,1998,10.1017/S0266467498000029,https://www.semanticscholar.org/paper/7ad16966d045631594453f31f5d022f4519a3ff5,,"1,3",Discovery metadata; not a validated inclusion or toxicity claim
7aec138b666a465b0e8b876e8e910e29e4856141,Use of a Sound-Based Vibratome by Leaf-Cutting Ants,J. Tautz; F. Roces; B. H�lldobler,1995,10.1126/science.267.5194.84,https://www.semanticscholar.org/paper/7aec138b666a465b0e8b876e8e910e29e4856141,,1,Discovery metadata; not a validated inclusion or toxicity claim
7b042b9c561866b59e96502cf9c4339d616ea0e0,"In vitro culture of Leucoagaricus gongylophorus (Agaricaceae), symbiont fungus of the leaf-cutting ant Atta mexicana (Hymenoptera, Formicidae), using solid and plant-supplemented culture media",Dennis Adrián Infante Rodríguez; Alberto Carlos Velázquez Narváez; Juan Luis Monribot Villanueva; Gloria Carrión; Klaus Mehltreter; J. Lachaud; José Antonio Guerrero Analco; Jorge Valenzuela González,2024,10.21829/abm131.2024.2397,https://www.semanticscholar.org/paper/7b042b9c561866b59e96502cf9c4339d616ea0e0,https://abm.ojs.inecol.mx/index.php/abm/article/download/2397/4672,"1,3,9,10",Discovery metadata; not a validated inclusion or toxicity claim
7b7509e60c82567a7ecd82ba3804e3ec398e97c8,Do an ecosystem engineer and environmental gradient act independently or in concert to shape juvenile plant communities? Tests with the leaf-cutter ant Atta laevigata in a Neotropical savanna,A. N. Costa; E. Bruna; H. Vasconcelos,2018,10.7717/peerj.5612,https://www.semanticscholar.org/paper/7b7509e60c82567a7ecd82ba3804e3ec398e97c8,https://doi.org/10.7717/peerj.5612,"1,3",Discovery metadata; not a validated inclusion or toxicity claim
7b986179c18700e1414af6e00e5e97e556ecb21b,Ant nests and soil nutrient availability: the negative impact of fire,L. Sousa‐Souto; J. Schoereder; C. Schaefer; Washington Luiz Henrique da Silva,2008,10.1017/S0266467408005464,https://www.semanticscholar.org/paper/7b986179c18700e1414af6e00e5e97e556ecb21b,https://www.cambridge.org/core/services/aop-cambridge-core/content/view/E78BA03B5C0AD1F9CF25D72A18C9E369/S0266467408005464a.pdf/div-class-title-ant-nests-and-soil-nutrient-availability-the-negative-impact-of-fire-div.pdf,"1,3",Discovery metadata; not a validated inclusion or toxicity claim
7bb43fd980362acb1e6da89d5e8c33ee5c3deeaa,"Dear Prof Bilde, Thanks for your decision on our manuscript now entitled “Alteration of gut microbiota with a broad spectrum antibiotic does not impair maternal care in the European earwig"" and submitted to Peer Community in Evolutionary Biology",S. Dupont,2021,,https://www.semanticscholar.org/paper/7bb43fd980362acb1e6da89d5e8c33ee5c3deeaa,,"1,2,10",Discovery metadata; not a validated inclusion or toxicity claim
7bb45fccab5502ba6e4f03c4de43a3be8d565330,Mapping microhabitats of lignocellulose decomposition by a microbial consortium,Marija Veličković; Ruonan Wu; Yuqian Gao; M. Thairu; D. Veličković; Nathalie Munoz; Chaevien S. Clendinen; Aivett Bilbao; Rosalie K. Chu; Priscila M. Lalli; Kevin J. Zemaitis; Carrie D. Nicora; J. Kyle; D. Orton; S. Williams; Ying Zhu; Rui Zhao; Matthew E. Monroe; Ronald J. Moore; B. Webb-Robertson; Lisa M. Bramer; Cameron R. Currie; P. Piehowski; Kristin E. Burnum-Johnson,2024,10.1038/s41589-023-01536-7,https://www.semanticscholar.org/paper/7bb45fccab5502ba6e4f03c4de43a3be8d565330,https://www.nature.com/articles/s41589-023-01536-7.pdf,"1,3,9",Discovery metadata; not a validated inclusion or toxicity claim
7c84df12b7f3970f739e86c5582b75b48c7fa714,Selectively Targeting of Gardeners and Symbiotic Fungus in Leaf-Cutting Ant Colonies Using Essential Oils,Andressa Graebin; P. Pinheiro; K. D. Amaral; V. Santos; Tarciza F. Nascimento; Marcela V. de S. Vilela; Yenara K. M. Silva; Thais D. Marcelino; R. Guedes,2026,10.3390/insects17060645,https://www.semanticscholar.org/paper/7c84df12b7f3970f739e86c5582b75b48c7fa714,https://www.mdpi.com/2075-4450/17/6/645/pdf?version=1781771135,1,Discovery metadata; not a validated inclusion or toxicity claim
7d393f34136c22f1830e0e8622e7d1ea5a6922fb,Field colonies of leaf‐cutting ants select plant materials containing low abundances of endophytic fungi,Kyle E. Coblentz; Sunshine A. Van Bael,2013,10.1890/ES13-00012.1,https://www.semanticscholar.org/paper/7d393f34136c22f1830e0e8622e7d1ea5a6922fb,https://esajournals.onlinelibrary.wiley.com/doi/pdf/10.1890/ES13-00012.1,"1,3",Discovery metadata; not a validated inclusion or toxicity claim
7e19c902769e61e37b232656ddce09d3dd7bbf67,ESTRATÉGIAS E TÁTICAS NA INTERAÇÃO FORÍDEO-FORMIGA,Omar Bailez,2016,10.4257/oeco.2016.2003.01,https://www.semanticscholar.org/paper/7e19c902769e61e37b232656ddce09d3dd7bbf67,https://revistas.ufrj.br/index.php/oa/article/download/8393/10225,1,Discovery metadata; not a validated inclusion or toxicity claim
7e2339ad273d66cbb2aae51a427ec58881b672ec,Ultrastructural and microbial analyses of cellulose degradation in leaf-cutter ant colonies.,Rolando D. Moreira-Soto; E. Sánchez; C. Currie; A. Pinto-Tomás,2017,10.1099/mic.0.000546,https://www.semanticscholar.org/paper/7e2339ad273d66cbb2aae51a427ec58881b672ec,https://doi.org/10.1099/mic.0.000546,"1,2,9",Discovery metadata; not a validated inclusion or toxicity claim
7ebfc73eeac30559ec125af73ab354ffc153975b,Pathogenicity of Beauveria bassiana to Atta sexdens rubropilosa (Hymenoptera: Formicidae) in laboratory conditions,E. S. Loureiro; Giovana Daniela Busarello; L. Pessoa; M. A. Uchoa-Fernandes; T. S. Amaral; M. B. Pessôa,2022,10.33448/rsd-v11i2.25831,https://www.semanticscholar.org/paper/7ebfc73eeac30559ec125af73ab354ffc153975b,https://rsdjournal.org/index.php/rsd/article/download/25831/22708,1,Discovery metadata; not a validated inclusion or toxicity claim
7ee92c497a8a63b9bb4f2e8a3c72ebd3c328703b,Hydrolytic enzymes of leaf-cutting ant fungi.,M. Erthal; C. Silva; R. Cooper; R. Samuels,2009,10.1016/j.cbpb.2008.09.086,https://www.semanticscholar.org/paper/7ee92c497a8a63b9bb4f2e8a3c72ebd3c328703b,,"1,9",Discovery metadata; not a validated inclusion or toxicity claim
7eebf9d00bd693c3fa17692608496bf34708f0d7,Biogenic amines are associated with worker task but not patriline in the leaf-cutting ant Acromyrmex echinatior,Adam R. Smith; M. Muscedere; M. Seid; J. Traniello; W. Hughes,2013,10.1007/s00359-013-0854-2,https://www.semanticscholar.org/paper/7eebf9d00bd693c3fa17692608496bf34708f0d7,,"1,2",Discovery metadata; not a validated inclusion or toxicity claim
7eec52be3e034fdfddac6e2cb48fdf76a1edc652,Hymenopteran‐specific TRPA channel from the Texas leaf cutter ant (Atta texana) is heat and cold activated and expression correlates with environmental temperature,Julia M. York; Timothy Taylor; Sarah LaPotin; Ying Lu; Ulrich G. Mueller,2024,10.1111/1744-7917.13364,https://www.semanticscholar.org/paper/7eec52be3e034fdfddac6e2cb48fdf76a1edc652,https://doi.org/10.1111/1744-7917.13364,"1,3",Discovery metadata; not a validated inclusion or toxicity claim
7f12f0d248647254de2d12dc5c0a5991f71fc38f,SILVICULTURA DE PRECISÃO NO MONITORAMENTO E CONTROLE DE FORMIGAS CORTADEIRAS EM PLANTIOS DE Pinus.,E. Cantarelli,2005,,https://www.semanticscholar.org/paper/7f12f0d248647254de2d12dc5c0a5991f71fc38f,,"1,2,10",Discovery metadata; not a validated inclusion or toxicity claim
7f1adf1d341934dc5701ead05eb11db1bdfe5e51,Parameters of Cotton Cultivation from Infrared Aerial Photography,,2008,,https://www.semanticscholar.org/paper/7f1adf1d341934dc5701ead05eb11db1bdfe5e51,,"1,3",Discovery metadata; not a validated inclusion or toxicity claim
7f48907b5b8d962185cbc9d75f7f2ab5206ea3b9,Thermal radiation as a learned orientation cue in leaf-cutting ants (Atta vollenweideri).,C. Kleineidam; M. Ruchty; Z. A. Casero-Montes; F. Roces,2007,10.1016/J.JINSPHYS.2007.01.011,https://www.semanticscholar.org/paper/7f48907b5b8d962185cbc9d75f7f2ab5206ea3b9,https://kops.uni-konstanz.de/server/api/core/bitstreams/cbcdd337-66ee-4258-9b42-4ea1115dced3/content,"1,4",Discovery metadata; not a validated inclusion or toxicity claim
7fa06410fd078ab80e9c96f4a611be7079c39a0c,Prudent sperm use by leaf-cutter ant queens,Susanne P. A. den Boer; B. Baer; S. Dreier; S. Aron; D. Nash; J. Boomsma,2009,10.1098/rspb.2009.1184,https://www.semanticscholar.org/paper/7fa06410fd078ab80e9c96f4a611be7079c39a0c,https://curis.ku.dk/ws/files/132043535/811_Den_Boer_et_al._2009.pdf,"1,3",Discovery metadata; not a validated inclusion or toxicity claim
804e0eba27f9ee92d026d15ba02e4213c220b749,Evolution of Substrate Preparation Behaviors for Cultivation of Symbiotic Fungus in Attine Ants (Hymenoptera: Formicidae),E. A. Diniz; O. Bueno,2010,10.1007/s10905-010-9207-y,https://www.semanticscholar.org/paper/804e0eba27f9ee92d026d15ba02e4213c220b749,,"1,2,8",Discovery metadata; not a validated inclusion or toxicity claim
80dd7b182025ce308c3a27f20d464a17963cb5e1,"SYSTEMATICS, MORPHOLOGY AND PHYSIOLOGY Isoenzymatic Polymorphism in the Leaf-Cutting Ant Atta capiguara Gonçalves (Hymenoptera: Formicidae)",A. Colombo,2010,,https://www.semanticscholar.org/paper/80dd7b182025ce308c3a27f20d464a17963cb5e1,,"1,2,4",Discovery metadata; not a validated inclusion or toxicity claim
80e5046c015d2fcb0b0353b0e8df1b5d8bc63ef0,"Predation on an Atta cephalotes Colony by an Army Ant, Nomamyrmex esenbeckii 1",M. Swartz,1998,10.1111/j.1744-7429.1998.tb00110.x,https://www.semanticscholar.org/paper/80e5046c015d2fcb0b0353b0e8df1b5d8bc63ef0,,"1,2,3,10",Discovery metadata; not a validated inclusion or toxicity claim
8130970ca6935166d06f5f78aa5bf8201fda8385,Seedling recruitment in a semi-arid Patagonian steppe: Facilitative effects of refuse dumps of leaf-cutting ants,A. Farji-Brener; L. Ghermandi,2004,10.1658/1100-9233(2004)015[0823:SRIASP]2.0.CO;2,https://www.semanticscholar.org/paper/8130970ca6935166d06f5f78aa5bf8201fda8385,,"1,2",Discovery metadata; not a validated inclusion or toxicity claim
8139fc8a62165c4dcc4bd5382e70b271d3aba185,Leafcutter Ant Nests Inhibit Low-Intensity Fire Spread in the Understory of Transitional Forests at the Amazon's Forest-Savanna Boundary,K. S. Carvalho; A. Alencar; J. K. Balch; P. Moutinho,2012,10.1155/2012/780713,https://www.semanticscholar.org/paper/8139fc8a62165c4dcc4bd5382e70b271d3aba185,https://downloads.hindawi.com/journals/psyche/2012/780713.pdf,1,Discovery metadata; not a validated inclusion or toxicity claim
81f18ede5eb25dc405ca6da65059f2debb55c5cb,Leucoagaricus gongylophorus Produces Diverse Enzymes for the Degradation of Recalcitrant Plant Polymers in Leaf-Cutter Ant Fungus Gardens,F. Aylward; Kristin E. Burnum-Johnson; S. Tringe; Clotilde Teiling; Daniel M. Tremmel; J. Moeller; Jarrod J. Scott; K. Barry; P. Piehowski; C. Nicora; S. Malfatti; Matthew E. Monroe; S. Purvine; Lynne A. Goodwin; Richard D. Smith; G. Weinstock; N. Gerardo; G. Suen; M. Lipton; C. Currie,2013,10.1128/AEM.03833-12,https://www.semanticscholar.org/paper/81f18ede5eb25dc405ca6da65059f2debb55c5cb,https://doi.org/10.1128/aem.03833-12,"1,2,3,9",Discovery metadata; not a validated inclusion or toxicity claim
82020af5db3faa474984b279c987c64a0f067552,Geophagy in masked titi monkeys (Callicebus personatus melanochir) in sBrazil,Klaus-H. Müller; C. Ahl; G. Hartmann,2006,10.1007/BF02385923,https://www.semanticscholar.org/paper/82020af5db3faa474984b279c987c64a0f067552,,1,Discovery metadata; not a validated inclusion or toxicity claim
82389a87fb1aab636f8797f4e08e82a61374fad2,Biotic drivers of seedling establishment in Neotropical savannas: selective granivory and seedling herbivory by leaf‐cutter ants as an ecological filter,A. N. Costa; H. Vasconcelos; E. Bruna,2017,10.1111/1365-2745.12656,https://www.semanticscholar.org/paper/82389a87fb1aab636f8797f4e08e82a61374fad2,https://onlinelibrary.wiley.com/doi/pdfdirect/10.1111/1365-2745.12656,1,Discovery metadata; not a validated inclusion or toxicity claim
829b1fc4ab7de1c098b4450b899130166a5e3ab7,Fungal-Fungal Interactions in Leaf-Cutting Ant Agriculture,Sunshine A. Van Bael; C. Estrada; W. Wcislo,2011,10.1155/2011/617478,https://www.semanticscholar.org/paper/829b1fc4ab7de1c098b4450b899130166a5e3ab7,https://downloads.hindawi.com/journals/psyche/2011/617478.pdf,1,Discovery metadata; not a validated inclusion or toxicity claim
82c45b3d5e59e0584ff9f496fa6183117cd43929,"Fungus garden structure in the leaf-cutting ant Atta sexdens (Formicidae, Attini)",M. Bass; J. M. Cherrett,1996,,https://www.semanticscholar.org/paper/82c45b3d5e59e0584ff9f496fa6183117cd43929,,"1,3",Discovery metadata; not a validated inclusion or toxicity claim
833ae59cf377a63f974b45b7ed810245bd3a5f02,Die Verstndigung durch Stridulationssignale bei Blattschneiderameisen@@@Communication by stridulatory signals in leaf cutting ants: III. Die Empfindlichkeit fr Substratvibrationen@@@III. The sensitivity to substrate vibrations,H. Markl,1970,10.1007/BF00340908,https://www.semanticscholar.org/paper/833ae59cf377a63f974b45b7ed810245bd3a5f02,,1,Discovery metadata; not a validated inclusion or toxicity claim
8365439318765f0656116135bc4640cba3aa5959,Priority rules govern the organization of traffic on foraging trails under crowding conditions in the leaf-cutting ant Atta colombica,Audrey Dussutour; S. Beshers; J. Deneubourg; V. Fourcassié,2009,10.1242/jeb.022988,https://www.semanticscholar.org/paper/8365439318765f0656116135bc4640cba3aa5959,,"1,3",Discovery metadata; not a validated inclusion or toxicity claim
839b4fe7a8a09fae6b62b49d93cf8770f8beffb0,Both evaluation of resource quality and speed of recruited leaf-cutting ants (Acromyrmex lundi) depend on their motivational state,F. Roces,1993,10.1007/BF00216599,https://www.semanticscholar.org/paper/839b4fe7a8a09fae6b62b49d93cf8770f8beffb0,,1,Discovery metadata; not a validated inclusion or toxicity claim
83c1a659824cffad6fb304733396e3dbb9b60238,The Longleaf Pine,Erican Naturalist,1907,10.1086/278831,https://www.semanticscholar.org/paper/83c1a659824cffad6fb304733396e3dbb9b60238,http://www.journals.uchicago.edu/doi/pdfplus/10.1086/278831,1,Discovery metadata; not a validated inclusion or toxicity claim
83d03e19573d4e5252561e889fe439b85039eff6,Mutualistic bacteria and a possible trade-off between alternative defence mechanisms in Acromyrmex leaf-cutting ants,Michael Poulsen; A. N. M. Bot; Cameron R. Currie; J. J. Boomsma,2002,10.1007/s00040-002-8271-5,https://www.semanticscholar.org/paper/83d03e19573d4e5252561e889fe439b85039eff6,,"1,2",Discovery metadata; not a validated inclusion or toxicity claim
84272cfa545be763b9b1b07655be8d34ae23b4da,Tropical Botany,,,10.1038/075524a0,https://www.semanticscholar.org/paper/84272cfa545be763b9b1b07655be8d34ae23b4da,https://www.nature.com/articles/075524a0.pdf,1,Discovery metadata; not a validated inclusion or toxicity claim
843ef1f1c34aeb2cb498576336d9023c73d4749e,"Acetylcholinesterases from Leaf-Cutting ant Atta sexdens: Purification, Characterization, and Capillary Reactors for On-Flow Assays",Adriana M. Dos Santos; A. Moreira; Bianca Rebelo Lopes; Mariana F. Fracola; Fernando G. de Almeida; O. Bueno; Q. Cass; D. Souza,2019,10.1155/2019/6139863,https://www.semanticscholar.org/paper/843ef1f1c34aeb2cb498576336d9023c73d4749e,https://downloads.hindawi.com/archive/2019/6139863.pdf,"1,10",Discovery metadata; not a validated inclusion or toxicity claim
84b1ca12b9cf4a0d1df862303483a56cc7a10b66,Herbivory of Atta cephalotes (Hymenoptera: Myrmicinae) on three plant substrates,G. JhonattanRodríguez; D. ZoraidaCalle; James Montoya-Lerma,2008,,https://www.semanticscholar.org/paper/84b1ca12b9cf4a0d1df862303483a56cc7a10b66,,"1,3",Discovery metadata; not a validated inclusion or toxicity claim
84bf9b4ac9430fa3e45c62bddb80068a2a81948b,505 orientation by the leaf cutter ant Atta cephalotes when removed from a pheromone trail (Hymenoptera: Formicidae),K. Vick,2004,,https://www.semanticscholar.org/paper/84bf9b4ac9430fa3e45c62bddb80068a2a81948b,,"1,3",Discovery metadata; not a validated inclusion or toxicity claim
84c804eee54657da976b9e47f80e8fbf20116423,Foraging preference of Atta cephalotes (Hymenoptera: Formicidae),L. Klein,2016,,https://www.semanticscholar.org/paper/84c804eee54657da976b9e47f80e8fbf20116423,,"1,3",Discovery metadata; not a validated inclusion or toxicity claim
850a41e2a4768442aa13085465528b4ee66eeb1e,To build or not to build: circulating dry air organizes collective building for climate control in the leaf-cutting ant Acromyrmex ambiguus,M. Bollazzi; F. Roces,2007,10.1016/J.ANBEHAV.2007.02.021,https://www.semanticscholar.org/paper/850a41e2a4768442aa13085465528b4ee66eeb1e,,1,Discovery metadata; not a validated inclusion or toxicity claim
85432b2a226478bdabd01673b0f5348765ec61e6,Assimilation and transfer of mirex in colonies of Texas leaf-cutting ants.,H. Echols,1966,10.1093/JEE/59.6.1336,https://www.semanticscholar.org/paper/85432b2a226478bdabd01673b0f5348765ec61e6,,"1,3",Discovery metadata; not a validated inclusion or toxicity claim
854b35d2548c8f79c3ba9d190db022d195272687,Changes in the cuticular hydrocarbon profile associated with the molting cycle correlate with the hydrocarbon profile of the fungus cultivated by the ant Atta sexdens,L. Valadares; F. D. do Nascimento,2017,10.1007/s00040-017-0581-8,https://www.semanticscholar.org/paper/854b35d2548c8f79c3ba9d190db022d195272687,,1,Discovery metadata; not a validated inclusion or toxicity claim
85b435f6da504de107d687cd8586e53a95481e46,A simple method for determining location of foraging ant nests using leaf cutting ants as a model,H. G. Fowler; M. Schlindwein; F. M. Schlittler; L. C. Forti,1993,10.1111/j.1439-0418.1993.tb01216.x,https://www.semanticscholar.org/paper/85b435f6da504de107d687cd8586e53a95481e46,,1,Discovery metadata; not a validated inclusion or toxicity claim
86702c83d75b845be1d0460fe67eb4b61e1d36cf,Optimizing seeding density of fast‐growing native trees for restoring the Brazilian Atlantic Forest,P. Meli; I. Isernhagen; Pedro H. S. Brancalion; Elaine C. C. Isernhagen; M. Behling; Ricardo Ribeiro Rodrigues,2018,10.1111/rec.12567,https://www.semanticscholar.org/paper/86702c83d75b845be1d0460fe67eb4b61e1d36cf,https://doi.org/10.1111/rec.12567,1,Discovery metadata; not a validated inclusion or toxicity claim
86817220313994369c5676c785cbdd52e25c8e6f,"Information transfer in head-on encounters between leaf-cutting ant workers: food, trail condition or orientation cues?",A. Farji-Brener; S. Amador‐Vargas; F. Chinchilla; S. Escobar; S. Cabrera; M. I. Herrera; C. Sandoval,2010,10.1016/J.ANBEHAV.2009.11.009,https://www.semanticscholar.org/paper/86817220313994369c5676c785cbdd52e25c8e6f,http://hdl.handle.net/11336/280487,"1,3",Discovery metadata; not a validated inclusion or toxicity claim
868e45595bfa423c8411c0ebf7fa8c79fcf0481a,The role of substrate preparation in the symbiosis between the leaf‐cutting ant Acromyrmex octospinosus (Reich) and its food fungus,R. Quinlan; J. M. Cherrett,1977,10.1111/j.1365-2311.1977.tb00877.x,https://www.semanticscholar.org/paper/868e45595bfa423c8411c0ebf7fa8c79fcf0481a,,"1,2",Discovery metadata; not a validated inclusion or toxicity claim
8699e9acb337a0ec9c17ee481dbf23a0f4c625c4,Mandibular shape variation among size classes in the worker ants of Pheidologeton diversus,M. Torres; Eugene Vernon V. Tañedo,2016,,https://www.semanticscholar.org/paper/8699e9acb337a0ec9c17ee481dbf23a0f4c625c4,,"1,2",Discovery metadata; not a validated inclusion or toxicity claim
869e2bdceaea1522352f6c1b1e9bcda68aad9889,Human disturbance promotes herbivory by leaf‐cutting ants in the Caatinga dry forest,F. F. S. Siqueira; J. D. Ribeiro‐Neto; M. Tabarelli; A. Andersen; R. Wirth; I. Leal,2018,10.1111/btp.12599,https://www.semanticscholar.org/paper/869e2bdceaea1522352f6c1b1e9bcda68aad9889,,"1,4,10",Discovery metadata; not a validated inclusion or toxicity claim
86cf0cb44bf77cd6c1de00062a6e34921ccbd054,Genetic polyethism in leaf-cutting ants,Sarah J. Waddington; Lorenzo A. Santorelli; F. Ryan; W. Hughes,2010,10.1093/BEHECO/ARQ128,https://www.semanticscholar.org/paper/86cf0cb44bf77cd6c1de00062a6e34921ccbd054,https://figshare.com/articles/journal_contribution/Genetic_polyethism_in_leaf-cutting_ants/23397995,"1,2",Discovery metadata; not a validated inclusion or toxicity claim
8726b8559028715c0b2676f5b838d6005a3b8959,Toxicity and behavioral alterations of essential oils of Eplingiella fruticosa genotypes and their major compounds to Acromyrmex balzani,Dennis Crystian Silva; M. F. Arrigoni-Blank; L. Bacci; A. Blank; Ruan Roberto Nunes Faro; Jéssika Andreza Oliveira Pinto; Katily Luize Garcia Pereira,2019,10.1016/J.CROPRO.2018.11.002,https://www.semanticscholar.org/paper/8726b8559028715c0b2676f5b838d6005a3b8959,,"1,2",Discovery metadata; not a validated inclusion or toxicity claim
87278a7c90b2f98c623273332507ca2c5faf1f55,Human disturbance and aridity influence biomass harvesting by leaf-cutting ants with impacts on nutrient dynamics in a Caatinga dry forest.,Pedro E. Santos-Neto; Fernanda M P de Oliveira; R. Wirth; M. Tabarelli; I. R. Leal,2025,10.1111/1365-2656.70008,https://www.semanticscholar.org/paper/87278a7c90b2f98c623273332507ca2c5faf1f55,,"1,2",Discovery metadata; not a validated inclusion or toxicity claim
872fd70e930fe340307f9e156a7b8b80b17d5b4d,Atratividade de Atta sexdens rubropilosa por plantas de eucalipto atacadas previamente ou não por Thyrinteina arnobia,Notas Científicas,2004,,https://www.semanticscholar.org/paper/872fd70e930fe340307f9e156a7b8b80b17d5b4d,,"1,3",Discovery metadata; not a validated inclusion or toxicity claim
8779971e1cdc52957d3ff9b380683bb880ec7b77,Herbivory by Atta vollenweideri: Reviewing the significance of grass-cutting ants as a pest of livestock,J. Sabattini; M. Bollazzi,2023,10.3389/finsc.2023.1101445,https://www.semanticscholar.org/paper/8779971e1cdc52957d3ff9b380683bb880ec7b77,https://www.frontiersin.org/articles/10.3389/finsc.2023.1101445/pdf,"1,4",Discovery metadata; not a validated inclusion or toxicity claim
87c9007b285424b7254172fe5788b76b9ba6c838,Fungal enzymes transferred by leaf-cutting ants in their fungus gardens.,Stig Rønhede; J. Boomsma; S. Rosendahl,2004,10.1017/S0953756203008931,https://www.semanticscholar.org/paper/87c9007b285424b7254172fe5788b76b9ba6c838,,"1,2",Discovery metadata; not a validated inclusion or toxicity claim
87ce0e36d69741309213bdd9808c72db108719f6,The Importance of Where to Dump the Refuse: Seed Banks and Fine Roots in Nests of the Leaf-Cutting Ants Atta cephalotes and A. colombica1,A. Farji-Brener; Claudia A. Medina,2000,10.1646/0006-3606(2000)032[0120:TIOWTD]2.0.CO;2,https://www.semanticscholar.org/paper/87ce0e36d69741309213bdd9808c72db108719f6,,"1,3",Discovery metadata; not a validated inclusion or toxicity claim
87e4942b8dec7781512904b541a2be106b387b83,"Recursos vegetais usados por Acromyrmex striatus (Roger) (Hymenoptera, Formicidae) em restinga da Praia da Joaquina, Florianópolis, Santa Catarina, Brasil",B. C. Lopes,2005,10.1590/S0101-81752005000200011,https://www.semanticscholar.org/paper/87e4942b8dec7781512904b541a2be106b387b83,https://www.scielo.br/j/rbzool/a/WqNwtPBf5gQ5NLQHbvcnchB/?lang=pt&format=pdf,"1,2",Discovery metadata; not a validated inclusion or toxicity claim
880a1b5f607aec962b12ad07dd5269edb10d3365,"Development of Myrmeleon brasiliensis (Navás) (Neuroptera, Myrmeleontidae), in laboratory, with different natural diets",G. L. B. Missirian; M. A. Uchoa-Fernandes; E. Fischer,2006,10.1590/S0101-81752006000400009,https://www.semanticscholar.org/paper/880a1b5f607aec962b12ad07dd5269edb10d3365,https://www.scielo.br/j/rbzool/a/YLRjpzkPN8s4FCwdV9TTQct/?lang=en&format=pdf,1,Discovery metadata; not a validated inclusion or toxicity claim
880db0b02bd2e04e557513ed4894dd3a18ed4b19,The Potential of Colony Waste Material as an EffectiveBiological Control of Leafcutting Ant Herbivory:An Olfactory Approach,Stacey M. Fairhurst,2015,,https://www.semanticscholar.org/paper/880db0b02bd2e04e557513ed4894dd3a18ed4b19,,1,Discovery metadata; not a validated inclusion or toxicity claim
88282d7d7cc6dd2a4b46043917372cb301f3cf1e,Collective Response of Leaf-Cutting Ants to the Effects of Wind on Foraging Activity,A. M. Alma; A. Farji-Brener; L. Elizalde,2016,10.1086/688419,https://www.semanticscholar.org/paper/88282d7d7cc6dd2a4b46043917372cb301f3cf1e,http://hdl.handle.net/11336/69521,"1,2",Discovery metadata; not a validated inclusion or toxicity claim
88af3e38839edb9ca6b8a2dc4cb44c087569eac8,"Mortality rates and division of labor in the leaf-cutting ant, Atta colombica",Mark J. F. Brown; A. N. M. Bot; Adam G. Hart,2006,10.1673/2006_06_18.1,https://www.semanticscholar.org/paper/88af3e38839edb9ca6b8a2dc4cb44c087569eac8,https://doi.org/10.1673/2006_06_18.1,"1,3",Discovery metadata; not a validated inclusion or toxicity claim
88b4271b302c095a7e1338b63615545e805675e1,"Anatomy and preliminary chemical analysis of the post-pharyngeal glands of the leaf-cutting ant,Acromyrmex octospinosus (Reich.) (Hym., Formicidae)",D. Peregrine; A. Mudd; J. M. Cherrett,1973,10.1007/BF02226088,https://www.semanticscholar.org/paper/88b4271b302c095a7e1338b63615545e805675e1,,"1,2",Discovery metadata; not a validated inclusion or toxicity claim
8935c0e9a4380984de5f3e2a000cf54e5547ba97,Ways of getting ahead: excerpts from natural history,B. Neff,2006,10.1016/J.TREE.2006.02.012,https://www.semanticscholar.org/paper/8935c0e9a4380984de5f3e2a000cf54e5547ba97,,1,Discovery metadata; not a validated inclusion or toxicity claim
89436e0eb271f68c4cad97cad9af137e39119e85,Chemical Leaf Repellency to an Attine Ant: Seasonal Distribution Among Potential Host Plant Species,S. Hubbell; J. J. Howard; D. Wiemer,1984,10.2307/1938314,https://www.semanticscholar.org/paper/89436e0eb271f68c4cad97cad9af137e39119e85,,"1,3",Discovery metadata; not a validated inclusion or toxicity claim
894e62b1e15ed3283276253183878fb1c0dda3bd,Micro-environmental factors affecting diel patterns of foraging in the leaf-cutting ant Atta cephalotes (L.) (Formicidae: Attini),T. Lewis; G. Pollard; G. Dibley,1974,10.2307/3163,https://www.semanticscholar.org/paper/894e62b1e15ed3283276253183878fb1c0dda3bd,,"1,3",Discovery metadata; not a validated inclusion or toxicity claim
895e668a3dd6cfe1bd045484bbb6bbf2c20d5f9c,Intraspecific aggression is the leaf-cutting ant Acromyrmex octospinosus,A. R. Jutsum; T. S. Saunders; J. M. Cherrett,1979,10.1016/0003-3472(79)90021-6,https://www.semanticscholar.org/paper/895e668a3dd6cfe1bd045484bbb6bbf2c20d5f9c,,"1,2",Discovery metadata; not a validated inclusion or toxicity claim
896d9dc9084b4077f5b9a976abc4166ff98d8967,"Potential impact of the leaf‐cutting ant Acromyrmex lobicornis on conifer plantations in northern Patagonia, Argentina",Silvia Paola Pérez; Juan Carlos Corley; A. Farji-Brener,2011,10.1111/j.1461-9563.2010.00515.x,https://www.semanticscholar.org/paper/896d9dc9084b4077f5b9a976abc4166ff98d8967,,"1,2",Discovery metadata; not a validated inclusion or toxicity claim
896fd259a3ee3e87be1f9894e3b02eb536e1fcb7,Nest refuse of leaf-cutting ants mineralize faster than leaf fragments: Results from a field experiment in Northeast Brazil,L. Sousa‐Souto; M. Guerra; B. Ambrogi; E. Pereira-Filho,2012,10.1016/J.APSOIL.2012.05.005,https://www.semanticscholar.org/paper/896fd259a3ee3e87be1f9894e3b02eb536e1fcb7,,1,Discovery metadata; not a validated inclusion or toxicity claim
89a913d723173de960f718f05e169d26582e5976,Slowing them down will make them lose: a role for attine ant crop fungus in defending pupae against infections?,Sophie A. O. Armitage; H. Fernández‐Marín; J. Boomsma; W. Wcislo,2016,10.1111/1365-2656.12543,https://www.semanticscholar.org/paper/89a913d723173de960f718f05e169d26582e5976,https://onlinelibrary.wiley.com/doi/pdfdirect/10.1111/1365-2656.12543,1,Discovery metadata; not a validated inclusion or toxicity claim
89bfe7d82615e1cb8f51df3e36da5aa8cb1e281b,Nest refuse extract deters ant herbivory,L. Sousa‐Souto; B. Ambrogi; R. S. Santos,2022,10.1111/eea.13154,https://www.semanticscholar.org/paper/89bfe7d82615e1cb8f51df3e36da5aa8cb1e281b,,"1,3,4",Discovery metadata; not a validated inclusion or toxicity claim
8a018926e67f9dcb531e7322633ee792adae6ad2,ECR Spotlight – Frederik Püffel,Frederik Püffel,2023,10.1242/jeb.246346,https://www.semanticscholar.org/paper/8a018926e67f9dcb531e7322633ee792adae6ad2,https://journals.biologists.com/jeb/article-pdf/226/13/jeb246346/3039741/jeb246346.pdf,1,Discovery metadata; not a validated inclusion or toxicity claim
8a32c06452d553eaa33f3b556ab7dd58e642ca7f,Nest Digging by Leaf-Cutting Ants: Effect of Group Size and Functional Structures.,Roberto da Silva Camargo; R. T. Fujihara; L. C. Forti,2012,10.1155/2012/426719,https://www.semanticscholar.org/paper/8a32c06452d553eaa33f3b556ab7dd58e642ca7f,http://downloads.hindawi.com/journals/psyche/2012/426719.pdf,1,Discovery metadata; not a validated inclusion or toxicity claim
8a3a5013b09ce657cb4048caa4b7769e71ff0dfd,The effect of homeopathic preparations on the activity level of Acromyrmex leaf-cutting ants,A. Giesel; M. Boff; P. Boff,2012,10.4025/ACTASCIAGRON.V34I4.14418,https://www.semanticscholar.org/paper/8a3a5013b09ce657cb4048caa4b7769e71ff0dfd,https://periodicos.uem.br/ojs/index.php/ActaSciAgron/article/download/14418/pdf,"1,2,9",Discovery metadata; not a validated inclusion or toxicity claim
8a54acd38b5a482418e44e9732493847dbe2e3fa,Cutting Preference of the Leaf-Heating ant atta sexdens by Seedlings of Eucalyptus urophlylla Submitted to Different Doses of Zinc,Cleidiane de Andrade Ferreira; R. Moraes; J. F. Damascena; M. S. Melo; Bruno Silva Melo; Kaio Cesar Lima Vale; Layane Cruz dos Santos,2022,10.9734/jsrr/2022/v28i1030562,https://www.semanticscholar.org/paper/8a54acd38b5a482418e44e9732493847dbe2e3fa,https://journaljsrr.com/index.php/JSRR/article/download/1416/2834,"1,3",Discovery metadata; not a validated inclusion or toxicity claim
8a983bb4114d63877a35ddd827b59a33e490509d,Modified Landscapes,M. Tabarelli; S. Siqueira; J. Backé; R. Wirth; Leal,2017,,https://www.semanticscholar.org/paper/8a983bb4114d63877a35ddd827b59a33e490509d,,1,Discovery metadata; not a validated inclusion or toxicity claim
8ae7926428a040344d3ddf392e2a6de5277b1dc1,Nest refuse of leaf-cutting ants as a growing substrate for organic farming systems,Rayane Silva dos Santos; M. Guerra; B. Ambrogi; L. Sousa‐Souto,2018,10.1007/s13165-017-0199-1,https://www.semanticscholar.org/paper/8ae7926428a040344d3ddf392e2a6de5277b1dc1,,1,Discovery metadata; not a validated inclusion or toxicity claim
8bcba025fd0e192555da3239254a8ef0bee428a1,Developmental biomechanics and age polyethism in leaf-cutter ants,Frederik Püffel; Lara Meyer; Natalie Imirzian; F. Roces; R. Johnston; D. Labonte,2023,10.1101/2023.02.13.528272,https://www.semanticscholar.org/paper/8bcba025fd0e192555da3239254a8ef0bee428a1,https://doi.org/10.1098/rspb.2023.0355,"1,4",Discovery metadata; not a validated inclusion or toxicity claim
8bea14b6e3d162cbf338b016ae7b8cc55125460a,Ontogenetic changes in forager polymorphism and foraging ecology in the leaf-cutting ant Atta cephalotes,J. K. Wetterer,1994,10.1007/BF00341478,https://www.semanticscholar.org/paper/8bea14b6e3d162cbf338b016ae7b8cc55125460a,,"1,3",Discovery metadata; not a validated inclusion or toxicity claim
8beef553c9dbeca5f3b4cafdf88a0457f024f8a1,"Atta cephalotes (Hymenoptera: Myrmicinae) is colonizing urban areas in Cali, Colombia",J. Montoya-Lerma; Jonathan Rodríguez; Karen Castaño-Quintana,2023,10.1007/s11252-023-01469-y,https://www.semanticscholar.org/paper/8beef553c9dbeca5f3b4cafdf88a0457f024f8a1,https://link.springer.com/content/pdf/10.1007/s11252-023-01469-y.pdf,"1,3",Discovery metadata; not a validated inclusion or toxicity claim
8c1bce045333856921782eca05cbd305c72c9e4c,Uninformed sacrifice: Evidence against long-range alarm transmission in foraging ants exposed to localized abduction,F. Tejera; F. Tejera; A. Reyes; E. Altshuler,2015,10.1140/epjst/e2015-50325-8,https://www.semanticscholar.org/paper/8c1bce045333856921782eca05cbd305c72c9e4c,https://arxiv.org/pdf/1512.04162,"1,3",Discovery metadata; not a validated inclusion or toxicity claim
8c5358ecb75ed47d524fa7cb2e651bb124f87581,"Extracts of Ageratum conyzoides, Coriandrum sativum and Mentha piperita inhibit the growth of the symbiotic fungus of leaf-cutting ants",W. Morais; M. A. Lima; J. Zanuncio; M. G. Oliveira; M. Bragança; J. Serrão; T. M. D. Lucia,2015,10.1016/J.INDCROP.2014.10.054,https://www.semanticscholar.org/paper/8c5358ecb75ed47d524fa7cb2e651bb124f87581,http://www.locus.ufv.br/handle/123456789/21434,"1,9",Discovery metadata; not a validated inclusion or toxicity claim
8c56375d8968e375c388193b4d07c8003d03d329,Potential damage by Acromyrmex ant species in pine plantations in southern Brazil,M. Nickele; Wilson Reis; S. R. C. Penteado; E. C. Queiroz; E. Schaitza; M. Pie,2020,10.1111/afe.12400,https://www.semanticscholar.org/paper/8c56375d8968e375c388193b4d07c8003d03d329,,"1,2",Discovery metadata; not a validated inclusion or toxicity claim
8c671640c1284f1d416912a3bac689cec65dc7e3,Unpaved roads alter foraging patterns of the leafcutter ant Atta colombica,Max E. Winston; H. Herz,2015,10.1080/01650521.2015.1020702,https://www.semanticscholar.org/paper/8c671640c1284f1d416912a3bac689cec65dc7e3,,"1,3",Discovery metadata; not a validated inclusion or toxicity claim
8c72a6e1879f8404b9fe75aecbb8ed2482d152f3,Biological Control of Leaf‐Cutting Ants Using Forage Grasses: Nest Characteristics and Fungus Growth,K. Michels; N. Cromme; A. Glatzle; R. Schultze-Kraft,2001,10.1046/J.1439-037X.2001.00528.X,https://www.semanticscholar.org/paper/8c72a6e1879f8404b9fe75aecbb8ed2482d152f3,,"1,2,7,10",Discovery metadata; not a validated inclusion or toxicity claim
8c84e2d448dd2d59a735077c3d66fb220146fffa,"Leaf toughness affects leaf harvesting by the leaf cutter ant, Atta cephalotes (L.) (Hymenoptera: Formicidae)",C. Nichols-orians; J. Schultz,1989,10.2307/2388446,https://www.semanticscholar.org/paper/8c84e2d448dd2d59a735077c3d66fb220146fffa,,"1,3",Discovery metadata; not a validated inclusion or toxicity claim
8c85015bf40dcda20f938672c6bcdfc6ed78df97,"Source Distance has No Effect on Load Size in the Leaf-Cutting Ant, Atta Cephalotes",J. K. Wetterer,1991,10.1155/1991/89361,https://www.semanticscholar.org/paper/8c85015bf40dcda20f938672c6bcdfc6ed78df97,https://onlinelibrary.wiley.com/doi/pdfdirect/10.1155/1991/89361,"1,2,3,10",Discovery metadata; not a validated inclusion or toxicity claim
8ca70a1fcba7250853fe31e2307196169c831bc5,A metabolic pathway assembled by enzyme selection may support herbivory of leaf-cutter ants on plant starch.,M. Bacci; O. Bueno; A. Rodrigues; F. C. Pagnocca; A. F. Somera; Aline Silva,2013,10.1016/j.jinsphys.2013.02.007,https://www.semanticscholar.org/paper/8ca70a1fcba7250853fe31e2307196169c831bc5,https://doi.org/10.1016/j.jinsphys.2013.02.007,"1,3,9",Discovery metadata; not a validated inclusion or toxicity claim
8cb8f9a037af38dc49505cd3949be3e345dee9b6,The role of the symbiotic fungus in the digestive metabolism of two species of fungus-growing ants,P. D’ettorre; P. Mora; V. Dibangou; C. Rouland; C. Errard,2002,10.1007/s00360-001-0241-0,https://www.semanticscholar.org/paper/8cb8f9a037af38dc49505cd3949be3e345dee9b6,,"1,2",Discovery metadata; not a validated inclusion or toxicity claim
8cd68e822dad372510b234cee045705b56d49e67,"Dispersal of Attaphila fungicola, a symbiotic cockroach of leaf-cutter ants",Z. I. Phillips; M.-M. Zhang; U. Mueller,2017,10.1007/s00040-016-0535-6,https://www.semanticscholar.org/paper/8cd68e822dad372510b234cee045705b56d49e67,,"1,3",Discovery metadata; not a validated inclusion or toxicity claim
8d0a8d16c92d400e0953793ba237a4cce6ff6cf1,"Conditioning of scouts and recruits during foraging by a leaf-cutting ant, Atta colombica",J. J. Howard; Lawrence M. Henneman; G. Cronin; Jennifer A. Fox; G. Hormiga,1996,10.1006/ANBE.1996.0175,https://www.semanticscholar.org/paper/8d0a8d16c92d400e0953793ba237a4cce6ff6cf1,https://doi.org/10.1006/anbe.1996.0175,"1,3",Discovery metadata; not a validated inclusion or toxicity claim
8d5437dd850a70e018baa65b03a0afae8860729b,The role of fungus in the diet of the leaf‐cutting ant Atta cephalotes (L.),R. Quinlan; J. M. Cherrett,1979,10.1111/j.1365-2311.1979.tb00570.x,https://www.semanticscholar.org/paper/8d5437dd850a70e018baa65b03a0afae8860729b,,"1,3",Discovery metadata; not a validated inclusion or toxicity claim
8d7a1476c44998e35f16de0b29ec5f9dc5f7bf44,Morphological Changes Associated with Postharvest Fruit Deterioration and Physical Parameters for Early Determination of Shelf Life in Capsicum chinense Jacq.,W. Elibox; C. Meynard; P. Umaharan,2015,10.21273/HORTSCI.50.10.1537,https://www.semanticscholar.org/paper/8d7a1476c44998e35f16de0b29ec5f9dc5f7bf44,https://journals.ashs.org/downloadpdf/journals/hortsci/50/10/article-p1537.pdf,1,Discovery metadata; not a validated inclusion or toxicity claim
8dc0c867dbf299f97aaab4c5fb9b5d3d1b2bd13d,The Effect of nest Size and Species Identity on Plant Selection in Acromyrmex Leaf-Cutting Ants,L. Jofré; A. Medina; A. Farji-Brener; M. Moglia,2018,10.13102/SOCIOBIOLOGY.V65I3.3263,https://www.semanticscholar.org/paper/8dc0c867dbf299f97aaab4c5fb9b5d3d1b2bd13d,http://periodicos.uefs.br/index.php/sociobiology/article/download/3263/2947,"1,2",Discovery metadata; not a validated inclusion or toxicity claim
8df1c4f564eb83bae976b64133ea06b39144c4d3,Foraging activity of leaf‐cutter ants is affected by barometric pressure,F. Sujimoto; C. Costa; Caio H. L. Zitelli; J. Bento,2020,10.1111/eth.12967,https://www.semanticscholar.org/paper/8df1c4f564eb83bae976b64133ea06b39144c4d3,https://doi.org/10.1111/eth.12967,"1,3",Discovery metadata; not a validated inclusion or toxicity claim
8e67b07bc64e018268bc1e1d695ce79704a3a732,INSECTICIDAL AND FUNGICIDAL ACTIVITY OF A MAGNESIUM COMPOUND CONTAINING ISOVANILLIC ACID AGAINST LEAF-CUTTING ANT AND ITS SYMBIOTIC FUNGUS,E. Silva; Rafael C Marchi; C. Matos; M. Silva; J. Fernandes; O. Bueno; R. Carlos,2020,10.21577/0100-4042.20170693,https://www.semanticscholar.org/paper/8e67b07bc64e018268bc1e1d695ce79704a3a732,https://doi.org/10.21577/0100-4042.20170693,1,Discovery metadata; not a validated inclusion or toxicity claim
8e773d64c21506a56a8f5ef1fe15259001b842bf,High Symbiont Relatedness Stabilizes Mutualistic Cooperation in Fungus-Growing Termites,D. Aanen; Henrik H. de Fine Licht; A. Debets; Niels A. G. Kerstes; R. Hoekstra; J. Boomsma,2009,10.1126/science.1173462,https://www.semanticscholar.org/paper/8e773d64c21506a56a8f5ef1fe15259001b842bf,https://research.wur.nl/en/publications/igh-symbiont-relatedness-stabilizes-mutualistic-cooperation-in-fu,1,Discovery metadata; not a validated inclusion or toxicity claim
8e9f55b7ff040c26365d25350dea9e058519771e,"Complete Genome of Serratia sp. Strain FGI 94, a Strain Associated with Leaf-Cutter Ant Fungus Gardens",F. Aylward; Daniel M. Tremmel; G. Starrett; D. Bruce; P. Chain; Amy Chen; K. Davenport; C. Detter; C. Han; James Han; Marcel Huntemann; Natalia N. Ivanova; N. Kyrpides; V. Markowitz; Kostas Mavrommatis; Matt Nolan; I. Pagani; Amrita Pati; Sam Pitluck; H. Teshima; Shweta Deshpande; Lynne A. Goodwin; T. Woyke; C. Currie,2013,10.1128/genomeA.00239-12,https://www.semanticscholar.org/paper/8e9f55b7ff040c26365d25350dea9e058519771e,https://doi.org/10.1128/genomea.00239-12,"1,3",Discovery metadata; not a validated inclusion or toxicity claim
8eac8db2a583f34a9abdff03c2ecb89ec46d88f0,"Good ant, bad ant? Soil engineering by ants in the Brazilian Caatinga differs by species",P. Leite; M. C. Carvalho; B. Wilcox,2018,10.1016/J.GEODERMA.2018.02.040,https://www.semanticscholar.org/paper/8eac8db2a583f34a9abdff03c2ecb89ec46d88f0,,"1,3",Discovery metadata; not a validated inclusion or toxicity claim
8f60fce74e49860bfe7e69ce8c7210ce0c642f27,"Respiratory regulation in workers of the leaf cutting ant Atta sexdens rubropilosa Forel, 1908",M. José; A. Hebling; C. Penteado; E. G. Mendes,1992,10.1016/0300-9629(92)90539-3,https://www.semanticscholar.org/paper/8f60fce74e49860bfe7e69ce8c7210ce0c642f27,,"1,3",Discovery metadata; not a validated inclusion or toxicity claim
8f668713eeea7ce6efb2a7f9c83af45feae0930d,R. Ford Denison: Darwinian agriculture—how understanding evolution can improve agriculture,A. Balmann,2013,10.1007/s10818-013-9157-5,https://www.semanticscholar.org/paper/8f668713eeea7ce6efb2a7f9c83af45feae0930d,,1,Discovery metadata; not a validated inclusion or toxicity claim
8f6df95086cc00bcf093f3c7b7fde231cf7c7a37,An antifungal terpenoid defends a neotropical tree (Hymenaea) against attack by fungus-growing ants (Atta),S. Hubbell; D. Wiemer; A. Adejare,1983,10.1007/BF00376846,https://www.semanticscholar.org/paper/8f6df95086cc00bcf093f3c7b7fde231cf7c7a37,,"1,3",Discovery metadata; not a validated inclusion or toxicity claim
8f9121b0f9fc9e7547ebdfceee7004b37b98c50d,Ant-plant interactions.,S. Mori; C. Huxley; D. Cutler,1991,10.2307/2806946,https://www.semanticscholar.org/paper/8f9121b0f9fc9e7547ebdfceee7004b37b98c50d,,1,Discovery metadata; not a validated inclusion or toxicity claim
8fb2ef62b15ebc3492d4eb9300f0b982c230b534,Effect of Foraging Distance on Water Content of Substrates Harvested by Atta Columbica (Guerin),M. Bowers; S. Porter,1981,10.2307/1936686,https://www.semanticscholar.org/paper/8fb2ef62b15ebc3492d4eb9300f0b982c230b534,,"1,10",Discovery metadata; not a validated inclusion or toxicity claim
8fcff7d3864dbfe712868c986d8d5772320f6c1d,Forest restoration under leaf‐cutting ant pressure: Improved sapling survival in non‐foraged sites away from ant nests or within plastic tree shelters,D. Renison; Germán Jaacks; Julieta Pollice; M. L. Herrero,2022,10.1111/rec.13723,https://www.semanticscholar.org/paper/8fcff7d3864dbfe712868c986d8d5772320f6c1d,,1,Discovery metadata; not a validated inclusion or toxicity claim
8ff1ad71ba2ec1a2e3e017dd5df325cf90ae26a9,Load size selection by foraging leaf‐cutter ants (Atta cephalotes),S. G. Rudolph; Catherine Loudon,1986,10.1111/j.1365-2311.1986.tb00319.x,https://www.semanticscholar.org/paper/8ff1ad71ba2ec1a2e3e017dd5df325cf90ae26a9,,"1,3",Discovery metadata; not a validated inclusion or toxicity claim
900957914c25fede33800f2d8aef5da07ad825e7,"Longitudinal Study of Foraging Networks in the Grass-Cutting Ant Atta capiguara Gonçalves, 1944",N. Caldato; R. Camargo; K. K. Sousa; L. C. Forti; J. Lopes; V. Fourcassié,2020,10.1007/s13744-020-00776-9,https://www.semanticscholar.org/paper/900957914c25fede33800f2d8aef5da07ad825e7,http://hdl.handle.net/11449/195396,"1,4",Discovery metadata; not a validated inclusion or toxicity claim
908955eaa6dce9f758ed3c697cff8da1819c7c48,Leaf‐Cutting Ant Herbivory in Successional and Agricultural Tropical Ecosystems,C. Blanton; J. Ewel,1985,10.2307/1940548,https://www.semanticscholar.org/paper/908955eaa6dce9f758ed3c697cff8da1819c7c48,,"1,3",Discovery metadata; not a validated inclusion or toxicity claim
90c6de0fcc334bcdde16a26160bfbb4f2a7dbe09,Laterality of leaf cutting in the attine ant Acromyrmexechinatior,Jean‐Nicolas Jasmin; C. Devaux,2014,10.1007/s00040-014-0379-x,https://www.semanticscholar.org/paper/90c6de0fcc334bcdde16a26160bfbb4f2a7dbe09,,"1,2",Discovery metadata; not a validated inclusion or toxicity claim
90fbd5f0511e3f0e48027ebec52ffc481d5b241b,"Oviposition behavior of an ant-parasitizing fly,Neodohrniphora curvinervis (Diptera: Phoridae), and defense behavior by its leaf-cutting ant hostAtta cephalotes (Hymenoptera: Formicidae)",D. Feener; B. Brown,1993,10.1007/BF01201669,https://www.semanticscholar.org/paper/90fbd5f0511e3f0e48027ebec52ffc481d5b241b,,"1,3",Discovery metadata; not a validated inclusion or toxicity claim
914b5597da6d3b2532fefd1cf5056c53cce4868e,Defensive microbial symbionts in Hymenoptera,Martin Kaltenpoth; T. Engl,2014,10.1111/1365-2435.12089,https://www.semanticscholar.org/paper/914b5597da6d3b2532fefd1cf5056c53cce4868e,https://onlinelibrary.wiley.com/doi/pdfdirect/10.1111/1365-2435.12089,1,Discovery metadata; not a validated inclusion or toxicity claim
9151464acede0c1601e37c64a766eda94d3023c3,ESTUDO FITOQUÍMICO DE Anacardium humile ASSOCIADO AO CONTROLE DE FORMIGAS CORTADEIRAS Atta sexdens rubropilosa,Fernandes Martins Nicolas,2011,,https://www.semanticscholar.org/paper/9151464acede0c1601e37c64a766eda94d3023c3,,"1,3,5",Discovery metadata; not a validated inclusion or toxicity claim
916e5b051c331feec3018231cfd5dddaf5d64fad,Histology and ultrastructure of the midgut of the parasitoid Eibesfeldtphora tonhascai (Diptera Phoridae),C. F. F. A. Omes; H. Antos; M. A. D. O. Liveira; José Eduardo; S. Errão,2022,,https://www.semanticscholar.org/paper/916e5b051c331feec3018231cfd5dddaf5d64fad,,"1,10",Discovery metadata; not a validated inclusion or toxicity claim
9175a22838aa902f72f53641c11e157648431c2f,Co-cultivation as a toll to understand the communication among the leaf-cutting ants symbionts,A. Pereira; A. Bauermeister; João Batista Fernandes,2020,,https://www.semanticscholar.org/paper/9175a22838aa902f72f53641c11e157648431c2f,,"1,9",Discovery metadata; not a validated inclusion or toxicity claim
91b153c2bb4da5034fca879f0c06d229c7156c85,"Host-plant selection, diet diversity, and optimal foraging in a tropical leafcutting ant",L. Rockwood; Stephen P. Hubbell,1987,10.1007/BF00377345,https://www.semanticscholar.org/paper/91b153c2bb4da5034fca879f0c06d229c7156c85,,"1,3",Discovery metadata; not a validated inclusion or toxicity claim
92432af34027eea0a3ac4218957d8118cbcb09ae,"VISIONS OF THE AMA ZON What Has Shifted, What Persists, and Why This Matters",C. Slater,2017,,https://www.semanticscholar.org/paper/92432af34027eea0a3ac4218957d8118cbcb09ae,,1,Discovery metadata; not a validated inclusion or toxicity claim
92453cacc736b80cbffea09d5be46138bb2edcd5,Canopy in the Clouds,Marisa Castronova,2012,,https://www.semanticscholar.org/paper/92453cacc736b80cbffea09d5be46138bb2edcd5,,1,Discovery metadata; not a validated inclusion or toxicity claim
926a163024f2dc4d5402c0244ed9bde995aaa37a,Growth of Leucoagaricus gongylophorus Möller (Singer) and production of key enzymes in submerged and solid-state cultures with lignocellulosic substrates,Minerva E Maya-Yescas; S. Revah; S. Le Borgne; J. Valenzuela; E. Palacios-González; E. Térres-Rojas; Gabriel Vigueras-Ramírez,2021,10.1007/s10529-020-03057-y,https://www.semanticscholar.org/paper/926a163024f2dc4d5402c0244ed9bde995aaa37a,,"1,3,9",Discovery metadata; not a validated inclusion or toxicity claim
936bd40ced60d9372268839e4307da3dbc8e7fb0,Hitchhiking behaviour in leaf-cutter ants: An experimental evaluation of three hypotheses,E. Vieira‐Neto; F. Mundim; H. Vasconcelos,2006,10.1007/s00040-006-0876-7,https://www.semanticscholar.org/paper/936bd40ced60d9372268839e4307da3dbc8e7fb0,,"1,3",Discovery metadata; not a validated inclusion or toxicity claim
936cf11224f9f61770e49f680f48b00bf199996a,Pathogenic nature of Syncephalastrum in Atta sexdens rubropilosa fungus gardens.,M. O. Barcoto; F. Pedrosa; O. Bueno; A. Rodrigues,2017,10.1002/ps.4416,https://www.semanticscholar.org/paper/936cf11224f9f61770e49f680f48b00bf199996a,,"1,3",Discovery metadata; not a validated inclusion or toxicity claim
93deea9e5cd5f6051b3139b1a79fada0152519ef,The effects of wind on foraging strategies of Atta cephalotes leaf-cutter ants,Michael Rodriguez,2014,,https://www.semanticscholar.org/paper/93deea9e5cd5f6051b3139b1a79fada0152519ef,,"1,3",Discovery metadata; not a validated inclusion or toxicity claim
93e91c0e6d013a752e690df65ca58e584b6f8a48,Die Verständigung durch Stridulationssignale bei Blattschneiderameisen,H. Markl,2004,10.1007/BF00340908,https://www.semanticscholar.org/paper/93e91c0e6d013a752e690df65ca58e584b6f8a48,,"1,7",Discovery metadata; not a validated inclusion or toxicity claim
93fb846fe058a028f068e948c13b4cd9785ddc77,Effects of pasture and forest microclimatic conditions on the foraging activity of leaf‐cutting ants,S. Bustamante; A. Amarillo-Suárez; R. Wirth,2020,10.1111/btp.12783,https://www.semanticscholar.org/paper/93fb846fe058a028f068e948c13b4cd9785ddc77,,"1,3",Discovery metadata; not a validated inclusion or toxicity claim
940db82be30b91fe625512e168d081e256c0c86b,"Colony size and its effect on forager polymorphism in Atta cephalotes (Hymenoptera, Formicidae)",Matthew Wallrath,2012,,https://www.semanticscholar.org/paper/940db82be30b91fe625512e168d081e256c0c86b,,"1,3",Discovery metadata; not a validated inclusion or toxicity claim
9419b1f8ab7b62c059a8cbebec34ec66e4391368,Putting the waste out: a proposed mechanism for transmission of the mycoparasite Escovopsis between leafcutter ant colonies,J. O. Augustin; Talitta Simões; J. Dijksterhuis; S. Elliot; H. Evans,2017,10.1098/rsos.161013,https://www.semanticscholar.org/paper/9419b1f8ab7b62c059a8cbebec34ec66e4391368,https://royalsocietypublishing.org/doi/pdf/10.1098/rsos.161013,"1,2,10",Discovery metadata; not a validated inclusion or toxicity claim
947dc50882d95c22527c772acee32cd7d74f96b7,Substrate Preparation Behaviors for the Cultivation of the Symbiotic Fungus in Leaf-Cutting Ants of the Genus Atta (Hymenoptera: Formicidae),E. A. Diniz; O. Bueno,2009,,https://www.semanticscholar.org/paper/947dc50882d95c22527c772acee32cd7d74f96b7,,1,Discovery metadata; not a validated inclusion or toxicity claim
94835dfa4c6eaedafac28f3ab4275dea09271394,"Impact of the Texas Leaf-Cutting Ant (Atta texana (Buckley) (Order Hymenoptera, Family Formicidae) on a Forested Landscape",D. Kulhavy; L. Smith; W. Ross,2001,,https://www.semanticscholar.org/paper/94835dfa4c6eaedafac28f3ab4275dea09271394,,"1,3",Discovery metadata; not a validated inclusion or toxicity claim
94a026da390f604ef83db4966ee273523cb8f934,Preliminary studies on the effects of d-limonene to workers of the leaf-cutting ant Atta sexdens rubropilosa and its implications for control,S. S. Verza; N. S. Nagamoto; L. C. Forti; N. C. Noronha,2011,,https://www.semanticscholar.org/paper/94a026da390f604ef83db4966ee273523cb8f934,,"1,3",Discovery metadata; not a validated inclusion or toxicity claim
94db40d76377215a2cbeb636e6107fbc30d7d020,Iscas formicidas com fipronil e sulfluramida e Apis mellifera (Hymenoptera: Apidae),Leonardo Tellez Guio,2017,,https://www.semanticscholar.org/paper/94db40d76377215a2cbeb636e6107fbc30d7d020,,1,Discovery metadata; not a validated inclusion or toxicity claim
94fb588bcdec7a497b79857a8596d45684d49b19,Leaf-cutter Ant ( Atta cephalotes ) Behavioral Ecology of Folivory in a Mixed-use Guyanan Lowland Rainforest,E. B. Karslake,2015,,https://www.semanticscholar.org/paper/94fb588bcdec7a497b79857a8596d45684d49b19,,"1,3",Discovery metadata; not a validated inclusion or toxicity claim
951fd97eab2cec0b2e94550a9c7dc4a60ff79088,High Magnesium Calcite and Disordered Dolomite Growth on Leaf-cutting Ants: Challenges and Implications,Yi-Hang Fang; Hongjie Li; Huifang Xu,2020,10.1017/S1431927620013367,https://www.semanticscholar.org/paper/951fd97eab2cec0b2e94550a9c7dc4a60ff79088,https://www.cambridge.org/core/services/aop-cambridge-core/content/view/6A047C544052A0B1EEDFCCBD1248DF02/S1431927620013367a.pdf/div-class-title-high-magnesium-calcite-and-disordered-dolomite-growth-on-leaf-cutting-ants-challenges-and-implications-div.pdf,1,Discovery metadata; not a validated inclusion or toxicity claim
954ed794d8614d09172b2484a7201c19021d9b84,A Breath of Fresh Air in Foraging Theory: The Importance of Wind for Food Size Selection in a Central-Place Forager,A. M. Alma; A. Farji-Brener; L. Elizalde,2017,10.1086/692707,https://www.semanticscholar.org/paper/954ed794d8614d09172b2484a7201c19021d9b84,http://hdl.handle.net/11336/64630,1,Discovery metadata; not a validated inclusion or toxicity claim
95b2bed33a4be20c9ad3ea254c07ffcd20eed618,Leaf-cutting ants: an unexpected microenvironment holding human opportunistic black fungi,A. P. M. Duarte; D. Attili-Angelis; N. C. Baron; L. C. Forti; F. C. Pagnocca,2014,10.1007/s10482-014-0215-3,https://www.semanticscholar.org/paper/95b2bed33a4be20c9ad3ea254c07ffcd20eed618,,1,Discovery metadata; not a validated inclusion or toxicity claim
95c3677da3a4be11cd55df419a14a8c0154ff59b,Recrutamento e marcação química de trilha em Atta sexdens rubropilosa (Hymenoptera: Formicidae) sob diferentes fontes de estímulos,F. Sujimoto,2014,10.11606/D.11.2014.TDE-20032014-112843,https://www.semanticscholar.org/paper/95c3677da3a4be11cd55df419a14a8c0154ff59b,http://www.teses.usp.br/teses/disponiveis/11/11146/tde-20032014-112843/publico/Fernando_Ribeiro_Sujimoto.pdf,"1,3",Discovery metadata; not a validated inclusion or toxicity claim
95f426aaf36622c9d6e76d7fc1d2ea55aa817a38,Defence mechanisms in young and old leaves against cutting by the leaf-cutting ants Atta cephalotes (L.) and Acromyrmex octospinosus (Reich) (Hymenoptera: Formicidae),M. Littledyke; J. M. Cherrett,1978,10.1017/S0007485300007343,https://www.semanticscholar.org/paper/95f426aaf36622c9d6e76d7fc1d2ea55aa817a38,,"1,2,3",Discovery metadata; not a validated inclusion or toxicity claim
960870b629656d5a7edad9034140b1cf06b3b8fb,Divergent effects of leaf‐cutting ant herbivory and soil engineering on the reproductive success of plants in a Caatinga dry forest,F. R. de Oliveira; Diego Centeno‐Alvarado; Fernanda M. P. Oliveira; R. Wirth; A. Lopes; I. Leal,2023,10.1111/een.13289,https://www.semanticscholar.org/paper/960870b629656d5a7edad9034140b1cf06b3b8fb,,"1,4",Discovery metadata; not a validated inclusion or toxicity claim
962783d0bfacf58e66aaf3058cc08d6c118b2e23,The Trail System,R. Wirth; H. Herz; R. Ryel; W. Beyschlag; B. Hölldobler,2003,10.1007/978-3-662-05259-4_9,https://www.semanticscholar.org/paper/962783d0bfacf58e66aaf3058cc08d6c118b2e23,,1,Discovery metadata; not a validated inclusion or toxicity claim
9628ad0e5fb7a8b3b9e8dd9b50f658e32185d129,"Condensed tannins, attine ants, and the performance of a symbiotic fungus",C. Nichols-orians,1991,10.1007/BF01402942,https://www.semanticscholar.org/paper/9628ad0e5fb7a8b3b9e8dd9b50f658e32185d129,,1,Discovery metadata; not a validated inclusion or toxicity claim
96373ea384f5940eb02eeafd04014f8580921b34,Moisture enhances the positive effect of leaf‐cutting ant refuse dumps on soil biota activity,Anahí Fernandez; A. Farji-Brener; P. Satti,2014,10.1111/AEC.12059,https://www.semanticscholar.org/paper/96373ea384f5940eb02eeafd04014f8580921b34,http://hdl.handle.net/11336/26674,"1,2",Discovery metadata; not a validated inclusion or toxicity claim
9648d3865e2469230eac8dec4ea7c21e75b86c9d,Defensive symbiosis: a microbial perspective,K. Clay,2014,10.1111/1365-2435.12258,https://www.semanticscholar.org/paper/9648d3865e2469230eac8dec4ea7c21e75b86c9d,https://onlinelibrary.wiley.com/doi/pdfdirect/10.1111/1365-2435.12258,1,Discovery metadata; not a validated inclusion or toxicity claim
96db2045dacab49606881be75d646e93d5892750,Sustainable Management of Acromyrmex octospinosus (Reich): How Botanical Insecticides and Fungicides Should Promote an Ecofriendly Control Strategy.,I. Boulogne; Lucienne Desfontaine; H. Ozier-Lafontaine; G. Loranger-Merciris,2018,10.13102/SOCIOBIOLOGY.V65I3.1640,https://www.semanticscholar.org/paper/96db2045dacab49606881be75d646e93d5892750,http://periodicos.uefs.br/index.php/sociobiology/article/download/1640/2934,"1,2",Discovery metadata; not a validated inclusion or toxicity claim
96e078d5aabaa1f020fb1afaa82cd8d2c4ca3824,Acúmulo de serapilheira e nutrientes em área com diferentes metodologias de Restauração Florestal,V. H. Klippel; J. Pezzopane; M. Caldeira; Gilson Fernandes Da Silva; Kallil Chaves Castro,2016,10.14295/cs.v7i2.521,https://www.semanticscholar.org/paper/96e078d5aabaa1f020fb1afaa82cd8d2c4ca3824,https://www.comunicatascientiae.com.br/comunicata/article/download/521/404,1,Discovery metadata; not a validated inclusion or toxicity claim
9701711b1b555079a0f85cde9f450001ef79534c,Influência da espécie cultivada e da vegetação nativa circundante na densidade de sauveiros em eucaliptais,Ronald Zanetti; E. F. Vilela; J. Zanuncio; Hélio Garcia Leite; Guilherme Dias de Freitas,2000,10.1590/S0100-204X2000001000001,https://www.semanticscholar.org/paper/9701711b1b555079a0f85cde9f450001ef79534c,https://www.scielo.br/j/pab/a/j83rzRQHCfTwZF83CzTGB3m/?lang=pt&format=pdf,1,Discovery metadata; not a validated inclusion or toxicity claim
97bccf8bb02758e09996a77a8156dd95437ae28d,β‐eudesmol‐induced aggression in the leaf‐cutting ant Atta sexdens rubropilosa,C. Marinho; T. Della Lucia; R. Guedes; M. M. R. Ribeiro; E. Lima,2005,10.1111/j.1570-7458.2005.00338.x,https://www.semanticscholar.org/paper/97bccf8bb02758e09996a77a8156dd95437ae28d,,"1,3",Discovery metadata; not a validated inclusion or toxicity claim
97c0e1e16ace732961c8317903087d609baeb7ab,"The Symbiotic Fungus Leucoagaricus gongylophorus (Möller) Singer (Agaricales, Agaricaceae) as a Target Organism to Control Leaf-Cutting Ants",S. Araujo; J. Seibert; A. Ruani; Ricardo Alcántara-de la Cruz; A. Cruz; A. Pereira; Dorai P. Zandonai; M. Forim; M. F. Silva; O. Bueno; J. Fernandes,2022,10.3390/insects13040359,https://www.semanticscholar.org/paper/97c0e1e16ace732961c8317903087d609baeb7ab,https://www.mdpi.com/2075-4450/13/4/359/pdf?version=1649303085,"1,2,9,10",Discovery metadata; not a validated inclusion or toxicity claim
97d3e7090eca29828c81b77d323ac27cbac3d604,Ant Protection against Herbivory in Three Species of Tococa (Melastomataceae) Occupying Different Environments1,F. Michelangeli,2003,10.1646/01509,https://www.semanticscholar.org/paper/97d3e7090eca29828c81b77d323ac27cbac3d604,,1,Discovery metadata; not a validated inclusion or toxicity claim
97ec353d9c56fba6ccae214c7f3800bcc4b154bb,Completeness and unbiased estimation in sequential multinomial sampling,W. Kremers,1990,10.1080/07474949008836195,https://www.semanticscholar.org/paper/97ec353d9c56fba6ccae214c7f3800bcc4b154bb,,1,Discovery metadata; not a validated inclusion or toxicity claim
983506b929deb8847385b9588534cd68ef651c45,Utilization of Lignocellulose-feeding Insects for Viable Biofuels: an Emerging and Promising Area of Entomological Science,Jianzhong Sun; X. Zhou,2011,10.1007/978-3-642-17815-3_25,https://www.semanticscholar.org/paper/983506b929deb8847385b9588534cd68ef651c45,,1,Discovery metadata; not a validated inclusion or toxicity claim
988f1cf5658dbf1a4f9ff3e1703ef862d17ec0b9,Toxicity of the extracts of the fungi Trichoderma spp. and Fusarium spp. on ants,Glória Andréia Ferreira Hernandez; Luana Pinto de Souza Tavares; A. V. Santos; M. G. M. Freire; V. Mussi-Dias,2020,10.25242/8868103420202142,https://www.semanticscholar.org/paper/988f1cf5658dbf1a4f9ff3e1703ef862d17ec0b9,https://ojs3.perspectivasonline.com.br/biologicas_e_saude/article/download/2142/1797,1,Discovery metadata; not a validated inclusion or toxicity claim
989e32f775c5e179cca6e2a2d1b480ead887af77,"Does Atta laevigata (Smith, 1858) act as Solanum lycocarpum seed dispersers?",P. R. A. Tavares; V. V. A. Júnior; G. A. Morais,2016,10.13102/SOCIOBIOLOGY.V63I1.1025,https://www.semanticscholar.org/paper/989e32f775c5e179cca6e2a2d1b480ead887af77,https://doi.org/10.13102/sociobiology.v63i1.1025,"1,3",Discovery metadata; not a validated inclusion or toxicity claim
98ae5294592d4845cbfcc8dd2d3b21b47a81fd4d,HOWLING MONKEYS AND LEAF-CUTTING ANTS - COMPARATIVE FORAGING IN A TROPICAL DECIDUOUS FOREST,L. Rockwood; K. Glander,1979,10.2307/2388163,https://www.semanticscholar.org/paper/98ae5294592d4845cbfcc8dd2d3b21b47a81fd4d,http://hdl.handle.net/10161/6441,"1,3",Discovery metadata; not a validated inclusion or toxicity claim
98ba9360d087cafdf75883243824d5f456404fd5,Exploring The Food and Nutritional Potential of Three Edibles Amazonian Arthropods,Richard Jesús Cedeño Giron; G. Hidalgo; Jesús García; E. Hernández; P. M. Villa,2017,,https://www.semanticscholar.org/paper/98ba9360d087cafdf75883243824d5f456404fd5,,1,Discovery metadata; not a validated inclusion or toxicity claim
98eac57c74d182c9b37522f229d3a7885342800e,Toxicity of Substances Isolated from Helietta puberula RE Fr. (Rutaceae) to the Leaf-cutting Ant Atta sexdens L. (Hymenoptera: Formicidae) and the Symbiotic Fungus Leucoagaricus gongylophorus (Singer) Möller,Roberta N. A. Almeida; M. Peñaflor; S. Y. Simote; O. Bueno; M. A. Hebling; F. C. Pagnocca; J. Fernandes; P. Vieira; M. F. G. F. Silva,2009,10.14295/BA.V2.0.53,https://www.semanticscholar.org/paper/98eac57c74d182c9b37522f229d3a7885342800e,https://bioassay.org.br/bioassay/article/download/53/85,"1,3,9",Discovery metadata; not a validated inclusion or toxicity claim
995b6163dbe415fff45a5ee337e928b46727b31d,Forest edge orientation influences leaf‐cutting ant abundance and plant drought stress in the Brazilian Atlantic forest,Jonatas G. da Silva; Isabelle L. de Holanda Silva; J. D. Ribeiro‐Neto; R. Wirth; I. Leal,2018,10.1111/afe.12268,https://www.semanticscholar.org/paper/995b6163dbe415fff45a5ee337e928b46727b31d,,1,Discovery metadata; not a validated inclusion or toxicity claim
9976fdef34032d5c1a1e6f75cd36ed2d620b5fb4,Colony Foundation in Leafcutting Ants: The Perils of Polygyny in Atta Laevigata (Hymenoptera: Formicidae),A. Mintzer,1991,10.1155/1991/71624,https://www.semanticscholar.org/paper/9976fdef34032d5c1a1e6f75cd36ed2d620b5fb4,https://downloads.hindawi.com/journals/psyche/1991/071624.pdf,"1,3",Discovery metadata; not a validated inclusion or toxicity claim
9a198ed9e7dc43a3180880988a9d3a2017cd7602,Information about food quality influences load-size selection in recruited leaf-cutting ants,F. Roces; J. Núñez,1993,10.1006/ANBE.1993.1012,https://www.semanticscholar.org/paper/9a198ed9e7dc43a3180880988a9d3a2017cd7602,,"1,2",Discovery metadata; not a validated inclusion or toxicity claim
9a695b74c788988d218387c1f91fee2722f6ac0e,Appetitive and aversive learning of plants odors inside different nest compartments by foraging leaf-cutting ants.,A. Arenas; F. Roces,2018,10.1016/j.jinsphys.2018.07.001,https://www.semanticscholar.org/paper/9a695b74c788988d218387c1f91fee2722f6ac0e,,"1,2",Discovery metadata; not a validated inclusion or toxicity claim
9a77d8cdb1d28d0397e6178f24be62ee71cf0f1e,Information Transfer and the Organization of Foraging in Grass- and Leaf-Cutting Ants,M. Bollazzi; F. Roces,2009,10.1201/9781420075618.CH14,https://www.semanticscholar.org/paper/9a77d8cdb1d28d0397e6178f24be62ee71cf0f1e,,1,Discovery metadata; not a validated inclusion or toxicity claim
9ab4dc4ef4820ddcc9951dfa8d17f054b7dd0c14,Understanding what bioindicators are actually indicating: Linking disturbance responses to ecological traits of dung beetles and ants,R. Carvalho; A. Andersen; D. Anjos; R. Pacheco; L. Chagas; H. Vasconcelos,2020,10.1016/j.ecolind.2019.105764,https://www.semanticscholar.org/paper/9ab4dc4ef4820ddcc9951dfa8d17f054b7dd0c14,,1,Discovery metadata; not a validated inclusion or toxicity claim
9ae7bc28dae9f0699cd02419ee469da462a26abe,Características químicas do lixo de formigueiros de Atta sexdens rubropilosa (Hymenoptera: Formicidae) mantidos com diferentes substratos,M. Guerra; C. E. G. Schaefer; L. Sousa‐Souto,2007,10.1590/S0100-06832007000500033,https://www.semanticscholar.org/paper/9ae7bc28dae9f0699cd02419ee469da462a26abe,https://www.scielo.br/j/rbcs/a/C68zxyVwRjpbHmxFtNr8PMd/?lang=pt&format=pdf,"1,3",Discovery metadata; not a validated inclusion or toxicity claim
9af4d5ebb151e1bc6b4ca77d89a5d6de2184f7c2,Diversity of mycobiota in colonies of different species of leaf-cutting ants and sampling sites across Argentina,J. A. Marfetán; P. Folgarait,2017,10.25260/EA.17.27.3.0.488,https://www.semanticscholar.org/paper/9af4d5ebb151e1bc6b4ca77d89a5d6de2184f7c2,http://ojs.ecologiaaustral.com.ar/index.php/Ecologia_Austral/article/download/488/269,1,Discovery metadata; not a validated inclusion or toxicity claim
9b02954344cc0ccf35bea8a27894ad09c3c15c31,Selecting the drought stressed: effects of plant stress on intraspecific and within‐plant herbivory patterns of the leaf‐cutting ant Atta colombica,S. Meyer; F. Roces; R. Wirth,2006,10.1111/J.1365-2435.2006.01178.X,https://www.semanticscholar.org/paper/9b02954344cc0ccf35bea8a27894ad09c3c15c31,,"1,3",Discovery metadata; not a validated inclusion or toxicity claim
9b53dfb2c2bb9425c90ffee222ef46afd0a10596,"Intracolonial genetic diversity increases chemical signaling by waggle-dancing honey bees, Apis mellifera",M. Carr-Markell; K. McDonald; H. Mattila,2013,10.1007/s00040-013-0315-5,https://www.semanticscholar.org/paper/9b53dfb2c2bb9425c90ffee222ef46afd0a10596,,1,Discovery metadata; not a validated inclusion or toxicity claim
9ba8dd1db24723944e05efc49acc6105e1a75a12,Metagenomics reveals diet-specific specialization in fungus gardens of 1 grass-and dicot-cutter ants 2,Miranda Nagamoto 5; A. Dam 6; Monica T. Pupo 7; 1. R.Currie,,,https://www.semanticscholar.org/paper/9ba8dd1db24723944e05efc49acc6105e1a75a12,,1,Discovery metadata; not a validated inclusion or toxicity claim
9bd1e8bcb73a1d66edc7bb0f37f26b7a0758d259,Fungos negros presentes no integumento de formigas-cortadeiras (Tribo Attini),A. Toledo,2016,,https://www.semanticscholar.org/paper/9bd1e8bcb73a1d66edc7bb0f37f26b7a0758d259,,"1,10",Discovery metadata; not a validated inclusion or toxicity claim
9c6a4d887fc4edd5715cae0a201d17b811687c96,Leaf-cutting ants alter seedling assemblages across second-growth stands of Brazilian Atlantic forest,Paulo S. D. Silva; I. Leal; R. Wirth; Felipe P. L. Melo; M. Tabarelli,2012,10.1017/S0266467412000259,https://www.semanticscholar.org/paper/9c6a4d887fc4edd5715cae0a201d17b811687c96,,"1,3",Discovery metadata; not a validated inclusion or toxicity claim
9cb97671ded1bd558b50830b1faa5f027af65da2,Effect of leaf toughness on the susceptibility of the leaf-cutting ant Atta sexdens to attacks of a phorid parasitoid,A. Tonhasca Jr.; M. Bragança,2000,10.1007/PL00001706,https://www.semanticscholar.org/paper/9cb97671ded1bd558b50830b1faa5f027af65da2,,"1,3",Discovery metadata; not a validated inclusion or toxicity claim
9cf02c0e76fa5ce89058003e41542f58131d7c4f,"CONDENSED TANNINS, ATTINE ANTS, AND THE PERFORMANCE OF A SYMBIOTIC FUNGUS",S. N,,,https://www.semanticscholar.org/paper/9cf02c0e76fa5ce89058003e41542f58131d7c4f,,"1,3",Discovery metadata; not a validated inclusion or toxicity claim
9d0ed01c0373545a04a91fe0ec898cc22279f37f,Cryptic Diversity in Colombian Edible Leaf-Cutting Ants (Hymenoptera: Formicidae),P. W. Kooij; B. Dentinger; D. Donoso; J. Shik; E. Gaya,2018,10.3390/insects9040191,https://www.semanticscholar.org/paper/9d0ed01c0373545a04a91fe0ec898cc22279f37f,https://www.mdpi.com/2075-4450/9/4/191/pdf?version=1544609359,1,Discovery metadata; not a validated inclusion or toxicity claim
9d19f3393ef2bf53397a095bb76ac1b25444bb41,Division of labor in work shifts by leaf-cutting ants,P. B. Constantino; V. Valentinuzzi; A. F. Helene,2021,10.1038/s41598-021-88005-0,https://www.semanticscholar.org/paper/9d19f3393ef2bf53397a095bb76ac1b25444bb41,https://www.nature.com/articles/s41598-021-88005-0.pdf,1,Discovery metadata; not a validated inclusion or toxicity claim
9d773388ab94a810fced707c6fab4831c216d6a0,The Fungi of Termite Nests,J. A. Harris,1907,10.1086/278830,https://www.semanticscholar.org/paper/9d773388ab94a810fced707c6fab4831c216d6a0,,1,Discovery metadata; not a validated inclusion or toxicity claim
9e0de33fb15df5610b710619931c3f5cfae378ab,Mandibles of Leaf-Cutting Ants: Morphology Related to Food Preference,RS Camargo; Jfs Lopes,2016,10.13102/SOCIOBIOLOGY.V63I3.1014,https://www.semanticscholar.org/paper/9e0de33fb15df5610b710619931c3f5cfae378ab,http://periodicos.uefs.br/index.php/sociobiology/article/download/1014/864,"1,3,4",Discovery metadata; not a validated inclusion or toxicity claim
9f528edf3f3f551c72018f1cd6e3c9b5e4e781a1,COMPOSTING TO CONTROL THE LEAF-CUTTING ANT ATTA CePhAloTes L. (HYMENOPTERA: FORMICIDAE),I. Armbrecht; Mavir Montoya-Correa; J. Montoya-Lerma,2013,10.25100/RC.V16I0.502,https://www.semanticscholar.org/paper/9f528edf3f3f551c72018f1cd6e3c9b5e4e781a1,https://doi.org/10.25100/rc.v16i0.502,"1,2,3",Discovery metadata; not a validated inclusion or toxicity claim
9f9438b51db1ece8f02736644f5de12cc2843d87,No-residual baits and farmer perception to manage leaf-cutting ants,P. Boff; A. Giesel; M. I. Carissimi Boff,2016,10.1080/21683565.2016.1139649,https://www.semanticscholar.org/paper/9f9438b51db1ece8f02736644f5de12cc2843d87,https://repositorio.udesc.br/handle/UDESC/7556,"1,2",Discovery metadata; not a validated inclusion or toxicity claim
9fdd65092f1686f005defbf99f99c1afd5cf4066,Traffic rules around the corner: walking of leaf-cutting ants at branching points in trunk trails,L. Cibils-Martina; L. Elizalde; A. Farji-Brener,2017,10.1007/s00040-017-0576-5,https://www.semanticscholar.org/paper/9fdd65092f1686f005defbf99f99c1afd5cf4066,https://link.springer.com/content/pdf/10.1007/s00040-017-0576-5.pdf,1,Discovery metadata; not a validated inclusion or toxicity claim
a0175a1adbb0fd943d34bf20ad3013c42a3eeda1,Behavioural biomechanics: leaf-cutter ant cutting behaviour depends on leaf edge geometry,Frederik Püffel; Victor Kang; Mia Yap; Mohammad Shojaeifard; M. Bacca; D. Labonte,2024,10.1098/rspb.2024.2926,https://www.semanticscholar.org/paper/a0175a1adbb0fd943d34bf20ad3013c42a3eeda1,https://doi.org/10.1098/rspb.2024.2926,1,Discovery metadata; not a validated inclusion or toxicity claim
a03158a66f442a4abe14966f3c3fe5bf04206880,The effect of abandoned leaf-cutting ant nests on plant assemblage composition in a tropical,A. Gustavo,2005,,https://www.semanticscholar.org/paper/a03158a66f442a4abe14966f3c3fe5bf04206880,,"1,3",Discovery metadata; not a validated inclusion or toxicity claim
a054b55e094246052da412799d2da808449508ce,Head-on encounter rates and walking speed of foragers in leaf-cutting ant traffic,M. Burd; Nuvan Aranwela,2003,10.1007/s000400300001,https://www.semanticscholar.org/paper/a054b55e094246052da412799d2da808449508ce,,"1,3",Discovery metadata; not a validated inclusion or toxicity claim
a07264e69ba5262c6b8f8d086dae616154327aa4,"Differentiation in Selection of Dicots and Grasses by the Leaf-Cutter Ants Atta capiguara, Atta laevigata and Atta sexdens rubropilosa",N. S. Nagamoto; A. A. Carlos; Sinara Maria Moreira; S. S. Verza; G. L. Hirose; L. C. Forti,2009,,https://www.semanticscholar.org/paper/a07264e69ba5262c6b8f8d086dae616154327aa4,,"1,3,4",Discovery metadata; not a validated inclusion or toxicity claim
a089514206f7744e816e59acdb87680c74ae3ccd,Major changes in microbial diversity and community composition across gut sections of a juvenile Panchlora cockroach,Erin A. Gontang; F. Aylward; C. Carlos; Tijana Glavina del Rio; Mansi Chovatia; Alison Fern; C. Lo; S. Malfatti; S. Tringe; C. Currie; R. Kolter,2017,10.1371/journal.pone.0177189,https://www.semanticscholar.org/paper/a089514206f7744e816e59acdb87680c74ae3ccd,https://journals.plos.org/plosone/article/file?id=10.1371/journal.pone.0177189&type=printable,"1,3",Discovery metadata; not a validated inclusion or toxicity claim
a095e55da96161e454e9ff8ef6a23e501fe1b803,"Leaf-cutting ants’ critical and voluntary thermal limits show complex responses to size, heating rates, hydration level, and humidity",Cleverson Lima; A. F. Helene; A. Camacho,2021,10.1007/s00360-021-01413-6,https://www.semanticscholar.org/paper/a095e55da96161e454e9ff8ef6a23e501fe1b803,https://link.springer.com/content/pdf/10.1007/s00360-021-01413-6.pdf,"1,3",Discovery metadata; not a validated inclusion or toxicity claim
a0c55b1059792a64934883693b1640b1aa5672a0,"Hollow Internodes Permit a Neotropical Understory Plant to Shelter Multiple Mutualistic Ant Species, Obtaining Protection and Nutrient Provisioning (Myrmecotrophy)",A. Dejean; F. Petitclerc; Arthur Compin; F. Azémar; B. Corbara; J. Delabie; C. Leroy,2017,10.1086/693782,https://www.semanticscholar.org/paper/a0c55b1059792a64934883693b1640b1aa5672a0,,1,Discovery metadata; not a validated inclusion or toxicity claim
a0ea4572c24f4f7639a469e1386de573ad612712,Acromyrmex ameliae sp. n. (Hymenoptera: Formicidae): A new social parasite of leaf‐cutting ants in Brazil,D. J. de Souza; I. M. F. Soares; T. Della Lucia,2007,10.1111/j.1744-7917.2007.00151.x,https://www.semanticscholar.org/paper/a0ea4572c24f4f7639a469e1386de573ad612712,,1,Discovery metadata; not a validated inclusion or toxicity claim
a106127a1a1ea50fc73c5a8633724abc37c31db4,The interplay between leaf-cutter ants behaviour and social organization,Rana O. Khayat,2023,10.1007/s43994-023-00074-1,https://www.semanticscholar.org/paper/a106127a1a1ea50fc73c5a8633724abc37c31db4,https://link.springer.com/content/pdf/10.1007/s43994-023-00074-1.pdf,"1,2",Discovery metadata; not a validated inclusion or toxicity claim
a1b52b89933f1184ddb1dab4098b3d94782a28d9,"Demography, Foraging Activity of Leaf-Cutter Ants, Acromyrmex Versicolor, in Relation to Colony Size and Location, Season, Vegetation and Temperature",F. Werner; S. Murray,1972,,https://www.semanticscholar.org/paper/a1b52b89933f1184ddb1dab4098b3d94782a28d9,,"1,2",Discovery metadata; not a validated inclusion or toxicity claim
a1c91398a950c033b6a1f0aa6bcd233b47d3ce66,Similarity among eucalyptus planted areas based on leaf-cutting ant nest sizes,Daniela Maria Lemos Barbato Jacobovitz; Joissy Mayara de Almeida Andrade; Jean-Jacques Georges Soares De Groote,2022,10.4336/2022.pfb.42e201902071,https://www.semanticscholar.org/paper/a1c91398a950c033b6a1f0aa6bcd233b47d3ce66,https://pfb.cnpf.embrapa.br/pfb/index.php/pfb/article/view/2071/1658,1,Discovery metadata; not a validated inclusion or toxicity claim
a22e19e62b4447043ff08c0f9270d209bd96ebe0,Isolating antifungals from fungus-growing ant symbionts using a genome-guided chemistry approach.,R. Seipke; Sabine Grüschow; Rebecca J. M. Goss; M. Hutchings,2012,10.1016/B978-0-12-404634-4.00003-6,https://www.semanticscholar.org/paper/a22e19e62b4447043ff08c0f9270d209bd96ebe0,,1,Discovery metadata; not a validated inclusion or toxicity claim
a2435adf024b37147662fac6377be0361d32e7a7,Machine learning-based assessment of leaf-cutting ant infestation in Eucalyptusforest plantations.,Vitória Fernanda dos Santos; C. Alvares; M. M. Domingues; E. P. Soliman; Í. Cegatta; E. Zauza; R. Mafia,2026,10.1590/01047760202632013570,https://www.semanticscholar.org/paper/a2435adf024b37147662fac6377be0361d32e7a7,https://doi.org/10.1590/01047760202632013570,"1,2",Discovery metadata; not a validated inclusion or toxicity claim
a24fa7dfddff87db5598b5af9ec0e260e1029fd0,The Simulated Effect of Defoliation in the Growth of the Eucalyptus grandis,Oliveira; T. M. D. Lucia; R. M. D. Lucia; N. Anjos; M. Araujo; B. Leite,2014,10.3303/CET1439258,https://www.semanticscholar.org/paper/a24fa7dfddff87db5598b5af9ec0e260e1029fd0,,1,Discovery metadata; not a validated inclusion or toxicity claim
a274711697618b8c2364ac22a4358dd8d5e8c353,Spatial and Temporal Variation of Plant Fragment Removal by Two Species of Atta Leaf-Cutting Ants,Lorena Bernardes Munique; E. Calixto,2018,10.1007/s10905-018-9673-1,https://www.semanticscholar.org/paper/a274711697618b8c2364ac22a4358dd8d5e8c353,,"1,3",Discovery metadata; not a validated inclusion or toxicity claim
a299990fa63ab13b369145f5994da5ae6eb83a56,Foraging activity pattern and herbivory rates of the grass-cutting ant Atta capiguara,N. Caldato; L. C. Forti; S. Bouchebti; J. Lopes; V. Fourcassié,2016,10.1007/s00040-016-0479-x,https://www.semanticscholar.org/paper/a299990fa63ab13b369145f5994da5ae6eb83a56,https://link.springer.com/content/pdf/10.1007/s00040-016-0479-x.pdf,"1,4",Discovery metadata; not a validated inclusion or toxicity claim
a2abf0987f613213268a9afcb72aa7cacafecc42,The scent of symbiosis: gut bacteria affect social interactions in leafcutting ants,S. Teseo; J. S. van Zweden; L. Pontieri; P. W. Kooij; S. Sørensen; T. Wenseleers; M. Poulsen; J. Boomsma; P. Sapountzis,2018,10.1101/335521,https://www.semanticscholar.org/paper/a2abf0987f613213268a9afcb72aa7cacafecc42,https://doi.org/10.1101/335521,"1,2",Discovery metadata; not a validated inclusion or toxicity claim
a2ebff8d8258bbba51cda606c59caf57ded472d5,OCORRÊNCIA DA FORMIGA CORTADEIRA ATTA SEXDENS (L.) (HYMENOPTERA: FORMICIDAE) RELACIONADA A ESTRADAS NÃO-PAVIMENTADAS EM DUAS ÁREAS DO SEMIÁRIDO BRASILEIRO COM GRAUS DE PERTURBAÇÃO CONTRASTANTES,Iani A. S. Cruz; G. Silva; Claudia Bottcher; A. G. D. Bieber; M. Corrêa; Paulo S. D. Silva,2020,10.18316/RCA.V14I1.5980,https://www.semanticscholar.org/paper/a2ebff8d8258bbba51cda606c59caf57ded472d5,https://doi.org/10.18316/rca.v14i1.5980,"1,3",Discovery metadata; not a validated inclusion or toxicity claim
a33586306432d3c5357df5e8719a2918c1a1053f,"Metarhizium anisopliae and Trichoderma viride for control of nests of the fungus-growing ant, Atta cephalotes",Elkin López; S. Orduz,2003,10.1016/S1049-9644(03)00005-7,https://www.semanticscholar.org/paper/a33586306432d3c5357df5e8719a2918c1a1053f,,"1,3",Discovery metadata; not a validated inclusion or toxicity claim
a350937ee1b0d1a15aac96123c21eaa718001e2c,Leaf-cutter ants – mycorrhizal fungi: observations and research questions from an unexpected mutualism,Michael F. Allen; Hannah B Shulman; P. Rundel; Thomas C. Harmon; E. L. Aronson,2023,10.3389/ffunb.2023.1241916,https://www.semanticscholar.org/paper/a350937ee1b0d1a15aac96123c21eaa718001e2c,https://www.frontiersin.org/articles/10.3389/ffunb.2023.1241916/pdf?isPublishedV2=False,"1,3",Discovery metadata; not a validated inclusion or toxicity claim
a38a23c1bacf6d6d0a34200b7892c5111e8ed7f4,Evolutionarily advanced ant farmers rear polyploid fungal crops,P. W. Kooij; D. Aanen; M. Schiøtt; J. J. Boomsma,2015,10.1111/jeb.12718,https://www.semanticscholar.org/paper/a38a23c1bacf6d6d0a34200b7892c5111e8ed7f4,https://onlinelibrary.wiley.com/doi/pdfdirect/10.1111/jeb.12718,"1,2,8",Discovery metadata; not a validated inclusion or toxicity claim
a3a4e58cb94b71b6d005dc0ac1b528f4d8d87e2b,Why are leaf‐cutting ants more common in early secondary forests than in old‐growth tropical forests? An evaluation of the palatable forage hypothesis,A. Farji-Brener,2001,10.1034/J.1600-0706.2001.920120.X,https://www.semanticscholar.org/paper/a3a4e58cb94b71b6d005dc0ac1b528f4d8d87e2b,,1,Discovery metadata; not a validated inclusion or toxicity claim
a3ca40700018383fe96a6976f3a5f04ce56afb1d,Leaf-cutting ant populations profit from human disturbances in tropical dry forest in Brazil,F. F. S. Siqueira; J. D. Ribeiro‐Neto; M. Tabarelli; A. Andersen; R. Wirth; I. Leal,2017,10.1017/S0266467417000311,https://www.semanticscholar.org/paper/a3ca40700018383fe96a6976f3a5f04ce56afb1d,,"1,4",Discovery metadata; not a validated inclusion or toxicity claim
a3eef14f4aa0cf2c965bf08f092695545c5b6425,"A monodominant rain forest on Maraca Island, Roraima, Brazil : forest structure and dynamics",M. Nascimento,1994,,https://www.semanticscholar.org/paper/a3eef14f4aa0cf2c965bf08f092695545c5b6425,,1,Discovery metadata; not a validated inclusion or toxicity claim
a4015e34559abdc762bab509d338416deda23748,Ants Can Learn to Forage on One-Way Trails,P. Ribeiro; A. F. Helene; G. Xavier; C. Navas; F. L. Ribeiro,2009,10.1371/journal.pone.0005024,https://www.semanticscholar.org/paper/a4015e34559abdc762bab509d338416deda23748,https://journals.plos.org/plosone/article/file?id=10.1371/journal.pone.0005024&type=printable,"1,3",Discovery metadata; not a validated inclusion or toxicity claim
a42088d8e8b8e4bbdf274320d0d10228490e1308,The isolation and characterisation of protein from nine edible insect species,L. Jepson; R. Daniel; I. Nyambayo; C. Munialo,2024,10.1007/s13197-024-05975-5,https://www.semanticscholar.org/paper/a42088d8e8b8e4bbdf274320d0d10228490e1308,https://pmc.ncbi.nlm.nih.gov/articles/PMC11401812/pdf/13197_2024_Article_5975.pdf,1,Discovery metadata; not a validated inclusion or toxicity claim
a461745f280fa0f09b4c901c921347fbc2ae010b,"Grosso - UNEMAT, Campus II, Avenida Perimetral",J. Garlet; E. C. Costa,2014,,https://www.semanticscholar.org/paper/a461745f280fa0f09b4c901c921347fbc2ae010b,,1,Discovery metadata; not a validated inclusion or toxicity claim
a48720e548b72bc739fb57b713569dbeaa288ba5,EVALUATION OF DIFFERENT COMBATING COMBINATIONS AGAINST LEAF-CUTTING ANTS IN Eucalyptus urograndis PLANTINGS,Fellipe Soares Vicentini; Nilton José Sousa; Henrique Soares Koehler; Julio Eduardo Arce; Richardson Ribeiro; Alexandre Behling,2024,10.5380/rf.v54i1.94235,https://www.semanticscholar.org/paper/a48720e548b72bc739fb57b713569dbeaa288ba5,https://revistas.ufpr.br/floresta/article/download/94235/73993,"1,2",Discovery metadata; not a validated inclusion or toxicity claim
a48c593bd892cb0d6f4ba36b02ec0b6c976ca856,Leaf caching in Atta leafcutting ants: discrete cache formation through positive feedback.,A. Hart; F. Ratnieks,2000,10.1006/ANBE.1999.1332,https://www.semanticscholar.org/paper/a48c593bd892cb0d6f4ba36b02ec0b6c976ca856,,"1,3",Discovery metadata; not a validated inclusion or toxicity claim
a4976c5b295e1bb8f4051042330e236f24c535c3,Exploring Myrmecotrophy: Ants as Essential Contributors to Plant Feeding Strategies - A Review,Uttumadathil Mohanan Jyothi; P. Sheeba; A. Sudhikumar,2025,10.3157/021.132.0303,https://www.semanticscholar.org/paper/a4976c5b295e1bb8f4051042330e236f24c535c3,,1,Discovery metadata; not a validated inclusion or toxicity claim
a4a178f39c362cfc6d6674d201073cb2ea613319,"Leaf Cutter Communication Strategy, Skills and Attributes - a Novel Bio-Inspired Intelligent Communication for Computing Research",J. Amudhavel; P. Dhavachelvan; R. Baskaran,2016,10.17485/IJST/2016/V9I11/89260,https://www.semanticscholar.org/paper/a4a178f39c362cfc6d6674d201073cb2ea613319,https://doi.org/10.17485/ijst/2016/v9i11/89260,1,Discovery metadata; not a validated inclusion or toxicity claim
a54ef6ce3173047e8fac4e903585ca6d9606d64d,Confirming sulfluramid (EtFOSA) application as a precursor of perfluorooctanesulfonic acid (PFOS) in Brazilian agricultural soils.,Y. Guida; Fábio Barbosa Machado Torres; R. Barizon; M. Assalin; M. A. Rosa,2023,10.1016/j.chemosphere.2023.138370,https://www.semanticscholar.org/paper/a54ef6ce3173047e8fac4e903585ca6d9606d64d,,"1,2",Discovery metadata; not a validated inclusion or toxicity claim
a5af908423f0cff814d6d987952c8a3a79dd097f,Data for: Appetitive and aversive learning of plants odors inside the nest by foraging leaf-cutting ants,A. Arenas; F. Roces,2018,10.17632/RNV5Z5V4F3.1,https://www.semanticscholar.org/paper/a5af908423f0cff814d6d987952c8a3a79dd097f,,1,Discovery metadata; not a validated inclusion or toxicity claim
a5d3dcc53dbca6adaefcdc9fd3541151550fdc26,Waste management in the stingless bee Melipona beecheii Bennett (Hymenoptera: Apidae),L. Medina-Medina; A. Hart; F. Ratnieks,2014,10.13102/SOCIOBIOLOGY.V61I4.435-440,https://www.semanticscholar.org/paper/a5d3dcc53dbca6adaefcdc9fd3541151550fdc26,https://doi.org/10.13102/sociobiology.v61i4.435-440,1,Discovery metadata; not a validated inclusion or toxicity claim
a63f6175f7ac4b274f874c3c67be3d55f60fab81,"Trajectory of Water- and Fat-Soluble Dyes in the Grass-Cutting ant Atta capiguara (Hymenoptera, Formicidae): Evaluation of Infrabuccal Cavity, Post-Pharyngeal Glands and Gaster",Marcílio de Souza Silva,2014,10.13102/SOCIOBIOLOGY.V59I2.614,https://www.semanticscholar.org/paper/a63f6175f7ac4b274f874c3c67be3d55f60fab81,http://periodicos.uefs.br/index.php/sociobiology/article/download/614/515,"1,4",Discovery metadata; not a validated inclusion or toxicity claim
a674027dc6cd2c9fd526cb77ef822503dd4310d6,Caste-specific expression of genetic variation in the size of antibiotic-producing glands of leaf-cutting ants,William O. H. Hughes; A. N. M. Bot; J. J. Boomsma,2009,10.1098/rspb.2009.1415,https://www.semanticscholar.org/paper/a674027dc6cd2c9fd526cb77ef822503dd4310d6,https://doi.org/10.1098/rspb.2009.1415,"1,2",Discovery metadata; not a validated inclusion or toxicity claim
a69fb5abbbbf6c5a15385d3aabd37954a951e000,To be or not to be faithful: flexible fidelity to foraging trails in the leaf‐cutting ant Acromyrmex lobicornis,L. Elizalde; A. Farji-Brener,2012,10.1111/j.1365-2311.2012.01368.x,https://www.semanticscholar.org/paper/a69fb5abbbbf6c5a15385d3aabd37954a951e000,,"1,2",Discovery metadata; not a validated inclusion or toxicity claim
a6f940d7ec94b967b60a91bf99e6a295d929ccb0,Evaluating endophyte‐rich leaves and leaf functional traits for protection of tropical trees against natural enemies,Bolívar Aponte Rolón; A. E. Arnold; Mareli Sánchez Juliá; S. V. Van Bael,2024,10.1111/1365-2435.14717,https://www.semanticscholar.org/paper/a6f940d7ec94b967b60a91bf99e6a295d929ccb0,https://doi.org/10.1111/1365-2435.14717,1,Discovery metadata; not a validated inclusion or toxicity claim
a7032b562b473e0f14703ad07115122798d4b429,"ANTS ON CECROPIA TREES IN URBAN SAN JOSE, COSTA RICA",J. K. Wetterer,1998,10.2307/3496003,https://www.semanticscholar.org/paper/a7032b562b473e0f14703ad07115122798d4b429,https://doi.org/10.2307/3496003,"1,2",Discovery metadata; not a validated inclusion or toxicity claim
a724670457542eb201a77677bfb738230280f46b,Determinação do fator de conversão em colônias de Atta sexdens rubropilosa (Hymenoptera: Formicidae) e sua relação com a qualidade do material vegetal cortado,L. Sousa‐Souto; Marcelo Braga Bueno Guerra; José H. Schoereder; C. Schaefer; Washington Luís da Silva,2007,10.1590/S0100-67622007000100018,https://www.semanticscholar.org/paper/a724670457542eb201a77677bfb738230280f46b,https://www.scielo.br/j/rarv/a/c5FFdRb7qN5gH46XyrqJG8S/?lang=pt&format=pdf,"1,2,3",Discovery metadata; not a validated inclusion or toxicity claim
a7c34cfdfb1b4d33896340c58704e58fde785e0c,Environmental factors affect foraging efficiency of leaf cutter ants in Costa Rica,Kate L. Steadman; S. Smith; Celeta Smith; M. Hubbard; Jada Labriado; M. Daughtry; Anderson Woodson; Kassidy Caviness-Thames; Francie Cuffney; Carolina Perez‐Heydrich,2020,10.1893/BIOS-D-18-00012,https://www.semanticscholar.org/paper/a7c34cfdfb1b4d33896340c58704e58fde785e0c,,1,Discovery metadata; not a validated inclusion or toxicity claim
a7c567b020bc88583cba1cacd2b41ccf94a3975e,"Chemical Deterrency of Citrus reticulata (Blanco) to the Leaf-Cutting ant, Acromyrmex octospinosus (Reich)",V. Jones; G. Pollard; C. Seaforth,1987,10.1017/S1742758400007050,https://www.semanticscholar.org/paper/a7c567b020bc88583cba1cacd2b41ccf94a3975e,,"1,2",Discovery metadata; not a validated inclusion or toxicity claim
a7c6b064add22686879ce95706c7a49e546efe8e,Host Plant Selection,R. Wirth; H. Herz; R. Ryel; W. Beyschlag; B. Hölldobler,2003,10.1007/978-3-662-05259-4_10,https://www.semanticscholar.org/paper/a7c6b064add22686879ce95706c7a49e546efe8e,,1,Discovery metadata; not a validated inclusion or toxicity claim
a7c70ac3efa2b33b17158f244e3350777125e9d5,"Metabolism of Plant Polysaccharides byLeucoagaricus gongylophorus, the Symbiotic Fungus of the Leaf-Cutting Ant Atta sexdens L",Célia Gomes De Siqueira; M. Bacci; F. C. Pagnocca; O. Bueno; M. Hebling,1998,10.1128/AEM.64.12.4820-4822.1998,https://www.semanticscholar.org/paper/a7c70ac3efa2b33b17158f244e3350777125e9d5,https://aem.asm.org/content/aem/64/12/4820.full.pdf,"1,3,9",Discovery metadata; not a validated inclusion or toxicity claim
a7d2e339333bab19b1088a84a7b02b83cd22c082,Push-pull to manage leaf-cutting ants: an effective strategy in forestry plantations.,Daiana Perri; N. Gorosito; P. E. Schilman; E. Casaubon; Camila Davila; P. Fernández,2020,10.1002/ps.6036,https://www.semanticscholar.org/paper/a7d2e339333bab19b1088a84a7b02b83cd22c082,https://ri.conicet.gov.ar/bitstream/11336/150614/2/CONICET_Digital_Nro.2f8c3e37-ffac-4e09-ab12-1f49b46a2987_A.pdf,"1,2",Discovery metadata; not a validated inclusion or toxicity claim
a7edffc59d5c66b103a915199c74404cf7c63446,"Microbial Diversity and Chemical Multiplicity of Culturable, Taxonomically Similar Bacterial Symbionts of the Leaf-Cutting Ant Acromyrmex coronatus",A. Martinez; Luís Gustavo de Almeida; L. A. B. Moraes; F. L. Cônsoli,2019,10.1007/s00248-019-01341-7,https://www.semanticscholar.org/paper/a7edffc59d5c66b103a915199c74404cf7c63446,https://link.springer.com/article/10.1007/s00248-019-01341-7,"1,2",Discovery metadata; not a validated inclusion or toxicity claim
a7fdf13e6984a09b8f479091ec6e40bfed3245f0,Alarm Pheromone Composition and Behavioral Activity in Fungus-Growing Ants,V. Norman; Thomas Butterfield; F. Drijfhout; K. Tasman; W. Hughes,2017,10.1007/s10886-017-0821-4,https://www.semanticscholar.org/paper/a7fdf13e6984a09b8f479091ec6e40bfed3245f0,https://link.springer.com/content/pdf/10.1007/s10886-017-0821-4.pdf,"1,2",Discovery metadata; not a validated inclusion or toxicity claim
a800a41fb9357804ba5b395724aa5316fdd41120,Microscopic evidence supports the hypothesis of high cellulose degradation capacity by the symbiotic fungus of leaf-cutting ants,N. S. Nagamoto; Marise G. Garcia; L. C. Forti; S. S. Verza; N. C. Noronha; R. Rodella,2011,,https://www.semanticscholar.org/paper/a800a41fb9357804ba5b395724aa5316fdd41120,,"1,2",Discovery metadata; not a validated inclusion or toxicity claim
a8721d75b65941a52db22af8cd58208ace34d8a3,The Behavior of Acromyrmex crassispinus (Hymenoptera: Formicidae) on Trail Bifurcations and the Influence of Ant Flow on Error Rates of Nestbound Laden Workers,M. Nickele; M. Pie; M. Moura,2018,10.1007/s10905-018-9684-y,https://www.semanticscholar.org/paper/a8721d75b65941a52db22af8cd58208ace34d8a3,,"1,2",Discovery metadata; not a validated inclusion or toxicity claim
a8aa1f54d035e7a28c44b4814255ca503ba7df19,Attractiveness of copperleaf-based bait to leaf-cutting ants,N. S. Nagamoto; R. Barbieri; L. C. Forti; Sandra Regina de Sousa Cardoso; Sinara Maria Moreira; J. Lopes,2011,10.1590/S0103-84782011005000070,https://www.semanticscholar.org/paper/a8aa1f54d035e7a28c44b4814255ca503ba7df19,https://www.scielo.br/j/cr/a/nSPB4HLD4PJQPNqhqPRB35m/?lang=en&format=pdf,"1,3",Discovery metadata; not a validated inclusion or toxicity claim
a911ea23311eac3c301e56ed6d266e2131ff7489,Chemical control of Acromyrmex lundi (Hymenoptera: Formicidae) in anthropic ecosystems.,S. J. Alberto; Zanuncio Jose; Lemes Pedro Guillermo,2022,10.1002/ps.6944,https://www.semanticscholar.org/paper/a911ea23311eac3c301e56ed6d266e2131ff7489,,"1,2",Discovery metadata; not a validated inclusion or toxicity claim
a95d8bea3282cb8ebd4065b0007d353ed524c6f7,Foraginginhighlydynamicenvironments:leaf-cutting antsadjustforagingtrailnetworkstopioneerplant availability,AnaGabriela DelgadoBieber; T. Knoch; M. Tabarelli; R. Wirth,2013,,https://www.semanticscholar.org/paper/a95d8bea3282cb8ebd4065b0007d353ed524c6f7,,"1,3",Discovery metadata; not a validated inclusion or toxicity claim
a973123f836683e3ab5aba6c22efc61df99bef63,Filipins: the first antifungal “weed killers” identified from bacteria isolated from the trap-ant,Hong Gao; Hong Gao; S. Grüschow; S. Grüschow; J. Barke; R. Seipke; L. Hill; J. Orivel; Douglas W. Yu; Douglas W. Yu; M. Hutchings; R. Goss; Rebecca J. M. Goss,2014,10.1039/C4RA09875G,https://www.semanticscholar.org/paper/a973123f836683e3ab5aba6c22efc61df99bef63,,1,Discovery metadata; not a validated inclusion or toxicity claim
a99ce56a812d2b14142a23fdb61fdf327ffe9adb,FORAGING AND NESTING ECOLOGY OF ACROMYRMEX OCTOSPINOSUS (HYMENOPTERA: FORMICIDAE) IN A COSTA RICAN TROPICAL DRY FOREST,J. K. Wetterer; D. Gruner; Jorge E. Lopez,1998,10.2307/3495996,https://www.semanticscholar.org/paper/a99ce56a812d2b14142a23fdb61fdf327ffe9adb,https://doi.org/10.2307/3495996,"1,2,3",Discovery metadata; not a validated inclusion or toxicity claim
aa2a344d39fae225ca8d901ad0c98702cf4e04a7,Chemical defenses in the tree Ziziphus mistol against the leaf-cutting ant Acromyrmex striatus,J. P. Pelotto; Maria D. P. Martinez,2002,,https://www.semanticscholar.org/paper/aa2a344d39fae225ca8d901ad0c98702cf4e04a7,,"1,2",Discovery metadata; not a validated inclusion or toxicity claim
aa2b5831907863a27683a0613bd1432db8c536c1,Novel organic repellent for leaf-cutting ants: tea tree oil and its potential use as a management tool,M. Buteler; A. M. Alma; M. Herrera; N. Gorosito; P. Fernández,2019,10.1080/09670874.2019.1657201,https://www.semanticscholar.org/paper/aa2b5831907863a27683a0613bd1432db8c536c1,http://hdl.handle.net/11336/122439,"1,2",Discovery metadata; not a validated inclusion or toxicity claim
aac66294661a9749df0513be1b08ef4fd7f934b6,Diet type modifies ingestion rates and trophallactic exchanges in leaf-cutting ants,D. Wesley,2015,10.6084/M9.FIGSHARE.1407396.V1,https://www.semanticscholar.org/paper/aac66294661a9749df0513be1b08ef4fd7f934b6,,1,Discovery metadata; not a validated inclusion or toxicity claim
aaf048e33750d2d3c7c98a5667bcc6a258b9e054,How plants may benefit from their consumers: leaf-cutting ants indirectly improve anti-herbivore defenses in Carduus nutans L,A. Farji-Brener,2007,10.1007/s11258-006-9246-9,https://www.semanticscholar.org/paper/aaf048e33750d2d3c7c98a5667bcc6a258b9e054,,"1,2",Discovery metadata; not a validated inclusion or toxicity claim
ab0890525a10d78ccbdd5549290d2ab9cca743a5,Foraging site fidelity of Atta sexdens (Hymenoptera-Formicidae) in a laboratory colony,K. Kitayama; M. Gramacho; J. Hay; M. Pic,2002,,https://www.semanticscholar.org/paper/ab0890525a10d78ccbdd5549290d2ab9cca743a5,,"1,3",Discovery metadata; not a validated inclusion or toxicity claim
ab45fe8dde4765e9d47306141d1aca743759016a,Effect of constituents of the foliar wax of Didymopanax vinosum on the foraging activity of the leaf‐cutting ant Atta sexdens rubropilosa,A. Salatino; Regina L. Sugayama; G. Negri; W. Vilegas,1998,10.1046/j.1570-7458.1998.00288.x,https://www.semanticscholar.org/paper/ab45fe8dde4765e9d47306141d1aca743759016a,https://doi.org/10.1046/j.1570-7458.1998.00288.x,"1,3",Discovery metadata; not a validated inclusion or toxicity claim
abb64445875250877262779cef6c4c9a5695f903,"Atta sexdens Symbiotic Fungus of the Leaf-Cutting Ant , the Leucoagaricus gongylophorus Metabolism of Plant Polysaccharides by",J. Hebling; Carlos Pagnocca; O. Bueno; Gomes De Siqueira; M. Bacci,2014,,https://www.semanticscholar.org/paper/abb64445875250877262779cef6c4c9a5695f903,,"1,3,9",Discovery metadata; not a validated inclusion or toxicity claim
ac0c1de09aa1f190741455196d52f8fe191e416c,Asociación entre el arbusto Capparis retusa (Capparidaceae) y las hormigas Camponotus blandus y Acromyrmex striatus (Hymenoptera: Formiddae),A. G. F. Brener; P. Folgarait; J. Protomastro,1992,10.15517/RBT.V40I3.24550,https://www.semanticscholar.org/paper/ac0c1de09aa1f190741455196d52f8fe191e416c,,"1,2",Discovery metadata; not a validated inclusion or toxicity claim
ac29873afcb01dc1d1b9e30173414332027df605,"Aspectos ecológicos de Atta sexdens piriventris Santschi (Hymenoptera: Formicidae) no município de Capinzal, Santa Catarina, Brasil",Manuelly Sartori Spier; Edson Fernando Spier; Máira Aparecida Dalavéquia; M. A. Favretto,2013,10.12741/EBRASILIS.V6I1.248,https://www.semanticscholar.org/paper/ac29873afcb01dc1d1b9e30173414332027df605,https://www.entomobrasilis.org/index.php/ebras/article/download/ebrasilis.v6i1.248/224,"1,3,5",Discovery metadata; not a validated inclusion or toxicity claim
ac2a0478473a2b1ef2cad7c27634cee027a6a1a3,Inhibition of the symbiotic fungus of leaf-cutting ants by coumarins,Marizete F. P. Godoy; S. R. Victor; A. Bellini; Gisleine Guerreiro; W. Rocha; O. Bueno; M. A. Hebling; M. Bacci; M. Silva; P. Vieira; João Batista Fernandes; F. C. Pagnocca,2005,10.1590/S0103-50532005000400031,https://www.semanticscholar.org/paper/ac2a0478473a2b1ef2cad7c27634cee027a6a1a3,https://www.scielo.br/j/jbchs/a/76Mz6kYYTv9sK3zNZGsDvsC/?lang=en&format=pdf,"1,3",Discovery metadata; not a validated inclusion or toxicity claim
ac5d5f5f3f38b9813b1c1c742c901c0e8e89e322,Somatic incompatibility and genetic structure of fungal crops in sympatric Atta colombica and Acromyrmex echinatior leaf-cutting ants,P. W. Kooij; M. Poulsen; M. Schiøtt; J. Boomsma,2015,10.1016/J.FUNECO.2015.08.003,https://www.semanticscholar.org/paper/ac5d5f5f3f38b9813b1c1c742c901c0e8e89e322,https://www.sciencedirect.com/science/article/pii/S1754504815000963/pdf,"1,2,3",Discovery metadata; not a validated inclusion or toxicity claim
ac92d18aab65be46ba15bd41368774eb865b7912,The effect of abandoned leaf-cutting ant nests on plant assemblage composition in a tropical rainforest of Costa Rica,A. Farji-Brener,2005,10.2980/i1195-6860-12-4-554.1,https://www.semanticscholar.org/paper/ac92d18aab65be46ba15bd41368774eb865b7912,,"1,3",Discovery metadata; not a validated inclusion or toxicity claim
acab8b276e3b9d19a0578913c4ac641daa48bfae,"Interactions between leafcutting ants, endophytic fungi and plants",S. L. Rocha,2011,,https://www.semanticscholar.org/paper/acab8b276e3b9d19a0578913c4ac641daa48bfae,,1,Discovery metadata; not a validated inclusion or toxicity claim
acec0bbaea26488b41fe8fbb991aabb0cbd00ff3,Do herbivores exert top-down effects in Neotropical savannas? Estimates of biomass consumption by leaf-cutter ants,A. N. Costa; H. Vasconcelos; E. Vieira‐Neto; E. Bruna,2008,10.3170/2008-8-18461,https://www.semanticscholar.org/paper/acec0bbaea26488b41fe8fbb991aabb0cbd00ff3,,1,Discovery metadata; not a validated inclusion or toxicity claim
aceff822dd7ecab3ad1069863c983bd692992980,Variation in Greenhouse Gas Fluxes in the Nests of Leaf‐Cutting Ants (Atta cephalotes) Across a Dry–Wet Seasonal Transition,T. Blake Hudson; Andrew J. Nisip; S. Yanoviak; A. Mehring,2026,10.1111/btp.70240,https://www.semanticscholar.org/paper/aceff822dd7ecab3ad1069863c983bd692992980,,"1,3",Discovery metadata; not a validated inclusion or toxicity claim
ad307d9c74cb9be28983ff8d191106e04f088058,"el (Hymenopter el (Hymenoptera, Formicidae)",M. Araújo; M. Castro; D. Lucia; M. Picanço,2004,,https://www.semanticscholar.org/paper/ad307d9c74cb9be28983ff8d191106e04f088058,,"1,4",Discovery metadata; not a validated inclusion or toxicity claim
ad388fdb82652760419b5d9bf91803d67ee2a5a8,Bottom-up effects may not reach the top: the influence of ant–aphid interactions on the spread of soil disturbances through trophic chains,M. Lescano; A. Farji-Brener; E. Gianoli; T. Carlo,2012,10.1098/rspb.2012.1066,https://www.semanticscholar.org/paper/ad388fdb82652760419b5d9bf91803d67ee2a5a8,https://royalsocietypublishing.org/doi/pdf/10.1098/rspb.2012.1066,1,Discovery metadata; not a validated inclusion or toxicity claim
ad548f6f7b50b0e20b39e60bd254a967ec9ebf3c,"Distribution and foraging by the leaf-cutting ant, Atta cephalotes L., in coffee plantations with different types of management and landscape contexts, and alternatives to insecticides for its control",Varón Devia; H. Edgar,2006,,https://www.semanticscholar.org/paper/ad548f6f7b50b0e20b39e60bd254a967ec9ebf3c,,"1,3,10",Discovery metadata; not a validated inclusion or toxicity claim
ad9a39edef6f60aa4659fb87a194849bb7902f19,Antibiotics from Insect-Associated Actinobacteria,A. Baranova; Yuliya V. Zakalyukina; Anna Ovcharenko; V. Korshun; A. Tyurin,2022,10.3390/biology11111676,https://www.semanticscholar.org/paper/ad9a39edef6f60aa4659fb87a194849bb7902f19,https://www.mdpi.com/2079-7737/11/11/1676/pdf?version=1668757420,1,Discovery metadata; not a validated inclusion or toxicity claim
ad9c0c9dbe884f4dfa6b029d7a65d8b3ea8224fc,"COMBATE DE ACROMYRMEX OCTOSPINOSUS (REICH) (HYMENOPTERA: FORMICIDAE), CON EL CEBO MICOINSECTICIDA BIBISAV-2",R. P. Álvarez; Zoila G. Trujillo González,2002,,https://www.semanticscholar.org/paper/ad9c0c9dbe884f4dfa6b029d7a65d8b3ea8224fc,,"1,2",Discovery metadata; not a validated inclusion or toxicity claim
adc111049c56e3f62504d1f415ea3eb0f3a2718a,Trail complexity and foraged plants for the leaf-cutting ant Atta sexdens (Hymenoptera: Formicidae) in a caatinga area of Bahia,Thayara Nunes Novaes do Carmo; Gabriela V. de Oliveira; L. C. Marinho; A. G. Bieber; M. M. Correa; Paulo S. D. Silva,2026,10.1590/s1984-4689.v43.e25051,https://www.semanticscholar.org/paper/adc111049c56e3f62504d1f415ea3eb0f3a2718a,https://doi.org/10.1590/s1984-4689.v43.e25051,"1,2,3,4",Discovery metadata; not a validated inclusion or toxicity claim
adee294501175fcc7ddcb956c78256e891cabb1a,"Cutters, carriers and transport chains: Distance-dependent foraging 
strategies in the grass-cutting ant Atta vollenweideri",J. Röschard; F. Roces,2003,10.1007/s00040-003-0663-7,https://www.semanticscholar.org/paper/adee294501175fcc7ddcb956c78256e891cabb1a,,"1,4",Discovery metadata; not a validated inclusion or toxicity claim
ae15c1b8c9cae606dddfaeb2eaa05ca8122f89d7,"Genetic Diversity of Fungi Occurring in Nests of Three Acromyrmex Leaf-cutting Ant Species from Córdoba, Argentina",A. Abril; E. Bucher,2007,10.1007/s00248-007-9252-z,https://www.semanticscholar.org/paper/ae15c1b8c9cae606dddfaeb2eaa05ca8122f89d7,,"1,10",Discovery metadata; not a validated inclusion or toxicity claim
ae1d9df742271dfdc4ead4d1afb8d00e1ba0b700,WOLO : Wilson Only Looks Once – Estimating ant body mass from reference-free images using deep convolutional neural networks,Fabian Plum; Lena Plum; Corvin Bischoff; D. Labonte,2025,10.1101/2024.05.15.594277,https://www.semanticscholar.org/paper/ae1d9df742271dfdc4ead4d1afb8d00e1ba0b700,https://doi.org/10.1101/2024.05.15.594277,1,Discovery metadata; not a validated inclusion or toxicity claim
ae874ff049a5993d23cafa2f7b8c6d113b23ebd1,Caste-specific symbiont policing by workers of Acromyrmex fungus-growing ants,A. B. Ivens; D. Nash; M. Poulsen; J. Boomsma,2009,10.1093/BEHECO/ARN150,https://www.semanticscholar.org/paper/ae874ff049a5993d23cafa2f7b8c6d113b23ebd1,https://academic.oup.com/beheco/article-pdf/20/2/378/17277501/arn150.pdf,"1,2",Discovery metadata; not a validated inclusion or toxicity claim
aef898e51d349a351f2d5f6dbff3bea948a2e9fb,Avaliação de sauveiros externos em eucaliptais de Minas Gerais,Iris Cristiane Magistrali; N. Anjos,2011,10.5902/198050983239,https://www.semanticscholar.org/paper/aef898e51d349a351f2d5f6dbff3bea948a2e9fb,https://periodicos.ufsm.br/cienciaflorestal/article/download/3239/1880,"1,2,3,8",Discovery metadata; not a validated inclusion or toxicity claim
af3dec93971f25454dcc227dd11aa8f8628d57e4,Phylogenomic analysis and metabolic role reconstruction of mutualistic Rhizobiales hindgut symbionts of Acromyrmex leaf-cutting ants.,M. Zhukova; P. Sapountzis; M. Schiøtt; J. Boomsma,2022,10.1093/femsec/fiac084,https://www.semanticscholar.org/paper/af3dec93971f25454dcc227dd11aa8f8628d57e4,https://hal.inrae.fr/hal-03768889/document,"1,2",Discovery metadata; not a validated inclusion or toxicity claim
afa414e9f369b8bf9449ff480171fe7bbaff36bd,Optimality in a partitioned task performed by social insects,M. Burd; J. J. Howard,2008,10.1098/rsbl.2008.0398,https://www.semanticscholar.org/paper/afa414e9f369b8bf9449ff480171fe7bbaff36bd,https://www.ncbi.nlm.nih.gov/pmc/articles/2614165,"1,3",Discovery metadata; not a validated inclusion or toxicity claim
b01a5a00f691cae5a1198849df26f8bd83176b98,Lawrence Berkeley National Laboratory Recent Work Title Major changes in microbial diversity and community composition across gut sections of a juvenile Panchlora cockroach Permalink,Erin A. Gontang; F. Aylward; C. Carlos; T. G. del Rio; Mansi Chovatia; Alison Fern; C. Lo; S. Malfatti; Susannah; G. Tringe; C. Currie; Roberto Kolter,2017,,https://www.semanticscholar.org/paper/b01a5a00f691cae5a1198849df26f8bd83176b98,,"1,3",Discovery metadata; not a validated inclusion or toxicity claim
b03ced77da2c6d60967185cbbede9d67d29fec0a,Body size effects on locomotion and load carriage in the highly polymorphic leaf-cutting ants,Atta colombica,2000,,https://www.semanticscholar.org/paper/b03ced77da2c6d60967185cbbede9d67d29fec0a,,1,Discovery metadata; not a validated inclusion or toxicity claim
b055293a464c0255a81d7e79ecca53080ca4fd9e,Activity of Ricinus communis (Euphorbiaceae) and ricinine against the leaf-cutting ant Atta sexdens rubropilosa (Hymenoptera: Formicidae) and the symbiotic fungus Leucoagaricus gongylophorus.,M. Bigi; Vera L. V. Torkomian; S. de Groote; M. A. Hebling; O. Bueno; F. C. Pagnocca; J. Fernandes; P. Vieira; M. G. da Silva,2004,10.1002/PS.892,https://www.semanticscholar.org/paper/b055293a464c0255a81d7e79ecca53080ca4fd9e,,"1,3,9,10",Discovery metadata; not a validated inclusion or toxicity claim
b072d1718d320874fe4ca4219d0dea7b041010e2,Leaf‐cuttings ants of the genera Atta and Acromyrmex of Paraguay (Hymenoptera Formicidae),H. Fowler,1985,10.1002/MMND.19850320105,https://www.semanticscholar.org/paper/b072d1718d320874fe4ca4219d0dea7b041010e2,,"1,2",Discovery metadata; not a validated inclusion or toxicity claim
b08ecd9c1e02a1ff1bccb0644a348e6ec52c196c,"PHEROMONE PERFORMANCE AS AN ATTRACTIVE COMPONENT IN BAITS FOR THE CONTROL OF THE LEAF-CUTTING ANT Atta sexdcns rahropilcsa FOREL, 1908 (HYMENOPTERA: FORMICIDAE)",E. Vilela; P. Howse,2018,,https://www.semanticscholar.org/paper/b08ecd9c1e02a1ff1bccb0644a348e6ec52c196c,,1,Discovery metadata; not a validated inclusion or toxicity claim
b09898e2e9ffc8debafeb4e7483b4d6f9e0851d2,Two fungal symbioses collide: endophytic fungi are not welcome in leaf-cutting ant gardens,Sunshine A. Van Bael; H. Fernández‐Marín; M. C. Valencia; Enith I. Rojas; W. Wcislo; E. Herre,2009,10.1098/rspb.2009.0196,https://www.semanticscholar.org/paper/b09898e2e9ffc8debafeb4e7483b4d6f9e0851d2,https://www.ncbi.nlm.nih.gov/pmc/articles/2690468,1,Discovery metadata; not a validated inclusion or toxicity claim
b0c1474c6f2ee229567d4aa6904dd9173c8b5603,Sex investment ratios and natural history observations in a population of Trachymyrmex holmgreni (Formicidae) in southern Brazil,E. Albuquerque; E. Diehl-Fleig; E. Diehl; A. Mayhé-Nunes,2018,10.1007/s00040-018-0614-y,https://www.semanticscholar.org/paper/b0c1474c6f2ee229567d4aa6904dd9173c8b5603,,1,Discovery metadata; not a validated inclusion or toxicity claim
b1421396f9802b31e7fa269872ae67d7d29a4f3c,Coping with temperature extremes: thermal tolerance and behavioral plasticity in desert leaf-cutting ants (Hymenoptera: Formicidae) across an altitudinal gradient,Natalia I. Yela; L. Calcaterra; A. Aranda‐Rickert,2020,,https://www.semanticscholar.org/paper/b1421396f9802b31e7fa269872ae67d7d29a4f3c,,"1,2",Discovery metadata; not a validated inclusion or toxicity claim
b1424e81318bfcb2599c6de78e1015bd92a1f76a,Social Organization and Subcaste Specialization in the Leaf-Cutting Ant Acromyrmex subterraneus (Formicidae: Myrmicinae),A. C. Calheiros; M. U. Ronque; P. S. Oliveira,2019,10.1007/s10905-019-09729-6,https://www.semanticscholar.org/paper/b1424e81318bfcb2599c6de78e1015bd92a1f76a,,"1,2,10",Discovery metadata; not a validated inclusion or toxicity claim
b147c2f434431cbef9350b1d4b8cd1767d0a0591,Leaf-cutter ants' (Atta laevigata) aid to the establishment success of Tapirira velutinifolia (Anacardiaceae) seedlings in a parkland savanna,A. G. F. Brener; Juan F. Silva,1996,10.1017/S0266467400009378,https://www.semanticscholar.org/paper/b147c2f434431cbef9350b1d4b8cd1767d0a0591,,"1,3",Discovery metadata; not a validated inclusion or toxicity claim
b15942fd00f9d7286d870ecad024c6b10fcb8caa,Shear adhesive performance of leaf‐cutting ant workers (Atta cephalotes),A. Stark; Hayden R. Davis; W. Harrison,2019,10.1111/btp.12664,https://www.semanticscholar.org/paper/b15942fd00f9d7286d870ecad024c6b10fcb8caa,,"1,3",Discovery metadata; not a validated inclusion or toxicity claim
b19483da0c090e9ddac8bfe1387df926c7bbd2bf,Growth Dynamics of Symbiotic Fungus and How it is Affected By Proportion of Minor Workers (Hymenoptera: Formicidae: Atta),I. Bueno; F. Sujimoto; Rafael de Andrade Moral; W. A. Godoy,2024,10.1007/s10905-024-09851-0,https://www.semanticscholar.org/paper/b19483da0c090e9ddac8bfe1387df926c7bbd2bf,https://doi.org/10.1007/s10905-024-09851-0,"1,3",Discovery metadata; not a validated inclusion or toxicity claim
b204f425d3f4b4881f134a6c3fbf7a017974b207,"The effects of light on foliar chemistry, growth and susceptibility of seedlings of a canopy tree to an attine ant",C. Nichols-orians,1991,10.1007/BF00318322,https://www.semanticscholar.org/paper/b204f425d3f4b4881f134a6c3fbf7a017974b207,,"1,3",Discovery metadata; not a validated inclusion or toxicity claim
b218453cdb04a155ca88e075fe77034ef6885ea8,"Combate sistemático de formigas-cortadeiras com iscas granuladas, em eucaliptais com cultivo mínimo",Ronald Zanetti; J. Zanuncio; A. J. Mayhé-Nunes; A. G. B. Medeiros; Alan Souza-Silva,2003,10.1590/S0100-67622003000300016,https://www.semanticscholar.org/paper/b218453cdb04a155ca88e075fe77034ef6885ea8,https://www.scielo.br/j/rarv/a/w7xrpHkkRTq4tPQdZshJ6Zz/?lang=pt&format=pdf,"1,2,8",Discovery metadata; not a validated inclusion or toxicity claim
b29a3b4aeebaec28482a217946fcd0d84290b2a2,ECOLOGIA DE CAMPONOTUS SERICEIVENTRIS NO CERRADO: HaBITOS DE NIDIFICAÇÃO E SUA INTERAÇÃO COM FORMIGAS-SAÚVAS,E. Siqueira,2007,,https://www.semanticscholar.org/paper/b29a3b4aeebaec28482a217946fcd0d84290b2a2,,1,Discovery metadata; not a validated inclusion or toxicity claim
b2b11a21a7154208217ec19090e55b966432ed96,"Queens of the inquiline social parasite Acromyrmex insinuator can join nest-founding queens of its host, the leaf-cutting ant Acromyrmex echinatior",J. Howe; M. Schiøtt; J. Boomsma,2021,10.1007/s00040-021-00819-3,https://www.semanticscholar.org/paper/b2b11a21a7154208217ec19090e55b966432ed96,https://link.springer.com/content/pdf/10.1007/s00040-021-00819-3.pdf,"1,2,10",Discovery metadata; not a validated inclusion or toxicity claim
b2d515d405baca472c86decf16060cfb44feef05,Differential gene expression in Acromyrmex leaf-cutting ants after challenges with two fungal pathogen s,S. H. Yek; J. Boomsma; M. Schiøtt,2013,,https://www.semanticscholar.org/paper/b2d515d405baca472c86decf16060cfb44feef05,,"1,2",Discovery metadata; not a validated inclusion or toxicity claim
b34845dc26dfe78ca3578540abb6764c939dca13,"Locomotion on a slope in leaf-cutter ants: metabolic energy use, behavioural adaptations and the implications for route selection on hilly terrain",N. Holt; G. Askew,2012,10.1242/jeb.057695,https://www.semanticscholar.org/paper/b34845dc26dfe78ca3578540abb6764c939dca13,,"1,2",Discovery metadata; not a validated inclusion or toxicity claim
b3858ca804a1b337efac854e8b7ef50902aeb88d,"A T""ol,%tile Trail Pher0t""bzoxe of Te-ie Leaf-cutrri_\'g Ant, a T T a Tea7a,\-a",J. H. c3\tzlissos; J. C. Ifoser; S-R Hl Sllversteis; R. G. Rroii 'slee; J. Rlti,2006,,https://www.semanticscholar.org/paper/b3858ca804a1b337efac854e8b7ef50902aeb88d,,1,Discovery metadata; not a validated inclusion or toxicity claim
b39298fee770f1ec8b6bc8be9102bbc147ff5681,Facilitation and competition influence succession in a subtropical old field,L. Zanini; G. Ganade; Ingo Hübel,2006,10.1007/s11258-005-9093-0,https://www.semanticscholar.org/paper/b39298fee770f1ec8b6bc8be9102bbc147ff5681,,1,Discovery metadata; not a validated inclusion or toxicity claim
b39c44bc370b4bf0476996d9ac331c119df323b6,Can the nutrient-rich soil patches created by leaf-cutting ants favor plant compensation for foliar damage? A test of the compensatory continuum hypothesis,G. Pirk; A. Farji-Brener,2013,10.1007/s11258-013-0231-9,https://www.semanticscholar.org/paper/b39c44bc370b4bf0476996d9ac331c119df323b6,http://hdl.handle.net/11336/6665,"1,2",Discovery metadata; not a validated inclusion or toxicity claim
b3c1a3961f0a2c2d9d75504cae8e53a82298f3a1,Activity of faecal fluid of a leaf-cutting ant toward plant cell wall polysaccharides,MICHAEL M. Martin; N. Boyd; M. Gieselmann; R. Silver,1975,10.1016/0022-1910(75)90219-X,https://www.semanticscholar.org/paper/b3c1a3961f0a2c2d9d75504cae8e53a82298f3a1,http://deepblue.lib.umich.edu/bitstream/2027.42/21944/1/0000351.pdf,"1,3",Discovery metadata; not a validated inclusion or toxicity claim
b3dbf209cbd052b1d0d4fd7ee103f5d78d86e7e7,Foraging for the fungus: why do Acromyrmex subterraneus (Formicidae) queens need to forage during the nest foundation phase?,T. Sales; A. M. O. Toledo; Arthur Zimerer; J. Lopes,2021,10.1111/een.13083,https://www.semanticscholar.org/paper/b3dbf209cbd052b1d0d4fd7ee103f5d78d86e7e7,,"1,2",Discovery metadata; not a validated inclusion or toxicity claim
b3eaed759b03e06c8f0ea8fb433d490dd7f5e81c,Plant‐based compounds with potential as push‐pull stimuli to manage behavior of leaf‐cutting ants,Daiana Perri; N. Gorosito; P. Fernández; M. Buteler,2017,10.1111/eea.12574,https://www.semanticscholar.org/paper/b3eaed759b03e06c8f0ea8fb433d490dd7f5e81c,https://onlinelibrary.wiley.com/doi/pdfdirect/10.1111/eea.12574,"1,2",Discovery metadata; not a validated inclusion or toxicity claim
b4e3c8a097fc3c9a894e1ef61eeb902bc95bf767,The fungal cultivar of leaf-cutter ants produces specific enzymes in response to different plant substrates,L. Khadempour; Kristin E. Burnum-Johnson; Erin S. Baker; Carrie D. Nicora; B. Webb-Robertson; R. White; Matthew E. Monroe; Eric L. Huang; Richard D. Smith; Cameron R. Currie,2016,10.1111/mec.13872,https://www.semanticscholar.org/paper/b4e3c8a097fc3c9a894e1ef61eeb902bc95bf767,https://europepmc.org/articles/pmc5118115?pdf=render,"1,9",Discovery metadata; not a validated inclusion or toxicity claim
b4f2356e46fdfb29cc3f2cf1bc5ea17e823ceba0,"Use of leaf resources by howling monkeys (Alouatta palliata) and leaf‐cutting ants (Atta cephalotes) in the tropical rain forest of Los Tuxtlas, Mexico",A. Estrada; R. Coates‐Estrada,1986,10.1002/ajp.1350100106,https://www.semanticscholar.org/paper/b4f2356e46fdfb29cc3f2cf1bc5ea17e823ceba0,,"1,3",Discovery metadata; not a validated inclusion or toxicity claim
b51893db1d1409a27094b58b83b7ca8c3797edce,"Direct ingestion of plant sap from cut leaves by the leaf-cutting ants Atta cephalotes (L.) and acromyrmex octospinosus (reich) (Formicidae, Attini)",M. Littledyke; J. M. Cherrett,1976,10.1017/S0007485300006647,https://www.semanticscholar.org/paper/b51893db1d1409a27094b58b83b7ca8c3797edce,,"1,2,3",Discovery metadata; not a validated inclusion or toxicity claim
b56f34ccc92baed1a4392c7b41faa6160d78cb8b,"Efeito de extratos naturais de folhas vegetais em Leucoagaricus gongylophorus (Möller) Singer, (Agaricales: Agaricaceae) Effect of natural extracts of vegetable leaves in Leucoagaricus gongylophorus (Möller) Singer, (Agaricales: Agaricaceae)",M. D. de Souza; O. Peres; A. Dorval,2011,,https://www.semanticscholar.org/paper/b56f34ccc92baed1a4392c7b41faa6160d78cb8b,,"1,9",Discovery metadata; not a validated inclusion or toxicity claim
b57d46af3d844dd6a49eca939c7a8b19e7145eba,In�uence of the leaf-cutting ant Atta sexdens Linnaeus (1758) on the taxonomic and functional diversity of woody plants in Atlantic Forest fragments,Jéssica Magon,,,https://www.semanticscholar.org/paper/b57d46af3d844dd6a49eca939c7a8b19e7145eba,,"1,3",Discovery metadata; not a validated inclusion or toxicity claim
b58246ca53cc21bfc8d45b812a9c5586a2accea3,"Perception and use of edible insects in Santa María de Itapinima and Piracemo indigenous communities, Mitú, Vaupés, Colombia",H. J. Gasca-Álvarez; William G. González,2022,10.25085/rsea.810301,https://www.semanticscholar.org/paper/b58246ca53cc21bfc8d45b812a9c5586a2accea3,https://www.biotaxa.org/RSEA/article/download/77396/73647,"1,3",Discovery metadata; not a validated inclusion or toxicity claim
b5cba39dd35441d319996b9c62ffd03974f5ed43,Suicidal punishment in the ant Acromyrmex versicolor,G. B. Pollock; A. Cabrales; S. Rissing; K. Binmore,2012,,https://www.semanticscholar.org/paper/b5cba39dd35441d319996b9c62ffd03974f5ed43,,"1,2",Discovery metadata; not a validated inclusion or toxicity claim
b5cf82ae13a2f76dc4ed019b1147e43f7f2ac9b0,Microfungi in the fungus gardens of the leaf-cutting ant Atta cephalotes: a preliminary study,P. J. Fisher; D. J. Stradling; B. C. Sutton; L. Petrini,1996,10.1016/S0953-7562(96)80006-2,https://www.semanticscholar.org/paper/b5cf82ae13a2f76dc4ed019b1147e43f7f2ac9b0,,"1,3,9",Discovery metadata; not a validated inclusion or toxicity claim
b64b2d2b35c7d3d3973695b1b7603ce1dfa76db9,Ants and Sustainable Agriculture,Gero Benckiser,2011,10.1007/978-94-007-0394-0_2,https://www.semanticscholar.org/paper/b64b2d2b35c7d3d3973695b1b7603ce1dfa76db9,,1,Discovery metadata; not a validated inclusion or toxicity claim
b652b5f800a32e2163593df2db5de4c6f171d78c,TOXICITY OF Esenbeckia pumila Pohl (Rutaceae) ON Artemia salina AND Atta sexdens rubropilosa,G. Duarte; Antônio Carlos Severo Menezes; P. L. F. Naves; O. C. Bueno; Renato G. Santos; Weber Martins da Silva Junior,2019,10.1590/1983-21252019V32N111RC,https://www.semanticscholar.org/paper/b652b5f800a32e2163593df2db5de4c6f171d78c,http://www.scielo.br/pdf/rcaat/v32n1/1983-2125-rcaat-32-01-101.pdf,"1,3",Discovery metadata; not a validated inclusion or toxicity claim
b665e7c05475002c2323ad42fc61e22397b19c06,"Variability in the selection of substrate by the leaf-cutting ants atta cephalotes (L.) and acromyrmex octospinosus (Reich) (Formicidae, Attini)",M. Littledyke; J. M. Cherrett,1975,10.1017/S0007485300005721,https://www.semanticscholar.org/paper/b665e7c05475002c2323ad42fc61e22397b19c06,,"1,2,3",Discovery metadata; not a validated inclusion or toxicity claim
b6a35edb0440a732ef2083c35d9e60cc3abe432c,Trail Gradient Influences Load Size in Wild Leaf Cutter Ants,C. Finger; J. Chaves‐Campos,2020,10.1007/s10905-020-09740-2,https://www.semanticscholar.org/paper/b6a35edb0440a732ef2083c35d9e60cc3abe432c,,1,Discovery metadata; not a validated inclusion or toxicity claim
b6fd0f92c3fac0d06500f7639f0c342a05de8ba5,Influências de Atta spp. (Hymenoptera: Formicidae) na recuperação da vegetação pós-fogo em floresta de transição amazônica,K. S. Carvalho; Jennifer K. Balch; Paulo Moutinho,2012,10.1590/S0044-59672012000100010,https://www.semanticscholar.org/paper/b6fd0f92c3fac0d06500f7639f0c342a05de8ba5,https://www.scielo.br/j/aa/a/dCkp95rNzf5s9KRX9MBzT9P/?lang=pt&format=pdf,"1,3",Discovery metadata; not a validated inclusion or toxicity claim
b71190fbc5ba0ed8d3a64714cb73596fff9be81c,"Leaf-cutting ant nests in temperate environments: mounds, mound damages and nest mortality rate in Acromyrmex lobicornis",A. Farji-Brener,2000,10.1076/0165-0521(200008)35:2;1-9;FT131,https://www.semanticscholar.org/paper/b71190fbc5ba0ed8d3a64714cb73596fff9be81c,,"1,2",Discovery metadata; not a validated inclusion or toxicity claim
b7582c49169b5e9eba94e122c4ba26353007305d,Vibrational communication between hitchhikers and foragers in leaf-cutting ants (Atta cephalotes),F. Roces; B. Hölldobler,1995,10.1007/BF00174133,https://www.semanticscholar.org/paper/b7582c49169b5e9eba94e122c4ba26353007305d,,"1,3,10",Discovery metadata; not a validated inclusion or toxicity claim
b75b875acd81d2dcb7a5c4a123c25ae18a90014a,Refuse Dumps From Leaf‐Cutting Ants Enhance Flowering and Reproductive Output in a Pioneer Herb,R. S. Santos; L. Sousa‐Souto,2026,10.1111/aec.70260,https://www.semanticscholar.org/paper/b75b875acd81d2dcb7a5c4a123c25ae18a90014a,,"1,2",Discovery metadata; not a validated inclusion or toxicity claim
b76b629c917623d8ea792fb2de4ae24e157094f9,Energy substrate used by workers of leaf-cutting ants during nest excavation,R. Camargo; J. Lopes; L. C. Forti; A. F. Somera; M. Bacci,2013,10.1590/S0085-56262013005000034,https://www.semanticscholar.org/paper/b76b629c917623d8ea792fb2de4ae24e157094f9,https://www.scielo.br/j/rbent/a/qXmmTYgfxdQzLsGpHb9Tv5y/?lang=en&format=pdf,1,Discovery metadata; not a validated inclusion or toxicity claim
b770db880f0f0ec1c2a579fefec7ac3d33388c8f,"Community Ecology of Bacteria Associated with the Digestive Structures of Insects, Ectomycorrhizal Plants, and Fungi",Nhu H. Nguyen,2013,,https://www.semanticscholar.org/paper/b770db880f0f0ec1c2a579fefec7ac3d33388c8f,,"1,10",Discovery metadata; not a validated inclusion or toxicity claim
b785284a21040235c67dcc86c7d38b5610879bb3,Leaf-Cutter Ants and Microbial Control,Raphael Vacchi Travaglini; A. S. Vieira; André Arnosti; Roberto da Silva Camargo; Luis Eduardo Pontes Stefanelli; L. C. Forti; M. I. Camargo-Mathias,2018,10.5772/INTECHOPEN.75134,https://www.semanticscholar.org/paper/b785284a21040235c67dcc86c7d38b5610879bb3,https://www.intechopen.com/citation-pdf-url/60453,"1,2,8,9",Discovery metadata; not a validated inclusion or toxicity claim
b7a7d394d3e6c74d69d0052fb13a531af53de54c,Phorid parasitoid attack triggers specific defensive behaviours and collaborative responses in leaf-cutting ants.,A. M. Alma; A. Farji-Brener; L. Elizalde,2019,10.1016/j.beproc.2019.06.005,https://www.semanticscholar.org/paper/b7a7d394d3e6c74d69d0052fb13a531af53de54c,http://hdl.handle.net/11336/121971,"1,3",Discovery metadata; not a validated inclusion or toxicity claim
b7dcaea5a33868d32ace84f2432fb255face1ccd,Management of ant pests in urban environments,M. Picanço; T. L. Costa; J. Soares; Damaris Rosa de Freitas; R. S. Ramos; Paulo Antônio Santana; Tarcísio Visintin da Silva Galdino; N. Rodrigues-Silva,2023,10.33448/rsd-v12i5.41658,https://www.semanticscholar.org/paper/b7dcaea5a33868d32ace84f2432fb255face1ccd,https://rsdjournal.org/index.php/rsd/article/download/41658/33876,1,Discovery metadata; not a validated inclusion or toxicity claim
b80e588beb3b12764d03489331bf2f9a2d92d4c4,"Action mode of fipronil and sulfluramid in baits on Acromyrmex crassispinus (Forel, 1909) (Hymenoptera: Formicidae) in laboratory conditions",J. Sabattini; J. C. Zanúncio; R. S. Camargo; L. C. Forti,2023,10.37486/1809-8460.ba18004,https://www.semanticscholar.org/paper/b80e588beb3b12764d03489331bf2f9a2d92d4c4,https://www.bioassay.org.br/index.php/bioassay/article/download/ba18004/217,"1,2",Discovery metadata; not a validated inclusion or toxicity claim
b867ef38b91fe54e12b5b76b20d08afc721b66a5,Consequences of leaf-cutting ants on plant fitness: integrating negative effects of herbivory and positive effects from soil improvement,A. Farji-Brener; M. Tadey,2016,10.1007/s00040-016-0510-2,https://www.semanticscholar.org/paper/b867ef38b91fe54e12b5b76b20d08afc721b66a5,http://hdl.handle.net/11336/69524,1,Discovery metadata; not a validated inclusion or toxicity claim
b8818541065646aa8a1b7d7f8187556db2905b8b,Dillapiole in Piper holtonii as an Inhibitor of the Symbiotic Fungus Leucoagaricus gongylophorus of Leaf-Cutting Ants,L. Salazar; A. Ortiz-Reyes; Diana Marcela Muñoz Rosero; Tatiana Lobo-Echeverri,2020,10.1007/s10886-020-01170-w,https://www.semanticscholar.org/paper/b8818541065646aa8a1b7d7f8187556db2905b8b,,"1,2,3,9",Discovery metadata; not a validated inclusion or toxicity claim
b898a867e0005d1eb488156a5e179d6243b6e257,plant odors trigger clearing behavior in foraging trails- do they represent olfactory obstacles?,A. M. Alma; M. Buteler,2019,10.1016/j.beproc.2019.103989,https://www.semanticscholar.org/paper/b898a867e0005d1eb488156a5e179d6243b6e257,http://hdl.handle.net/11336/121950,"1,2",Discovery metadata; not a validated inclusion or toxicity claim
b8b930c2475348cbf1c0cfd4e0cfb11d954b96b4,"Estudo taxonômico e de aspectos da bioloigia do Attini monomórfico Mycetophylax (Hymenoptera, Formicidae, Myrmicinae)",Christiana Klingenberg; C. R. Brandão,2006,,https://www.semanticscholar.org/paper/b8b930c2475348cbf1c0cfd4e0cfb11d954b96b4,,"1,2,3,8,10",Discovery metadata; not a validated inclusion or toxicity claim
b8e5133ce5cd875f61fd8cd2defe9465718fe2bf,Biology and Management of the Texas Leafcutting Ant (Hymenoptera: Formicidae),T. Schowalter; D. Ring,2017,10.1093/JIPM/PMX013,https://www.semanticscholar.org/paper/b8e5133ce5cd875f61fd8cd2defe9465718fe2bf,https://academic.oup.com/jipm/article-pdf/8/1/16/17744500/pmx013.pdf,"1,3",Discovery metadata; not a validated inclusion or toxicity claim
b930e03129eba18a9fea9657b7a75c2c0b6a626c,"Variable load size-ant size matching in leaf-cutting ants,Atta colombica (Hymenoptera: Formicidae)",M. Burd,1995,10.1007/BF01997240,https://www.semanticscholar.org/paper/b930e03129eba18a9fea9657b7a75c2c0b6a626c,,"1,2,3",Discovery metadata; not a validated inclusion or toxicity claim
b9ad5de87ab4fea3a2b0a5c4f54dbd8d2b01be56,"﻿Two new species of Szelenyiopria Fabritius (Hymenoptera, Diapriidae), larval koinobiont endoparasitoids of the leaf-cutter ant Acromyrmex coronatus (Fabricius) (Hymenoptera, Formicidae), from Panama",Gabriel Araúz; V. Chemyreva; Tomás Ríos; D. Gálvez; R. Cambra; E. Medianero; W. Wcislo; H. Fernández‐Marín,2025,10.3897/zookeys.1250.151740,https://www.semanticscholar.org/paper/b9ad5de87ab4fea3a2b0a5c4f54dbd8d2b01be56,https://doi.org/10.3897/zookeys.1250.151740,"1,2",Discovery metadata; not a validated inclusion or toxicity claim
b9bbeac3e4ffaca20d2af5881343339af1f45e38,Leaf-cutting ants facilitation to non-native plants is passed from one generation to the next,M. Lescano; G. Pirk; A. di Virgilio; J. Franzese; K. Speziale,2022,10.1007/s11258-022-01245-6,https://www.semanticscholar.org/paper/b9bbeac3e4ffaca20d2af5881343339af1f45e38,http://rdi.uncoma.edu.ar/handle/uncomaid/16754,"1,2",Discovery metadata; not a validated inclusion or toxicity claim
b9c0183de989cca967fd80e6d1fad98253a16dda,Gone with the wind: short- and long-term responses of leaf-cutting ants to the negative effect of wind on their foraging activity,A. M. Alma; A. Farji-Brener; L. Elizalde,2016,10.1093/BEHECO/ARW007,https://www.semanticscholar.org/paper/b9c0183de989cca967fd80e6d1fad98253a16dda,https://academic.oup.com/beheco/article-pdf/27/4/1017/21721603/arw007.pdf,"1,10",Discovery metadata; not a validated inclusion or toxicity claim
b9ce26961d4068b92fb24cec6b9e51d7e90db94b,Foraging and leaf-cutting of the desert gardening ant Acromyrmex versicolor versicolor (Pergande) (Hymenoptera: Formicidae),G. Gamboa,1975,10.1007/BF00364324,https://www.semanticscholar.org/paper/b9ce26961d4068b92fb24cec6b9e51d7e90db94b,,"1,2",Discovery metadata; not a validated inclusion or toxicity claim
b9dda10460c02bf940484f24a6b90271ef59bac0,"Parasitic flies (Diptera: Phoridae) influence foraging rhythms and caste division of labor in the leaf-cutter ant, Atta cephalotes (Hymenoptera: Formicidae)",M. Orr,1992,10.1007/BF00176174,https://www.semanticscholar.org/paper/b9dda10460c02bf940484f24a6b90271ef59bac0,,"1,3",Discovery metadata; not a validated inclusion or toxicity claim
ba6d3a1fbdca44a09231f3c41a516cae1987de0b,"Communication between the fungus garden and workers of the leaf‐cutting ant, Atta sexdens rubropilosa, regarding choice of substrate for the fungus",R. North; C. W. Jackson; P. Howse,1999,10.1046/j.1365-3032.1999.00122.x,https://www.semanticscholar.org/paper/ba6d3a1fbdca44a09231f3c41a516cae1987de0b,,"1,3",Discovery metadata; not a validated inclusion or toxicity claim
bb1e0762037fc56953fde67e41809fe3bde4fa68,Litter quality and litter removal by the native fauna in the western Chaco woodland of Argentina,E. Bucher; P. Torres; A. Abril,2003,10.1017/S0266467403003377,https://www.semanticscholar.org/paper/bb1e0762037fc56953fde67e41809fe3bde4fa68,,1,Discovery metadata; not a validated inclusion or toxicity claim
bb281069f66744aa2a067cf6998b0c48754b966f,"Ecosystem engineering in fragmented forests: Edge-mediated hyper-abundance of leaf-cutting ants and resulting impacts on forest structure, microclimate and regeneration",S. Meyer,2008,,https://www.semanticscholar.org/paper/bb281069f66744aa2a067cf6998b0c48754b966f,,"1,10",Discovery metadata; not a validated inclusion or toxicity claim
bb6805a440d768424ce30f6ca3bff92ac589da20,Ecosystem engineering by leaf-cutting ants: nests of Atta cephalotes drastically alter forest structure and microclimate,I. Ar; M. Çelo,2011,,https://www.semanticscholar.org/paper/bb6805a440d768424ce30f6ca3bff92ac589da20,,"1,3,10",Discovery metadata; not a validated inclusion or toxicity claim
bb8c274a69052a5c37c4309fab81ce2db7dd31e9,Filamentous fungi found in Atta sexdens rubropilosa colonies after treatment with different toxic bait formulations,A. A. Carlos; A. Rodrigues; L. C. Forti; M. M. Passador; J. Sierra,2011,10.1111/j.1439-0418.2010.01551.x,https://www.semanticscholar.org/paper/bb8c274a69052a5c37c4309fab81ce2db7dd31e9,,1,Discovery metadata; not a validated inclusion or toxicity claim
bbd811fd72fd1bef56f7020ed1e9d8d811fac301,Virola sebifera Aubl. (Myristicaceae) leaf chemical composition and implications on leaf-cutter ant foraging choice,A. A. Carlos; Karla da Silva Malaquias; Rafael C. Consolmagno; A. Sarria; João Batista Fernandes; O. Bueno,2017,10.1007/s11829-017-9582-9,https://www.semanticscholar.org/paper/bbd811fd72fd1bef56f7020ed1e9d8d811fac301,http://doi.org/10.1007/s11829-017-9582-9,"1,3",Discovery metadata; not a validated inclusion or toxicity claim
bbdd86300e228f45ab64b30d65b3d146d94c0a11,Ricinus communis and Jatropha curcas (Euphorbiaceae) Seed Oil Toxicity Against Atta sexdens rubropilosa (Hymenoptera: Formicidae),E. Alonso; Déborah Yara Alves Cursino Santos,2013,10.1603/EC12035,https://www.semanticscholar.org/paper/bbdd86300e228f45ab64b30d65b3d146d94c0a11,https://academic.oup.com/jee/article-pdf/106/2/742/19292454/jee106-0742.pdf,"1,3",Discovery metadata; not a validated inclusion or toxicity claim
bc78808cdbde4b56fa4c6a43e8e0e2a7da240293,Repellent Effect of Leaf-Cutting Ant Waste Against the Aphid Lipaphis erysimi (Kaltenbach),Souto L. S.,2023,10.54026/aart/1049,https://www.semanticscholar.org/paper/bc78808cdbde4b56fa4c6a43e8e0e2a7da240293,https://doi.org/10.54026/aart/1049,"1,2,4,10",Discovery metadata; not a validated inclusion or toxicity claim
bc96a3c493e5c77da3ef30728d51a6f1692dc79e,The fungal symbiont of Acromyrmex leaf-cutting ants expresses the full spectrum of genes to degrade cellulose and other plant cell wall polysaccharides,M. Grell; Tore Linde; S. Nygaard; K. Nielsen; J. J. Boomsma; L. Lange,2013,10.1186/1471-2164-14-928,https://www.semanticscholar.org/paper/bc96a3c493e5c77da3ef30728d51a6f1692dc79e,https://bmcgenomics.biomedcentral.com/counter/pdf/10.1186/1471-2164-14-928,"1,2,9",Discovery metadata; not a validated inclusion or toxicity claim
bd0f82955e47c60b4b4e9c80655193ed1bf5d77c,The Genome Sequence of the Leaf-Cutter Ant Atta cephalotes Reveals Insights into Its Obligate Symbiotic Lifestyle,G. Suen; Clotilde Teiling; Lewyn Li; C. Holt; E. Abouheif; E. Bornberg‐Bauer; P. Bouffard; E. Caldera; Elizabeth I. Cash; A. Cavanaugh; Olgert Denas; E. Elhaik; M. Favé; J. Gadau; J. D. Gibson; D. Graur; Kirk J. Grubbs; D. Hagen; T. Harkins; M. Helmkampf; Hao Hu; Brian R Johnson; Jay W. Kim; S. E. Marsh; J. Moeller; M. Munoz-Torres; M. C. Murphy; M. Naughton; Surabhi Nigam; R. Overson; Rajendhran Rajakumar; J. Reese; Jarrod J. Scott; Chris C. R. Smith; Shu Tao; N. Tsutsui; L. Viljakainen; Lothar Wissler; M. Yandell; Fabian Zimmer; James Taylor; S. Slater; S. Clifton; W. Warren; C. Elsik; Chris D. Smith; G. Weinstock; N. Gerardo; C. Currie,2011,10.1371/journal.pgen.1002007,https://www.semanticscholar.org/paper/bd0f82955e47c60b4b4e9c80655193ed1bf5d77c,https://journals.plos.org/plosgenetics/article/file?id=10.1371/journal.pgen.1002007&type=printable,1,Discovery metadata; not a validated inclusion or toxicity claim
bdfd1e91c8ccbdd567b38e893a8c3843f71d297f,Three-dimensional kinematics of leaf-cutter ant mandibles: not all dicondylic joints are simple hinges,Victor Kang; Frederik Püffel; D. Labonte,2023,10.1098/rstb.2022.0546,https://www.semanticscholar.org/paper/bdfd1e91c8ccbdd567b38e893a8c3843f71d297f,https://www.ncbi.nlm.nih.gov/pmc/articles/PMC10577034,1,Discovery metadata; not a validated inclusion or toxicity claim
be0e3d4099259d71e6e041362c10ed94dee4278f,Chance or Necessity—The Fungi Co−Occurring with Formica polyctena Ants,Igor Siedlecki; M. Gorczak; Alicja Okrasińska; M. Wrzosek,2021,10.3390/insects12030204,https://www.semanticscholar.org/paper/be0e3d4099259d71e6e041362c10ed94dee4278f,https://www.mdpi.com/2075-4450/12/3/204/pdf?version=1614512281,1,Discovery metadata; not a validated inclusion or toxicity claim
be541948b7bb01a074321de60e56dd8fb649cbbc,Digestive capacities of leaf-cutting ants and the contribution of their fungal cultivar to the degradation of plant material,Freddie-Jeanne Richard; P. Mora; C. Errard; C. Rouland,2005,10.1007/s00360-005-0485-1,https://www.semanticscholar.org/paper/be541948b7bb01a074321de60e56dd8fb649cbbc,,"1,2",Discovery metadata; not a validated inclusion or toxicity claim
be71c3e6e236e7ce69e1c0b138605218273de58d,How many agents make a working whole ?,D. Sumpter; M. Beekman,2000,,https://www.semanticscholar.org/paper/be71c3e6e236e7ce69e1c0b138605218273de58d,,1,Discovery metadata; not a validated inclusion or toxicity claim
beb106bdef6c57f5b5fedc547feea7f3d5ff75a5,"Dispersal of Attaphila fungicola, a symbiotic cockroach of leaf-cutter ants",Z. I. Phillips; M. Zhang; U. Mueller,2017,10.1007/s00040-016-0535-6,https://www.semanticscholar.org/paper/beb106bdef6c57f5b5fedc547feea7f3d5ff75a5,,"1,3",Discovery metadata; not a validated inclusion or toxicity claim
bef842251c1df86bff63a9e3a28aa12c96ae4663,Working in the rain? Why leaf-cutting ants stop foraging when it’s raining,F. Brener; Dalton; Balza; Courtis; Lemus ‐ Domínguez; Fernández ‐ Hilario; Cáceres ‐ Levi,2018,10.1007/s00040-018-0605-z,https://www.semanticscholar.org/paper/bef842251c1df86bff63a9e3a28aa12c96ae4663,,1,Discovery metadata; not a validated inclusion or toxicity claim
beffd87ab6348dfd12ab6f4a09e5ad1c045c2005,Effects of forest fragmentation on bottom-up control in leaf-cuttings ants,Pille Urbas,2005,,https://www.semanticscholar.org/paper/beffd87ab6348dfd12ab6f4a09e5ad1c045c2005,,1,Discovery metadata; not a validated inclusion or toxicity claim
bf471ef953b6a4b96eb43d5afef4423f2040eae1,LEAF‐CUTTING ANTS AND LIVE OAK: THE ROLE OF LEAF TOUGHNESS IN SEASONAL AND INTRASPECIFIC HOST CHOICE,D. A. Waller,1982,10.1111/j.1570-7458.1982.tb03195.x,https://www.semanticscholar.org/paper/bf471ef953b6a4b96eb43d5afef4423f2040eae1,,"1,3",Discovery metadata; not a validated inclusion or toxicity claim
bf8687893c230fec1344f6ce073b3a02a2840cf7,Toxicity of sesame extracts to the symbiotic fungus of leaf-cutting ants,F. C. Pagnocca; Osvaldo Aulino da Silva; Maria Jose Hebling-Beraldo; O. Bueno; J. Fernandes; P. Vieira,1990,10.1017/S0007485300050550,https://www.semanticscholar.org/paper/bf8687893c230fec1344f6ce073b3a02a2840cf7,https://repositorio.unesp.br/bitstreams/e4316b7e-d396-43c1-bd82-a8f325391ea2/download,"1,3,9",Discovery metadata; not a validated inclusion or toxicity claim
bf9a2bb29ae0edb44cfb5f85b0738e03e6d2b7de,Two decades before the mast.,P. Bryce; R. Schleimer,2010,10.1165/rcmb.2010-0030ED,https://www.semanticscholar.org/paper/bf9a2bb29ae0edb44cfb5f85b0738e03e6d2b7de,,1,Discovery metadata; not a validated inclusion or toxicity claim
bffcc8b6894f264264e4035708ff0472ba918fb8,Garden substrate preparation behaviours in fungus-growing ants,D. M. Mangone; C. Currie,2007,10.4039/n06-105,https://www.semanticscholar.org/paper/bffcc8b6894f264264e4035708ff0472ba918fb8,,"1,2,8",Discovery metadata; not a validated inclusion or toxicity claim
c016bde6f72a9074ff15c437db365a6a0524824a,TOXICIDADE DE EXTRATOS HEXÂNICOS DE PLANTAS ÀS OPERÁRIAS DE Atta laevigata E Acromyrmex subterraneus subterraneus (FORMICIDAE: ATTINI),M. Araújo; T. M. C. D. Lucia; M. D. Moreira; M. Picanço,2008,10.18539/CAST.V14I3.1939,https://www.semanticscholar.org/paper/c016bde6f72a9074ff15c437db365a6a0524824a,,"1,2,3,5",Discovery metadata; not a validated inclusion or toxicity claim
c04af0eaabe4a87c6154f51575d71334089d25c3,"INDIVIDUAL FOOD CHOICES BY FORAGERS FROM THE SPECIES ACROMYRMEX OCTOSPINOSUS (REICH), THE LEAF-CUTTING ANT",P. Therrien,1988,10.4039/ENTM120146123-1,https://www.semanticscholar.org/paper/c04af0eaabe4a87c6154f51575d71334089d25c3,,"1,2",Discovery metadata; not a validated inclusion or toxicity claim
c05bad5ff5fce6f866b4fa7637b93920a61fea1e,Odour learning and decision-making during food collection in the leaf-cutting antAcromyrmex lundi,F. Roces,1994,10.1007/BF01242294,https://www.semanticscholar.org/paper/c05bad5ff5fce6f866b4fa7637b93920a61fea1e,,"1,10",Discovery metadata; not a validated inclusion or toxicity claim
c15cfc3d5f7457e1b5921ca12524683e5627e380,New Synthesis: The Chemistry of Partner Choice in Insect-Microbe Mutualisms,P. H. Biedermann; Martin Kaltenpoth,2014,10.1007/s10886-014-0382-8,https://www.semanticscholar.org/paper/c15cfc3d5f7457e1b5921ca12524683e5627e380,https://link.springer.com/content/pdf/10.1007/s10886-014-0382-8.pdf,"1,2",Discovery metadata; not a validated inclusion or toxicity claim
c1ae5a409ee104e4ae781326899ba43131964987,Attacobius attarurn Spiders (Corinnidae): Myrmecophilous Predators of Immature Forms of the Leaf‐Cutting Ant Atta sexdens (Formicidae) 1,M. Erthal; A. Tonhasca,2001,10.1111/j.1744-7429.2001.tb00191.x,https://www.semanticscholar.org/paper/c1ae5a409ee104e4ae781326899ba43131964987,,"1,3,10",Discovery metadata; not a validated inclusion or toxicity claim
c1be5a028ab4f67f0cba557ac80e05c9cefe5c0a,Factors Influencing the Cycles of Foraging Activity and Inactivity in Colonies of the Leaf‐Cutting Ant Atta sexdens (Linnaeus) in Eucalyptus Plantations,J. J. Sanches; V. Fourcassié; Juliana de Sousa Barbosa; Caroline Silva de Abreu; R. Zanetti,2025,10.1111/jen.13467,https://www.semanticscholar.org/paper/c1be5a028ab4f67f0cba557ac80e05c9cefe5c0a,,"1,3",Discovery metadata; not a validated inclusion or toxicity claim
c1cd1a244e316e3ad18ab1c27a349681bd985288,Uninformed sacrifice: Evidence against long-range alarm transmission in foraging ants exposed to localized abduction,F. Tejera; A. Reyes; E. Altshuler,2016,10.1140/epjst/e2015-50325-8,https://www.semanticscholar.org/paper/c1cd1a244e316e3ad18ab1c27a349681bd985288,https://arxiv.org/pdf/1512.04162,"1,3",Discovery metadata; not a validated inclusion or toxicity claim
c2395cc8b91c5288b32c04cfc57ac4ee8a8a23f5,Collection and Long-Term Maintenance of Leaf-Cutting Ants (Atta) in Laboratory Conditions.,B. Nogueira; A. A. de Oliveira; J. P. da Silva; O. Bueno,2022,10.3791/64154,https://www.semanticscholar.org/paper/c2395cc8b91c5288b32c04cfc57ac4ee8a8a23f5,http://doi.org/10.3791/64154,1,Discovery metadata; not a validated inclusion or toxicity claim
c2bc79efe4176b1da4a6f75e698da9f7d8cdb4c0,The Importance of Where to Dump the Refuse: Seed Banks and Fine Roots in Nests of the Leaf‐Cutting Ants Atta cephalotes and A. colombica 1,Alejandro G. Farji-Brener; Claudia A. Medina,2000,10.1111/j.1744-7429.2000.tb00454.x,https://www.semanticscholar.org/paper/c2bc79efe4176b1da4a6f75e698da9f7d8cdb4c0,,"1,3",Discovery metadata; not a validated inclusion or toxicity claim
c2f562fe4913e6fd8449a32bb280a3aa22dfca91,Influence of leaf epicuticular waxes from cerrado species on substrate selection by Atta sexdens rubropilosa,Regina L. Sugayama; A. Salatino,1995,10.1111/j.1570-7458.1995.tb01875.x,https://www.semanticscholar.org/paper/c2f562fe4913e6fd8449a32bb280a3aa22dfca91,https://doi.org/10.1111/j.1570-7458.1995.tb01875.x,"1,3",Discovery metadata; not a validated inclusion or toxicity claim
c3bb0246376d15d1308bdb99c6aacb035f442da4,Harmony under threat: does resource-mediated stress affect the (caste-based) social network of leaf-cutting ant colonies?,Lailla C. Gandra; L. M. Turchen; K. D. Amaral; R. Guedes; Terezinha Maria C. Della Lucia,2024,10.1002/ps.8343,https://www.semanticscholar.org/paper/c3bb0246376d15d1308bdb99c6aacb035f442da4,,"1,2",Discovery metadata; not a validated inclusion or toxicity claim
c40ab87634593067144473d526c1f8d883c440ed,"Draft Genome Sequence of Enterococcus mundtii SL 16, an Indigenous Gut Bacterium of the Polyphagous Pest Spodoptera littoralis",Bosheng Chen; Chao-hui Sun; Xili Liang; Xingmeng Lu; Qikang Gao; Pol Alonso-Pernas; B. Teh; A. Novoselov; W. Boland; Yongqi Shao,2016,10.3389/fmicb.2016.01676,https://www.semanticscholar.org/paper/c40ab87634593067144473d526c1f8d883c440ed,https://www.frontiersin.org/articles/10.3389/fmicb.2016.01676/pdf,"1,9,10",Discovery metadata; not a validated inclusion or toxicity claim
c420def11b952e494869caefdee78381e807cd54,Polymorphism and Division of Labor During Foraging Cycles in the Leaf-cutting Ant Acromyrmex octospinosus (Formicidae; Attini),M. Muscedere; Jenny Berglund; J. Traniello,2011,10.1007/s10905-010-9239-3,https://www.semanticscholar.org/paper/c420def11b952e494869caefdee78381e807cd54,,"1,2",Discovery metadata; not a validated inclusion or toxicity claim
c43211221babfc9f301eecc6d47686079ee3f473,Annual foraging of the leaf-cutting ant Atta colombica in a semideciduous rain forest in Panama,R. Wirth; W. Beyschlag; R. Ryel; B. Hölldobler,1997,10.1017/S0266467400010907,https://www.semanticscholar.org/paper/c43211221babfc9f301eecc6d47686079ee3f473,,"1,3,10",Discovery metadata; not a validated inclusion or toxicity claim
c456bc344f1f6d189bab5c7abb266f0d9247b63a,Refuse Production in Leaf-cutting Ants (Hymenoptera: Formicidae) and its Relationship with Leaf Harvest,H. Fowler; J. Louzada,1996,10.1076/BRHM.27.2.148.12944,https://www.semanticscholar.org/paper/c456bc344f1f6d189bab5c7abb266f0d9247b63a,,"1,2",Discovery metadata; not a validated inclusion or toxicity claim
c4776a9b94ea00731146bda51b5d964bcdf8bdf4,Foraging Behavior in Atta Leaf-Cutter Ants: A comparison of disturbed versus undisturbed nests,A. Baetz,2019,,https://www.semanticscholar.org/paper/c4776a9b94ea00731146bda51b5d964bcdf8bdf4,,1,Discovery metadata; not a validated inclusion or toxicity claim
c4bba1059a6554af85bcc3beb7809aa0e7fc006a,Energetics of trail clearing in the leaf-cutter ant Atta,Thomas Bochynek; B. Meyer; M. Burd,2016,10.1007/s00265-016-2237-5,https://www.semanticscholar.org/paper/c4bba1059a6554af85bcc3beb7809aa0e7fc006a,,1,Discovery metadata; not a validated inclusion or toxicity claim
c4ea1b2bba054de7450ee68ab2328aeef33c545d,Foraging activity pattern and herbivory rates of the grass-cutting ant Atta capiguara,N. Caldato; L. Forti; S. Bouchebti; J. Lopes; V. Fourcassié,2016,10.1007/s00040-016-0479-x,https://www.semanticscholar.org/paper/c4ea1b2bba054de7450ee68ab2328aeef33c545d,https://link.springer.com/content/pdf/10.1007/s00040-016-0479-x.pdf,"1,4",Discovery metadata; not a validated inclusion or toxicity claim
c5006c1f703285866b6517006b68a7b6497b4611,Leaf-cutter ants (Genus: Atta) preference for leaves treated with secondary compounds in mid-elevation rainforest,Ragan Miller,2019,,https://www.semanticscholar.org/paper/c5006c1f703285866b6517006b68a7b6497b4611,,1,Discovery metadata; not a validated inclusion or toxicity claim
c5639f0479ac860052adfea4fe8f1c8c66342671,"Lithodytes lineatus (SCHNEIDER, 1799) (Amphibia: Leptodactylidae) as a dweller in nests of the leaf cutting ant Atta cephalotes (LINNAEUS, 1758) (Hymenoptera: Attini)",Andreas Schlüter; Janos Regös,1981,10.1163/156853881X00159,https://www.semanticscholar.org/paper/c5639f0479ac860052adfea4fe8f1c8c66342671,https://brill.com/downloadpdf/view/journals/amre/2/2/article-p117_3.pdf,"1,3",Discovery metadata; not a validated inclusion or toxicity claim
c567c440fc40ce05af265f84e52636776a860ab1,Leaf‐cutting ants use relative humidity and temperature but not CO2 levels as cues for the selection of an underground dumpsite,D. Römer; M. Bollazzi; F. Roces,2019,10.1111/een.12727,https://www.semanticscholar.org/paper/c567c440fc40ce05af265f84e52636776a860ab1,,1,Discovery metadata; not a validated inclusion or toxicity claim
c5da5048db2fd2e4a2e3e61b8127f35a3f914e34,Do leaf‐cutting ant nests make “bottom–up” gaps in neotropical rain forests?: a critical review of the evidence,Farji‐Brener; Illes,2000,10.1046/J.1461-0248.2000.00134.X,https://www.semanticscholar.org/paper/c5da5048db2fd2e4a2e3e61b8127f35a3f914e34,,1,Discovery metadata; not a validated inclusion or toxicity claim
c639a9dc9db240a5813db5428f47c00fefa9ef60,Phylogenetic signal in leaf-cutting ant diet in the fragmented Atlantic rain forest,Pille Gerhold; Elâine M. S. Ribeiro; Bráulio A. Santos; Joosep Sarapuu; M. Tabarelli; R. Wirth; I. Leal,2019,10.1017/S0266467419000063,https://www.semanticscholar.org/paper/c639a9dc9db240a5813db5428f47c00fefa9ef60,,"1,3",Discovery metadata; not a validated inclusion or toxicity claim
c67bcfa1f9287f7142b6dee4048fabe330b87829,Body size effects on locomotion and load carriage in the highly polymorphic leaf-cutting ants Atta colombica and Atta cephalotes.,M. Burd,2000,10.1093/BEHECO/11.2.125,https://www.semanticscholar.org/paper/c67bcfa1f9287f7142b6dee4048fabe330b87829,https://academic.oup.com/beheco/article-pdf/11/2/125/9742029/110125.pdf,"1,3",Discovery metadata; not a validated inclusion or toxicity claim
c683d6533d071ce65ae054ad100917551fa8ca6f,Chemical disguise of myrmecophilous cockroaches and its implications for understanding nestmate recognition mechanisms in leaf-cutting ants,Volker Nehring; F. Dani; L. Calamai; S. Turillazzi; H. Bohn; K. Klass; P. D’ettorre,2016,10.1186/s12898-016-0089-5,https://www.semanticscholar.org/paper/c683d6533d071ce65ae054ad100917551fa8ca6f,https://bmcecol.biomedcentral.com/track/pdf/10.1186/s12898-016-0089-5,"1,2,3",Discovery metadata; not a validated inclusion or toxicity claim
c6bbd00569e3ae5bced7ef66ae00360b777cf36b,"Predation of leaf-cutter ants Atta opaciceps Borgmeier, 1939 by the white-tufted marmoset Callithrix jacchus (Linnaeus, 1758): study case and review",P. A. Rocha; S. Ferrari; R. Beltrão‐Mendes,2021,10.29215/pecen.v5i0.1720,https://www.semanticscholar.org/paper/c6bbd00569e3ae5bced7ef66ae00360b777cf36b,https://cfp.revistas.ufcg.edu.br/cfp/index.php/RPECEN/article/download/1720/pdf,"1,4",Discovery metadata; not a validated inclusion or toxicity claim
c6bc866dbc2e22f673a2adb64367d7afcbac8750,How Gradient Affects the Foraging Decisions of Leaf Cutting Ants at the Food Source,S. Butler,2021,10.46289/uysd1256,https://www.semanticscholar.org/paper/c6bc866dbc2e22f673a2adb64367d7afcbac8750,https://eprints.glos.ac.uk/9244/1/9244_Sam_Butler_%282019%29_MSc_by_Research_%20Thesis_How_Gradient_Affects_%20the_Foraging_%20Decisions_of_Leaf_Cutting_%20Ants_at_the_%20Food_Source.pdf,"1,3",Discovery metadata; not a validated inclusion or toxicity claim
c6f6cbed5290c7af6dda951cd0308b0fc1e3094b,Foraging grass-cutting ants (Atta vollenweideri) maintain stability by balancing their loads with controlled head movements,Karin Moll; F. Roces; W. Federle,2010,10.1007/s00359-010-0535-3,https://www.semanticscholar.org/paper/c6f6cbed5290c7af6dda951cd0308b0fc1e3094b,,"1,4",Discovery metadata; not a validated inclusion or toxicity claim
c76c00a9c8e9d816afc925581db311c414eaa58a,Why are there few seedlings beneath the myrmecophyte Triplaris americana,D. Larrea-Alcázar; J. A. Simonetti,2007,10.1016/J.ACTAO.2007.03.010,https://www.semanticscholar.org/paper/c76c00a9c8e9d816afc925581db311c414eaa58a,,"1,3",Discovery metadata; not a validated inclusion or toxicity claim
c7bc75ac338c6e09591ef6dc8039cf1b6f953086,Tree seedling responses to leaf‐cutting ants herbivory in Atlantic Forest restoration sites,J. M. Garcia; Alexandre de Mello Bordignon; Géssi de Sousa Gonzaga; J. M. Torezan,2020,10.1111/btp.12808,https://www.semanticscholar.org/paper/c7bc75ac338c6e09591ef6dc8039cf1b6f953086,,"1,3",Discovery metadata; not a validated inclusion or toxicity claim
c806f7a64fad49bd0cbb55f4040ec8c57d714904,Trade-offs in Antiherbivore Defenses in Piper cenocladum: Ant Mutualists Versus Plant Secondary Metabolites,L. Dyer; C. Dodson; Jon Beihoffer; D. Letourneau,2001,10.1023/A:1010345123670,https://www.semanticscholar.org/paper/c806f7a64fad49bd0cbb55f4040ec8c57d714904,,1,Discovery metadata; not a validated inclusion or toxicity claim
c82940344a59683d80cff1d7cd701a777993b6f9,"LEAF-CUTTING ANTS Acromyrmex niger SMITH, 1858(HYMENOPTERA; FORMICIDAE) USED AS BIOINDICATORS OF AGROTOXICS RESIDUES",L. B. Cantagalli; D. Lopes; Ana Lúcia Paz Barateiro Stuchi; M. Ruvolo-Takasusuki,2013,10.15446/ABC.V19N2.38343,https://www.semanticscholar.org/paper/c82940344a59683d80cff1d7cd701a777993b6f9,https://doi.org/10.15446/abc.v19n2.38343,"1,2,6",Discovery metadata; not a validated inclusion or toxicity claim
c8923b4d771c37c2054aaca72d48500a3f905f9a,Costa Rican Leaf-cutting Ant 61 FORAGING AND NESTING ECOLOGY OF ACROMYRMEX OCTOSPINOSUS ( HYMENOPTERA : FORMICIDAE ) IN A COSTA RICAN TROPICAL DRY FOREST,Ames; W. K.; Etterer; Aniel; G. S; Runer; Orge; L. E; Opez,1998,,https://www.semanticscholar.org/paper/c8923b4d771c37c2054aaca72d48500a3f905f9a,,"1,2",Discovery metadata; not a validated inclusion or toxicity claim
c93950c788596470718a173eb5333d8b7d3a8693,A Ten-year Colony of Sericomyrmex urichi (Hymenoptera: Formicidae),N. A. Weber,1976,10.1093/AESA/69.5.815,https://www.semanticscholar.org/paper/c93950c788596470718a173eb5333d8b7d3a8693,,"1,8",Discovery metadata; not a validated inclusion or toxicity claim
c985adaef8c1566da054425f456ee0ea0cb421c6,Leaf-Cutter Ant Fungus Gardens Are Biphasic Mixed Microbial Bioreactors That Convert Plant Biomass to Polyols with Biotechnological Applications,A. F. Somera; A. M. Lima; Á. J. dos Santos-Neto; F. Lanças; M. Bacci,2015,10.1128/AEM.00046-15,https://www.semanticscholar.org/paper/c985adaef8c1566da054425f456ee0ea0cb421c6,https://aem.asm.org/content/aem/81/13/4525.full.pdf,"1,4,9",Discovery metadata; not a validated inclusion or toxicity claim
c99ce54bd701ff892193bfa5ce0001903d2c3fc9,Leaf-Cutting Ants (Atta cephalotes) Select Nitrogen-Rich Forage,C. Berish,1986,10.2307/2425863,https://www.semanticscholar.org/paper/c99ce54bd701ff892193bfa5ce0001903d2c3fc9,,"1,3",Discovery metadata; not a validated inclusion or toxicity claim
c9a58430aacda964d6cc9050450ed2f72da12cf8,Sperms of Cycas,C. J. Chamberlain; G. Shull,1907,10.1086/329328,https://www.semanticscholar.org/paper/c9a58430aacda964d6cc9050450ed2f72da12cf8,,1,Discovery metadata; not a validated inclusion or toxicity claim
ca10c5948a94c451560c0d9ae4a2d3e8a388b3f4,The influence of the symbiotic fungus on foraging decisions in leaf-cutting ants,N. Saverschek,2010,,https://www.semanticscholar.org/paper/ca10c5948a94c451560c0d9ae4a2d3e8a388b3f4,,1,Discovery metadata; not a validated inclusion or toxicity claim
ca76b8464862c93ed815985c0d9526c6763b3e21,Simarouba versicolor (Simaroubaceae) Dispersal by the Leaf-Cutter Ant Atta sexdens,D.I.S. Lopes; R. C. Tavares; K. M. Batista; P. B. Souza; Mariela Otoni do Nascimento; D. J. Souza,2018,10.13102/SOCIOBIOLOGY.V65I2.2162,https://www.semanticscholar.org/paper/ca76b8464862c93ed815985c0d9526c6763b3e21,http://periodicos.uefs.br/index.php/sociobiology/article/download/2162/2862,"1,3,10",Discovery metadata; not a validated inclusion or toxicity claim
cab558a51c9d90c2d19755d87be9597c4518d1f9,EFICIÊNCIA E PRINCÍPIO DE FUNCIONAMENTO DE BARREIRA FÍSICA CÔNICA CONTRA AS QUENQUÉNS,Josielice dos Santos Almeida; Leonardo Oliveira Medici; E. L. Aguiar-Menezes,2013,10.5380/RF.V43I4.25729,https://www.semanticscholar.org/paper/cab558a51c9d90c2d19755d87be9597c4518d1f9,https://doi.org/10.5380/rf.v43i4.25729,"1,2,5",Discovery metadata; not a validated inclusion or toxicity claim
cad117dfd2b6432f6cb7e262cd24d9d318de39e2,"Levantamento de Attini (Hymenoptera, Formicidae) em povoamento de Eucalyptus na região de Paraopeba, Minas Gerais, Brasil",M. Araújo; T. M. D. Lucia; A. J. Mayhé-Nunes,1997,10.1590/S0101-81751997000200006,https://www.semanticscholar.org/paper/cad117dfd2b6432f6cb7e262cd24d9d318de39e2,https://www.scielo.br/j/rbzool/a/KykxS67KT8jwPHGr9kDVfBN/?lang=pt&format=pdf,"1,2,8",Discovery metadata; not a validated inclusion or toxicity claim
cb27b7e731a403670dd8a2582c90dbb040f06a84,Recipes for Mapping Vegetation,W. Gillis,1969,10.2307/1934687,https://www.semanticscholar.org/paper/cb27b7e731a403670dd8a2582c90dbb040f06a84,,1,Discovery metadata; not a validated inclusion or toxicity claim
cb2971cffe0e33ce6c451e5e08e5974652f5bb5c,Effect of azadirachtin on mortality and immune response of leaf-cutting ants,K. D. Amaral; Lailla C. Gandra; M. D. de Oliveira; D. J. de Souza; T. M. C. Della Lucia,2019,10.1007/s10646-019-02124-z,https://www.semanticscholar.org/paper/cb2971cffe0e33ce6c451e5e08e5974652f5bb5c,,"1,2,3",Discovery metadata; not a validated inclusion or toxicity claim
cba08ff3191f586225e95ccc2fd21c196e31fdbb,Generation of Nutrients and Detoxification: Possible Roles of Yeasts in Leaf-Cutting Ant Nests,T. Mendes; A. Rodrigues; I. Dayo-Owoyemi; F. Marson; F. C. Pagnocca,2012,10.3390/insects3010228,https://www.semanticscholar.org/paper/cba08ff3191f586225e95ccc2fd21c196e31fdbb,https://www.mdpi.com/2075-4450/3/1/228/pdf?version=1329923410,"1,2,10",Discovery metadata; not a validated inclusion or toxicity claim
cbc6b5160661688d4f8f05fef07600e04c835b85,Leaf-cutting ant nests and soil biota abundance in a semi-arid steppe of Northwestern Patagonia.,A. Farji-Brener,2010,,https://www.semanticscholar.org/paper/cbc6b5160661688d4f8f05fef07600e04c835b85,,"1,2",Discovery metadata; not a validated inclusion or toxicity claim
cc0f9fde9551ac5c1b0d7d60470c95a5bbab1cd4,Leafcutters: Life simulation gameplay designed to evoke engagement with real-world subject matter,William B. Graner,2011,10.25549/usctheses-m3919,https://www.semanticscholar.org/paper/cc0f9fde9551ac5c1b0d7d60470c95a5bbab1cd4,,1,Discovery metadata; not a validated inclusion or toxicity claim
cc4430b433b3fff8c799398a2d1b7ca94605ba45,Danos causados por diferentes níveis de desfolha artificial para simulação do ataque de formigas cortadeiras em Pinus taeda e Eucalyptus grandis,W. Reis; F. Santos; Priscila Strapasson; M. A. Nickele,2011,10.4336/2011.PFB.31.65.37,https://www.semanticscholar.org/paper/cc4430b433b3fff8c799398a2d1b7ca94605ba45,https://doi.org/10.4336/2011.pfb.31.65.37,1,Discovery metadata; not a validated inclusion or toxicity claim
cc5e5aea9f2ba7c353b2111a93000088c308f93f,Observation of leaf-cutting ants foraging on wild mushrooms,B. Lechner; R. Josens,2012,10.1007/s00040-012-0219-9,https://www.semanticscholar.org/paper/cc5e5aea9f2ba7c353b2111a93000088c308f93f,,"1,2,10",Discovery metadata; not a validated inclusion or toxicity claim
cd2c33cef5d728ed680eeea78b57bf64cef30211,Carbon dioxide levels and ventilation in Acromyrmex nests: significance and evolution of architectural innovations in leaf-cutting ants,M. Bollazzi; D. Römer; F. Roces,2021,10.1098/rsos.210907,https://www.semanticscholar.org/paper/cd2c33cef5d728ed680eeea78b57bf64cef30211,https://doi.org/10.1098/rsos.210907,"1,2,8",Discovery metadata; not a validated inclusion or toxicity claim
cdb7fb758b0bdb4d3d9ac5a5e36d744100aab0ea,Social insect genomes exhibit dramatic evolution in gene composition and regulation while preserving regulatory features linked to sociality,D. Simola; Lothar Wissler; G. Donahue; Robert M. Waterhouse; M. Helmkampf; Julien Roux; S. Nygaard; Karl M. Glastad; D. Hagen; L. Viljakainen; J. Reese; B. Hunt; D. Graur; E. Elhaik; E. Kriventseva; Jiayu Wen; Brian J. Parker; Elizabeth I. Cash; E. Privman; C. Childers; M. Munoz-Torres; J. Boomsma; E. Bornberg‐Bauer; C. Currie; C. Elsik; G. Suen; M. Goodisman; L. Keller; J. Liebig; A. Rawls; D. Reinberg; Chris D. Smith; Chris R. Smith; N. Tsutsui; Y. Wurm; E. Zdobnov; S. Berger; J. Gadau,2013,10.1101/gr.155408.113,https://www.semanticscholar.org/paper/cdb7fb758b0bdb4d3d9ac5a5e36d744100aab0ea,http://genome.cshlp.org/content/23/8/1235.full.pdf,1,Discovery metadata; not a validated inclusion or toxicity claim
cdecec70cf890b1affa434bbd9ee306a40a75324,The effects of leaf deprivation on leaf‐cutting ants and their mutualistic fungus,M. Bass,1997,10.1046/J.1365-2311.1997.00080.X,https://www.semanticscholar.org/paper/cdecec70cf890b1affa434bbd9ee306a40a75324,,1,Discovery metadata; not a validated inclusion or toxicity claim
ce1dbbfae3968059b8d873f54abd9c39cf363308,"Rapid shifts in Atta cephalotes fungus-garden enzyme activity after a change in fungal substrate (Attini, Formicidae)",P. W. Kooij; M. Schiøtt; J. J. Boomsma; H. H. De Fine Licht,2010,10.1007/s00040-010-0127-9,https://www.semanticscholar.org/paper/ce1dbbfae3968059b8d873f54abd9c39cf363308,https://link.springer.com/content/pdf/10.1007/s00040-010-0127-9.pdf,"1,3,9",Discovery metadata; not a validated inclusion or toxicity claim
ce5c457b9252f84f62e767fa0d35961c428cea35,The role of endophyte diversity in protecting plants from defoliation by leaf-cutting ants,C. Estrada; E. Degner; Enith I. Rojas; W. Wcislo; Sunshine A. Van Bael,2015,,https://www.semanticscholar.org/paper/ce5c457b9252f84f62e767fa0d35961c428cea35,,1,Discovery metadata; not a validated inclusion or toxicity claim
ce5de2c2ba8883773425977826cd4ab1f70475af,Introduction of native tree species into degraded Cerrado vegetation,G. A. Santos; D. Burslem; Milton Serpa de Meira; S. P. Cardozo,2021,10.53660/inter-102-s127,https://www.semanticscholar.org/paper/ce5de2c2ba8883773425977826cd4ab1f70475af,https://doi.org/10.53660/inter-102-s127,1,Discovery metadata; not a validated inclusion or toxicity claim
cebeef91a33a70b358b3e8131fa485d3e835989c,Forager size of the leaf-cutting ant Atta sexdens (Hymenoptera: Formicidae) in a mature eucalyptus forest in Brazil.,A. Tonhasca; M. Bragança,2000,,https://www.semanticscholar.org/paper/cebeef91a33a70b358b3e8131fa485d3e835989c,,"1,3",Discovery metadata; not a validated inclusion or toxicity claim
cf27445aa7cbd3a2dd8cb2ff43cac19499f38b6f,Shared Escovopsis parasites between leaf-cutting and non-leaf-cutting ants in the higher attine fungus-growing ant symbiosis,Lucas A. Meirelles; S. E. Solomon; M. Bacci; April M. Wright; U. Mueller; A. Rodrigues,2015,10.1098/rsos.150257,https://www.semanticscholar.org/paper/cf27445aa7cbd3a2dd8cb2ff43cac19499f38b6f,https://doi.org/10.1098/rsos.150257,"1,10",Discovery metadata; not a validated inclusion or toxicity claim
d03e673c51c37771b15aa987e7922a40220085a9,"Foraging Ecology of the Leaf-Cutter Ant, Acromyrmex subterraneus (Hymenoptera: Formicidae), in a Neotropical Cerrado Savanna",A. C. Calheiros; M. U. Ronque; Hélio Soares; P. S. Oliveira,2019,10.1093/ee/nvz120,https://www.semanticscholar.org/paper/d03e673c51c37771b15aa987e7922a40220085a9,,"1,2",Discovery metadata; not a validated inclusion or toxicity claim
d0490e5363406ac13eaf2fe0ab73700ca802850a,Morphologie et fonctionnement du filtre infrabuccal chez une attine AcroṀyrmex octospinosus (Reich) (Hymenoptera : Formicidae): role de la poche infrabuccale,G. Febvay; A. Kermarrec,1981,10.1016/0020-7322(81)90024-6,https://www.semanticscholar.org/paper/d0490e5363406ac13eaf2fe0ab73700ca802850a,,1,Discovery metadata; not a validated inclusion or toxicity claim
d09e016df2c132277c1b51d3feb15917f450a329,Biological control of leaf‐cutter ants using pathogenic fungi: experimental laboratory and field studies,P. Folgarait; D. Goffré,2021,10.1111/eea.13078,https://www.semanticscholar.org/paper/d09e016df2c132277c1b51d3feb15917f450a329,,"1,2",Discovery metadata; not a validated inclusion or toxicity claim
d09f4f53c051062647a94ee832ee23fdff05df43,Survey of Neodohrniphora spp. (Diptera: Phoridae) at colonies of Atta sexdens rubropilosa (FOREL) and specificity of attack behaviour in relation to their hosts,V. G. Silva; Omar Bailez; A. M. Viana-Bailez; A. Tonhasca; T. M. Castro Della Lucia,2008,10.1017/S0007485307005548,https://www.semanticscholar.org/paper/d09f4f53c051062647a94ee832ee23fdff05df43,https://www.cambridge.org/core/services/aop-cambridge-core/content/view/906CB86F20A44F20B40B4F604E1C7598/S0007485307005548a.pdf/div-class-title-survey-of-span-class-italic-neodohrniphora-span-spp-diptera-phoridae-at-colonies-of-span-class-italic-atta-sexdens-rubropilosa-span-forel-and-specificity-of-attack-behaviour-in-relation-to-their-hosts-div.pdf,"1,2,3",Discovery metadata; not a validated inclusion or toxicity claim
d0a239112fca3a007ace574629555fff0c8932b1,Isolation and characterization of mollicute symbionts from a fungus-growing ant reveals genome reduction and host specialization,E. A. Green; Ian Klepacki; J. Klassen,2024,10.1101/2024.08.02.606451,https://www.semanticscholar.org/paper/d0a239112fca3a007ace574629555fff0c8932b1,https://doi.org/10.1101/2024.08.02.606451,"1,2,8",Discovery metadata; not a validated inclusion or toxicity claim
d0e12a223dcf756e749e6aaca11e8063ee0ecd64,Relaxed selection underlies genome erosion in socially parasitic ant species,L. Schrader; Hailin Pan; M. Bollazzi; M. Schiøtt; Fredrick J. Larabee; Xupeng Bi; Yuan Deng; Guojie Zhang; J. Boomsma; C. Rabeling,2021,10.1038/s41467-021-23178-w,https://www.semanticscholar.org/paper/d0e12a223dcf756e749e6aaca11e8063ee0ecd64,https://www.nature.com/articles/s41467-021-23178-w.pdf,"1,2",Discovery metadata; not a validated inclusion or toxicity claim
d0e51622d8fea451f9b4c6b681c8adda2b6f4d04,Ecological engineering by a native leaf-cutting ant increases the performance of exotic plant species,A. Farji-Brener; N. Lescano; L. Ghermandi,2010,10.1007/s00442-010-1589-1,https://www.semanticscholar.org/paper/d0e51622d8fea451f9b4c6b681c8adda2b6f4d04,http://hdl.handle.net/11336/275611,"1,2",Discovery metadata; not a validated inclusion or toxicity claim
d102816d731414edb8b91dd7651739cbfacef2ac,Atividade de extratos vegetais e seus derivados sobre o crescimento do fungo simbionte de Atta sexdens L. e outros microrganismos,M. P. F. Godoy,2003,,https://www.semanticscholar.org/paper/d102816d731414edb8b91dd7651739cbfacef2ac,,"1,3",Discovery metadata; not a validated inclusion or toxicity claim
d11508e0fe796601f621c9dd025b42697f153785,Neotyphodium endophytes in grasses: deterrents or promoters of herbivory by leaf-cutting ants?,T. M. Tibbets; S. Faeth,1999,10.1007/s004420050730,https://www.semanticscholar.org/paper/d11508e0fe796601f621c9dd025b42697f153785,,"1,2",Discovery metadata; not a validated inclusion or toxicity claim
d15bbbd8ec0496d355ec527c92700f538677a0ed,Synthetic amides toxic to the leaf‐cutting ant Atta sexdens rubropilosa L. and its symbiotic fungus,F. C. Pagnocca; S. R. Victor; F. C. Bueno; F. Crisóstomo; T. C. Castral; J. Fernandes; A. Corrêa; O. Bueno; M. Bacci; M. Hebling; P. Vieira; M. F. D. da Silva,2006,10.1111/j.1461-9555.2006.00278.x,https://www.semanticscholar.org/paper/d15bbbd8ec0496d355ec527c92700f538677a0ed,,"1,3",Discovery metadata; not a validated inclusion or toxicity claim
d1f253338137255f76eaffbbd6907f488edcda6e,Fallen Branches as Part of Leaf‐Cutting Ant Trails: Their Role in Resource Discovery and Leaf Transport Rates in Atta cephalotes,A. Farji-Brener; Gilbert Barrantes; O. Laverde; K. Fierro‐Calderón; F. Bascopé; Adriana Olvera López,2007,10.1111/j.1744-7429.2006.00256.x,https://www.semanticscholar.org/paper/d1f253338137255f76eaffbbd6907f488edcda6e,https://onlinelibrary.wiley.com/doi/pdfdirect/10.1111/j.1744-7429.2006.00256.x,"1,3",Discovery metadata; not a validated inclusion or toxicity claim
d1f3e2108f413af6d1c48fed1aceeb72ee46a080,Topical toxicity of four active ingredients on Atta sexdens workers,M. S. Barbosa; R. T. Fujihara; L. C. Forti,2022,10.33448/rsd-v11i5.27901,https://www.semanticscholar.org/paper/d1f3e2108f413af6d1c48fed1aceeb72ee46a080,https://doi.org/10.33448/rsd-v11i5.27901,"1,3",Discovery metadata; not a validated inclusion or toxicity claim
d21cdaa92ad7e5d19f5a0ad9093e05272153fbe9,Immunity of leaf-cutting ants and its role in host-parasitoid relationships.,L. Elizalde; D. Treanor; T. Pamminger; W. Hughes,2019,10.1016/j.jinsphys.2019.04.008,https://www.semanticscholar.org/paper/d21cdaa92ad7e5d19f5a0ad9093e05272153fbe9,http://hdl.handle.net/11336/122241,1,Discovery metadata; not a validated inclusion or toxicity claim
d2bbea96e49cc6975b9984512ea023b1a67879d2,"Populations, prey capture and sharing, and foraging of the Paraguayan Ponerine Odontomachus chelifer Latreille.",H. Fowler,1980,10.1080/00222938000770081,https://www.semanticscholar.org/paper/d2bbea96e49cc6975b9984512ea023b1a67879d2,,"1,3",Discovery metadata; not a validated inclusion or toxicity claim
d334be48523cc4d4e0b7a15fd0401058cc39b1e1,Contact rate modulates foraging efficiency in leaf cutting ants,S. Bouchebti; S. Ferrere; K. Vittori; G. Latil; A. Dussutour; V. Fourcassié,2015,10.1038/srep18650,https://www.semanticscholar.org/paper/d334be48523cc4d4e0b7a15fd0401058cc39b1e1,https://www.nature.com/articles/srep18650.pdf,1,Discovery metadata; not a validated inclusion or toxicity claim
d3eefd09b46e8da72590fdde2a54b0df1a62163d,The chemical ecology of protective microbiomes in plant roots and leafcutter ants,Sarah F. Worsley; M. Hutchings; C. Murrell,2019,10.1099/ACMI.AC2019.PO0045,https://www.semanticscholar.org/paper/d3eefd09b46e8da72590fdde2a54b0df1a62163d,https://doi.org/10.1099/acmi.ac2019.po0045,"1,2",Discovery metadata; not a validated inclusion or toxicity claim
d3f7e8281b80abfc5beee8cc33bfdc5c7e30e627,18 Spatial Aspects of Foraging in Ants and Bees,M. Collett; T. Collett,2007,10.1101/087969819.49.467,https://www.semanticscholar.org/paper/d3f7e8281b80abfc5beee8cc33bfdc5c7e30e627,,1,Discovery metadata; not a validated inclusion or toxicity claim
d49a4529fb50a3ae1b6293a303c2ba161f64001f,Influence of natural fragances on recruitment olfactory conditioning and acceptance of forage material in the leaf-cutting ant Atta sexdens rubropilosa (Hymenoptera: Formicidae),H. Fowler; M. Schlindwein,1994,,https://www.semanticscholar.org/paper/d49a4529fb50a3ae1b6293a303c2ba161f64001f,,"1,3",Discovery metadata; not a validated inclusion or toxicity claim
d4b608f5e534d927ce6bd5de7c3ab4ea84d9528c,"Age polyethism in the leaf‐cutting ant Acromyrmex subterraneus brunneus Forel, 1911 (Hym., Formicidae)",R. Camargo; L. C. Forti; J. Lopes; A. Andrade; A. Ottati,2007,10.1111/j.1439-0418.2006.01129.x,https://www.semanticscholar.org/paper/d4b608f5e534d927ce6bd5de7c3ab4ea84d9528c,https://onlinelibrary.wiley.com/doi/pdfdirect/10.1111/j.1439-0418.2006.01129.x,"1,2",Discovery metadata; not a validated inclusion or toxicity claim
d4fa418699922c0b322186f165d2b93e2d58f8fa,Control of the behaviour of leaf-cutting ants by their ‘symbiotic’ fungus,P. Ridley; P. Howse; C. W. Jackson,1996,10.1007/BF01969745,https://www.semanticscholar.org/paper/d4fa418699922c0b322186f165d2b93e2d58f8fa,,"1,9",Discovery metadata; not a validated inclusion or toxicity claim
d58fddfa0d196fb3b7a810d253ff59370def0ad6,Synergistic Effects of Three Piper Amides on Generalist and Specialist Herbivores,L. Dyer; C. Dodson; J. Stireman; M. A. Tobler; Angela M. Smilanich; R. M. Fincher; D. Letourneau,2003,10.1023/A:1026310001958,https://www.semanticscholar.org/paper/d58fddfa0d196fb3b7a810d253ff59370def0ad6,https://works.bepress.com/john_stireman/75,"1,3",Discovery metadata; not a validated inclusion or toxicity claim
d6254bffd03b05dcc9a23eeb0638e06123a6651b,Foraging activity of an Amazonian leaf-cutting ant: responses to changes in the availability of woody plants and to previous plant damage,H. Vasconcelos,1997,10.1007/s004420050322,https://www.semanticscholar.org/paper/d6254bffd03b05dcc9a23eeb0638e06123a6651b,,"1,3",Discovery metadata; not a validated inclusion or toxicity claim
d701db90e4700becc46597f0ad272fe7aca8dd04,Dispersión del cerezo de Santa Lucía (Prunus mahaleb) en pastizales naturales del sur de la provincia de Buenos Aires,M. Amodeo,2015,,https://www.semanticscholar.org/paper/d701db90e4700becc46597f0ad272fe7aca8dd04,,"1,2,10",Discovery metadata; not a validated inclusion or toxicity claim
d711f155d144263e6085e4a9fb218374fe2f3c87,Data from: Extended phenotypes and foraging restrictions: ant nest entrances and resource ingress in leaf-cutting ants,L. Rodríguez-Planes; A. Farji-Brener,2019,10.5061/DRYAD.57VG809,https://www.semanticscholar.org/paper/d711f155d144263e6085e4a9fb218374fe2f3c87,,1,Discovery metadata; not a validated inclusion or toxicity claim
d7979d97d368a83fbe2f12d56357e9ae232764bb,Foraging specialization without relatedness or dominance among co-founding ant queens,S. Rissing; G. B. Pollock; M. Higgins; R. H. Hagen; D. Smith,1989,10.1038/338420A0,https://www.semanticscholar.org/paper/d7979d97d368a83fbe2f12d56357e9ae232764bb,https://hdl.handle.net/2027.42/62792,"1,2",Discovery metadata; not a validated inclusion or toxicity claim
d7fc62de5772b02c245e52601e7ead6d5738a5ca,Yeasts found on an ephemeral reproductive caste of the leaf-cutting ant Atta sexdens rubropilosa,S. L. Arcuri; F. C. Pagnocca; Weilan Gomes Paixão Melo; N. S. Nagamoto; D. Komura; A. Rodrigues,2014,10.1007/s10482-014-0216-2,https://www.semanticscholar.org/paper/d7fc62de5772b02c245e52601e7ead6d5738a5ca,,"1,3",Discovery metadata; not a validated inclusion or toxicity claim
d8153325a48a9cff1db29e1ffb9d5f35d74917bd,Recruitment of minor workers for defense against a specialized parasite of Atta leaf-cutting ant fungus gardens,A. Gerstner; Michael Poulsen; C. Currie,2011,10.1080/03949370.2010.529828,https://www.semanticscholar.org/paper/d8153325a48a9cff1db29e1ffb9d5f35d74917bd,,1,Discovery metadata; not a validated inclusion or toxicity claim
d82794bdd5fac0730fc13b64c1b1bd6918da2bef,"Nest density of Atta sexdens (Linnaeus, 1758) in Atlantic Forest restoration sites depends on the surrounding landscape",J. M. Garcia; Géssi de Sousa Gonzaga; Alexandre de Mello Bordignon; J. M. Torezan,2023,10.1017/S0266467422000517,https://www.semanticscholar.org/paper/d82794bdd5fac0730fc13b64c1b1bd6918da2bef,,"1,3",Discovery metadata; not a validated inclusion or toxicity claim
d8c82a7e4259e8522f7141a22deb6f6af641af50,Selective fern herbivory by leaf-cutter ants of Atta cephalotes (L.) in Brazil,Rafael de Paiva Farias; L. E. D. da Costa; I. C. L. Barros; A. F. M. de Oliveira; Klaus Mehltreter,2018,10.1007/s40415-018-0499-z,https://www.semanticscholar.org/paper/d8c82a7e4259e8522f7141a22deb6f6af641af50,https://link.springer.com/content/pdf/10.1007/s40415-018-0499-z.pdf,"1,3",Discovery metadata; not a validated inclusion or toxicity claim
d8e1fac2fdf265c02601335f041d913e76147b9c,CHAPTER 6 ' The relationship between soil macrofauna and tropicall soil fertility,P. Lavelle; Dangerfield; Fragoso; Eschenbrenner; D. López-Hernández; B. Pashanasi; L. Brussaard,2002,,https://www.semanticscholar.org/paper/d8e1fac2fdf265c02601335f041d913e76147b9c,,1,Discovery metadata; not a validated inclusion or toxicity claim
d9a5fc13eaf47e03200d229817ccd13f5da6ced7,Vegetation dynamics of predator‐free land‐bridge islands,J. Terborgh; K. Feeley; M. Silman; Percy V. Núñez; Brad Balukjian,2006,10.1111/j.1365-2745.2006.01106.x,https://www.semanticscholar.org/paper/d9a5fc13eaf47e03200d229817ccd13f5da6ced7,https://onlinelibrary.wiley.com/doi/pdfdirect/10.1111/j.1365-2745.2006.01106.x,"1,2",Discovery metadata; not a validated inclusion or toxicity claim
d9ac88c97adfb1a7509ac04ed94ed3921df515e4,Resistance to Leafcutter Ants (Hymenoptera: Formicidae) and Inhibition of Their Fungal Symbiont by Tropical Forage Grasses,S. Lapointe; M. S. Serrano; I. Corrales,1996,10.1093/JEE/89.3.757,https://www.semanticscholar.org/paper/d9ac88c97adfb1a7509ac04ed94ed3921df515e4,,"1,2,3",Discovery metadata; not a validated inclusion or toxicity claim
da2135ce88873383b2fe5b55ff05eefb3f4a1c9d,"Task partitioning, division of labour and nest compartmentalisation collectively isolate hazardous waste in the leafcutting ant Atta cephalotes",A. Hart; F. Ratnieks,2001,10.1007/s002650000312,https://www.semanticscholar.org/paper/da2135ce88873383b2fe5b55ff05eefb3f4a1c9d,https://figshare.com/articles/journal_contribution/Task_Partitioning_Division_of_Labour_and_Nest_Compartmentalisation_Collectively_Isolate_Hazardous_Waste_in_the_Leafcutting_Ant_Atta_cephalotes/23374853,"1,3",Discovery metadata; not a validated inclusion or toxicity claim
da4eb7b5c62b998a7a49f5f8d72e0d4be169cac8,"Leaf- Cutting Ants in Patagonia: How Human Disturbances Affect Their Role as Ecosystem Engineers on Soil Fertility, Plant Fitness, and Trophic Cascades",A. Farji-Brener; M. Tadey; M. Lescano; P. S. Oliveira; S. Koptur,2017,10.1017/9781316671825.019,https://www.semanticscholar.org/paper/da4eb7b5c62b998a7a49f5f8d72e0d4be169cac8,,1,Discovery metadata; not a validated inclusion or toxicity claim
daf05a9f59e41bc560bf36ccd5579ea3a62d585e,"Leaf-Cutter Ant, Cardiocondyla elegans (Hymenoptera: Formicidae) Foraging Ecology, in Dinder National Park, Sudan",Khalid. A. E. Eisawi; Hong He; Tayyab Shaheena,2021,10.35248/2161-0983.21.10.240,https://www.semanticscholar.org/paper/daf05a9f59e41bc560bf36ccd5579ea3a62d585e,,1,Discovery metadata; not a validated inclusion or toxicity claim
db27ccb3af7edbd21848a3d92b3e35b03f5d8dc5,Leaf-Cutter Ant Engineered Nest Soil CO2 Dynamics in a Neotropical Rainforest,F. Bou; A. Santiago,2019,,https://www.semanticscholar.org/paper/db27ccb3af7edbd21848a3d92b3e35b03f5d8dc5,,1,Discovery metadata; not a validated inclusion or toxicity claim
dba43d93301a08e1dffb0ebe1eb59a8c36e75ba7,STRATEGIES AND TACTICS IN PHORID-ANT INTERACTIONS,Omar Bailez,2016,10.4257/oeco.2016.2003.01,https://www.semanticscholar.org/paper/dba43d93301a08e1dffb0ebe1eb59a8c36e75ba7,https://revistas.ufrj.br/index.php/oa/article/download/8393/10225,1,Discovery metadata; not a validated inclusion or toxicity claim
dc195c637250f88572a0092126867a8406118929,"Substrate distribution in fungus chambers in nests of Atta bisphaerica Forel, 1908 (Hym., Formicidae)",A. Moreira; L. Forti; M. A. Boaretto; A. Andrade; M. N. Rossi,2003,10.1046/j.1439-0418.2003.00719.x,https://www.semanticscholar.org/paper/dc195c637250f88572a0092126867a8406118929,,1,Discovery metadata; not a validated inclusion or toxicity claim
dc23e3f8d3ea8af474ca423455c839be34f9cd4e,Hymenoptera:,E. Cantarelli,2006,10.2307/j.ctv22jnr0f.23,https://www.semanticscholar.org/paper/dc23e3f8d3ea8af474ca423455c839be34f9cd4e,,"1,2",Discovery metadata; not a validated inclusion or toxicity claim
dc5a5b32e825e4cb7e5c669323666da1249bb4ee,With a little help from my friends: Individual and collaborative performance during trail clearing in leaf‐cutting ants,A. M. Alma; A. Farji-Brener; L. Elizalde,2020,10.1111/btp.12770,https://www.semanticscholar.org/paper/dc5a5b32e825e4cb7e5c669323666da1249bb4ee,http://hdl.handle.net/11336/109660,"1,3",Discovery metadata; not a validated inclusion or toxicity claim
dc7dc6319d5f41de182128e95d0c3e14f83e864d,Can the nutrient-rich soil patches created by leaf-cutting ants favor plant compensation for foliar damage? A test of the compensatory continuum hypothesis,G. Pirk; A. Farji-Brener,2013,10.1007/s11258-013-0231-9,https://www.semanticscholar.org/paper/dc7dc6319d5f41de182128e95d0c3e14f83e864d,http://hdl.handle.net/11336/6665,"1,2",Discovery metadata; not a validated inclusion or toxicity claim
dccc942d4874deebd31a3e5406853000c00d0539,"Temporal variation in foraging activity and efficiency and the role of hitchhiking behaviour in the leaf‐cutting ant, Atta cephalotes",C. Yackulic; O. Lewis,2007,10.1111/j.1570-7458.2007.00606.x,https://www.semanticscholar.org/paper/dccc942d4874deebd31a3e5406853000c00d0539,,"1,3",Discovery metadata; not a validated inclusion or toxicity claim
dce62cb09c0cdf453ec77f7a6677f1fe579faa7c,Toxicity of synthetic piperonyl compounds to leaf-cutting ants and their symbiotic fungus.,S. R. Victor; F. Crisóstomo; F. C. Bueno; F. C. Pagnocca; J. Fernandes; A. Corrêa; O. Bueno; M. Hebling; M. Bacci Júnior; P. Vieira; M. F. D. da Silva,2001,10.1002/PS.333,https://www.semanticscholar.org/paper/dce62cb09c0cdf453ec77f7a6677f1fe579faa7c,,"1,3",Discovery metadata; not a validated inclusion or toxicity claim
dd321c935fffff2dc2b667fe1b81d24ee32a3667,Recognition of endophytic Trichoderma species by leaf-cutting ants and their potential in a Trojan-horse management strategy,S. L. Rocha; H. Evans; Vanessa L. Jorge; L. A. O. Cardoso; F. B. S. Pereira; F. B. Rocha; R. Barreto; A. Hart; S. Elliot,2017,10.1098/rsos.160628,https://www.semanticscholar.org/paper/dd321c935fffff2dc2b667fe1b81d24ee32a3667,https://doi.org/10.1098/rsos.160628,"1,3,9",Discovery metadata; not a validated inclusion or toxicity claim
dd9284e83bc72adda3d0a124b658d205d2eb91da,Fungos Filamentosos Associados às Espécies Atta sexdens (Linnaeus) e Atta laevigata (F. Smith) (Hymenoptera: Formicidae),Aline Silvestre Pereira Dornelas; R. A. Sarmento; G. Santos; Mariela Otoni do Nascimento; Danival José de Souza,2016,10.12741/EBRASILIS.V9I1.528,https://www.semanticscholar.org/paper/dd9284e83bc72adda3d0a124b658d205d2eb91da,https://www.entomobrasilis.org/index.php/ebras/article/download/ebrasilis.v9i1.528/366,"1,2,3,5",Discovery metadata; not a validated inclusion or toxicity claim
de0f37e706b06d1ac04778e27cb5990e5e33bfd9,A meta-analysis of leaf-cutting ant nest effects on soil fertility and plant performance,G. F. A. Rji,2014,,https://www.semanticscholar.org/paper/de0f37e706b06d1ac04778e27cb5990e5e33bfd9,,1,Discovery metadata; not a validated inclusion or toxicity claim
de79c67df8209f6e40acb291865093a015cefae7,Caste and division of labor in leaf-cutter ants (Hymenoptera: Formicidae: Atta),E. Wilson,1980,10.1007/BF00299520,https://www.semanticscholar.org/paper/de79c67df8209f6e40acb291865093a015cefae7,,1,Discovery metadata; not a validated inclusion or toxicity claim
decb51648cf5c5c5a0e42281a92c7c4610e1eeaf,"The effects of genotype, caste, and age on foraging performance in leaf-cutting ants",N. Constant; Lorenzo A. Santorelli; J. Lopes; W. Hughes,2012,10.1093/BEHECO/ARS116,https://www.semanticscholar.org/paper/decb51648cf5c5c5a0e42281a92c7c4610e1eeaf,https://figshare.com/articles/journal_contribution/The_effects_of_genotype_caste_and_age_on_foraging_performance_in_leaf-cutting_ants/23397971,"1,2",Discovery metadata; not a validated inclusion or toxicity claim
df12ba04c197f5ed4f6a980c3214fa4b60fa374d,Gardeners and midden workers in leaf-cutting ants learn to avoid plants unsuitable for the fungus at their worksites,A. Arenas; F. Roces,2016,10.1016/J.ANBEHAV.2016.03.016,https://www.semanticscholar.org/paper/df12ba04c197f5ed4f6a980c3214fa4b60fa374d,https://ri.conicet.gov.ar/bitstream/11336/45000/2/CONICET_Digital_Nro.7906e62d-7be3-4923-9427-222af3b32d1d_A.pdf,"1,2",Discovery metadata; not a validated inclusion or toxicity claim
df46912e4f82ddab69946e34c30647f6da024712,Long-term avoidance memory formation is associated with a transient increase in mushroom body synaptic complexes in leaf-cutting ants,A. Falibene; F. Roces; Wolfgang Rössler,2015,10.3389/fnbeh.2015.00084,https://www.semanticscholar.org/paper/df46912e4f82ddab69946e34c30647f6da024712,https://www.frontiersin.org/articles/10.3389/fnbeh.2015.00084/pdf,"1,2",Discovery metadata; not a validated inclusion or toxicity claim
df46ac8ea34f591df611a7b4e0701e7b1e5f91a5,Dismissed researcher wins court battle,A. Abbott,2009,10.1038/458558b,https://www.semanticscholar.org/paper/df46ac8ea34f591df611a7b4e0701e7b1e5f91a5,http://www.nature.com/news/2009/090401/pdf/458558b.pdf,"1,10",Discovery metadata; not a validated inclusion or toxicity claim
df4d5ce86362fa99744b32f52de8c63ed2efee77,Entomopathogenic Strains of the Fungus Purpureocillium lilacinum Damage the Fungus Cultivar of Pest Leaf-Cutter Ants,D. Goffré; P. Folgarait,2023,10.1007/s13744-023-01052-2,https://www.semanticscholar.org/paper/df4d5ce86362fa99744b32f52de8c63ed2efee77,,1,Discovery metadata; not a validated inclusion or toxicity claim
df7e40ad41d863a81c054d1ef4afa86a2c70057a,Digging effort in leaf-cutting ant queens (Atta sexdens rubropilosa) and its effects on survival and colony growth during the claustral phase,R. Camargo; L. C. Forti; R. T. Fujihara; F. Roces,2011,10.1007/s00040-010-0110-5,https://www.semanticscholar.org/paper/df7e40ad41d863a81c054d1ef4afa86a2c70057a,,"1,3",Discovery metadata; not a validated inclusion or toxicity claim
dfbd69ceaf82ee10ccf5dcfa1a2ece4591da8f7d,Colony Dehydration and Water Collection by Specialized Caste in the Leaf-Cutting Ant Atta Sexdens Rubropilosa,P. Ribeiro; C. Navas,2008,10.1007/s10905-008-9150-3,https://www.semanticscholar.org/paper/dfbd69ceaf82ee10ccf5dcfa1a2ece4591da8f7d,,1,Discovery metadata; not a validated inclusion or toxicity claim
dfed2cf72fc1813af5a9d793d76759cb4f0e85fc,Identification of a novel plant-derived attractant for Acromyrmex lobicornis leaf-cutting ants.,A. M. Alma; P. Fernández; Daiana Perri; M. Buteler,2019,10.1590/0001-3765201920181008,https://www.semanticscholar.org/paper/dfed2cf72fc1813af5a9d793d76759cb4f0e85fc,http://www.scielo.br/pdf/aabc/v91n3/0001-3765-aabc-91-03-e20181008.pdf,"1,2",Discovery metadata; not a validated inclusion or toxicity claim
dff726ac9024af1f2d0ee3cdbea175d3b3b4a94b,Inoculation with Native Actinobacteria May Improve Desert Plant Growth and Survival with Potential Use for Restoration Practices,M. Solans; Y. I. Pelliza; M. Tadey,2021,10.1007/s00248-021-01753-4,https://www.semanticscholar.org/paper/dff726ac9024af1f2d0ee3cdbea175d3b3b4a94b,http://hdl.handle.net/11336/183522,1,Discovery metadata; not a validated inclusion or toxicity claim
e05d416b78417f7576a11f3d8af6ff714206e1e2,Herbivory by Leaf-Cutting Ants: Exploring the Jasmonate Response in Host and Non-Host Plants,A. Müller; K. Ossetek; Axel Mithöfer,2024,10.1007/s10886-024-01519-5,https://www.semanticscholar.org/paper/e05d416b78417f7576a11f3d8af6ff714206e1e2,http://dx.doi.org/10.1007/s10886-024-01519-5,"1,2",Discovery metadata; not a validated inclusion or toxicity claim
e0a6a36066d69d66028dcd83e4316b0330a41b9d,Fast Food Delivery: Is There a Way for Foraging Success in Leaf-Cutting Ants?,T. Sales; Isabel Neto Hastenreiter; Nilhian Gonçalves de Almeida; J. Lopes,2015,10.13102/SOCIOBIOLOGY.V62I4.807,https://www.semanticscholar.org/paper/e0a6a36066d69d66028dcd83e4316b0330a41b9d,https://doi.org/10.13102/sociobiology.v62i4.807,1,Discovery metadata; not a validated inclusion or toxicity claim
e0e520e22fee406783b446e7e215cdc6442c4e64,Investigating the Biology of Leaf-Cutting Ants to Support the Development of Alternative Methods for the Control and Management of These Agricultural Pests,Virginia E. Masiulionis; R. I. Samuels,2025,10.3390/agriculture15060642,https://www.semanticscholar.org/paper/e0e520e22fee406783b446e7e215cdc6442c4e64,https://doi.org/10.3390/agriculture15060642,1,Discovery metadata; not a validated inclusion or toxicity claim
e0ee938aeeb29b5e581e073325949288b97caec1,Biogeographical and ecological studies,H. Lieth; M. Werger,1989,,https://www.semanticscholar.org/paper/e0ee938aeeb29b5e581e073325949288b97caec1,,1,Discovery metadata; not a validated inclusion or toxicity claim
e0fc998818720dccb55810ae77a38d960ef4fdd4,"Identification, cloning, and characterization of a novel chitinase from leaf-cutting ant Atta sexdens: An enzyme with antifungal and insecticidal activity.",K. C. Micocci; A. Moreira; A. D. Sánchez; Jessica L. Pettinatti; M. C. Rocha; Bruna S. Dionizio; K. C. Correa; I. Malavazi; F. C. Wouters; O. Bueno; D. Souza,2022,10.1016/j.bbagen.2022.130249,https://www.semanticscholar.org/paper/e0fc998818720dccb55810ae77a38d960ef4fdd4,,"1,3,10",Discovery metadata; not a validated inclusion or toxicity claim
e1399f3922765f3b20d3d606813d3ad2b0543a39,Refuse dumps from leaf-cutting ant nests reduce the intensity of above-ground competition among neighboring plants in a Patagonian steppe,A. Farji-Brener; M. Lescano,2017,10.1016/J.ACTAO.2017.10.009,https://www.semanticscholar.org/paper/e1399f3922765f3b20d3d606813d3ad2b0543a39,,"1,2",Discovery metadata; not a validated inclusion or toxicity claim
e1acdbbc65a89921afeb1714e229aad8b26bc9e5,Population profile of haemocytes in the subcastes of the leaf‐cutter ant Atta sexdens (Hymenoptera: Formicidae) unveiled by flow cytometry,Lídia Aparecida Dourado; Leandro Licursi Oliviera; Ana Paula Pereira Raimundo; J. E. Serrão,2024,10.1111/phen.12456,https://www.semanticscholar.org/paper/e1acdbbc65a89921afeb1714e229aad8b26bc9e5,,"1,3",Discovery metadata; not a validated inclusion or toxicity claim
e1bd3d9324628feb55fbb1258cbe31451beb3202,The Nest and Brood Ball of Canthon (Canthon) Virens aff. paraguayanus Balthasar (Coleoptera: Scarabaeidae: Scarabaeinae),L. Cantil; M. V. Sánchez; J. Genise,2014,10.1649/072.068.0306,https://www.semanticscholar.org/paper/e1bd3d9324628feb55fbb1258cbe31451beb3202,https://bioone.org/journals/the-coleopterists-bulletin/volume-68/issue-3/072.068.0306/The-Nest-and-Brood-Ball-of-Canthon-Canthon-Virens-aff/10.1649/072.068.0306.pdf,1,Discovery metadata; not a validated inclusion or toxicity claim
e25dfbcfa890e2238a492f06975a99d68841498a,Toxicity of Substances Isolated from Helietta puberula RE Fr . ( Rutaceae ) to the Leaf-cutting Ant Atta sexdens L . ( Hymenoptera : Formicidae ) and the Symbiotic Fungus Leucoagaricus gongylophorus ( Singer ),Möller; R. O. N. A. A. Lmeida; M. A. F. G. V. P. Eñaflor; S. I. Y. S. Imote; O. Ueno; A. MariaJ.; H. Ebling; F. E. C. P. Agnocca; J. Ernandes; P. A. C. V. Ieira; M. Da S Ilva,2007,,https://www.semanticscholar.org/paper/e25dfbcfa890e2238a492f06975a99d68841498a,,"1,3,9",Discovery metadata; not a validated inclusion or toxicity claim
e2ab06f7150d6db2986c88dd90167b4674368197,To exchange or not to exchange liquid food: is that the question for foraging leaf‐cutting ant workers?,Gabriela Christal Catalani; Roberto da Silva Camargo; Tarcísio Marcos Macedo Mota; K. K. Sousa; C. Matos; N. Caldato; Nilson Satoru Nagamoto; J. Zanuncio; L. C. Forti,2022,10.1111/eea.13133,https://www.semanticscholar.org/paper/e2ab06f7150d6db2986c88dd90167b4674368197,,"1,3",Discovery metadata; not a validated inclusion or toxicity claim
e2e81aa112d32abb597e4c20723c856e6b49b96c,The epizootiology of a Metarhizium infection in mini‐nests of the leaf‐cutting ant Atta sexdens rubropilosa,D. Jaccoud; W. Hughes; C. Jackson,1999,10.1046/j.1570-7458.1999.00561.x,https://www.semanticscholar.org/paper/e2e81aa112d32abb597e4c20723c856e6b49b96c,,"1,3",Discovery metadata; not a validated inclusion or toxicity claim
e31cfc60e94b9a690db304cfab00d7b3d30ecef1,"Dispersal of Leaf-Cutting Ants: fuzzy mathematical modeling, numerical approximation and simulations",R. M. Jafelice; C. G. Almeida; J. F. Meyer; H. Vasconcelos,2009,,https://www.semanticscholar.org/paper/e31cfc60e94b9a690db304cfab00d7b3d30ecef1,,"1,10",Discovery metadata; not a validated inclusion or toxicity claim
e32ee1d638c1ce519e8ab22b7a3e0a42620ce40a,Ants and sustainable agriculture. A review,Gero Benckiser,2010,10.1051/agro/2009026,https://www.semanticscholar.org/paper/e32ee1d638c1ce519e8ab22b7a3e0a42620ce40a,https://hal.science/hal-00886536,1,Discovery metadata; not a validated inclusion or toxicity claim
e33a63f27057019f230056fe96aef06ac7ec27f3,Host diversity and environmental variables as determinants of the species richness of the parasitoids of leaf‐cutting ants,L. Elizalde; P. Folgarait,2010,10.1111/j.1365-2699.2010.02361.x,https://www.semanticscholar.org/paper/e33a63f27057019f230056fe96aef06ac7ec27f3,,1,Discovery metadata; not a validated inclusion or toxicity claim
e391cd9fd81c84b9be79485050235ef774b43d88,"Essential Oil of Aristolochia trilobata: Synthesis, Routes of Exposure, Acute Toxicity, Binary Mixtures and Behavioral Effects on Leaf-Cutting Ants",B. M. S. de Oliveira; Carlisson R. Melo; P. B. Alves; Abraão A. Santos; Ane Caroline C. Santos; Alisson da S Santana; A. P. Araújo; Pedro E. S. Nascimento; A. Blank; L. Bacci,2017,10.3390/molecules22030335,https://www.semanticscholar.org/paper/e391cd9fd81c84b9be79485050235ef774b43d88,https://www.mdpi.com/1420-3049/22/3/335/pdf?version=1488433891,"1,2,3,10",Discovery metadata; not a validated inclusion or toxicity claim
e395f0db93b6a6b98062967912e6adf5d297e5f3,Seleção de ingredientes ativos para o desenvolvimento de iscas tóxicas para o controle de formigas-cortadeiras (Hymenoptera: Formicidae),F. C. Bueno,2013,,https://www.semanticscholar.org/paper/e395f0db93b6a6b98062967912e6adf5d297e5f3,,"1,3,5",Discovery metadata; not a validated inclusion or toxicity claim
e432aeea2bda59fe60d0fec3085ddee8c22d87b4,Fungal hyphae as a source of nutrients for the leaf‐cutting ant Atta sexdens,M. Bass; J. M. Cherrett,1995,10.1111/j.1365-3032.1995.tb00793.x,https://www.semanticscholar.org/paper/e432aeea2bda59fe60d0fec3085ddee8c22d87b4,,"1,3",Discovery metadata; not a validated inclusion or toxicity claim
e4a16c878251b1c15ebbc18eaab3f9fd173ab690,Caste and division of labor in leaf-cutter ants (Hymenoptera: Formicidae: Atta),E. Wilson,1980,10.1007/BF00299521,https://www.semanticscholar.org/paper/e4a16c878251b1c15ebbc18eaab3f9fd173ab690,,"1,3",Discovery metadata; not a validated inclusion or toxicity claim
e4b5c6b1b99fb03f29e5956d78604b67671d7e1b,The interplay of symbiotic beings in the Pampa: the encounter between an alien grass and leaf‐cutting ants,P. Fernández; A. Minás; M. Omacini,2025,10.1111/nph.70333,https://www.semanticscholar.org/paper/e4b5c6b1b99fb03f29e5956d78604b67671d7e1b,https://onlinelibrary.wiley.com/doi/pdfdirect/10.1111/nph.70333,"1,2,9",Discovery metadata; not a validated inclusion or toxicity claim
e4c570888056ccc9d496caaa78a56bf05c2ed6cf,Fluid intake rates in ants correlate with their feeding habits.,J. Paul; Flavio Roces,2003,10.1016/S0022-1910(03)00019-2,https://www.semanticscholar.org/paper/e4c570888056ccc9d496caaa78a56bf05c2ed6cf,,"1,3,10",Discovery metadata; not a validated inclusion or toxicity claim
e4df20e1c6ec0c15c952be482c342d7c3c4ab2d1,The Dynamics of Plant Cell-Wall Polysaccharide Decomposition in Leaf-Cutting Ant Fungus Gardens,I. Moller; Henrik H. De Fine Licht; Jesper Harholt; W. Willats; J. Boomsma,2011,10.1371/journal.pone.0017506,https://www.semanticscholar.org/paper/e4df20e1c6ec0c15c952be482c342d7c3c4ab2d1,https://journals.plos.org/plosone/article/file?id=10.1371/journal.pone.0017506&type=printable,"1,2,9",Discovery metadata; not a validated inclusion or toxicity claim
e54ede3c25812a2bd10c21bac4f8886af87bc648,Evolutionary Robot Swarm Cooperative Retrieval,N. Vaughan,2018,10.1007/978-3-319-95972-6_55,https://www.semanticscholar.org/paper/e54ede3c25812a2bd10c21bac4f8886af87bc648,http://hdl.handle.net/10034/621678,1,Discovery metadata; not a validated inclusion or toxicity claim
e554c728779608b3195d4343c1df5541fb551866,Toxicity of Hydramethylnon to Leaf-cutting Ant Atta sexdens rubropilosa Forel (Hymenoptera: Formicidae),F. C. Bueno; L. C. Forti; O. Bueno,2013,10.13102/SOCIOBIOLOGY.V60I2.150-153,https://www.semanticscholar.org/paper/e554c728779608b3195d4343c1df5541fb551866,https://doi.org/10.13102/sociobiology.v60i2.150-153,"1,3",Discovery metadata; not a validated inclusion or toxicity claim
e5e4af3d6a0b2e5226ef0340365dbb98c396d8e9,"Sequential sensory integration drives foraging decisions in leaf-cutting ants: Volatiles, contact cues and phytochemistry",Ayelén Nally; M. S. Méndez; P. Fernández; F. Locatelli,2026,10.64898/2026.05.29.725965,https://www.semanticscholar.org/paper/e5e4af3d6a0b2e5226ef0340365dbb98c396d8e9,,"1,2",Discovery metadata; not a validated inclusion or toxicity claim
e6529024e0c82ce260ab37fe12d0c7b5c0d53bbd,"Integrating host plant phylogeny, plant traits, intraspecific competition and repeated measures using a phylogenetic mixed model of field behaviour by polyphagous herbivores, the leaf-cutting ants",M. Weerathunga; Alexander S. Mikheyev,2020,10.1017/S0266467420000012,https://www.semanticscholar.org/paper/e6529024e0c82ce260ab37fe12d0c7b5c0d53bbd,https://oist.repo.nii.ac.jp/record/1521/files/One-model-R3.pdf,"1,3",Discovery metadata; not a validated inclusion or toxicity claim
e6b20fa30fdbd7bdbb5511c03b6c488d187d0b8d,Tall trails: ants resolve an asymmetry of information and capacity in collective maintenance of infrastructure,A. I. Bruce; T. J. Czaczkes; M. Burd,2017,10.1016/J.ANBEHAV.2017.03.018,https://www.semanticscholar.org/paper/e6b20fa30fdbd7bdbb5511c03b6c488d187d0b8d,https://www.sciencedirect.com/science/article/am/pii/S0003347217300908,"1,3",Discovery metadata; not a validated inclusion or toxicity claim
e744b2ba471ab28fe76bf41c9e4c4f7467ea38b6,To be or not to be faithful: flexible fidelity to foraging trails in the leaf-cutting ant Acromyrmex lobicornis,L. Ia; A. Ej; O. Br,2012,,https://www.semanticscholar.org/paper/e744b2ba471ab28fe76bf41c9e4c4f7467ea38b6,,"1,2",Discovery metadata; not a validated inclusion or toxicity claim
e7828e231d2a35fa1e421a00319512d5d74c9a56,"Waste management in the leaf-cutting ant Acromyrmex echinatior: the role of worker size, age and plasticity",Sarah J. Waddington; W. Hughes,2010,10.1007/s00265-010-0936-x,https://www.semanticscholar.org/paper/e7828e231d2a35fa1e421a00319512d5d74c9a56,https://figshare.com/articles/journal_contribution/Waste_management_in_the_leaf-cutting_ant_Acromyrmex_echinatior_the_role_of_worker_size_age_and_plasticity/23397998,"1,2",Discovery metadata; not a validated inclusion or toxicity claim
e79f9665339bd43fdd033eaea7b29da1d17982cc,Waste that keeps on giving: Leaf-cutting ants’ refuse dumps may indirectly benefit plant pollination,Katherina Ng,2019,10.1111/AEC.12703,https://www.semanticscholar.org/paper/e79f9665339bd43fdd033eaea7b29da1d17982cc,,1,Discovery metadata; not a validated inclusion or toxicity claim
e7f414998a90b8b005ceca3095df8cf9193dfc06,Microbial Communities in Different Tissues of Atta sexdens rubropilosa Leaf-cutting Ants,A. S. Vieira; M. O. Ramalho; C. Martins; V. G. Martins; O. Bueno,2017,10.1007/s00284-017-1307-x,https://www.semanticscholar.org/paper/e7f414998a90b8b005ceca3095df8cf9193dfc06,https://link.springer.com/content/pdf/10.1007/s00284-017-1307-x.pdf,1,Discovery metadata; not a validated inclusion or toxicity claim
e80c49faf2292333f7a0656e54930258179534aa,"Forager polymorphism and foraging ecology in the leaf-cutting ant, Atta colombica",J. K. Wetterer,1995,10.1155/1995/10717,https://www.semanticscholar.org/paper/e80c49faf2292333f7a0656e54930258179534aa,https://downloads.hindawi.com/journals/psyche/1995/010717.pdf,"1,3",Discovery metadata; not a validated inclusion or toxicity claim
e8d739ebfb95cad8a51ffc7ba5b8eea7848b81a6,Effects of cycloheximide on the mortality of Atta sexdens leaf-cutting worker ants,K. K. Sousa; R. Camargo; L. C. Forti; N. Caldato,2018,10.1016/J.RBE.2018.04.002,https://www.semanticscholar.org/paper/e8d739ebfb95cad8a51ffc7ba5b8eea7848b81a6,https://doi.org/10.1016/j.rbe.2018.04.002,"1,3",Discovery metadata; not a validated inclusion or toxicity claim
e8fd7ea11b68b405a07a683822cfaa22041b469b,Use of stridulation in foraging leaf-cutting ants: mechanical support during cutting or short-range recruitment signal?,F. Roces; B. Hölldobler,1996,10.1007/s002650050292,https://www.semanticscholar.org/paper/e8fd7ea11b68b405a07a683822cfaa22041b469b,,1,Discovery metadata; not a validated inclusion or toxicity claim
e916cf7c7c7920b96a76d462538697c0c59588f1,Leucoagaricus gongylophorus provides protection for Atta sexdens against plant extracts,Amanda Cristiane Queiroz Motta; Deise Santos Avelino; C. Marinho; M. A. Fadini; J. Melo,2022,10.5902/1980509842797,https://www.semanticscholar.org/paper/e916cf7c7c7920b96a76d462538697c0c59588f1,https://periodicos.ufsm.br/cienciaflorestal/article/download/42797/47515,"1,3,9",Discovery metadata; not a validated inclusion or toxicity claim
e998c58a87ebcc97df32955811a8665ab8f0b987,How leaf-cutting ants impact forests: drastic nest effects on light environment and plant assemblages,M. M. Correa; Paulo S. D. Silva; R. Wirth; M. Tabarelli; I. Leal,2009,10.1007/s00442-009-1436-4,https://www.semanticscholar.org/paper/e998c58a87ebcc97df32955811a8665ab8f0b987,,1,Discovery metadata; not a validated inclusion or toxicity claim
e9e151a1a889c403bddf0a09dd0cd5f70e615a06,Foraging patterns of the leaf-cutter ant Atta laevigata (Smith) (Myrmicinae: Attini) in an area of cerrado vegetation,Leonardo R. Viana; J. C. Santos; Leandro J. Arruda; G. P. Santos; G. Fernandes,2004,10.1590/S1519-566X2004000300019,https://www.semanticscholar.org/paper/e9e151a1a889c403bddf0a09dd0cd5f70e615a06,https://www.scielo.br/j/ne/a/36HVp95sZJVWSKGtMvYYzPx/?lang=en&format=pdf,"1,3",Discovery metadata; not a validated inclusion or toxicity claim
ea0053bcab593c6c48a7389f5f73b6dd7cc64be9,Use of Multiple Cues for Navigation by the Leaf-cutter Ant Atta cephalotes.,K. Vick,2005,,https://www.semanticscholar.org/paper/ea0053bcab593c6c48a7389f5f73b6dd7cc64be9,,"1,3",Discovery metadata; not a validated inclusion or toxicity claim
ea71bad1d6ae4e3859283ca6a6a9ea71c44b519c,Proteomics reveals synergy in biomass conversion between fungal enzymes and inorganic Fenton chemistry in leaf-cutting ant colonies,M. Schiøtt; J. Boomsma,2020,10.1101/2020.08.11.239541,https://www.semanticscholar.org/paper/ea71bad1d6ae4e3859283ca6a6a9ea71c44b519c,https://doi.org/10.7554/elife.61816,"1,2",Discovery metadata; not a validated inclusion or toxicity claim
eadca8d127762808fafbe4270e2541ac1d587e0e,Use of Seeds as Fungus Garden Substrate Changes the Organization of Labor Among Leaf-Cutting Ant Workers,IN Hastenreiter; T. Sales; R. Camargo; L. Forti; Jfs Lopes,2015,10.1007/s13744-015-0299-0,https://www.semanticscholar.org/paper/eadca8d127762808fafbe4270e2541ac1d587e0e,,"1,2",Discovery metadata; not a validated inclusion or toxicity claim
eaff9755b6c4df9be84bbb7621999d0a389b7409,Interaction specificity between leaf-cutting ants and vertically transmitted Pseudonocardia bacteria,S. Andersen; S. H. Yek; D. Nash; J. Boomsma,2015,10.1186/s12862-015-0308-2,https://www.semanticscholar.org/paper/eaff9755b6c4df9be84bbb7621999d0a389b7409,https://bmcecolevol.biomedcentral.com/counter/pdf/10.1186/s12862-015-0308-2,"1,2",Discovery metadata; not a validated inclusion or toxicity claim
eb037e6bb301bfdb9714192d294f40f56544ded6,ANÁLISE MORFOLÓGICA DE OPERÁRIAS DE Atta sexdens rubropilosa TRATADAS COM THIAMETHOXAM,Nathalia Lorenzon,2014,,https://www.semanticscholar.org/paper/eb037e6bb301bfdb9714192d294f40f56544ded6,,"1,2,3",Discovery metadata; not a validated inclusion or toxicity claim
eb06f334660522e2a8c80f3ccb95998cfd555b6b,Foraging behavior of leaf cutting ants: How do workers search for their food?,R. Camargo,2015,10.13102/SOCIOBIOLOGY.V62I3.714,https://www.semanticscholar.org/paper/eb06f334660522e2a8c80f3ccb95998cfd555b6b,http://periodicos.uefs.br/index.php/sociobiology/article/download/714/735,"1,3",Discovery metadata; not a validated inclusion or toxicity claim
eb177e66b58d2cab61b88fb082c24e1935afff31,Candicidin-producing Streptomyces support leaf-cutting ants to protect their fungus garden against the pathogenic fungus Escovopsis,S. Haeder; R. Wirth; H. Herz; D. Spiteller,2009,10.1073/pnas.0812082106,https://www.semanticscholar.org/paper/eb177e66b58d2cab61b88fb082c24e1935afff31,https://www.ncbi.nlm.nih.gov/pmc/articles/2660719,1,Discovery metadata; not a validated inclusion or toxicity claim
eb3e37b95331ed4adc439ab859b096a99e6d8636,The Leaf-Cutting Ant–plant Interaction from a Microbial Ecology Perspective,A. Abril,2010,10.1007/978-90-481-9316-5_2,https://www.semanticscholar.org/paper/eb3e37b95331ed4adc439ab859b096a99e6d8636,,1,Discovery metadata; not a validated inclusion or toxicity claim
eb447236310ccbde71c73d1db891be1234809f82,Estudo do comportamento de Atta sexdens quanto ao gerenciamento de detritos,,2018,10.11606/T.47.2018.TDE-04072018-182641,https://www.semanticscholar.org/paper/eb447236310ccbde71c73d1db891be1234809f82,http://www.teses.usp.br/teses/disponiveis/47/47132/tde-04072018-182641/publico/viegas_corrigida.pdf,"1,3,10",Discovery metadata; not a validated inclusion or toxicity claim
eb65411e1d7b5dd23db59e8eea9e2a32a3f34830,Symbiont demand guides resource supply: leaf-cutting ants preferentially deliver their harvested fragments to undernourished fungus gardens,Daniela Römer; Gonzalo Pacheco Aguilar; Annika M. Meyer; F. Roces,2022,10.1007/s00114-022-01797-7,https://www.semanticscholar.org/paper/eb65411e1d7b5dd23db59e8eea9e2a32a3f34830,https://link.springer.com/content/pdf/10.1007/s00114-022-01797-7.pdf,"1,2",Discovery metadata; not a validated inclusion or toxicity claim
eb84de2ec96300ed583cc16ce4164a507850b5c3,A comparative study of exocrine gland chemistry in Trachymyrmex and Sericomyrmex fungus-growing ants,R. M. Adams; T. Jones; Andrew W. Jeter; H. H. D. Licht; T. Schultz; D. Nash,2012,10.1016/J.BSE.2011.10.011,https://www.semanticscholar.org/paper/eb84de2ec96300ed583cc16ce4164a507850b5c3,,"1,10",Discovery metadata; not a validated inclusion or toxicity claim
ebb28e1e4a52ba8f353450fc02abcfc47021ddba,"Bioactivity of Asclepias curassavica, Equisetum spp. and Rosmarinus officinalis Extracts Against Leaf-Cutting Ants",V. M. Ramos; Rafael Gervasoni Ferreira Leite; V. T. Almeida; R. Camargo; João Vitor Souza Cruz; Renato Marcos de Leão; Matheus Venâncio Prado; M.C.S. Pereira,2019,10.13102/sociobiology.v66i4.4271,https://www.semanticscholar.org/paper/ebb28e1e4a52ba8f353450fc02abcfc47021ddba,http://periodicos.uefs.br/index.php/sociobiology/article/download/4271/4116,"1,3",Discovery metadata; not a validated inclusion or toxicity claim
ec14495df95c03dc68afabf22f82863e07c46a2f,Endophytic fungi reduce leaf-cutting ant damage to seedlings,L. Bittleston; F. Brockmann; W. Wcislo; S. V. Van Bael,2011,10.1098/rsbl.2010.0456,https://www.semanticscholar.org/paper/ec14495df95c03dc68afabf22f82863e07c46a2f,https://www.ncbi.nlm.nih.gov/pmc/articles/3030869,"1,3",Discovery metadata; not a validated inclusion or toxicity claim
ec3e72fe1e7ef8f1a7a68b1abd80d9ba09a2332b,"Digestive enzymes of leaf-cutting ants, Acromyrmex subterraneus (Hymenoptera: Formicidae: Attini): distribution in the gut of adult workers and partial characterization.",M. Erthal; Carlos Peres Silva; R. Samuels,2004,10.1016/J.JINSPHYS.2004.06.009,https://www.semanticscholar.org/paper/ec3e72fe1e7ef8f1a7a68b1abd80d9ba09a2332b,,"1,2",Discovery metadata; not a validated inclusion or toxicity claim
ec475475dd34bc8b4f2a275d12c3356a7fad92c6,Nectar-Secreting Glands,F. Darwin,1877,10.1038/016100C0,https://www.semanticscholar.org/paper/ec475475dd34bc8b4f2a275d12c3356a7fad92c6,,1,Discovery metadata; not a validated inclusion or toxicity claim
ec61cdc29431642888e1717475b9f46e3f2186a7,Comparative study of resistance to heat in two species of leaf-cutting ants,S. Bouchebti; C. Jost; N. Caldato; L. Forti; V. Fourcassié,2014,10.1007/s00040-014-0378-y,https://www.semanticscholar.org/paper/ec61cdc29431642888e1717475b9f46e3f2186a7,,"1,3,4",Discovery metadata; not a validated inclusion or toxicity claim
ecc8c034d4172d2f8c9a612431ce016401e4c7f0,Activity of a Recombinant Chitinase of the Atta sexdens Ant on Different Forms of Chitin and Its Fungicidal Effect against Lasiodiplodia theobromae,K. C. Correa; W. M. Facchinatto; F. Habitzreuter; Gabriel Henrique Ribeiro; L. Rodrigues; K. C. Micocci; S. P. Campana-Filho; L. A. Colnago; D. Souza,2024,10.3390/polym16040529,https://www.semanticscholar.org/paper/ecc8c034d4172d2f8c9a612431ce016401e4c7f0,https://www.mdpi.com/2073-4360/16/4/529/pdf?version=1708012116,1,Discovery metadata; not a validated inclusion or toxicity claim
ecf4891c61c38f91cb77e899a6875997a881e588,Synergistic effect of aromatic plant essential oils on the ant Acromyrmex balzani (Hymenoptera: Formicidae) and antifungal activity on its symbiotic fungus Leucoagaricus gongylophorus (Agaricales: Agaricaceae),Carlisson R. Melo; B. M. S. Oliveira; A. C. Santos; J. Silva; G. T. Ribeiro; A. Blank; A. P. Araújo; L. Bacci,2020,10.1007/s11356-020-08170-z,https://www.semanticscholar.org/paper/ecf4891c61c38f91cb77e899a6875997a881e588,,"1,2,9",Discovery metadata; not a validated inclusion or toxicity claim
ed775f2cc9fcd16a165a4457d11372a1624d3f40,"Leaf caching in the leafcutting ant Atta colombica : organizational shift, task partitioning and making the best of a bad job",A. Hart; F. Ratnieks,2001,10.1006/ANBE.2001.1743,https://www.semanticscholar.org/paper/ed775f2cc9fcd16a165a4457d11372a1624d3f40,,"1,2,3",Discovery metadata; not a validated inclusion or toxicity claim
ed8c6e2f7df9997f312f3f3ed68aaee5805463e0,Do abandoned nests of leaf‐cutting ants enhance plant recruitment in the Atlantic Forest?,A. G. Bieber; M. A. Oliveira; R. Wirth; M. Tabarelli; I. Leal,2011,10.1111/J.1442-9993.2010.02141.X,https://www.semanticscholar.org/paper/ed8c6e2f7df9997f312f3f3ed68aaee5805463e0,,"1,3",Discovery metadata; not a validated inclusion or toxicity claim
ee023535af6bd0c4530e295c35eb23da7f50ced4,"Efecto de los cortafuegos sobre el ensamble de hormigas (Hymenoptera, Formicidae) en una región semiárida, Argentina",F. Tizón; Daniel V. Peláez; Omar R. Elía,2010,10.1590/S0073-47212010000300005,https://www.semanticscholar.org/paper/ee023535af6bd0c4530e295c35eb23da7f50ced4,https://www.scielo.br/j/isz/a/dtdGgSQ5RTptSXcTWWWFBnd/?lang=es&format=pdf,"1,2",Discovery metadata; not a validated inclusion or toxicity claim
ee1093e9dd9d408ec0117e70c037203fc78ff405,Uma comparação de algumas espécies de crescimento rápido adequadas para produção de lenhas em trópicos úmidos,D. Arkcoll,1984,,https://www.semanticscholar.org/paper/ee1093e9dd9d408ec0117e70c037203fc78ff405,,1,Discovery metadata; not a validated inclusion or toxicity claim
ee6260c34c03fc0aec2396bea929e344066b7a66,Trail fidelity and its Influence on foraging by Acromyrmex niger (Hymenoptera: Formicidae),L. Sousa‐Souto; J. Hay; B. Ambrogi; Kiniti Hitayama,2005,,https://www.semanticscholar.org/paper/ee6260c34c03fc0aec2396bea929e344066b7a66,,"1,2",Discovery metadata; not a validated inclusion or toxicity claim
ee9718f8c6db5357e1e9a1c0ea38035f844eba3d,The Behavior of Acromyrmex crassispinus (Hymenoptera: Formicidae) on Trail Bifurcations and the Influence of Ant Flow on Error Rates of Nestbound Laden Workers,M. Nickele; M. Pie; M. Moura,2018,10.1007/s10905-018-9684-y,https://www.semanticscholar.org/paper/ee9718f8c6db5357e1e9a1c0ea38035f844eba3d,,"1,2",Discovery metadata; not a validated inclusion or toxicity claim
eeab757bec4ffbc7c8e3223a57359a574126a0ac,"Desenvolvimento de Myrmeleon brasiliensis (Navás) (Neuroptera, Myrmeleontidae), em laboratório, com diferentes dietas naturais",G. L. B. Missirian; Manoel A. Uchôa-Fernandes; Erich Fischer,2006,10.5380/rbz.v23i4.7091,https://www.semanticscholar.org/paper/eeab757bec4ffbc7c8e3223a57359a574126a0ac,,1,Discovery metadata; not a validated inclusion or toxicity claim
eef3cbabd717711e92b1a28561f91c0b2c3fd6e5,Opportunistic Predation by Leaf-Cutting Ants (Hymenoptera: Formicidae) on a Wounded Baird's Tapir (Mammalia: Perissodactyla: Tapiridae) in Mexico,J. Lachaud; J. Pérez-Flores; G. Pérez‐Lachaud,2019,10.1653/024.102.0145,https://www.semanticscholar.org/paper/eef3cbabd717711e92b1a28561f91c0b2c3fd6e5,https://bioone.org/journals/Florida-Entomologist/volume-102/issue-1/024.102.0145/Opportunistic-Predation-by-Leaf-Cutting-Ants-Hymenoptera--Formicidae-on/10.1653/024.102.0145.pdf,"1,3,10",Discovery metadata; not a validated inclusion or toxicity claim
eef9695adebe0a445116a8c5f9914a7197d6bc23,Use of vertebrate tissue by the leaf-cutting ant Atta texana (Hymenoptera: Formicidae: Attini),Michael J. Killion,1991,10.2307/3672125,https://www.semanticscholar.org/paper/eef9695adebe0a445116a8c5f9914a7197d6bc23,,"1,3,10",Discovery metadata; not a validated inclusion or toxicity claim
ef502786a52e825599bf0a9af5b73bc30f58cc75,"Biology and oviposition behavior of the phorid Apocephalus attophilus and the response of its host, the leaf‐cutting ant Atta laevigata",M. Erthal; A. Tonhasca,2000,10.1046/j.1570-7458.2000.00643.x,https://www.semanticscholar.org/paper/ef502786a52e825599bf0a9af5b73bc30f58cc75,,"1,3",Discovery metadata; not a validated inclusion or toxicity claim
efa4aa57951e90a3e85b7a2b287d4d95ae559cc4,Emigrating Together but Not Establishing Together: A Cockroach Rides Ants and Leaves,Z. I. Phillips,2020,10.1086/711876,https://www.semanticscholar.org/paper/efa4aa57951e90a3e85b7a2b287d4d95ae559cc4,,"1,3",Discovery metadata; not a validated inclusion or toxicity claim
efab22564024b75f6a4c06908fd61b63bd30f329,Co-occurrence Patterns in a Subtropical Ant Community Revealed by Complementary Sampling Methodologies,P. E. Hanisch; A. Suarez; P. Tubaro; C. Paris,2018,10.1093/ee/nvy143,https://www.semanticscholar.org/paper/efab22564024b75f6a4c06908fd61b63bd30f329,,1,Discovery metadata; not a validated inclusion or toxicity claim
eff692ce8cf5aa4b16919c0047cfcc688f7ac3da,"Edible Insects and Other Chitin-Bearing Foods in Ethnic Peru: Accessibility, Nutritional Acceptance, and Food-Security Implications",N. Manno; Walter Zelada Estraver; Cezar Medina Tafur; C. L. Torres; C. Schwarzinger; Manuela List; W. Schoefberger; F. M. Coico; J. M. León; A. Battisti; M. Paoletti,2018,10.2993/0278-0771-38.3.424,https://www.semanticscholar.org/paper/eff692ce8cf5aa4b16919c0047cfcc688f7ac3da,,"1,3",Discovery metadata; not a validated inclusion or toxicity claim
f00e4758d642c7eed852fff76b42a7ac430f3956,Leaf cutter ants (Atta cephalotes) harvest baits offering sodium chloride rewards,S. O’Donnell; J. M. García-C.; J. Beard; T. Chiwocha; D. Lewis; C. Liu; H. Phillips; T. Williams,2010,10.1007/s00040-010-0069-2,https://www.semanticscholar.org/paper/f00e4758d642c7eed852fff76b42a7ac430f3956,,"1,3",Discovery metadata; not a validated inclusion or toxicity claim
f01ee13f5b8968a8802531ee9b3fa373f7043331,Do the impacts of an ecosystem engineer vary along an environmental gradient? 1 Tests with the leaf-cutter ant Atta laevigata in a Neotropical savanna. 2,A. N. Costa; E. Bruna; H. Vasconcelos,2016,10.7287/peerj.preprints.1692v3,https://www.semanticscholar.org/paper/f01ee13f5b8968a8802531ee9b3fa373f7043331,https://doi.org/10.7287/peerj.preprints.1692v2,"1,3",Discovery metadata; not a validated inclusion or toxicity claim
f0274e492288d07683b534f779c48194a1b6e792,The importance of treefall gaps as foraging sites for leaf-cutting ants depends on forest age,Claudia L. Peñaloza; A. Farji-Brener,2003,10.1017/S0266467403003675,https://www.semanticscholar.org/paper/f0274e492288d07683b534f779c48194a1b6e792,,1,Discovery metadata; not a validated inclusion or toxicity claim
f07c2e8fad7fccbf2718f92817151d22b46fb29e,The Postpharyngeal Gland: Specialized Organ for Lipid Nutrition in Leaf-Cutting Ants,P. Decio; A. S. Vieira; N. B. Dias; M. Palma; O. Bueno,2016,10.1371/journal.pone.0154891,https://www.semanticscholar.org/paper/f07c2e8fad7fccbf2718f92817151d22b46fb29e,https://journals.plos.org/plosone/article/file?id=10.1371/journal.pone.0154891&type=printable,1,Discovery metadata; not a validated inclusion or toxicity claim
f0853b2fb61bb54bcb28a20a31d95410ff0e8883,"The Effects of Seasonality on Foraging in Two Species of Leaf-Cutting Ants (Atta) in Guanacaste Province, Costa Rica",L. Rockwood,1975,10.2307/2989622,https://www.semanticscholar.org/paper/f0853b2fb61bb54bcb28a20a31d95410ff0e8883,,"1,3",Discovery metadata; not a validated inclusion or toxicity claim
f0aab74b844cae0f56437c7181aab0bd5878a03b,Nutritional sources of the fungus cultured by leaf-cutting ants,A. Abril; E. Bucher,2004,10.1016/J.APSOIL.2003.12.008,https://www.semanticscholar.org/paper/f0aab74b844cae0f56437c7181aab0bd5878a03b,,1,Discovery metadata; not a validated inclusion or toxicity claim
f0cbc94c9384f33cefe260512560b720f8e6d73b,Diet type modifies ingestion rates and trophallactic exchanges in leaf‐cutting ants,D. O. Moreira; Wesley Dáttilo; V. Morais; M. Erthal; C. P. Silva; R. Samuels,2015,10.1111/eea.12254,https://www.semanticscholar.org/paper/f0cbc94c9384f33cefe260512560b720f8e6d73b,,"1,2,3",Discovery metadata; not a validated inclusion or toxicity claim
f11d6375888a20323e541792d3f3e8504355b7ba,The infrabuccal pellet piles of fungus-growing ants,Ainslie E. F. Little; T. Murakami; U. Mueller; C. Currie,2003,10.1007/s00114-003-0480-x,https://www.semanticscholar.org/paper/f11d6375888a20323e541792d3f3e8504355b7ba,,1,Discovery metadata; not a validated inclusion or toxicity claim
f1553555d0f82b993cbae8ca6f49689a6a715994,Leaf-cutter ant species (Hymenoptera: Atta) differ in the types of cues used to differentiate between self and others,J. Hernández; W. Goitía; A. Osío; A. Cabrera; H. Lopez; C. Sainz; K. Jaffe,2006,10.1016/J.ANBEHAV.2005.09.004,https://www.semanticscholar.org/paper/f1553555d0f82b993cbae8ca6f49689a6a715994,,"1,3",Discovery metadata; not a validated inclusion or toxicity claim
f163108406ff3f6bc6d0d747d40c7974782438a2,"Increase in scout trips due to forager removal in Atta sexdens (Hymenoptera, Formicidae) (Forel, 1908).",M. S. Brugger; Roberto da Silva Camargo; L. C. Forti; J. Lopes,2018,10.1016/j.beproc.2018.04.015,https://www.semanticscholar.org/paper/f163108406ff3f6bc6d0d747d40c7974782438a2,https://www.sciencedirect.com/science/article/pii/S0376635717305715,"1,3",Discovery metadata; not a validated inclusion or toxicity claim
f18142d178cde6851598f1b06e32242ddff04634,First Report of Giant Grasshopper Tropidacris collaris (Orthoptera: Acridoidea: Romaleidae) Attacking Plantations of Acacia mangium (Fabaceae) in Brazil,R. Afonso; P. G. Lemes; R. Sarmento; P. J. Leite; M. P. Neto; N. dos Anjos,2014,10.2317/JKES130408.1,https://www.semanticscholar.org/paper/f18142d178cde6851598f1b06e32242ddff04634,,"1,10",Discovery metadata; not a validated inclusion or toxicity claim
f18210aacaa5cda6430e9295f7493eed608c215c,The role of seasonality on load transport and polymorphism in the grass- cutting ant Atta bisphaerica (Hymenoptera: Formicidae),C. A. Lima; T. Della Lucia; M. M. R. Ribeiro; A. M. Viana-Bailez,2006,,https://www.semanticscholar.org/paper/f18210aacaa5cda6430e9295f7493eed608c215c,,"1,4,10",Discovery metadata; not a validated inclusion or toxicity claim
f18e3b4d206c539c45d41acd0659066c91aa782d,Identification of similarity amongst eucalyptus planted areas based on leaf-cutting ant nest sizes,D. M. Barbato; J. F. A. de Andrade; J. J. De Groote,2019,,https://www.semanticscholar.org/paper/f18e3b4d206c539c45d41acd0659066c91aa782d,,1,Discovery metadata; not a validated inclusion or toxicity claim
f1d37115ee9d878b80a819dd929a01d7213a30a2,Foraging by Bucket-Brigade in Leaf-Cutter Ants,S. Hubbell; L. K. Johnson; Eileen Stanislav; B. Wilson; H. Fowler,1980,10.2307/2387973,https://www.semanticscholar.org/paper/f1d37115ee9d878b80a819dd929a01d7213a30a2,,"1,3",Discovery metadata; not a validated inclusion or toxicity claim
f203803c767a5fb6c1832f652f660ad38e0e7405,"Foraging ecology of the desert leaf-cutting ant, Acromyrmex versicolor, in Arizona (Hymenoptera: Formicidae)",J. K. Wetterer; A. Himler; M. M. Yospin,,,https://www.semanticscholar.org/paper/f203803c767a5fb6c1832f652f660ad38e0e7405,,"1,2",Discovery metadata; not a validated inclusion or toxicity claim
f21b6e2a4445c8d0fc2d5b4b5015cbc885592e42,Eficacia del farnesol y de un extracto de semilla de ayote como repelentes de Atta mexicana,S. Gladstone,2003,,https://www.semanticscholar.org/paper/f21b6e2a4445c8d0fc2d5b4b5015cbc885592e42,,"1,3",Discovery metadata; not a validated inclusion or toxicity claim
f2805310ec8a0e37d6962c23872b46b2a0a563f3,Some factors affecting the foraging behaviour in leaf-cutting ants of the genera Atta and Acromyrmex,G. Pollard,2008,,https://www.semanticscholar.org/paper/f2805310ec8a0e37d6962c23872b46b2a0a563f3,,"1,2",Discovery metadata; not a validated inclusion or toxicity claim
f287953fd2e97ae6003fcb41b0dbeec4f9a3729e,Attacobius attarum Spiders (Corinnidae): Myrmecophilous Predators of Immature Forms of the Leaf-Cutting Ant Atta sexdens (Formicidae)1,M. Erthal; A. Tonhasca,2001,10.1646/0006-3606(2001)033[0374:AASCMP]2.0.CO;2,https://www.semanticscholar.org/paper/f287953fd2e97ae6003fcb41b0dbeec4f9a3729e,,"1,3,10",Discovery metadata; not a validated inclusion or toxicity claim
f289a6e14e4a5c7e23f07a16681e165b1128ea69,Velocidad de forrajeo y área foliar transportada por la hormiga Acromyrmex subterraneus (Hymenoptera: Formicidae,Cecília H.F Gomides; T. D. Lucia; F. S. Araujo; Denise D.O Morelra,1997,,https://www.semanticscholar.org/paper/f289a6e14e4a5c7e23f07a16681e165b1128ea69,,"1,2",Discovery metadata; not a validated inclusion or toxicity claim
f2ecd6fb22dc890d0a42e0e277883e9ac0375b1e,The Green Room,Amanda Beckrich,2014,,https://www.semanticscholar.org/paper/f2ecd6fb22dc890d0a42e0e277883e9ac0375b1e,,1,Discovery metadata; not a validated inclusion or toxicity claim
f2f2acaf978ad6c697ff4ea818cb3a76dc985d75,Central-place foraging continues beyond the nest entrance: the underground performance of leaf-cutting ants,M. Burd; J. J. Howard,2005,10.1016/J.ANBEHAV.2004.12.012,https://www.semanticscholar.org/paper/f2f2acaf978ad6c697ff4ea818cb3a76dc985d75,,"1,3",Discovery metadata; not a validated inclusion or toxicity claim
f322f37c1a9ab0376adf0be20754af8ad96b6629,Task Performance of Midden Workers of Atta sexdens rubropilosa Forel (Hymenoptera: Formicidae),F. G. Lacerda; Terezinha M. C. Della Lucia; O. DeSouza; Lucas M. de Souza; Danival J. de Souza,2013,10.1007/s10905-013-9403-7,https://www.semanticscholar.org/paper/f322f37c1a9ab0376adf0be20754af8ad96b6629,http://www.alice.cnptia.embrapa.br/alice/handle/doc/968777,"1,3",Discovery metadata; not a validated inclusion or toxicity claim
f381d84a38650e3cdf0b46302bf78394aa5da898,Fungal Planet description sheets: 1781–1866,P. Crous; D. E. Catcheside; P. Catcheside; A. Alfenas; R. Alfenas; R. W. Barreto; T. Lebel; S. Balashov; J. Broadbridge; Ž. Jurjević; S. De la Peña-Lastra; R. Hoffmann; A. Mateos; J. Riebesehl; R. Shivas; F. F. Soliz Santander; Y. P. Tan; A. Altés; D. Bandini; F. Carriconde; J. Cazabonne; P. Czachura; H. Gryta; G. Eyssartier; E. Larsson; O. L. Pereira; A. Rigueiro-Rodríguez; M. Wingfield; W. Ahmad; S. Bibi; S. Denman; F. Esteve-Raventós; S. Hussain; T. Illescas; J. Luangsa-ard; L. Möller; A. Mombert; W. Noisripoom; I. Olariaga; F. Pancorbo; A. Paz; M. Piątek; C. Polman-Short; E. Suarez; N. Afshan; H. Ali; M. Arzanlou; F. Ayer; J. Barratt; J. Bellanger; A. Bidaud; S. Bishop-Hurley; M. Bohm; T. Bose; E. Campo; N. B. Chau; Ö. F. Çolak; T. Cordeiro; M. Cruz; F. A. Custódio; A. Couceiro; V. Darmostuk; J. Dearnaley; A. L. C. M. de Azevedo Santiago; L. W. S. de Freitas; M. de J. Yáñez-Morales; C. Domnauer; B. Dentinger; K. Dhileepan; J. T. De Souza; F. Dovana; U. Eberhardt; P. Eisvand; A. Erhard; V. Fachada; A. García-Martín; M. Groenewald; A. Hammerbacher; K. Harms; S. Haroon; M. Haqnawaz; S. Henriques; A. J. Hernández; L. M. Jacobus; D. Jaén-Contreras; P. Jangsantear; O. Kaygusuz; R. Knoppersen; T. K. A. Kumar; M. Lynch; R. Mahiques; G. Maraia; P. Marbach; M. Mehrabi-Koushki; P. Miller; S. Mongkolsamrit; P. Moreau; N. Oberlies; J. A. Oliveira; D. Orlovich; A. S. Pérez-Méndez; A. Pinto; H. Raja; G. Ramírez; B. Raphael; A. Rodrigues; H. Rodrigues; D. O. Ramos; A. Safi; S. Sarwar; I. Saar; R. Sanchez; J. S. Santana; J. Scrace; L. S. Sales; L. Silva; M. Stryjak-Bogacka; A. Tacconi; V. N. Thanh; A. Thomas; N. Thuy; M. Toome; J. Valdez-Carrazco; N. I. van Vuuren; J. Vasey; J. Vauras; C. Vila‐Viçosa; M. Villarreal; C. M. Visagie; A. Vizzini; E. J. Whiteside; J. Groenewald,2025,10.3114/persoonia.2025.54.10,https://www.semanticscholar.org/paper/f381d84a38650e3cdf0b46302bf78394aa5da898,https://doi.org/10.3114/persoonia.2025.54.10,"1,3",Discovery metadata; not a validated inclusion or toxicity claim
f384832c9023a740a42794bb98ccf14764c13832,Mechanisms and Dynamics of Orphan Gene Emergence in Insect Genomes,Lothar Wissler; J. Gadau; D. Simola; M. Helmkampf; E. Bornberg‐Bauer,2013,10.1093/gbe/evt009,https://www.semanticscholar.org/paper/f384832c9023a740a42794bb98ccf14764c13832,https://academic.oup.com/gbe/article-pdf/5/2/439/17918115/evt009.pdf,1,Discovery metadata; not a validated inclusion or toxicity claim
f3b448ff72ce43b85a56bb967a5eb458463b0ae0,Traffic rules around the corner: walking of leaf-cutting ants at branching points in trunk trails,L. Cibils-Martina; L. Elizalde; A. Farji-Brener,2017,10.1007/s00040-017-0576-5,https://www.semanticscholar.org/paper/f3b448ff72ce43b85a56bb967a5eb458463b0ae0,https://link.springer.com/content/pdf/10.1007/s00040-017-0576-5.pdf,1,Discovery metadata; not a validated inclusion or toxicity claim
f3e103b3bf15a5be45c96b59156bf6e17bce6ab4,Competition between grass‐cutting Atta vollenweideri ants (Hymenoptera: Formicidae) and domestic cattle (Artiodactyla: Bovidae) in Argentine rangelands,Andrea C. Guillade; Patricia J. Folgarait,2015,10.1111/afe.12085,https://www.semanticscholar.org/paper/f3e103b3bf15a5be45c96b59156bf6e17bce6ab4,http://hdl.handle.net/11336/99350,"1,4",Discovery metadata; not a validated inclusion or toxicity claim
f3f3b021c05098556dfaa1d8280444e65b1e23b7,Reciprocal genomic evolution in the ant–fungus agricultural symbiosis,S. Nygaard; Haofu Hu; Cai Li; M. Schiøtt; Zhensheng Chen; Zhikai Yang; Qiaolin Xie; Chun-an Ma; Yuan Deng; R. Dikow; C. Rabeling; D. Nash; W. Wcislo; Seán G. Brady; T. Schultz; Guojie Zhang; J. Boomsma,2016,10.1038/ncomms12233,https://www.semanticscholar.org/paper/f3f3b021c05098556dfaa1d8280444e65b1e23b7,https://www.nature.com/articles/ncomms12233.pdf,1,Discovery metadata; not a validated inclusion or toxicity claim
f42afda102799da81139c8b501169f42ce54fd65,IDENTIFICAÇÃO DE ESPÉCIES DE FORMIGAS CORTADEIRAS EM PLANTIOS DE Eucalyptus urograndis,Daniele Ukan; N. Sousa; Pablo Georgio de Souza; P. Lima,2010,10.5380/RF.V40I4.20333,https://www.semanticscholar.org/paper/f42afda102799da81139c8b501169f42ce54fd65,https://doi.org/10.5380/rf.v40i4.20333,"1,2,8",Discovery metadata; not a validated inclusion or toxicity claim
f49bc3c82520e8e958e8fe606e9402a1a6f58692,Insects associated with tropical foliage produced in the coffee growing region of Colombia,L. Aristizábal; Leidy V. Cardona; Efraín R. Henao; M. Salgado; S. Arthurs,2013,10.1590/S0085-56262013005000021,https://www.semanticscholar.org/paper/f49bc3c82520e8e958e8fe606e9402a1a6f58692,https://www.scielo.br/j/rbent/a/mxNZPXk3rXKTLbvmKNH4Pmm/?lang=en&format=pdf,"1,2",Discovery metadata; not a validated inclusion or toxicity claim
f4f28ffd20a7542e403d52f083bc0fd7de274405,Evidence that the fungus cultured by leaf‐cutting ants does not metabolize cellulose,A. Abril; E. Bucher,2002,10.1046/J.1461-0248.2002.00327.X,https://www.semanticscholar.org/paper/f4f28ffd20a7542e403d52f083bc0fd7de274405,,1,Discovery metadata; not a validated inclusion or toxicity claim
f4f31781597140a16abeadb2244222c23eedd662,"Comportamento de cuidado da prole da saúva-limão Atta sexdens rubropilosa Forel, 1908 (Hymenoptera, formicidae)",Marcelo Schneider,2004,,https://www.semanticscholar.org/paper/f4f31781597140a16abeadb2244222c23eedd662,,1,Discovery metadata; not a validated inclusion or toxicity claim
f4f664e2a426d68738d55068525477678639cd07,Population scenarios: prehistory in the pacific islands.,R. Kirk,1987,10.1126/science.235.4796.1683,https://www.semanticscholar.org/paper/f4f664e2a426d68738d55068525477678639cd07,,1,Discovery metadata; not a validated inclusion or toxicity claim
f5732bfb08da5874dfbbef7ef4055fb14e76dab4,"Life in the Pits, Fly Hearing, Fungal Gardens, and A New Order of Insects",G. Kritsky,2002,10.1093/ae/48.3.186,https://www.semanticscholar.org/paper/f5732bfb08da5874dfbbef7ef4055fb14e76dab4,https://doi.org/10.1093/ae/48.3.186,1,Discovery metadata; not a validated inclusion or toxicity claim
f66acb05d1e21063534d04d0b6503c7cd97058a5,Fungal communities in gardens of the leafcutter ant Atta cephalotes in forest and cabruca agrosystems of southern Bahia State (Brazil).,B. M. D. S. Reis; Aline Silva; Martín R. Alvarez; T. Oliveira; A. Rodrigues,2015,10.1016/j.funbio.2015.09.001,https://www.semanticscholar.org/paper/f66acb05d1e21063534d04d0b6503c7cd97058a5,https://www.sciencedirect.com/science/article/pii/S1878614615001592,"1,3",Discovery metadata; not a validated inclusion or toxicity claim
f725286da134bde2f58004409ddc4cf8606413b5,Spatially Heterogeneous Nest-Clearing Behavior Coincides with Rain Event in the Leaf-Cutting Ant Atta cephalotes (L.) (Hymenoptera: Formicidae),J. Stephan; R. Wirth; I. Leal; S. T. Meyer,2015,10.1007/s13744-014-0267-0,https://www.semanticscholar.org/paper/f725286da134bde2f58004409ddc4cf8606413b5,,"1,3",Discovery metadata; not a validated inclusion or toxicity claim
f7349a51a1f9c81b9cd2bc32d5257d84ea763fa0,INFLUENCE OF THE CULTIVATED SPECIES AND OF THE NATIVE VEGETATION ON LEAF-CUTTING ANT NESTS DENSITY IN EUCALYPTUS PLANTATIONS,R. Zanetti; E. Vilela; J. Zanuncio; H. Leite; G. Freitas,,,https://www.semanticscholar.org/paper/f7349a51a1f9c81b9cd2bc32d5257d84ea763fa0,,1,Discovery metadata; not a validated inclusion or toxicity claim
f7508f72d478dd48e005572c754aeb9bfe013475,Leaf endophyte load influences fungal garden development in leaf-cutting ants,Sunshine A. Van Bael; C. Estrada; S. Rehner; Janette Fabiola Santos; W. Wcislo,2012,10.1186/1472-6785-12-23,https://www.semanticscholar.org/paper/f7508f72d478dd48e005572c754aeb9bfe013475,https://bmcecol.biomedcentral.com/counter/pdf/10.1186/1472-6785-12-23,1,Discovery metadata; not a validated inclusion or toxicity claim
f756296900e41eb1d27d15fdbe9edc6b81c6aca9,Foraging activities of an Atta sexdens (Hymenoptera: Formicidae: Attini) colony,K. Kitayama; M. Gramacho,2002,,https://www.semanticscholar.org/paper/f756296900e41eb1d27d15fdbe9edc6b81c6aca9,,"1,3",Discovery metadata; not a validated inclusion or toxicity claim
f787e53131a1d52efbf964033b33845a87ee1ad6,PRELIMINARY QUANTIFICATION OF FREELY EXPLORING,A. E.,2017,,https://www.semanticscholar.org/paper/f787e53131a1d52efbf964033b33845a87ee1ad6,,"1,3",Discovery metadata; not a validated inclusion or toxicity claim
f7f25524884f6e3c1c52d67e62b1687baeeb2338,El tamaño del basurero y la distancia del nido definen cuánto invierte Sericomyrmex mayri (Formicidae: Myrmicinae: Attini) en el manejo de los residuos,M. R. Bitar; Yasmine Antonini; V. L. Lopes; M. P. Cristiano; Aline U. N. Lima; Fernanda Vieira Amorim da Costa,2020,10.25260/ea.20.30.2.0.1036,https://www.semanticscholar.org/paper/f7f25524884f6e3c1c52d67e62b1687baeeb2338,http://ojs.ecologiaaustral.com.ar/index.php/Ecologia_Austral/article/download/1036/589,"1,8",Discovery metadata; not a validated inclusion or toxicity claim
f875b40752553fbec57e15bd5e3977e785732b2f,The refuse dump provides information that influences the foraging preferences of leaf‐cutting ants,A. M. Alma; A. Arenas; Patrica Carina Fernandez; M. Buteler,2024,10.1111/een.13380,https://www.semanticscholar.org/paper/f875b40752553fbec57e15bd5e3977e785732b2f,,"1,2",Discovery metadata; not a validated inclusion or toxicity claim
f894d7c5f27eb91000c4545aeb6364d7c698db50,Radiocarbon dates reveal that Lupinus arcticus plants were grown from modern not Pleistocene seeds.,G. Zazula; C. Harington; A. Telka; F. Brock,2009,10.1111/j.1469-8137.2009.02818.x,https://www.semanticscholar.org/paper/f894d7c5f27eb91000c4545aeb6364d7c698db50,,1,Discovery metadata; not a validated inclusion or toxicity claim
f900382a5828c66c795b51e15e3e3c7c25798bfc,Long-Term Cellulose Enrichment Selects for Highly Cellulolytic Consortia and Competition for Public Goods,G. Lewin; Nicole M. Davis; B. R. McDonald; A. Book; M. Chevrette; Steven Suh; Ardina Boll; C. Currie,2020,10.1128/msystems.01519-21,https://www.semanticscholar.org/paper/f900382a5828c66c795b51e15e3e3c7c25798bfc,https://doi.org/10.1128/msystems.01519-21,1,Discovery metadata; not a validated inclusion or toxicity claim
f91df375a22d8694e1b90be496c08481bcda2b6c,Ecological Relations of Three Atta Species in Panama,N. A. Weber,1969,10.2307/1934676,https://www.semanticscholar.org/paper/f91df375a22d8694e1b90be496c08481bcda2b6c,,"1,8",Discovery metadata; not a validated inclusion or toxicity claim
f95b9da7a95a89de14ed494edae7177cb17f3c73,"Foraging of the leaf-cutter ant, Acromyrmex versicolor Perg., in relation to season, temperature, relative humidity and rainfall",S. Murray,1972,,https://www.semanticscholar.org/paper/f95b9da7a95a89de14ed494edae7177cb17f3c73,,"1,2",Discovery metadata; not a validated inclusion or toxicity claim
f9a0fe9f21d3cb883244a38534dd5e55ecd0045c,"Registration of Acromyrmex disciger (Hymenoptera: Formicidae) in Cinnamomum zeylanicum (Lauraceae) in Braço do Trombudo's District, Santa Catarina State, Brazil.",T. G. Pikart; G. K. Souza; F. C. Pikart; R. Ribeiro; J. Zanuncio,2010,,https://www.semanticscholar.org/paper/f9a0fe9f21d3cb883244a38534dd5e55ecd0045c,,"1,2",Discovery metadata; not a validated inclusion or toxicity claim
f9f2f91f5bcf0262085e93471fa2f13889c6cf48,Do Atta robusta (Hymenoptera: Formicidae) ants prefer small seeds ?,Clarisse L. Valentim; Joao V. Mota-Andrade; M. C. Teixeira; J. Schoereder,2007,,https://www.semanticscholar.org/paper/f9f2f91f5bcf0262085e93471fa2f13889c6cf48,,1,Discovery metadata; not a validated inclusion or toxicity claim
fa0e3b24616a9fad10de7e64ef9d591fcfce9514,The scent of symbiosis: gut bacteria may affect social interactions in leaf-cutting ants,S. Teseo; Jelle S. van Zweden; L. Pontieri; P. W. Kooij; S. Sørensen; T. Wenseleers; M. Poulsen; J. Boomsma; P. Sapountzis,2019,10.1016/J.ANBEHAV.2018.12.017,https://www.semanticscholar.org/paper/fa0e3b24616a9fad10de7e64ef9d591fcfce9514,https://www.sciencedirect.com/science/article/am/pii/S0003347218304044?via%3Dihub,"1,2",Discovery metadata; not a validated inclusion or toxicity claim
fa3257ff6a7f5a428da192397fba84f7893557c9,"Consumo Foliar de Eucalyptus spp. por Acromyrmex disciger (Mayr, 1887) (Hymenoptera: Formicidae)",W. Morais; N. D. Anjos; T. M. C. D. Lucia,2011,10.12741/EBRASILIS.V4I2.89,https://www.semanticscholar.org/paper/fa3257ff6a7f5a428da192397fba84f7893557c9,https://www.entomobrasilis.org/index.php/ebras/article/download/89/126,"1,2",Discovery metadata; not a validated inclusion or toxicity claim
fa750822e1f61ba207ddfcfc32081882d88c401d,Microbes are trophic analogs of animals,S. Steffan; Y. Chikaraishi; C. Currie; Heidi A. Horn; Hannah R Gaines-Day; J. Pauli; J. Zalapa; N. Ohkouchi,2015,10.1073/pnas.1508782112,https://www.semanticscholar.org/paper/fa750822e1f61ba207ddfcfc32081882d88c401d,https://www.ncbi.nlm.nih.gov/pmc/articles/4679051,1,Discovery metadata; not a validated inclusion or toxicity claim
fa7a2605d6ac7cb01adb61e5771d0ff04868f3b6,Drought stress drives intraspecific choice of food plants by Atta leaf‐cutting ants,José Domingos Ribeiro Neto; B. Pinho; S. Meyer; R. Wirth; I. Leal,2012,10.1111/j.1570-7458.2012.01283.x,https://www.semanticscholar.org/paper/fa7a2605d6ac7cb01adb61e5771d0ff04868f3b6,,"1,3",Discovery metadata; not a validated inclusion or toxicity claim
fa89bd5262d623fbbc15c089fe58749052fa61d3,Bacterial extracts for the control of Atta cephalotes (Hymenoptera: Formicidae) and its symbiotic fungus Leucoagaricus gongylophorus (Agaricales: Agaricaceae),Adriana Reyes,2019,10.15517/rbt.v67i4.33752,https://www.semanticscholar.org/paper/fa89bd5262d623fbbc15c089fe58749052fa61d3,https://revistas.ucr.ac.cr/index.php/rbt/article/download/33752/39670,"1,9",Discovery metadata; not a validated inclusion or toxicity claim
fae90562cf1f630a8165182604f8487a90379276,Establishment of two indigenous timber species in dairy pastures in Costa Rica,A. Moulaert; J. Mueller; M. Villarreal; R. Piedra; L. Villalobos,2004,10.1023/A:1014222001639,https://www.semanticscholar.org/paper/fae90562cf1f630a8165182604f8487a90379276,,"1,3",Discovery metadata; not a validated inclusion or toxicity claim
faebae9827be9d5cf2ea65ee7abd71a0656882ca,The Fate of Fungal Spores in the Insect Gut,R. Dillon; A. Charnley,1991,10.1007/978-1-4899-2635-7_6,https://www.semanticscholar.org/paper/faebae9827be9d5cf2ea65ee7abd71a0656882ca,,1,Discovery metadata; not a validated inclusion or toxicity claim
fb2f5d605f888dcf32e1177953e9527cc03d6f9b,Mathematical Modelling on Avoidance-to- Acceptance Transition in Leaf Cutting Ant Colonies,J. Amudhavel; C. Kodeeswari; S. Jarina; S. Jaiganesh; B. Bhuvaneswari,2016,10.17485/IJST/2016/V9I11/89262,https://www.semanticscholar.org/paper/fb2f5d605f888dcf32e1177953e9527cc03d6f9b,https://doi.org/10.17485/ijst/2016/v9i11/89262,1,Discovery metadata; not a validated inclusion or toxicity claim
fbaf7b4be2dc514b63a5dcc0cb448f62d7dcc188,MUSEU PARAENSE EMÍLIO GOELDI UNIVERSIDADE FEDERAL DO PARÁ PROGRAMA DE PÓS-GRADUAÇÃO EM ZOOLOGIA CURSO DE MESTRADO EM ZOOLOGIA,Elinete Batista Rodrigues,2008,,https://www.semanticscholar.org/paper/fbaf7b4be2dc514b63a5dcc0cb448f62d7dcc188,,1,Discovery metadata; not a validated inclusion or toxicity claim
fbc5366d95bc950d159194d57c8966ae9879f399,A Fuzzy-parameter Dispersion-attraction Partial Differential Model for an Ant Colony,R. M. Jafelice; C. G. Almeida; J. F. Meyer; H. Vasconcelos,2009,,https://www.semanticscholar.org/paper/fbc5366d95bc950d159194d57c8966ae9879f399,,1,Discovery metadata; not a validated inclusion or toxicity claim
fbec6ee3c94bf3a7e1d08387e52061213bc1f4e2,Leafcutting and Diet Selection: Relative Influence of Leaf Chemistry and Physical Features,J. J. Howard,1988,10.2307/1943180,https://www.semanticscholar.org/paper/fbec6ee3c94bf3a7e1d08387e52061213bc1f4e2,https://scholarworks.uno.edu/cgi/viewcontent.cgi?article=1011&context=biosciences_facpubs,"1,3",Discovery metadata; not a validated inclusion or toxicity claim
fc0f66c1a99f2398929295dbaf351ed7ab094f0b,Survival of Atta sexdens workers on different food sources.,Aline Silva; M. Bacci; Célia Gomes de Siqueira; Odair Correa Bueno; F. C. Pagnocca; Maria José Aparecida Hebling,2003,10.1016/S0022-1910(03)00004-0,https://www.semanticscholar.org/paper/fc0f66c1a99f2398929295dbaf351ed7ab094f0b,,"1,3,9",Discovery metadata; not a validated inclusion or toxicity claim
fc8ab3a98db34465cf2d5e5522ecadcddd9208cd,"Age-, experience- and avoidance learning-related synaptic plasticity in leaf-cutting ants",A. Falibene; F. Roces; Claudia Groh; W. Roessler,2014,,https://www.semanticscholar.org/paper/fc8ab3a98db34465cf2d5e5522ecadcddd9208cd,,1,Discovery metadata; not a validated inclusion or toxicity claim
fc97cf5d0ad352297f094c0de173ea707a18881d,Plant palatability to leaf-cutter ants (Atta laevigata) and litter decomposability in a Neotropical woodland savanna,L. V. B. Silva; H. Vasconcelos,2011,10.1111/J.1442-9993.2010.02169.X,https://www.semanticscholar.org/paper/fc97cf5d0ad352297f094c0de173ea707a18881d,,"1,3",Discovery metadata; not a validated inclusion or toxicity claim
fcb0a326981077494dcc9f127eba78d8e9c3b974,"[Occurrence and biological characteristics of parasitoid phorids (Diptera: Phoridae) of the leaf-cutting ant Atta laevigata (Smith) (Hymenoptera: Formicidae) in Porto Nacional, TO, Brazil].",M. Bragança; Z. C. S. Medeiros,2006,,https://www.semanticscholar.org/paper/fcb0a326981077494dcc9f127eba78d8e9c3b974,,"1,3",Discovery metadata; not a validated inclusion or toxicity claim
fcc30dde26a434760cbf7b0b80b948d9e4063137,"Foraging and Nesting Ecology of a Costa Rican Leaf-Cutting Ant,Acromyrmex Volcanus",J. K. Wetterer,1993,10.1155/1993/43146,https://www.semanticscholar.org/paper/fcc30dde26a434760cbf7b0b80b948d9e4063137,https://downloads.hindawi.com/journals/psyche/1993/043146.pdf,"1,2",Discovery metadata; not a validated inclusion or toxicity claim
fd78df0fceb29356eca526341679b8d1d5f1f20e,"Antifeedants for an attine ant, Acromyrmex octospinus (Reich) (Hymenoptera, Formicidae), in yam (Dioscoreacea) leaves [fungus growing, leaf-cutting ant, plant-insect relations; saponins, sapogenins, allomones]",G. Febvay; P. Bourgeois; A. Kermarrec,1985,,https://www.semanticscholar.org/paper/fd78df0fceb29356eca526341679b8d1d5f1f20e,,"1,2",Discovery metadata; not a validated inclusion or toxicity claim
fdb1771647cf76cb67478cbf1c9ee8e15c96c711,Pan-omic characterization of plant polymer degradation in leaf-cutter ant fungus gardens,Kristin E. Burnum-Johnson,2015,,https://www.semanticscholar.org/paper/fdb1771647cf76cb67478cbf1c9ee8e15c96c711,,1,Discovery metadata; not a validated inclusion or toxicity claim
fdec02cdd119b7120d92451ae4734b5cf7e51293,Variação espaço-temporal na atividade forrageira da Saúva (Atta laevigata),Heraldo L. Vasconcelos,2002,10.1590/1809-43922002321154,https://www.semanticscholar.org/paper/fdec02cdd119b7120d92451ae4734b5cf7e51293,https://www.scielo.br/j/aa/a/kF643cqxMQxSyCZbdprTVhR/?lang=pt&format=pdf,"1,3",Discovery metadata; not a validated inclusion or toxicity claim
fdec16d5a2e8a2c73f83ac2ebb77c89009fe8e80,"Attractivity or Repellence: Relation between the Endophytic Fungi of Acalypha, Colocasia and the Leaf-Cutting Ants—Atta sexdens",L. M. Machado; Thays Neigri da Silva; Daiane Raquel Polezel; Amanda A. de Oliveira; Manuela de O. Ramalho; F. C. Pagnocca; O. Bueno,2021,10.4236/AE.2021.92008,https://www.semanticscholar.org/paper/fdec16d5a2e8a2c73f83ac2ebb77c89009fe8e80,http://www.scirp.org/journal/PaperDownload.aspx?paperID=108411,"1,3,9",Discovery metadata; not a validated inclusion or toxicity claim
fdf49d1e4d3bcda456a46d5e65830762aa13ac31,"Leaf-Cutting Ants, Biology and Control",I. Boulogne; H. Ozier-Lafontaine; G. Loranger-Merciris,2014,10.1007/978-3-319-00915-5_1,https://www.semanticscholar.org/paper/fdf49d1e4d3bcda456a46d5e65830762aa13ac31,,"1,2",Discovery metadata; not a validated inclusion or toxicity claim
fe11811e8de501610ee57161d87ad6b6b67d7379,Increased Herbivory in Forest Isolates: Implications for Plant Community Structure and Composition,Madhu Rao; J. Terborgh; Percy V. Núñez,2001,10.1046/j.1523-1739.2001.015003624.x,https://www.semanticscholar.org/paper/fe11811e8de501610ee57161d87ad6b6b67d7379,,1,Discovery metadata; not a validated inclusion or toxicity claim
fe52aeb4b8ae27c33d58e00abdd7dbdbb17b1b11,Bacterial strains within the fungus gardens of leaf-cutter ants show evidence of mutual and commensal interactions,Zach Dumar,2017,,https://www.semanticscholar.org/paper/fe52aeb4b8ae27c33d58e00abdd7dbdbb17b1b11,,"1,9",Discovery metadata; not a validated inclusion or toxicity claim
fe722f5dc26607ffa4cd78fc1c319648edc669be,Olfactory responses of the leaf-cutting ants Atta cephalotes (L.) and Acromyrmex octospinosus (Reich) (Hymenoptera: Formicidae) in the laboratory,M. Littledyke; J. M. Cherrett,1978,10.1017/S0007485300007355,https://www.semanticscholar.org/paper/fe722f5dc26607ffa4cd78fc1c319648edc669be,,"1,2,3",Discovery metadata; not a validated inclusion or toxicity claim
fefcc00b28fc4e722150daf2dd75005ce9958bc3,Learning through the waste: olfactory cues from the colony refuse influence plant preferences in foraging leaf-cutting ants,A. Arenas; F. Roces,2016,10.1242/jeb.139568,https://www.semanticscholar.org/paper/fefcc00b28fc4e722150daf2dd75005ce9958bc3,https://jeb.biologists.org/content/jexbio/219/16/2490.full.pdf,1,Discovery metadata; not a validated inclusion or toxicity claim
ff4a1d3efa6c382033be979466ab094e550c2ab1,Metapleural Gland Secretion of the Leaf-cutter Ant Acromyrmex octospinosus: New Compounds and Their Functional Significance,D. Ortius-Lechner; R. Maile; E. Morgan; J. J. Boomsma,2000,10.1023/A:1005543030518,https://www.semanticscholar.org/paper/ff4a1d3efa6c382033be979466ab094e550c2ab1,,1,Discovery metadata; not a validated inclusion or toxicity claim
ff77886be46de2e7ccf8354e426aec1d4e847204,The Multiple Impacts of Leaf‐Cutting Ants and Their Novel Ecological Role in Human‐Modified Neotropical Forests,I. Leal; R. Wirth; M. Tabarelli,2014,10.1111/btp.12126,https://www.semanticscholar.org/paper/ff77886be46de2e7ccf8354e426aec1d4e847204,,1,Discovery metadata; not a validated inclusion or toxicity claim
030823df48d50218e6a4a19f92b911c09fadb1f7,"Caracterização de ninhos e tamanho de colônia de Acromyrmex rugosus (F. Smith) (Hymenoptera, Formicidae, Attini) em restingas de Ilhéus, BA, Brasil",I. M. F. Soares; T. Lucia; Adriana Anadir dos Santos; Ivan Cardoso do Nascimento; J. Delabie,2006,10.1590/S0085-56262006000100020,https://www.semanticscholar.org/paper/030823df48d50218e6a4a19f92b911c09fadb1f7,https://www.scielo.br/j/rbent/a/bYVZKSPMdsNxbFyxqfH7PtP/?lang=pt&format=pdf,2,Discovery metadata; not a validated inclusion or toxicity claim
04ff9607846b16c60fb13f7e45b8014fc068e608,Sex allocation in fungus-growing ants: worker or queen control without symbiont-induced female bias,M. B. Dijkstra; J. Boomsma,2008,10.1111/J.1600-0706.2008.16822.X,https://www.semanticscholar.org/paper/04ff9607846b16c60fb13f7e45b8014fc068e608,,2,Discovery metadata; not a validated inclusion or toxicity claim
06d06bd7c69cbcb3221586c0a99e0943f3beeda1,Post-selection and return of foraged material by Acromyrmex subterraneus brunneus (Hymenoptera: Formicidae),Roberto da Silva Camargo; L. C. Forti; C. A. O. de Matos; J. Lopes; A. P. D. de Andrade; V. M. Ramos,2003,,https://www.semanticscholar.org/paper/06d06bd7c69cbcb3221586c0a99e0943f3beeda1,,2,Discovery metadata; not a validated inclusion or toxicity claim
076b9352fd1c119099b576f42729a3eed6310c62,Foraging and grass selection by the grass-cutting ant Acromyrmex landolti fracticornis (Forel) (Hymenoptera: Formicidae) in habitats of introduced forage grasses in Paraguay,H. Fowler; S. W. Robinson,1977,10.1017/S0007485300007021,https://www.semanticscholar.org/paper/076b9352fd1c119099b576f42729a3eed6310c62,,2,Discovery metadata; not a validated inclusion or toxicity claim
0ca3543ebd1426372c31e54099601e7bb675f78f,Chitin-degrading enzymes from an actinomycete ectosymbiont of Acromyrmex subterraneus brunneus (Hymenoptera: Formicidae),G. D. Rossi; T. Zucchi; A. Guidolin; Aline Peruchi; F. L. Cônsoli,2015,10.1007/s13213-014-0892-1,https://www.semanticscholar.org/paper/0ca3543ebd1426372c31e54099601e7bb675f78f,https://annalsmicrobiology.biomedcentral.com/counter/pdf/10.1007/s13213-014-0892-1,2,Discovery metadata; not a validated inclusion or toxicity claim
0e6047f1245d7d5bdbd489d4db8dbbbe74d3978d,Performance and efficiency in leaf transport: unveiling the task allocation puzzle in Acromyrmex subterraneus,A. M. O. Toledo; Arthur Zimerer; J. Lopes,2024,10.1007/s00265-024-03454-7,https://www.semanticscholar.org/paper/0e6047f1245d7d5bdbd489d4db8dbbbe74d3978d,,2,Discovery metadata; not a validated inclusion or toxicity claim
10475137d8cc51fbe6ef7016a62661102aa011d6,Fungus For Fungus: Acromyrmex rugosus (Hymenoptera: Formicidae) collecting on Gymnopilus cf. peliolepis (Agaricales: Hymenogastraceae) in a Brazilian dry forest,Edna Karolyne Nascimento Santos; Rony Peterson Santos Almeida; F. Wartchow; M. Oliveira,2025,10.30550/j.azl/2087,https://www.semanticscholar.org/paper/10475137d8cc51fbe6ef7016a62661102aa011d6,https://doi.org/10.30550/j.azl/2087,"2,3",Discovery metadata; not a validated inclusion or toxicity claim
108798dacaf874fdca4c854860b10bea400f4f98,"Ocorrência de ninhos de formigas cortadeiras em área de vinhedo no Rio Grande do Sul,-Brasil",M. G. D. Ricalde; A. E. Loeck; M. P. Ricalde,2012,,https://www.semanticscholar.org/paper/108798dacaf874fdca4c854860b10bea400f4f98,,2,Discovery metadata; not a validated inclusion or toxicity claim
12e7b2b3ccdd33f170f3d1059e35ffd31dbe9d55,"Dietary diversity, sociality, and the evolution of ant gustation",E. J. Smith; Joel Vizueta; Meg A. Younger; S. Mullen; J. Traniello,2023,10.3389/fevo.2023.1175719,https://www.semanticscholar.org/paper/12e7b2b3ccdd33f170f3d1059e35ffd31dbe9d55,https://public-pages-files-2025.frontiersin.org/journals/ecology-and-evolution/articles/10.3389/fevo.2023.1175719/pdf,2,Discovery metadata; not a validated inclusion or toxicity claim
15a50c2b3d9c5af5f19f34e06d7c2333608e06e9,Nouvelle Stratégie de Protection des Cultures Vivrières Contre la Fourmi Attine Acromyrmex octospinosus (Reich) en Guadeloupe : les plantes résistantes à la défoliation,G. Febvay; A. Kermarrec,1984,,https://www.semanticscholar.org/paper/15a50c2b3d9c5af5f19f34e06d7c2333608e06e9,,2,Discovery metadata; not a validated inclusion or toxicity claim
16f262341285228d9022795434ab47c1a7bf2cb8,Densidade e tamanho de formigueiros de Acromyrmex crassispinus em plantios de Pinus taeda,M. A. Nickele; W. Reis; Edilson Batista de Oliveira; E. T. Iede,2009,10.1590/S0100-204X2009000400003,https://www.semanticscholar.org/paper/16f262341285228d9022795434ab47c1a7bf2cb8,https://www.scielo.br/j/pab/a/FxVmh5SYrXN34b8vQFJ9Wnw/?lang=pt&format=pdf,2,Discovery metadata; not a validated inclusion or toxicity claim
1a0f63b7c01ab7a7df8bd45ad33b51484fdced90,On suicidal punishment among Acromyrmex versicolor co-foundresses: the disadvantage in personal advantage,G. B. Pollock; A. Cabrales; S. Rissing,2004,,https://www.semanticscholar.org/paper/1a0f63b7c01ab7a7df8bd45ad33b51484fdced90,,2,Discovery metadata; not a validated inclusion or toxicity claim
1cb0703b278afb6a0facd9892fe90ef9c44526ee,"Specificity in Chemical Profiles of Workers, Brood and Mutualistic Fungi in Atta, Acromyrmex, and Sericomyrmex Fungus-growing Ants",Freddie-Jeanne Richard; M. Poulsen; F. Drijfhout; Graeme R. Jones; J. Boomsma,2007,10.1007/s10886-007-9385-z,https://www.semanticscholar.org/paper/1cb0703b278afb6a0facd9892fe90ef9c44526ee,,"2,3,8",Discovery metadata; not a validated inclusion or toxicity claim
23ce45dc6a935d04a13241a19caaea90e33dbe0d,Keyword index,,2015,10.1111/een.kwdindex_40,https://www.semanticscholar.org/paper/23ce45dc6a935d04a13241a19caaea90e33dbe0d,,2,Discovery metadata; not a validated inclusion or toxicity claim
24874550232254379b2bf61d0ca602371c97dc5a,Carbon dioxide sensing in the social context: Leaf-cutting ants prefer elevated CO2 levels to tend their brood.,D. Römer; M. Bollazzi; F. Roces,2018,10.1016/j.jinsphys.2018.05.007,https://www.semanticscholar.org/paper/24874550232254379b2bf61d0ca602371c97dc5a,,"2,10",Discovery metadata; not a validated inclusion or toxicity claim
2708f28908885dd448bb480ce6f447b1414a3e06,"An Old World leaf‐cutting, fungus‐growing ant: A case of convergent evolution",A. Dejean; P. Naskrecki; C. Faucher; F. Azémar; M. Tindo; S. Manzi; H. Gryta,2023,10.1002/ece3.9904,https://www.semanticscholar.org/paper/2708f28908885dd448bb480ce6f447b1414a3e06,https://onlinelibrary.wiley.com/doi/pdfdirect/10.1002/ece3.9904,"2,4",Discovery metadata; not a validated inclusion or toxicity claim
276cd477d6600f1fd9c1265165be54e85631bc02,Pathways to parasitic strategies in ants,H. Helanterä,2021,10.1073/pnas.2115607118,https://www.semanticscholar.org/paper/276cd477d6600f1fd9c1265165be54e85631bc02,https://doi.org/10.1073/pnas.2115607118,2,Discovery metadata; not a validated inclusion or toxicity claim
279136c6fe00e6d45331f59e867b710eaef588d7,A review of micromorphological studies of ant and termite's epigean nests located in neotropical soils of Argentina,Marcela I. Cosarinsky,2021,10.1016/J.JSAMES.2021.103380,https://www.semanticscholar.org/paper/279136c6fe00e6d45331f59e867b710eaef588d7,,"2,4",Discovery metadata; not a validated inclusion or toxicity claim
27a18ba9ecfae57d693b390fc0d02e0d3ee64c9a,Walking through uneven terrains: unraveling worker dynamics in foraging activity,Julia Lacerda Barreto,,10.34019/ufjf/di/2025/00069,https://www.semanticscholar.org/paper/27a18ba9ecfae57d693b390fc0d02e0d3ee64c9a,https://repositorio.ufjf.br/jspui/bitstream/ufjf/20292/6/julialacerdabarreto.pdf,"2,5,10",Discovery metadata; not a validated inclusion or toxicity claim
29d1278fad51fe0be3d1253cbc2ddb1c8ed83c29,Colonization of two tropical forage grasses by Acromyrmex landolti (Hymenoptera: Formicidae) in Eastern Colombia,S. Lapointe; M. S. Serrano; A. Villegas,1993,10.2307/3495736,https://www.semanticscholar.org/paper/29d1278fad51fe0be3d1253cbc2ddb1c8ed83c29,https://doi.org/10.2307/3495736,2,Discovery metadata; not a validated inclusion or toxicity claim
2a6cdba7dcf50c242ff3810903031f11a668068f,A Single Streptomyces Symbiont Makes Multiple Antifungals to Support the Fungus Farming Ant Acromyrmex octospinosus,R. Seipke; J. Barke; C. Brearley; L. Hill; Douglas W. Yu; Rebecca J. M. Goss; M. Hutchings,2011,10.1371/journal.pone.0022028,https://www.semanticscholar.org/paper/2a6cdba7dcf50c242ff3810903031f11a668068f,https://journals.plos.org/plosone/article/file?id=10.1371/journal.pone.0022028&type=printable,2,Discovery metadata; not a validated inclusion or toxicity claim
2b24acb4655bb6e277fa58d34c9533feb7806a45,Loss of Wolbachia infection during colonisation in the invasive Argentine ant Linepithema humile,Max Reuter; Max Reuter; J. S. Pedersen; J. S. Pedersen; L. Keller,2005,10.1038/sj.hdy.6800601,https://www.semanticscholar.org/paper/2b24acb4655bb6e277fa58d34c9533feb7806a45,https://www.nature.com/articles/6800601.pdf,2,Discovery metadata; not a validated inclusion or toxicity claim
2f27d96d2f9204a524ebb02afa7e1e41ac00b53b,Analyse par digitalisation d'images du comportement d'affouragement d'une fourmi attine: application aux tests de choix,G. Febvay; Y. Rahbé; A. Kermarrec,1986,10.1051/AGRO:19860807,https://www.semanticscholar.org/paper/2f27d96d2f9204a524ebb02afa7e1e41ac00b53b,https://hal.archives-ouvertes.fr/hal-00884932/file/hal-00884932.pdf,"2,7",Discovery metadata; not a validated inclusion or toxicity claim
2f8fb094e23ecca712042b391629fbfd2fd09c4b,Fungus garden nutritional needs drive foraging decisions in the social symbiosis of the desert leafcutter ant Acromyrmex versicolor,,2026,10.1038/s41598-026-60799-x,https://www.semanticscholar.org/paper/2f8fb094e23ecca712042b391629fbfd2fd09c4b,https://www.nature.com/articles/s41598-026-60799-x_reference.pdf,2,Discovery metadata; not a validated inclusion or toxicity claim
30caf13c8868030972b6234b553b5c666af9bfad,"Phylogenetic patterns of ant–fungus associations indicate that farming strategies, not only a superior fungal cultivar, explain the ecological success of leafcutter ants",U. Mueller; Melissa R. Kardish; Heather D. Ishak; April M. Wright; S. E. Solomon; Sofia M Bruschi; A. Carlson; M. Bacci,2018,10.1111/mec.14588,https://www.semanticscholar.org/paper/30caf13c8868030972b6234b553b5c666af9bfad,,"2,8",Discovery metadata; not a validated inclusion or toxicity claim
3176acbaa11481e00c4b303cd364a2aff17df3bd,"Simbiontes de insetos como endofíticos: a interação Spodoptera frugiperda (J. E. Smith, 1797) (Lepidoptera: Noctuidae) - Zea mays L. (Poales: Poaceae)",Diandra Achre,2018,10.11606/D.11.2018.tde-16052018-125159,https://www.semanticscholar.org/paper/3176acbaa11481e00c4b303cd364a2aff17df3bd,https://teses.usp.br/teses/disponiveis/11/11146/tde-16052018-125159/publico/Diandra_Achre_versao_simplificada.pdf,2,Discovery metadata; not a validated inclusion or toxicity claim
32803ae779fe8a67e1f2416719f2daa9331f82f9,Innate turning preference of leaf-cutting ants in the absence of external orientation cues,T. Endlein; M. Sitti,2018,10.1242/jeb.177006,https://www.semanticscholar.org/paper/32803ae779fe8a67e1f2416719f2daa9331f82f9,,2,Discovery metadata; not a validated inclusion or toxicity claim
35251d5bb82c1d335b52bb3dc358a6b3f914b7f6,"ierarchical establishment of information sources during foraging ecision-making process involving Acromyrmex subterraneus Forel , 1893 ) ( Hymenoptera , Formicidae ) ilhian",Gonç alves De Almeidaa; Roberto Da Silva Camargob; Carlos Fortib; J. R. S. Lopesa,2018,,https://www.semanticscholar.org/paper/35251d5bb82c1d335b52bb3dc358a6b3f914b7f6,,2,Discovery metadata; not a validated inclusion or toxicity claim
36562e8b6c01ba03f98caa2ed84c7b909a0a14ba,"Underground nest building: the effect of CO2 on digging rates, soil transport and choice of a digging site in leaf-cutting ants",D. Römer; F. Halboth; M. Bollazzi; F. Roces,2018,10.1007/s00040-018-0615-x,https://www.semanticscholar.org/paper/36562e8b6c01ba03f98caa2ed84c7b909a0a14ba,,2,Discovery metadata; not a validated inclusion or toxicity claim
37bf0c03418bc7bbfb098fcbd977e26b9c1d19d6,Ant identity determines the fungi richness and composition of a myrmecochorous seed,T. Fernandes; O. L. Fernandes; I. Gomes; R. Solar; R. Campos,2023,10.1371/journal.pone.0293377,https://www.semanticscholar.org/paper/37bf0c03418bc7bbfb098fcbd977e26b9c1d19d6,https://journals.plos.org/plosone/article/file?id=10.1371/journal.pone.0293377&type=printable,"2,3",Discovery metadata; not a validated inclusion or toxicity claim
384502bbc0b5d93f84f6e72987222e1a59fb60b8,Agroforestry improves soil fauna abundance and composition in the Atlantic Forest of Paraguay,Amado Insfrán Ortiz; J. M. Rey Benayas; Luís Cayuela Delgado,2023,10.1007/s10457-023-00869-5,https://www.semanticscholar.org/paper/384502bbc0b5d93f84f6e72987222e1a59fb60b8,https://link.springer.com/content/pdf/10.1007/s10457-023-00869-5.pdf,"2,3",Discovery metadata; not a validated inclusion or toxicity claim
390e20908aa844b582ea21450eae1754ed29fa7c,A prenylated benzoic acid derivative from the leaves of Piper taboganum,V. Roussis; S. Ampofo; D. Wiemer,1990,10.1016/0031-9422(90)85016-9,https://www.semanticscholar.org/paper/390e20908aa844b582ea21450eae1754ed29fa7c,,2,Discovery metadata; not a validated inclusion or toxicity claim
4007e3044f6cff998ecc4233a967f24d8fe29307,Behavioral Specialization of Workers of the Leafcutter Ant Acromyrmex octospinosus (Hymenoptera: Formicidae) with an External Bacterial Layer,J. Fladerer; F. Bucar,2022,10.1007/s10905-022-09806-3,https://www.semanticscholar.org/paper/4007e3044f6cff998ecc4233a967f24d8fe29307,https://link.springer.com/content/pdf/10.1007/s10905-022-09806-3.pdf,2,Discovery metadata; not a validated inclusion or toxicity claim
410e2c61e137025529a82aed8560b294441099e5,Selection and spatial arrangement of building materials during the construction of nest turrets by grass-cutting ants,D. Römer; Marcela I. Cosarinsky; F. Roces,2020,10.1098/rsos.201312,https://www.semanticscholar.org/paper/410e2c61e137025529a82aed8560b294441099e5,https://royalsocietypublishing.org/doi/pdf/10.1098/rsos.201312,2,Discovery metadata; not a validated inclusion or toxicity claim
4400ee4240fe989aff30a055dc0ef4448cb46988,"Ensambles de ácaros oribátidos en hormigueros de Acromyrmex spp. (Hymenoptera, Formicidae)",Lucía Peralta; Pablo A. Martínez,2013,10.25260/EA.13.23.3.0.1160,https://www.semanticscholar.org/paper/4400ee4240fe989aff30a055dc0ef4448cb46988,http://ojs.ecologiaaustral.com.ar/index.php/Ecologia_Austral/article/download/1160/556,2,Discovery metadata; not a validated inclusion or toxicity claim
46bf3786ebb625aa4718058b2f4b9edc5ea82dd6,[Spatial distribution of nests of Acromyrmex crassispinus (Forel) (Hymenoptera: Formicidae) in Pinus taeda plantations].,M. Nickele; E. B. D. Oliveira; Wilson Reis Filho; E. T. Iede; R. D. Ribeiro,2010,,https://www.semanticscholar.org/paper/46bf3786ebb625aa4718058b2f4b9edc5ea82dd6,,2,Discovery metadata; not a validated inclusion or toxicity claim
47b34ae4a9c9afc55bbde2a42b46e8a7d2000577,"EVALUACION CUALITATIVA Y CUANTITATIVA DE LA OFERTA Y COSECHA DE BIOMASA HERBACEA POR ACROMYRMEX STRIATUS ROGER (HYMENOPTERA FORMICIDAE) EN LA PROVINCIA DE LA PAMPA, ARGENTINA",Ana P. Armani; E. Quirán,2007,10.4067/S0717-65382007000200010,https://www.semanticscholar.org/paper/47b34ae4a9c9afc55bbde2a42b46e8a7d2000577,http://www.scielo.cl/pdf/gayana/v71n2/art 10.pdf,2,Discovery metadata; not a validated inclusion or toxicity claim
48eb70ee329ffd4c42c46511f5a68c0b8abeb022,"Interactions between Fungus‐Growing Ants (Attini), Fruits and Seeds in Cerrado Vegetation in Southeast Brazil 1",Inara R. Leal; Paulo S. Oliveira,1998,10.1111/j.1744-7429.1998.tb00052.x,https://www.semanticscholar.org/paper/48eb70ee329ffd4c42c46511f5a68c0b8abeb022,,"2,8",Discovery metadata; not a validated inclusion or toxicity claim
4a0bcf394749870d56071011205bce8ba22daa68,Biogeography of mutualistic fungi cultivated by leafcutter ants,U. Mueller; Heather D. Ishak; Sofia M Bruschi; Chad C. Smith; Jacob J. Herman; S. E. Solomon; A. Mikheyev; C. Rabeling; Jarrod J. Scott; Michael Cooper; A. Rodrigues; A. Ortiz; C. Brandão; J. Lattke; F. C. Pagnocca; S. Rehner; T. Schultz; H. Vasconcelos; R. M. Adams; M. Bollazzi; Rebecca M. Clark; A. Himler; J. LaPolla; I. Leal; Robert A. Johnson; F. Roces; J. Sosa‐Calvo; R. Wirth; M. Bacci,2017,10.1111/mec.14431,https://www.semanticscholar.org/paper/4a0bcf394749870d56071011205bce8ba22daa68,https://oist.repo.nii.ac.jp/record/331/files/MuellerEtAl%20Attamyces%20Biogeography%2017June2017.pdf,"2,9",Discovery metadata; not a validated inclusion or toxicity claim
4d0cfde2b7748200b2cfe3d152c8bf80103b9d69,Thermal preference for fungus culturing and brood location by workers of the thatching grass-cutting ant Acromyrmex heyeri,M. Bollazzi; F. Roces,2002,10.1007/s00040-002-8295-x,https://www.semanticscholar.org/paper/4d0cfde2b7748200b2cfe3d152c8bf80103b9d69,,"2,10",Discovery metadata; not a validated inclusion or toxicity claim
4fa0859dee657ef7850f584edc7c6b2d7fb3bd38,Nest Turrets of Acromyrmex Grass-Cutting Ants: Micromorphology Reveals Building Techniques and Construction Dynamics,Marcela I. Cosarinsky; Daniela Römer; F. Roces,2020,10.3390/insects11020140,https://www.semanticscholar.org/paper/4fa0859dee657ef7850f584edc7c6b2d7fb3bd38,https://www.mdpi.com/2075-4450/11/2/140/pdf?version=1582697801,2,Discovery metadata; not a validated inclusion or toxicity claim
4fbad4663b7ea81c0ac7a2a30ea9ac90dee6c4c2,Effect of essential oil from leaves of Drimys angustifolia in colonies of Acromyrmex spp. in Pinus taeda planting.,C. Meneghetti; R. Rebelo; M. Vitorino,2015,,https://www.semanticscholar.org/paper/4fbad4663b7ea81c0ac7a2a30ea9ac90dee6c4c2,,2,Discovery metadata; not a validated inclusion or toxicity claim
4fe312e0331050efe3c657a39056d2ec87fe2782,Carbon dioxide sensing in an obligate insect-fungus symbiosis: CO2 preferences of leaf-cutting ants to rear their mutualistic fungus,Daniela Römer; M. Bollazzi; F. Roces,2017,10.1371/journal.pone.0174597,https://www.semanticscholar.org/paper/4fe312e0331050efe3c657a39056d2ec87fe2782,https://journals.plos.org/plosone/article/file?id=10.1371/journal.pone.0174597&type=printable,2,Discovery metadata; not a validated inclusion or toxicity claim
539d512e65ee9f24f61152507234096b267bf6e4,"Reconhecimento da prole por operárias companheiras e não companheiras de ninho em Acromyrmex laticeps nigrosetosus Forel, 1908 (Hymenoptera, Formicidae)",Danival José de Souza; Terezinha Maria Castro Della Lucia; Christine Errard; P. D’ettorre; J. Mercier,2003,10.1590/S0103-84782003000100014,https://www.semanticscholar.org/paper/539d512e65ee9f24f61152507234096b267bf6e4,https://www.scielo.br/j/cr/a/rfrgkbyqL6pRdZ3pDjmKYJf/?lang=pt&format=pdf,2,Discovery metadata; not a validated inclusion or toxicity claim
551a0e965d370074202134f60a975a451f3a9789,DIET-INDUCED AGGRESSION AMONG COLONIES OF THE LEAFCUTTER ANT ACROMYRMEX ECHINATIOR FOREL (HYMENOPTERA FORMICIDAE),,2006,,https://www.semanticscholar.org/paper/551a0e965d370074202134f60a975a451f3a9789,,2,Discovery metadata; not a validated inclusion or toxicity claim
5db112341a0cbd1a9ef9d8665a43dc916acaf6a5,Foraging leafcutter ants: olfactory memory underlies delayed avoidance of plants unsuitable for the symbiotic fungus,N. Saverschek; F. Roces,2011,10.1016/J.ANBEHAV.2011.05.015,https://www.semanticscholar.org/paper/5db112341a0cbd1a9ef9d8665a43dc916acaf6a5,,2,Discovery metadata; not a validated inclusion or toxicity claim
5e997f0e8daff146c222dc946aa8a46271af24b1,Foraging Behavior and Subtask Hierarchical Structure in Acromyrmex spp. (Hymenoptera: Formicidae),J. Lopes; R. Camargo; L. C. Forti,2003,,https://www.semanticscholar.org/paper/5e997f0e8daff146c222dc946aa8a46271af24b1,,2,Discovery metadata; not a validated inclusion or toxicity claim
60bbf3349e0790257e1b869be75f56b61aa514eb,Evaluation du potentiel insecticide et antifongique sur Acromyrmex octospinosus (Reich) d'une sélection de plantes à usages etnopharmacologiques TRAMIL,Isabelle Boulogne,2011,10.70675/d6d8b9dfz5df6z49fbz8ecdzdb5b448c224f,https://www.semanticscholar.org/paper/60bbf3349e0790257e1b869be75f56b61aa514eb,,2,Discovery metadata; not a validated inclusion or toxicity claim
627c582744a6d173c39735f85377be01360863df,Know thy enemy: interspecific differences of pine consumption among leafcutter ants in a plantation,L. Elizalde; M. A. Fernandez; A. Guillade; P. Folgarait,2015,10.1007/s10340-015-0702-y,https://www.semanticscholar.org/paper/627c582744a6d173c39735f85377be01360863df,https://link.springer.com/content/pdf/10.1007/s10340-015-0702-y.pdf,2,Discovery metadata; not a validated inclusion or toxicity claim
6406a95d442d136391d1b4a2e231a0191a8b8bdf,Distribuição espacial de formigueiros de Acromyrmex crassispinus (Forel)(Hymenoptera: Formicidae) em plantios de Pinus taeda,M. A. Nickele; E. B. Oliveira; W. R. Filho; E. T. Iede; R. D. Ribeiro,2010,10.1590/S1519-566X2010000600003,https://www.semanticscholar.org/paper/6406a95d442d136391d1b4a2e231a0191a8b8bdf,https://www.scielo.br/j/ne/a/JJhSFZym4qJhq8MRKKST7dj/?lang=pt&format=pdf,2,Discovery metadata; not a validated inclusion or toxicity claim
645ae75bfbde80a1d3d24ccf1aa3b57b3d42ad13,Vitellogenin Underwent Subfunctionalization to Acquire Caste and Behavioral Specific Expression in the Harvester Ant Pogonomyrmex barbatus,M. Corona; R. Libbrecht; Y. Wurm; Oksana Riba-Grognuz; R. Studer; L. Keller,2013,10.1371/journal.pgen.1003730,https://www.semanticscholar.org/paper/645ae75bfbde80a1d3d24ccf1aa3b57b3d42ad13,https://journals.plos.org/plosgenetics/article/file?id=10.1371/journal.pgen.1003730&type=printable,2,Discovery metadata; not a validated inclusion or toxicity claim
649016d855742478cd7fcdf50815ebba074d1533,It is not all pheromones: No evidence that pheromones affect digging face choice during ant nest excavation.,A. I. Bruce,2016,10.1016/j.beproc.2015.10.021,https://www.semanticscholar.org/paper/649016d855742478cd7fcdf50815ebba074d1533,,2,Discovery metadata; not a validated inclusion or toxicity claim
64c0a5bd5319cf382a2bb82186904ad98d51cf88,Carbon Dioxide Is a Close-Range Oviposition Attractant in the Queensland Fruit Fly Bactrocera tryoni,G. Stange,1999,10.1007/s001140050595,https://www.semanticscholar.org/paper/64c0a5bd5319cf382a2bb82186904ad98d51cf88,,2,Discovery metadata; not a validated inclusion or toxicity claim
65673b735f5d7b0db593ebbd53fdd9911b14de26,Phorid species from Acromyrmex’s hosts and effect on their survival of two fungi proposed for the control of leafcutter ants,D. Goffré; P. Folgarait,2019,10.1111/eea.12842,https://www.semanticscholar.org/paper/65673b735f5d7b0db593ebbd53fdd9911b14de26,,2,Discovery metadata; not a validated inclusion or toxicity claim
6615b3f57aa83ed104bf6242caa6dfe30fc2932e,"Preferência de corte de Eucalyptus spp. por Acromyrmex laticeps nigrosetosus Forel, 1908 (Hymenoptera: formicidae) em condições de laboratório.",A. Marsaro; Adrián J. Molina-Rugama; C. Lima; T. Della Lucia,2007,10.5902/198050981948,https://www.semanticscholar.org/paper/6615b3f57aa83ed104bf6242caa6dfe30fc2932e,https://periodicos.ufsm.br/cienciaflorestal/article/download/1948/1190,2,Discovery metadata; not a validated inclusion or toxicity claim
66b29858bb21f8674cd7511e703f80abfd7e21f2,Canalized gene expression during development mediates caste differentiation in ants,Bitao Qiu; Xueqin Dai; Panyi Li; R. S. Larsen; Ruyan Li; A. Price; Guo Ding; M. Texada; Xiafang Zhang; Dashuang Zuo; Qionghua Gao; Wei Jiang; Ting-mei Wen; L. Pontieri; Chunxue Guo; K. Rewitz; Qiye Li; Weiwei Liu; J. Boomsma; Guojie Zhang,2022,10.1038/s41559-022-01884-y,https://www.semanticscholar.org/paper/66b29858bb21f8674cd7511e703f80abfd7e21f2,https://www.nature.com/articles/s41559-022-01884-y.pdf,2,Discovery metadata; not a validated inclusion or toxicity claim
671850edb02f141646bfea7c0ebbbe2e41fe1c98,THE GUILD OF SAPROBIONTIC NEMATODES ASSOCIATED WITH ANTS (FORMICOIDEA),W. Sudhaus,2016,10.37828/EM.2016.7.28,https://www.semanticscholar.org/paper/671850edb02f141646bfea7c0ebbbe2e41fe1c98,https://doi.org/10.37828/em.2016.7.28,2,Discovery metadata; not a validated inclusion or toxicity claim
6ba4d01875e1237d9853af3480812a84f1474e2b,Evolução e Metabolismo de Alguns Atíneos (Hymenoptera: Formicidae) e seus Fungos Simbiontes (Basidiomycota: Agaricales),Ana Carla Oliveira da Silva Pinhati,2004,,https://www.semanticscholar.org/paper/6ba4d01875e1237d9853af3480812a84f1474e2b,,"2,8",Discovery metadata; not a validated inclusion or toxicity claim
6c2537e5b2bec96156f58685eb5053112f7918e1,Information Needs at the Beginning of Foraging: Grass-Cutting Ants Trade Off Load Size for a Faster Return to the Nest,M. Bollazzi; F. Roces,2011,10.1371/journal.pone.0017667,https://www.semanticscholar.org/paper/6c2537e5b2bec96156f58685eb5053112f7918e1,https://journals.plos.org/plosone/article/file?id=10.1371/journal.pone.0017667&type=printable,2,Discovery metadata; not a validated inclusion or toxicity claim
6d112a43d57dd97a5b1280f7258ab41f9cc9e760,[Microbiological activity in the nests of Acromyrmex octospinosus Reich in Guadeloupe].,F. Papa; J. Papa,1982,,https://www.semanticscholar.org/paper/6d112a43d57dd97a5b1280f7258ab41f9cc9e760,,2,Discovery metadata; not a validated inclusion or toxicity claim
6d309b874637818f5b679ba827e8dab13ca67f8b,"Antiappétants pour la fourmi attine, Acromyrmex octospinosus (Reich) (Hymenoptera - Formicidae), chez certaines espèces d'igname (Dioscoreaceae) cultivées aux Antilles",G. Febvay; P. Bourgeois; A. Kermarrec,1985,10.1051/AGRO:19850508,https://www.semanticscholar.org/paper/6d309b874637818f5b679ba827e8dab13ca67f8b,https://hal.archives-ouvertes.fr/hal-00884829/file/hal-00884829.pdf,2,Discovery metadata; not a validated inclusion or toxicity claim
6e72566b452565c973b6a99edf7df38f4ad91982,Bacillus thuringiensis: Different Targets and Interactions,L. Fiuza; D. Berlitz; J. Oliveira; N. Knaak,2017,10.1007/978-3-319-56678-8_9,https://www.semanticscholar.org/paper/6e72566b452565c973b6a99edf7df38f4ad91982,,2,Discovery metadata; not a validated inclusion or toxicity claim
6f418dffba887266990a78c56dafaca537e86647,Where and how to build? Influence of social and environmental cues on nest building behavior in leaf-cutting ants,D. Römer,2014,,https://www.semanticscholar.org/paper/6f418dffba887266990a78c56dafaca537e86647,,"2,3,10",Discovery metadata; not a validated inclusion or toxicity claim
6f46f89e1f76e7ee06735b138e191c184507adac,Caracterizacion Del Daño de la Hormiga Cortadora de Pastos Acromymex Landolti (Forel) (Hymenoptera: Formicidae) Sobre El Establecimiento de Andropogon Gayanus En Los Llanos Orientales de Colombia,M. S. Serrano; S. Lapointe; Amanda Villegas,1993,10.25100/socolen.v19i1.10049,https://www.semanticscholar.org/paper/6f46f89e1f76e7ee06735b138e191c184507adac,https://doi.org/10.25100/socolen.v19i1.10049,2,Discovery metadata; not a validated inclusion or toxicity claim
6f4819754521a526334a0757f17df5d6970446f4,"The best of heavy queens: influence of post-flight weight on queens’ survival and productivity in Acromyrmex subterraneus (Forel, 1893) (Hymenoptera: Formicidae)",T. Sales; A. M. O. Toledo; J. Lopes,2020,10.1007/s00040-020-00772-7,https://www.semanticscholar.org/paper/6f4819754521a526334a0757f17df5d6970446f4,,2,Discovery metadata; not a validated inclusion or toxicity claim
7f948954526a8fd63aa49105072c2cb7b4ea3114,Dynamized high dilutions for management of the leafcutter ant Acromyrmex laticeps Emery (Hymenoptera: Formicidae),A. Giesel; M. Boff; P. Boff,2017,10.4025/ACTASCIAGRON.V39I4.32848,https://www.semanticscholar.org/paper/7f948954526a8fd63aa49105072c2cb7b4ea3114,http://periodicos.uem.br/ojs/index.php/ActaSciAgron/article/download/32848/pdf,2,Discovery metadata; not a validated inclusion or toxicity claim
7ff645d9220160b5d3ff4777a916e8cf957664c5,"Please sirs, can we have some more?",A. Hart,2011,10.1016/J.TREE.2011.02.010,https://www.semanticscholar.org/paper/7ff645d9220160b5d3ff4777a916e8cf957664c5,,"2,8",Discovery metadata; not a validated inclusion or toxicity claim
8786c06530ec0f33b4600050b12e8c422079eaa8,Keyword index,,2018,10.1111/een.12691,https://www.semanticscholar.org/paper/8786c06530ec0f33b4600050b12e8c422079eaa8,,2,Discovery metadata; not a validated inclusion or toxicity claim
88dfb77a37f2f95fb7cbd50c3e6f8bafed0d3895,"Phenology in the diet of Chaunus arenarum (Anura: Bufonidae) in a soybean field of Córdoba province,Argentina",A. Attademo; Walter Cejas; P. Peltzer; R. Lajmanovich,2007,,https://www.semanticscholar.org/paper/88dfb77a37f2f95fb7cbd50c3e6f8bafed0d3895,,2,Discovery metadata; not a validated inclusion or toxicity claim
88eb87909e4ba48b6dac5f0913107925fc93c9d8,The chemical ecology of protective microbiomes,Sarah F. Worsley,2019,,https://www.semanticscholar.org/paper/88eb87909e4ba48b6dac5f0913107925fc93c9d8,,2,Discovery metadata; not a validated inclusion or toxicity claim
8916075a3bc5c8641cacaaf5bfcc23950760cf99,Relationship between Mandible Morphology and Leaf Preference in Leaf-Cutting Ants (Hymenoptera: Formicidae),R. Camargo; Isabel Neto Hastenreiter; L. C. Forti; J. Lopes,2015,10.1177/012004881504100215,https://www.semanticscholar.org/paper/8916075a3bc5c8641cacaaf5bfcc23950760cf99,,"2,3",Discovery metadata; not a validated inclusion or toxicity claim
8d80fbf65dc7bc77606d6c60fe792b9c61733345,"Microbiological hydroxylation. Part XIX. The action of an ant fungus ('Acromyrmex fungus') on oxygenated androstanes, pregnanes, and cholestanes.",E. Jones; G. Meakins; J. Miners; J. Pragnell; A. Wilkins,1975,10.1039/P19750001552,https://www.semanticscholar.org/paper/8d80fbf65dc7bc77606d6c60fe792b9c61733345,,2,Discovery metadata; not a validated inclusion or toxicity claim
8d8e95118551258cd22d796c3dd7e1386d57af33,Crescimento do fungo simbionte de formigas cortadeiras do gênero Acromyrmex em meios de cultura com diferentes extratos,Regina da Silva Borba; A. E. Loeck; Juliana de Magalhães Bandeira; Caroline Leivas Moraes; Elias Daniel Centenaro,2006,10.1590/S0103-84782006000300002,https://www.semanticscholar.org/paper/8d8e95118551258cd22d796c3dd7e1386d57af33,https://www.scielo.br/j/cr/a/Tgm6Q8tng8n3WsfHb53TV6w/?lang=pt&format=pdf,"2,3,9",Discovery metadata; not a validated inclusion or toxicity claim
8ddb2baf1434d259ea7de93f100820e553f7bfd8,Low Herbivory among Targeted Reforestation Sites in the Andean Highlands of Southern Ecuador,Marc-Oliver Adams; K. Fiedler,2016,10.1371/journal.pone.0151277,https://www.semanticscholar.org/paper/8ddb2baf1434d259ea7de93f100820e553f7bfd8,https://journals.plos.org/plosone/article/file?id=10.1371/journal.pone.0151277&type=printable,2,Discovery metadata; not a validated inclusion or toxicity claim
8fb6e2193d7e8e2e8dca829f325d4cb3d2ac1a5a,"NESTING PREFERENCES OF ACROMYRMEX-LUNDI-PUBESCENS (HYMENOPTERA, FORMICIDAE) IN THE GRAN-CHACO",H. Fowler,1988,10.2307/2388327,https://www.semanticscholar.org/paper/8fb6e2193d7e8e2e8dca829f325d4cb3d2ac1a5a,,2,Discovery metadata; not a validated inclusion or toxicity claim
9096d2a561abfb5720b52688d3375b5fe966cbaa,"Foraging activity of Acromyrmex laticeps nigrosetosus Forel ( Hymenoptera , Formicidae ) in Eucalyptus stands",M. D. S. Araujo; T. M. D. Lucia; C. A. Lima; D. J. Souza; Ethel Fernandes Petternelli,2004,,https://www.semanticscholar.org/paper/9096d2a561abfb5720b52688d3375b5fe966cbaa,,2,Discovery metadata; not a validated inclusion or toxicity claim
919a25ae5c712cada900d533eda95446f7eac66c,Fungus-Growing Ants,N. A. Weber,1966,10.1126/science.153.3736.587,https://www.semanticscholar.org/paper/919a25ae5c712cada900d533eda95446f7eac66c,,"2,3,9",Discovery metadata; not a validated inclusion or toxicity claim
9219bc067426159cc425e94b6b836ff53aaadb12,Male reproductive investment and queen mating-frequency in fungus-growing ants,B. Baer; J. Boomsma,2004,10.1093/BEHECO/ARH025,https://www.semanticscholar.org/paper/9219bc067426159cc425e94b6b836ff53aaadb12,,2,Discovery metadata; not a validated inclusion or toxicity claim
93b500431a5bbace7cfba4c9e42bf596f53a3ecd,Notes on a combined nest of Bombus pullatus (Hymenoptera: Apidae) and Acromyrmex octospinosus (Hymenoptera: Formicidae),G. Chavarría,1996,,https://www.semanticscholar.org/paper/93b500431a5bbace7cfba4c9e42bf596f53a3ecd,,2,Discovery metadata; not a validated inclusion or toxicity claim
94bf31cb157df422ada5a5e2063393c7306ab99c,Atta sexdens (L.) (Hymenoptera: Formicidae) Demography in the Colombian Amazon: An Evaluation of the Palatable Forage Hypothesis,H. V. Gils; L. E. Gómez; A. Gaigl,2011,10.1603/EN10209,https://www.semanticscholar.org/paper/94bf31cb157df422ada5a5e2063393c7306ab99c,,"2,3",Discovery metadata; not a validated inclusion or toxicity claim
97154a49b7792e93198efe9bb2684df561d5e032,"Selective foraging by Acromyrmex spp. ants in grassland ecosystems of Lages, Brazil, impacts biodiversity and plant resources",Alexandre Giesel; Patrícia Fernades; Daniela Höhn; Fernando Teruhiko Hata; Adriana Gonela,2025,10.55905/oelv23n10-105,https://www.semanticscholar.org/paper/97154a49b7792e93198efe9bb2684df561d5e032,https://ojs.observatoriolatinoamericano.com/ojs/index.php/olel/article/download/11871/7414,2,Discovery metadata; not a validated inclusion or toxicity claim
984f837def14186c66893551088cd334c3da3a38,"Hierarchical establishment of information sources during foraging decision-making process involving Acromyrmex subterraneus (Forel, 1893) (Hymenoptera, Formicidae)",Nilhian Gonçalves de Almeida; Roberto da Silva Camargo; L. C. Forti; J. Lopes,2018,10.1016/J.RBE.2017.11.006,https://www.semanticscholar.org/paper/984f837def14186c66893551088cd334c3da3a38,https://doi.org/10.1016/j.rbe.2017.11.006,2,Discovery metadata; not a validated inclusion or toxicity claim
9e064059f379d336cc141466aa6dffcf17e155da,Genetic relatedness among co-foundresses of two desert ants Veromessor pergandei and Acromyrmex vers,Rolf Hagen; Douglas R. Smith; S. Rissing,1988,10.1155/1988/40461,https://www.semanticscholar.org/paper/9e064059f379d336cc141466aa6dffcf17e155da,https://downloads.hindawi.com/journals/psyche/1988/040461.pdf,2,Discovery metadata; not a validated inclusion or toxicity claim
9eb36f4732a46cf4d00c672cdb4c80a03b55837f,Toxicity and behavioral alterations caused by essential oils of Croton tetradenius and their major compounds on Acromyrmex balzani,F. A. Brito; L. Bacci; A. Santana; J. Silva; D. A. C. Nizio; P. Nogueira; M. F. Arrigoni-Blank; Carlisson R. Melo; J. O. Melo; A. Blank,2020,10.1016/j.cropro.2020.105259,https://www.semanticscholar.org/paper/9eb36f4732a46cf4d00c672cdb4c80a03b55837f,,2,Discovery metadata; not a validated inclusion or toxicity claim
9faf363beceae26f7ffe9bdf47bd0850267b9852,The presence of protease activity in the rectal fluid of primitive attine ants.,MICHAEL M. Martin; J. Martin,1971,10.1016/0022-1910(71)90134-X,https://www.semanticscholar.org/paper/9faf363beceae26f7ffe9bdf47bd0850267b9852,http://deepblue.lib.umich.edu/bitstream/2027.42/33566/1/0000067.pdf,"2,8",Discovery metadata; not a validated inclusion or toxicity claim
a4902c9542557e158273da53b2799f8a089fc1cb,"ANT DIVERSITY IN THE DIET OF GIANT ANTEATERS, Myrmecophaga tridactyla (PILOSA:MYRMECOPHAGIDAE), IN THE IBERÁ NATURE
RESERVE, ARGENTINA",N. Jiménez; Yamil E. Di Blanco; L. Calcaterra,2018,10.31687/SAREMMN.18.25.2.0.16,https://www.semanticscholar.org/paper/a4902c9542557e158273da53b2799f8a089fc1cb,https://doi.org/10.31687/saremmn.18.25.2.0.16,2,Discovery metadata; not a validated inclusion or toxicity claim
a4b219a033f7fbf483063f1c5a7a9afaec3778b4,Some factors influencing colony spacing and survival in the grass-cutting ant Acromyrmex landolti fracticornis (Forel) (Formicidae: Attini) in Paraguay,H. Fowler,2016,10.15517/RBT.V25I1.25870,https://www.semanticscholar.org/paper/a4b219a033f7fbf483063f1c5a7a9afaec3778b4,,2,Discovery metadata; not a validated inclusion or toxicity claim
a4dc8f83d5d28857eae7ccd1cfeb1724f89f507c,Leafcutter ants: a small dispersal agent of the invasive plant Murraya paniculata,T. G. Pikart; G. K. Souza; J. Serrão; J. Zanuncio,2011,10.1111/J.1365-3180.2011.00881.X,https://www.semanticscholar.org/paper/a4dc8f83d5d28857eae7ccd1cfeb1724f89f507c,,2,Discovery metadata; not a validated inclusion or toxicity claim
a578b7b92d346a4f6dde06e728d0cabbd3381642,Interactions between Ants and Non‐myrmecochorous Fruits in Miconia (Melastomataceae) in a Neotropical Savanna,M. H. C. Lima; E. G. Oliveira; F. A. Silveira,2013,10.1111/j.1744-7429.2012.00910.x,https://www.semanticscholar.org/paper/a578b7b92d346a4f6dde06e728d0cabbd3381642,,2,Discovery metadata; not a validated inclusion or toxicity claim
a816e3b16ecf8692cd45d51ec6736e3449727109,"Dieta de Acromyrmex lobicornis (Hymenoptera: Formicidae) en un viñedo orgánico de Mendoza, Argentina",Gabriela Vargas; Carla Dagatti; M. Cesari; Cecilia Cesari,2026,10.24215/16699513e159,https://www.semanticscholar.org/paper/a816e3b16ecf8692cd45d51ec6736e3449727109,https://doi.org/10.24215/16699513e159,2,Discovery metadata; not a validated inclusion or toxicity claim
ae1783cc70a9d8759037bd787496594f85711384,"Phytochemical arrestants for the leaf-cutting ants, Atta cephalotes (L.) and Acromyrmex octospinosus (Reich), with some notes on the ants' response",J. M. Cherrett; C. Seaforth,1970,10.1017/S0007485300003606,https://www.semanticscholar.org/paper/ae1783cc70a9d8759037bd787496594f85711384,,"2,3",Discovery metadata; not a validated inclusion or toxicity claim
ae9a5c86f95a8c534d5b39059cc3b820928f083e,Leafcutter ants adjust foraging behaviours when exposed to noise disturbance,B. Byrne; S. D. de Kort; S. Pedley,2022,10.1371/journal.pone.0269517,https://www.semanticscholar.org/paper/ae9a5c86f95a8c534d5b39059cc3b820928f083e,https://journals.plos.org/plosone/article/file?id=10.1371/journal.pone.0269517&type=printable,2,Discovery metadata; not a validated inclusion or toxicity claim
b60fa17468117d19900cbd43cd09e0675b417419,"Mycophagy of Attini Ants (Hymenoptera, Formicidae, Myrmicinae) with Agaricales Mushrooms (Basidiomycota, Agaricomycetes) at Riparian Zone in Southern Brazil",A. Costa; C. Furlan-Lopes; F. A. Bertazzo-Silva; Ana Luiza Klotz-Neves; Kamille Rodrigues Ferraz; Andreas Köhler; J. Putzke,2022,10.34188/bjaerv5n4-039,https://www.semanticscholar.org/paper/b60fa17468117d19900cbd43cd09e0675b417419,https://ojs.brazilianjournals.com.br/ojs/index.php/BJAER/article/download/54469/40263,2,Discovery metadata; not a validated inclusion or toxicity claim
b8756e70fea318c4a1920416777c29515ec9025e,Identifying the transition between single and multiple mating of queens in fungus-growing ants,Palle Villesen; T. Murakami; T. Schultz; obus J. Boomsma,2002,10.1098/rspb.2002.2044,https://www.semanticscholar.org/paper/b8756e70fea318c4a1920416777c29515ec9025e,https://www.ncbi.nlm.nih.gov/pmc/articles/1691065,"2,8",Discovery metadata; not a validated inclusion or toxicity claim
b984443083966ec1e12645beab34e9c5b04a9e8a,Assessment of Feeding Behavior of the Zoo-Housed Lesser Anteater (Tamandua tetradactyla) and Nutritional Values of Natural Prey,Valentín Zárate; J. R. Mufari; Lucía G. Abalos Luna; Daniel P Villarreal; J. M. Busso,2022,10.3390/jzbg3010002,https://www.semanticscholar.org/paper/b984443083966ec1e12645beab34e9c5b04a9e8a,https://www.mdpi.com/2673-5636/3/1/2/pdf?version=1641391780,2,Discovery metadata; not a validated inclusion or toxicity claim
ba8b44b51b58ddbb0922a5823bbec4d5fc439f25,Nest architecture in polydomous grass-cutting ants (Acromyrmex balzani),N. Caldato; Roberto da Silva Camargo; L. C. Forti; Ana Paula Protti de Andrade; J. Lopes,2016,10.1080/00222933.2016.1166529,https://www.semanticscholar.org/paper/ba8b44b51b58ddbb0922a5823bbec4d5fc439f25,http://doi.org/10.1080/00222933.2016.1166529,2,Discovery metadata; not a validated inclusion or toxicity claim
be2d9e4f5e5534ebdc7999a5da177f1c24f46f27,"COMPETITIVE DISPLACEMENT OF PARATRECHINA LONGICORNIS (LATREILLE) (HYMENOPTERA: FORMICIDAE) FROM BAITS BY FIRE ANTS IN MATO GROSSO, BRAZIL",W. A. Banks; David F. Williams,1989,10.18474/0749-8004-24.3.381,https://www.semanticscholar.org/paper/be2d9e4f5e5534ebdc7999a5da177f1c24f46f27,,"2,8",Discovery metadata; not a validated inclusion or toxicity claim
c09cbf2959f8492678643692215616ca386ad997,How deep to dig?,M. Breed,2018,10.1007/s00040-018-0622-y,https://www.semanticscholar.org/paper/c09cbf2959f8492678643692215616ca386ad997,https://link.springer.com/content/pdf/10.1007/s00040-018-0622-y.pdf,2,Discovery metadata; not a validated inclusion or toxicity claim
c3451237a7d7118c629ba6af210c10805809538d,SIZE AND KINSHIP AFFECT SUCCESS OF CO-FOUNDING LASIUS PALLITARSIS QUEENS*,OF CO-FOUNDING; Lasius Pallitarsis,2006,,https://www.semanticscholar.org/paper/c3451237a7d7118c629ba6af210c10805809538d,,2,Discovery metadata; not a validated inclusion or toxicity claim
c65eaf6967205aa27d3b9e325de479dc16fd3c9d,Screening for non-preference of the leaf-cutting ant Acromyrmex subterraneus subterraneus for Eucalyptus,T. M. D. Lucia; M. A. Oliveira; M. D. S. Araujo; E. Vilela,1995,,https://www.semanticscholar.org/paper/c65eaf6967205aa27d3b9e325de479dc16fd3c9d,,2,Discovery metadata; not a validated inclusion or toxicity claim
c8e24f5e7f65176b717254697f3bd52f11520743,Keyword Index,,2019,10.1111/een.12813,https://www.semanticscholar.org/paper/c8e24f5e7f65176b717254697f3bd52f11520743,,"2,3",Discovery metadata; not a validated inclusion or toxicity claim
caa0a3ca33333bc2067695600def6aadcf4d42cf,Microfungal “Weeds” in the Leafcutter Ant Symbiosis,A. Rodrigues; M. Bacci; U. Mueller; Adriana Ortiz; F. C. Pagnocca,2008,10.1007/s00248-008-9380-0,https://www.semanticscholar.org/paper/caa0a3ca33333bc2067695600def6aadcf4d42cf,,2,Discovery metadata; not a validated inclusion or toxicity claim
ccc1a0d87e6f0e8ef6215495d332d1b2f949d7dc,Influence of secondary dispersal by ants on invasive processes of exotic species with fleshy fruits,M. Pereyra; S. Zeballos; L. Galetto; P. S. Oliveira,2022,10.1007/s10530-022-02845-z,https://www.semanticscholar.org/paper/ccc1a0d87e6f0e8ef6215495d332d1b2f949d7dc,,2,Discovery metadata; not a validated inclusion or toxicity claim
ccd84141be8b605e94b767bb4cdef1cc4c5d3ac3,"New Distribution Records of Ontherus brevipennis Harold, 1867 and Ontherus lichyi Martínez, 1947 (Coleoptera: Scarabaeidae: Scarabaeinae) in Colombia",Carlos Taboada-Verona; Roger Ayazo; A. Lopera-Toro,2017,10.1649/0010-065X-71.3.635,https://www.semanticscholar.org/paper/ccd84141be8b605e94b767bb4cdef1cc4c5d3ac3,https://zenodo.org/record/5377553,2,Discovery metadata; not a validated inclusion or toxicity claim
cf2319f55580da5c3f4916720fa5ed6384f31389,Foraging and pest potential of Paraguayan grass‐cutting ants (Atta and Acromyrmex) to the cattle industry,S. W. Robinson; H. Fowler,2009,10.1111/J.1439-0418.1982.TB03569.X,https://www.semanticscholar.org/paper/cf2319f55580da5c3f4916720fa5ed6384f31389,,"2,4",Discovery metadata; not a validated inclusion or toxicity claim
d080db2a5352d5804b94c4d21b9c04160ee430ad,Digestion of chitin by the labial glands of Acromyrmex octospinosus Reich (Hymenoptera: Formicidae),G. Febvay; M. Decharme; A. Kermarrec,1984,10.1139/Z84-038,https://www.semanticscholar.org/paper/d080db2a5352d5804b94c4d21b9c04160ee430ad,,2,Discovery metadata; not a validated inclusion or toxicity claim
d100a9cd155e76443afca70e077dbaf6eb876b16,Coextinction and Persistence of Dependent Species in a Changing World,P. Adler; W. Harpole; J. Levine; M. Mayfield; Z. Weil,2012,,https://www.semanticscholar.org/paper/d100a9cd155e76443afca70e077dbaf6eb876b16,,2,Discovery metadata; not a validated inclusion or toxicity claim
d2d0a111327f887bedb7da516ac8c5e97e37304c,Chitin-degrading enzymes from an actinomycete ectosymbiont of Acromyrmex subterraneus brunneus (Hymenoptera: Formicidae),G. D. Rossi; T. Zucchi; A. Guidolin; Aline Peruchi; F. L. Cônsoli,2014,10.1007/s13213-014-0892-1,https://www.semanticscholar.org/paper/d2d0a111327f887bedb7da516ac8c5e97e37304c,https://annalsmicrobiology.biomedcentral.com/counter/pdf/10.1007/s13213-014-0892-1,2,Discovery metadata; not a validated inclusion or toxicity claim
d313225b47c1580f0e186277f347184e18cae511,Coexisting in harsh environments: temperature-based foraging patterns of two desert leafcutter ants (Hymenoptera: Formicidae: Attini),F. M. Steiner; Herbert Zettel; J. Dauber; F. Drijfhout; Evan P. Economo; Heike Feldhaar; N. Gotelli; H. Helanterä; D. Kronauer; J. LaPolla; Philip J. Lester; T. Linksvayer; Alexander S. Mikheyev; I. Perfecto; C. Rabeling; Bernhard Ronacher; H. Schlüns; Chris C. R. Smith; A. Suarez; B. Bolton; J. J. Boomsma; A. Buschinger; D. Cherix; J. Delabie; K. Eguchi; X. Espadaler; B. Hölldobler; A. Narendra; Z. Reznikova; M. Samways; Bernhard Seifert; Philip S. Ward; B. E. Nobua-Behrmann; Javier López; F. A. Milesi; A. Farji-Brener; Bernhard Ronacher; B. E. Nobua-Behrmann,2017,10.25849/MYRMECOL.NEWS_025:041,https://www.semanticscholar.org/paper/d313225b47c1580f0e186277f347184e18cae511,,2,Discovery metadata; not a validated inclusion or toxicity claim
d32b5fcf74d8a9366d1b56bb75e26865a7d4fa29,"Survival of worker ants in (Acromyrmex lundi (Guerin) and A. striatus (Roger) species /Hymenoptera: Formicidae), under isolated laboratory conditions and nourished with artificial diets",A. Pelicano; P. Caffarini; P. Carrizo,1999,,https://www.semanticscholar.org/paper/d32b5fcf74d8a9366d1b56bb75e26865a7d4fa29,,2,Discovery metadata; not a validated inclusion or toxicity claim
d372ac8098a8f3ae87e1ef2c01d521d2081d164d,Juvenile hormone triggers forager switch in leafcutter ants,K. Knight,2016,10.1242/JEB.135863,https://www.semanticscholar.org/paper/d372ac8098a8f3ae87e1ef2c01d521d2081d164d,http://jeb.biologists.org/content/219/1/1.2.full.pdf,2,Discovery metadata; not a validated inclusion or toxicity claim
d6caa19de410404d16cffeda3663acd32cac0f5d,"Construction of chimaeric gardens through fungal intercropping: a symbiont choice experiment in the leafcutter ant Atta texana (Attini, Formicidae)",R. Sen; Heather D. Ishak; Trevor R. Kniffin; U. Mueller,2010,10.1007/s00265-010-0928-x,https://www.semanticscholar.org/paper/d6caa19de410404d16cffeda3663acd32cac0f5d,,"2,3",Discovery metadata; not a validated inclusion or toxicity claim
de5bbceb4bffed95c4d79b50369293b003f3b277,"Aerial baiting to control leaf-cutting ants (Formicidae, Attini) in Trinidad. I. The bait, its production, and the effects of weathering on attractiveness and persistence of toxicants",T. Lewis; F. T. Phillips,1973,10.1017/S0007485300039055,https://www.semanticscholar.org/paper/de5bbceb4bffed95c4d79b50369293b003f3b277,,"2,3",Discovery metadata; not a validated inclusion or toxicity claim
e13dcb4346e4126e0124a47987bb38ae803f064e,Foraging activity of the attine ant Acromyrmex octospinosus (Reich) (Hymenoptera: Formicidae) on resistant and susceptible yam varieties,Y. Rahbé; G. Febvay; A. Kermarrec,1988,10.1017/S0007485300013092,https://www.semanticscholar.org/paper/e13dcb4346e4126e0124a47987bb38ae803f064e,,2,Discovery metadata; not a validated inclusion or toxicity claim
e347712202e8f17632e49746edd472305f29808b,Atividade forrageadora de Acromyrmex laticeps nigrosetosus Forel (Hymenoptera: Formicidae) em povoamento de eucalipto,Marco da Silva Araujo; Terezinha Maria Castro Della Lucia; C. Lima; Danival Jose de Souza; Ethel Fernandes Petternelli,2008,10.4025/ACTASCIAGRON.V24I0.2370,https://www.semanticscholar.org/paper/e347712202e8f17632e49746edd472305f29808b,https://periodicos.uem.br/ojs/index.php/ActaSciAgron/article/download/2370/1785,2,Discovery metadata; not a validated inclusion or toxicity claim
e7620b45321ecf7c2b120172438e18a686da1aeb,"Underground nest building: the effect of CO2 on digging rates, soil transport and choice of a digging site in leaf-cutting ants",D. Römer; F. Halboth; M. Bollazzi; F. Roces,2018,10.1007/s00040-018-0615-x,https://www.semanticscholar.org/paper/e7620b45321ecf7c2b120172438e18a686da1aeb,,2,Discovery metadata; not a validated inclusion or toxicity claim
ec2b53b54cf481dc4d03a0cc5d3f719e721200ef,Reciprocal nutritional provisioning between leafcutter ants and their fungal cultivar mediates performance of symbiotic farming systems,Mille Bolander; Julie Elmegaard Andersen; B. Conlon; X. Arnan; A. Michelsen; J. Shik,2023,10.1111/1365-2435.14437,https://www.semanticscholar.org/paper/ec2b53b54cf481dc4d03a0cc5d3f719e721200ef,https://doi.org/10.1111/1365-2435.14437,2,Discovery metadata; not a validated inclusion or toxicity claim
f16a09f12ed0e83bf1e5d23c8d300696cda52b35,"Investigation of the families Asteiidae, Lauxaniidae, Mydidae, and Neriidae (Insecta: Diptera)",C. Marchiori,,,https://www.semanticscholar.org/paper/f16a09f12ed0e83bf1e5d23c8d300696cda52b35,,2,Discovery metadata; not a validated inclusion or toxicity claim
f28ed3be66bed0a10c0f8c8357135b12a84202e5,"PREFERÊNCIA DE CORTE DE Acromyrmex crassispinus (FOREL, 1909) E Acromyrmex ambiguus (EMERY, 1887) (HYMENOPTERA: FORMICIDAE) POR DIFERENTES ESPÉCIES DE EUCALIPTOS EM LABORATÓRIO",J. Rosado; A. E. Loeck; D. Freitas; Michel Gonçalves de Gonçalves; William Dröse; Uemerson Silva da Cunha; Elder Finkenauer,2014,10.5902/1980509816589,https://www.semanticscholar.org/paper/f28ed3be66bed0a10c0f8c8357135b12a84202e5,https://periodicos.ufsm.br/cienciaflorestal/article/download/16589/pdf_1,2,Discovery metadata; not a validated inclusion or toxicity claim
fa1b757a3dabaa573dd143dc3857d6471d2fad1a,The Evolution of Personally Disadvantageous Punishment among Cofoundresses of the Ant Acromyrmex Versicolor,G. B. Pollock; A. Cabrales; S. Rissing,1998,10.2139/SSRN.135391,https://www.semanticscholar.org/paper/fa1b757a3dabaa573dd143dc3857d6471d2fad1a,https://doi.org/10.2139/ssrn.135391,2,Discovery metadata; not a validated inclusion or toxicity claim
fcd52b02c1b287ba4359b1a22f5a10420dc72fe9,The adaptive significance of inquiline parasite workers,S. Sumner; D. Nash; J. Boomsma,2003,10.1098/rspb.2003.2362,https://www.semanticscholar.org/paper/fcd52b02c1b287ba4359b1a22f5a10420dc72fe9,https://www.ncbi.nlm.nih.gov/pmc/articles/1691370,2,Discovery metadata; not a validated inclusion or toxicity claim
fe453e8c26b21b1f9487935f4954c9419a331ecf,Phylogenetic insights into the diversification of cutting strategies in leaf-cutting ants,A. Sánchez‐Restrepo; V. Confalonieri; Luis A. Calcaterra,2026,10.3389/finsc.2026.1778418,https://www.semanticscholar.org/paper/fe453e8c26b21b1f9487935f4954c9419a331ecf,,"2,4",Discovery metadata; not a validated inclusion or toxicity claim
01e12c18c3ac98f4793b7124018768e2be81fc45,MBI volume 58 issue 3 Cover and Back matter,L. Taylor; J. Elliott,1978,10.1017/s0025315400041187,https://www.semanticscholar.org/paper/01e12c18c3ac98f4793b7124018768e2be81fc45,https://www.cambridge.org/core/services/aop-cambridge-core/content/view/37044CAD4878EA8CAA8054D92974EE19/S0025315400041187a.pdf/div-class-title-mbi-volume-58-issue-3-cover-and-back-matter-div.pdf,3,Discovery metadata; not a validated inclusion or toxicity claim
02fa6969000875a708148a30050e2e44fa28075e,"Cooperative foraging of Paratemnoides nidificator (Balzan, 1888) (Pseudoscorpiones: Atemnidae) on two species of ants (Hymenoptera:Formicidae) in the tropical dry Forest, Colombian Caribbean",R. Torres; Edwin Bedoya Roqueme; José Tovar Marquéz,2018,10.21676/23897864.2697,https://www.semanticscholar.org/paper/02fa6969000875a708148a30050e2e44fa28075e,http://revistas.unimagdalena.edu.co/index.php/intropica/article/download/2697/2016,3,Discovery metadata; not a validated inclusion or toxicity claim
0537e305a070336a7d6fa985ac397df4625f0ee0,Waste deposition in leaf-cutting ants is guided by olfactory cues from waste,D. Römer; F. Roces,2019,10.1007/s00114-018-1599-0,https://www.semanticscholar.org/paper/0537e305a070336a7d6fa985ac397df4625f0ee0,,3,Discovery metadata; not a validated inclusion or toxicity claim
06b3e2c31ab6fa06dc39d7a93181edc8f9d1c1b8,The multidimensional nutritional niche of fungus‐cultivar provisioning in free‐ranging colonies of a neotropical leafcutter ant,A. Crumière; Aidan James; Pol Lannes; S. Mallett; A. Michelsen; R. Rinnan; J. Shik,2021,10.1111/ele.13865,https://www.semanticscholar.org/paper/06b3e2c31ab6fa06dc39d7a93181edc8f9d1c1b8,https://doi.org/10.1111/ele.13865,3,Discovery metadata; not a validated inclusion or toxicity claim
080ff7fb1c838eb086aa9375d9835d6ccb9a9d30,Seasonality of parasitism of phorid flies (Diptera: Phoridae) in the leafcutter ant Atta sexdens Linnaeus (Hymenoptera: Formicidae) in an Atlantic Forest area,R. C. Pereira; Omar Bailez; José Olívio Lopes Vieira‐Júnior; G. Silva; A. M. Viana-Bailez,2022,10.1111/afe.12521,https://www.semanticscholar.org/paper/080ff7fb1c838eb086aa9375d9835d6ccb9a9d30,,3,Discovery metadata; not a validated inclusion or toxicity claim
0b1297e01a15842ead5f73cba91e5b543a6ebbf2,"Contribuição para. o conhecimento da ""saúva de vidro"" Atta laevigata Fred. Smith, 1858",Urbano de Paiva Castro; A. P. I. Zamith; F. Mariconi,1961,10.1590/S0071-12761961000100021,https://www.semanticscholar.org/paper/0b1297e01a15842ead5f73cba91e5b543a6ebbf2,https://www.scielo.br/j/aesalq/a/LsDJzGwmtcG3k5NPc4pCCgL/?lang=pt&format=pdf,3,Discovery metadata; not a validated inclusion or toxicity claim
0f1bd6f8d7ea62c6475213239990028bce5cda13,Atta sexdens EXTRATO DE PSEUDOCAULE DE Musa acuminata NO CONTROLE DE Atta sexdens rubropilosa,,,,https://www.semanticscholar.org/paper/0f1bd6f8d7ea62c6475213239990028bce5cda13,,3,Discovery metadata; not a validated inclusion or toxicity claim
0f5d53e8cc7d737d644f2de3fd3244df65bb14c6,"Lantana camara L., an undesirable plant affected by Atta insularis Guérim in citrus crops.",P. Pérez,1990,,https://www.semanticscholar.org/paper/0f5d53e8cc7d737d644f2de3fd3244df65bb14c6,,3,Discovery metadata; not a validated inclusion or toxicity claim
1472d3f8804ee94380d734303549a22b7aed6d6c,Keyword index,,2010,10.1111/j.1365-2311.2010.kwdindex_1.x,https://www.semanticscholar.org/paper/1472d3f8804ee94380d734303549a22b7aed6d6c,,3,Discovery metadata; not a validated inclusion or toxicity claim
15435bb126c2bd4ea558d5ffda810076be0498bd,Nutritional challenges of feeding a mutualist: Testing for a nutrient–toxin tradeoff in fungus‐farming leafcutter ants,A. Crumière; S. Mallett; A. Michelsen; R. Rinnan; J. Shik,2022,10.1002/ecy.3684,https://www.semanticscholar.org/paper/15435bb126c2bd4ea558d5ffda810076be0498bd,https://onlinelibrary.wiley.com/doi/pdfdirect/10.1002/ecy.3684,3,Discovery metadata; not a validated inclusion or toxicity claim
16401b9b8be13e58f2781a7963bc9a2a48590e6b,Intruders in the Nest: Interaction of Attaphila paucisetosa (Blattodea: Blaberoidea) with Atta cephalotes Workers (Hymenoptera: Formicidae),Bryan Ospina-Jara; Jonathan Rodríguez; J. Montoya-Lerma,2022,10.1007/s10905-022-09794-4,https://www.semanticscholar.org/paper/16401b9b8be13e58f2781a7963bc9a2a48590e6b,https://doi.org/10.1007/s10905-022-09794-4,3,Discovery metadata; not a validated inclusion or toxicity claim
198b7278c527c38dab5e84d66a89ea0589b2dda9,Influence of the host plant on the relationship between the mass of Atta laevigata foragers and their loads,Maria Clara Siqueira Mussiello; R. Oliveira; M. Bragança,2024,10.54033/cadpedv21n13-045,https://www.semanticscholar.org/paper/198b7278c527c38dab5e84d66a89ea0589b2dda9,https://ojs.studiespublicacoes.com.br/ojs/index.php/cadped/article/download/11466/6362,3,Discovery metadata; not a validated inclusion or toxicity claim
19d26fd58142ca252dcf8e0eeea32289af499bd6,Preferences and differences in the trail pheromone of the leaf-cutting ant Atta sexdens sexdens (Hymenoptera: Formicidae),E. Morgan; S. J. Keegans; J. Tits; T. Wenseleers; J. Billen,2006,10.14411/EJE.2006.075,https://www.semanticscholar.org/paper/19d26fd58142ca252dcf8e0eeea32289af499bd6,http://www.eje.cz/doi/10.14411/eje.2006.075.pdf,3,Discovery metadata; not a validated inclusion or toxicity claim
1edf74c68bd6b5e60a11b88e924b33a23d5801d5,FACTORS AFFECTING LOAD SELECTION AND WORKER DIVISION IN THE FORAGING CASTE OF ATTA CEPHALOTES,M. Ryan,2019,,https://www.semanticscholar.org/paper/1edf74c68bd6b5e60a11b88e924b33a23d5801d5,,3,Discovery metadata; not a validated inclusion or toxicity claim
226d333ca6eb555ec7300fef5209870d6ce42a2d,Branch Width and Height Influence the Incorporation of Branches into Foraging Trails and Travel Speed in Leafcutter Ants Atta cephalotes (L.) (Hymenoptera: Formicidae),B. Freeman; J. Chaves‐Campos,2016,10.1007/s13744-016-0362-5,https://www.semanticscholar.org/paper/226d333ca6eb555ec7300fef5209870d6ce42a2d,,3,Discovery metadata; not a validated inclusion or toxicity claim
2334966261bce20ace615062f1393a90a91402d0,Geometry explains the benefits of division of labour in a leafcutter ant,H. Helanterä; F. Ratnieks,2008,10.1098/rspb.2008.0024,https://www.semanticscholar.org/paper/2334966261bce20ace615062f1393a90a91402d0,https://www.ncbi.nlm.nih.gov/pmc/articles/2602677,3,Discovery metadata; not a validated inclusion or toxicity claim
238fbb8c360782f0943c528be38d199429fedbe5,"Foundress queen mortality and early colony growth of the leafcutter ant, Atta texana (Formicidae, Hymenoptera)",H. Marti; A. Carlson; B. Brown; U. Mueller,2015,10.1007/s00040-015-0413-7,https://www.semanticscholar.org/paper/238fbb8c360782f0943c528be38d199429fedbe5,,3,Discovery metadata; not a validated inclusion or toxicity claim
241f6944615a44384bb1c21f861924ba8f2d8eaf,Characterization of the Mandible Atta Laevigata and the Bioinspiration for the Development of a Biomimetic Surgical Clamp,Thays Obando Brito; A. Elzubair; L. Araújo; S. S. Camargo; Jorge Luiz Pereira Souza; Luiz Henrique de Almeida,2017,10.1590/1980-5373-MR-2016-1137,https://www.semanticscholar.org/paper/241f6944615a44384bb1c21f861924ba8f2d8eaf,http://www.scielo.br/pdf/mr/v20n6/1516-1439-mr-1980-5373-MR-2016-1137.pdf,3,Discovery metadata; not a validated inclusion or toxicity claim
26bbf6fef4d6053f681e8c2bcdf59a4bb067f8d2,Mandible elemental composition and mechanical properties from distinct castes of the leafcutter ant Atta laevigata (Attini; Formicidae),Valentin Birkenfeld; S. Gorb; W. Krings,2024,10.1098/rsfs.2023.0048,https://www.semanticscholar.org/paper/26bbf6fef4d6053f681e8c2bcdf59a4bb067f8d2,https://doi.org/10.1098/rsfs.2023.0048,3,Discovery metadata; not a validated inclusion or toxicity claim
289d21db37918111ced4a3efab83a5dc094d870c,"Sites of Defoliation by Atta sexdens rubropilosa (Hymenoptera, Formicidae) in Artificial Plants",N. C. Noronha; L. C. Forti; R. Camargo; V. M. Ramos,2009,,https://www.semanticscholar.org/paper/289d21db37918111ced4a3efab83a5dc094d870c,,3,Discovery metadata; not a validated inclusion or toxicity claim
2ab0e35f5d34f35e935b1e3d7208610b15177a76,Effect of Tithonia diversifolia Mulch on Atta cephalotes (Hymenoptera: Formicidae) Nests,Jonathan Rodríguez; J. Montoya-Lerma; Z. Calle,2015,10.1093/jisesa/iev015,https://www.semanticscholar.org/paper/2ab0e35f5d34f35e935b1e3d7208610b15177a76,https://academic.oup.com/jinsectscience/article-pdf/15/1/32/7964148/iev015.pdf,"3,9",Discovery metadata; not a validated inclusion or toxicity claim
2cb5f3b0f0e9d16014b5aa87f614085fba22d21a,Forest nursery pest management in Cuba.,R. Castilla; A. Casanova; C. G. Rivero; Haylett Cruz Escoto; Natividad Triguero Issasi,2002,,https://www.semanticscholar.org/paper/2cb5f3b0f0e9d16014b5aa87f614085fba22d21a,,3,Discovery metadata; not a validated inclusion or toxicity claim
2d06fb57253a2ad4fb1689a45046f54dfd0b2930,Effect of temperature on survival and cuticular composition of three different ant species.,B. F. Duarte; K. B. Michelutti; W. Antonialli-Júnior; C. Cardoso,2019,10.1016/j.jtherbio.2019.02.005,https://www.semanticscholar.org/paper/2d06fb57253a2ad4fb1689a45046f54dfd0b2930,,3,Discovery metadata; not a validated inclusion or toxicity claim
2db8a2ba3ecc0c1f0ca3fd9c9feb784cdc2d1287,Influence of physical and chemical factors during foraging and culture of the symbiont fungus in Atta sexdens rubropilosa (Hymenoptera: Formicidae),S. S. Verza; L. C. Forti; J. Lopes; R. Camargo; C. Matos,2007,10.1111/j.1744-7917.2007.00155.x,https://www.semanticscholar.org/paper/2db8a2ba3ecc0c1f0ca3fd9c9feb784cdc2d1287,,3,Discovery metadata; not a validated inclusion or toxicity claim
2f47802c07ff64bc3382e178fe089f9b511f842c,"Third Year Survival, Growth, and Water Relations of West Gulf Coastal Plain Pines in East Texas",J. Hooker; B. Oswald; J. Stovall; Yuhui Weng; H. Williams; J. Grogan,2021,10.1093/forsci/fxab005,https://www.semanticscholar.org/paper/2f47802c07ff64bc3382e178fe089f9b511f842c,,3,Discovery metadata; not a validated inclusion or toxicity claim
3156c355b36241030e39b35160e3d6487c22e81a,You are what your fungus eats: diet shapes the microbial garden of a fungus-growing ant,Mariana de Oliveira Barcoto; Raquel Lima de Sousa; João Gabriel da Silva Soares; Rodrigo Henrique dos Santos Garcia; E. deAzevedo; L. W. Mendes; O. Bueno; A. Rodrigues,2025,10.1038/s41522-025-00876-7,https://www.semanticscholar.org/paper/3156c355b36241030e39b35160e3d6487c22e81a,https://www.nature.com/articles/s41522-025-00876-7_reference.pdf,3,Discovery metadata; not a validated inclusion or toxicity claim
34a688b165cf06008d39940d0f1ae4a314ee30b9,"Foraging by Atta sexdens (Formicidae: Attini): seasonal patterns, caste and efficiency",H. Fowler; S. Robinson,1979,10.1111/j.1365-2311.1979.tb00581.x,https://www.semanticscholar.org/paper/34a688b165cf06008d39940d0f1ae4a314ee30b9,,3,Discovery metadata; not a validated inclusion or toxicity claim
36552ac0f97a2536f5ec9d8e40146c69a4085f83,"Ant removal distance, but not seed manipulation and deposition site increases the establishment of a myrmecochorous plant",T. Fernandes; L. Paolucci; R. Solar; F. Neves; R. Campos,2019,10.1007/s00442-019-04551-5,https://www.semanticscholar.org/paper/36552ac0f97a2536f5ec9d8e40146c69a4085f83,,3,Discovery metadata; not a validated inclusion or toxicity claim
3a9fe5a48290674c56d65fce9a632ae6352dca1e,Post-Fire Effect of Savannah Vegetation on the Establishment of New Colonies of Atta sexdens rubropilosa (Hymenoptera: Formicidae),D. Silva; M. Luiz; F. G. Jesus; E. C. Rocha; M. A. Oliveira; M. Araújo,2016,10.1653/024.099.0427,https://www.semanticscholar.org/paper/3a9fe5a48290674c56d65fce9a632ae6352dca1e,https://bioone.org/journals/Florida-Entomologist/volume-99/issue-4/024.099.0427/Post-Fire-Effect-of-Savannah-Vegetation-on-the-Establishment-of/10.1653/024.099.0427.pdf,3,Discovery metadata; not a validated inclusion or toxicity claim
3b9cfc92714001f83bf0ae385dbe19115c2c4beb,Fractal Geometry and Analysis of the Structure of Cell Nuclei and the Foraging of Atta colombica,T. Knoch,1999,,https://www.semanticscholar.org/paper/3b9cfc92714001f83bf0ae385dbe19115c2c4beb,,3,Discovery metadata; not a validated inclusion or toxicity claim
3b9d5fc4ac0bc4335660725dfc035a131991985a,Reproductive ecology of phorid parasitoids in relation to the head size of leaf-cutting ants Atta sexdens Forel,C. F. Farder-Gomes; M. A. Oliveira; P. L. Gonçalves; L. Gontijo; J. Zanuncio; M. Bragança; E. M. Pires,2016,10.1017/S0007485316001073,https://www.semanticscholar.org/paper/3b9d5fc4ac0bc4335660725dfc035a131991985a,http://enpuir.npu.edu.ua/handle/123456789/19140,"3,10",Discovery metadata; not a validated inclusion or toxicity claim
3c50de022207e19f1ece7876ff1b2d8f776dc2cc,"Forraje cooperativo de Paratemnoides nidificator (Balzan, 1888) (Pseudoscorpiones: Atemnidae) sobre dos especies de hormigas (Hymenoptera:Formicidae) en el bosque seco tropical, Caribe colombiano",R. A. Torres; Edwin Bedoya Roqueme; J. Marquéz,2019,,https://www.semanticscholar.org/paper/3c50de022207e19f1ece7876ff1b2d8f776dc2cc,,3,Discovery metadata; not a validated inclusion or toxicity claim
3e1c9258260b0a6b2ecb174b23733dbe9709e6df,"Foraging interaction between Atta laevigata and Solenopsis spp. (Hym., Formicidae)",A. Tonhasca,1994,,https://www.semanticscholar.org/paper/3e1c9258260b0a6b2ecb174b23733dbe9709e6df,,3,Discovery metadata; not a validated inclusion or toxicity claim
3e2b724fe5819719ae40e34cf845b70d736669b0,Mono- and sesquiterpene variation in Pinus caribaea needles and its relationship to Atta laevigata herbivory,L. Barnola; M. Hasegawa; Aragua Cedeño,1994,10.1016/0305-1978(94)90039-6,https://www.semanticscholar.org/paper/3e2b724fe5819719ae40e34cf845b70d736669b0,,3,Discovery metadata; not a validated inclusion or toxicity claim
3e890fc500c27bd3628a0c2a80b6f94bcb17a3a3,The ant fungus garden acts as an external digestive system,A. Caraballo-Rodríguez; Sara P. Puckett; Kathleen E. Kyle; D. Petráš; Ricardo da Silva; L. Nothias; Madeleine Ernst; J. V. D. van der Hooft; A. Tripathi; Mingxun Wang; Marcy J. Balunas; J. Klassen; P. Dorrestein,2020,10.1101/2020.11.18.389361,https://www.semanticscholar.org/paper/3e890fc500c27bd3628a0c2a80b6f94bcb17a3a3,https://www.biorxiv.org/content/biorxiv/early/2020/11/20/2020.11.18.389361.full.pdf,3,Discovery metadata; not a validated inclusion or toxicity claim
3ffd34c2569f5af445efc79a63427eb2d33e3eb5,A fungal symbiont converts provisioned cellulose into edible yield for its leafcutter ant farmers,B. Conlon; D. O'tuama; A. Michelsen; A. Crumière; J. Shik,2022,10.1098/rsbl.2022.0022,https://www.semanticscholar.org/paper/3ffd34c2569f5af445efc79a63427eb2d33e3eb5,https://doi.org/10.1098/rsbl.2022.0022,"3,9",Discovery metadata; not a validated inclusion or toxicity claim
40bec6f3598026250800c86f73160e88a97e98e4,"Sodium‐specific foraging by leafcutter ant workers (Atta cephalotes, Hymenoptera: Formicidae)",Laura Chavarria Pizarro; Helen F. McCreery; S. P. Lawson; Max E. Winston; S. O’Donnell,2012,10.1111/j.1365-2311.2012.01380.x,https://www.semanticscholar.org/paper/40bec6f3598026250800c86f73160e88a97e98e4,,3,Discovery metadata; not a validated inclusion or toxicity claim
422cab22b2bf375179ad6af20cb546e9fffd75b1,Production of crystals by rozites gonglyophora,W. Borzani,1960,10.1007/BF02051388,https://www.semanticscholar.org/paper/422cab22b2bf375179ad6af20cb546e9fffd75b1,,3,Discovery metadata; not a validated inclusion or toxicity claim
46db9c675db3353e7ce277392d7175aae7ea9442,Evolution of cold-tolerant fungal symbionts permits winter fungiculture by leafcutter ants at the northern frontier of a tropical ant–fungus symbiosis,U. Mueller; A. Mikheyev; E. Hong; R. Sen; D. Warren; S. E. Solomon; Heather D. Ishak; Michael Cooper; Jessica L. Miller; Kimberly A Shaffer; T. Juenger,2011,10.1073/pnas.1015806108,https://www.semanticscholar.org/paper/46db9c675db3353e7ce277392d7175aae7ea9442,https://www.ncbi.nlm.nih.gov/pmc/articles/3053988,3,Discovery metadata; not a validated inclusion or toxicity claim
47126fc40b8bf620e871598dbebb4c6221fd1d3e,Foliar Substrate Affects Cuticular Hydrocarbon Profiles and Intraspecific Aggression in the Leafcutter Ant Atta sexdens,L. Valadares; D. Nascimento; F. Nascimento,2015,10.3390/insects6010141,https://www.semanticscholar.org/paper/47126fc40b8bf620e871598dbebb4c6221fd1d3e,https://www.mdpi.com/2075-4450/6/1/141/pdf?version=1423748232,3,Discovery metadata; not a validated inclusion or toxicity claim
48cc0ba0a640de3123aca5ea55491fb8361da2a9,Landscape genomics of an obligate mutualism: discordant population structures between a leafcutter-ant and its fungal cultivars,Chad C. Smith; Jesse N. Weber; A. Mikheyev; F. Roces; M. Bollazzi; K. Kellner; J. Seal; U. Mueller,2018,10.1101/458950,https://www.semanticscholar.org/paper/48cc0ba0a640de3123aca5ea55491fb8361da2a9,https://www.biorxiv.org/content/biorxiv/early/2018/11/01/458950.full.pdf,3,Discovery metadata; not a validated inclusion or toxicity claim
4afb1b1931b6775561384b4b7dd2cb4324a2bb85,Analysis of Biomimetic Surgical Clip Using Finite Element Modeling for Geometry Improvement and Biomaterials Selection,Thays Obando Brito; Bianca Bastos Dos Santos; L. Araújo; L. H. D. de Almeida; M. F. da Costa,2017,10.1007/978-3-319-52132-9_1,https://www.semanticscholar.org/paper/4afb1b1931b6775561384b4b7dd2cb4324a2bb85,,3,Discovery metadata; not a validated inclusion or toxicity claim
4b5725c69fceb40b7d528e5c08dbf7e2728768c3,Perzeption und Effekte von herbivorieinduzierten Pflanzenvolatilen auf Blattschneiderameisen und ihren symbiotischen Pilz,Jörg Stephan,2010,,https://www.semanticscholar.org/paper/4b5725c69fceb40b7d528e5c08dbf7e2728768c3,,3,Discovery metadata; not a validated inclusion or toxicity claim
4c9b5bb4ce2a076f60ac1c5426e9b7a693d6790c,Monoculture of Leafcutter Ant Gardens,U. Mueller; Jarrod J. Scott; Heather D. Ishak; Michael Cooper; A. Rodrigues,2010,10.1371/journal.pone.0012668,https://www.semanticscholar.org/paper/4c9b5bb4ce2a076f60ac1c5426e9b7a693d6790c,https://journals.plos.org/plosone/article/file?id=10.1371/journal.pone.0012668&type=printable,3,Discovery metadata; not a validated inclusion or toxicity claim
4d060a03f4c6be0f148c1c2e574240256fdefd4f,Molecular analysis of bacteria associated with refuse dumps of Atta cephalotes (Hymenoptera: Formicidae),A. Ortiz-Reyes; Tatiana M. Giraldo-Jaramillo; C. X. Moreno-Herrera,2016,10.25100/socolen.v42i2.6687,https://www.semanticscholar.org/paper/4d060a03f4c6be0f148c1c2e574240256fdefd4f,,3,Discovery metadata; not a validated inclusion or toxicity claim
4d633452422a8ea1fd7fbb9eb52d03ef09dc64bc,Development and acceptability of a cereal bar with Atta sexdens ant flour,M. Lozada-Urbano; Jessica Bendezú Ccanto; Julissa Condori Chura; O. Rivera-Lozada; J. Yáñez,2023,10.12688/f1000research.135516.1,https://www.semanticscholar.org/paper/4d633452422a8ea1fd7fbb9eb52d03ef09dc64bc,https://f1000research.com/articles/12-849/pdf,3,Discovery metadata; not a validated inclusion or toxicity claim
4f4380916be74441208be3a677c3f222550c055a,TRO volume 27 issue 6 Cover and Back matter,P. Osborne,2011,10.1017/s0266467411000472,https://www.semanticscholar.org/paper/4f4380916be74441208be3a677c3f222550c055a,https://www.cambridge.org/core/services/aop-cambridge-core/content/view/AE99A34CFEA5BA64613A1501CE5256DD/S0266467411000472a.pdf/div-class-title-tro-volume-27-issue-6-cover-and-back-matter-div.pdf,3,Discovery metadata; not a validated inclusion or toxicity claim
5055bee3fb52f9af40e965494d132c0533454096,Caste- and environment-associated differential expression of olfactory receptors in pest ants,Kayli R Sieber; Maya Saar; N. Newell; K. Fernandez; F. P. Franco; F. Sujimoto; Charlotte B. Francoeur; R. Pereira; Cameron R. Currie; José Mauricio Simões Bento; Hua Yan,2025,10.1038/s41598-025-16442-2,https://www.semanticscholar.org/paper/5055bee3fb52f9af40e965494d132c0533454096,https://doi.org/10.1038/s41598-025-16442-2,3,Discovery metadata; not a validated inclusion or toxicity claim
543e2c073d71df071eef6b2dfa6827a2e4cf8f8b,"THE INFLUENCE OF SIZE ON FORAGING IN THE ANT, ATTA CEPHALOTES, AND THE EFFECT OF SOME PLANT DEFENCE MECHANISMS",D. J. Stradling,1978,10.2307/3930,https://www.semanticscholar.org/paper/543e2c073d71df071eef6b2dfa6827a2e4cf8f8b,,3,Discovery metadata; not a validated inclusion or toxicity claim
55b1c315447449a8aa2de5cf020c146dc40d50bd,"Mechanical properties and cuticle organisation in mandibles are related to the task specialisation in leafcutter ants (Atta laevigata, Attini, Formicidae)",W. Krings; Valentin Birkenfeld; S. Gorb,2024,10.1111/phen.12476,https://www.semanticscholar.org/paper/55b1c315447449a8aa2de5cf020c146dc40d50bd,https://onlinelibrary.wiley.com/doi/pdfdirect/10.1111/phen.12476,3,Discovery metadata; not a validated inclusion or toxicity claim
5696b791ba400051efbfe9e1f834302a9ab3fe33,"Parasitismo por Neodohrniphora spp. Malloch (Diptera, Phoridae) em operárias de Atta sexdens rubropilosa Forel (Hymenoptera, Formicidae)",M. A. L. Bragança; L. M. D. Souza; C. Nogueira; T. Lucia,2008,10.1590/S0085-56262008000200011,https://www.semanticscholar.org/paper/5696b791ba400051efbfe9e1f834302a9ab3fe33,https://www.scielo.br/j/rbent/a/4SjTDQt5FDKJPwGZgN7QhGc/?lang=pt&format=pdf,3,Discovery metadata; not a validated inclusion or toxicity claim
57de8c281fd1a858e91d619ef8be5449b324a00b,Two castes sizes of leafcutter ants in task partitioning in foraging activity,Marcelo Arruda de Toledo; P. Ribeiro; Priscilla Shiota Fedichina Carrossoni; J. V. Tomotani; Ashley N. Hoffman; D. Klebaner; Halee Rachel Watel; Carlos Arturo Navas Iannini; A. F. Helene,2016,10.1590/0103-8478CR20151491,https://www.semanticscholar.org/paper/57de8c281fd1a858e91d619ef8be5449b324a00b,http://www.scielo.br/pdf/cr/v46n11/1678-4596-cr-46-11-01902.pdf,3,Discovery metadata; not a validated inclusion or toxicity claim
596352d7800b587088c789b228c73bde6e548ed3,Genomic Signatures of Domestication in a Fungus Obligately Farmed by Leafcutter Ants,Caio A Leal-Dutra; Joel Vizueta; Tobias James Baril; P. W. Kooij; Asta Rødsgaard-Jørgensen; B. Conlon; D. Croll; J. Z. Shik,2024,10.1093/molbev/msae197,https://www.semanticscholar.org/paper/596352d7800b587088c789b228c73bde6e548ed3,https://doi.org/10.1093/molbev/msae197,"3,9",Discovery metadata; not a validated inclusion or toxicity claim
5d261890f9b3e5672861f5ee4c65a3f798e1aa20,Foraging plasticity of Atta cephalotes (Hymenoptera: Formicidae) in response to temperature differences between forest and pasture,S. Bustamante; A. Amarillo-Suárez,2019,10.15517/rbt.v67i4.34951,https://www.semanticscholar.org/paper/5d261890f9b3e5672861f5ee4c65a3f798e1aa20,https://www.redalyc.org/journal/449/44965829021/44965829021.pdf,3,Discovery metadata; not a validated inclusion or toxicity claim
61333e4c62458082c8b6959813ace57ffd8e8ab9,"Assessing the establishment, growth, and survival of West Gulf Coast southern pines in east Texas",J. Hooker; B. Oswald; J. Stovall; H. Williams; Yuhui Weng,2020,,https://www.semanticscholar.org/paper/61333e4c62458082c8b6959813ace57ffd8e8ab9,,3,Discovery metadata; not a validated inclusion or toxicity claim
616e0ab5c925e209b835d5456389cb8abb5be7c5,"Desenvolvimento in vitro do fungo simbionte de Atta sexdens rubropilosa Forel, 1908 (Hymenoptera: Formicidae) em meio de cultura com diferentes extratos vegetais",Marcelo Dias de Souza; O. P. Filho; Sidney Fernando Caldeira; A. Dorval; N. Sousa,2012,10.1590/S0103-84782012005000058,https://www.semanticscholar.org/paper/616e0ab5c925e209b835d5456389cb8abb5be7c5,https://www.scielo.br/j/cr/a/WtjT7wk5yWnmFK6mQxf34WF/?lang=pt&format=pdf,"3,9",Discovery metadata; not a validated inclusion or toxicity claim
62b64844a6942e913335ea3d1a7558341c3f483e,"Nest Architecture of Atta laevigata (F. Smith, 1858) (Hymenoptera: Formicidae)",A. Moreira; L. C. Forti; A. Andrade; M. A. Boaretto; J. Lopes,2004,10.1080/01650520412331333756,https://www.semanticscholar.org/paper/62b64844a6942e913335ea3d1a7558341c3f483e,,3,Discovery metadata; not a validated inclusion or toxicity claim
62e7a4c35f91ce4587e64ac62c2406f0c976943c,Division of labor in workers of the leafcutter ant Atta sexdens (Hymenoptera: Formicidae) is correlated with brain structure.,Ana Paula Pereira Raimundo; Elane Borba Alves; Erika Vanessa da Costa Carvalho; Lídia Aparecida Dourado; Júlia Martins Gonçalves; Diego Dos Santos Souza; Laryssa Lemos da Silva; Giovanna Dos Santos Pereira; J. E. Serrão,2026,10.1016/j.tice.2026.103688,https://www.semanticscholar.org/paper/62e7a4c35f91ce4587e64ac62c2406f0c976943c,https://doi.org/10.1016/j.tice.2026.103688,3,Discovery metadata; not a validated inclusion or toxicity claim
6559ceb7e812b05c45426e0ef873239d3c3d337b,Insecticide Activity of Weeds to Pests of Stored Product and Crops,J. F. S. Diniz; P. D. Da silva; M. R. dos Reis; Ricardo Tsuyoshi Endo; R. S. Ramos; F. Fernandes; Ítalo Wíllian da Silva,2014,10.5539/JAS.V6N7P194,https://www.semanticscholar.org/paper/6559ceb7e812b05c45426e0ef873239d3c3d337b,https://ccsenet.org/journal/index.php/jas/article/download/35370/21088,3,Discovery metadata; not a validated inclusion or toxicity claim
65dff05db2000ca0eda21723af5293cd904dd39c,Trunk trail maintenance in leafcutter ants: caste involvement and effects of obstacle type and size on path clearing in Atta cephalotes,E. Dupuis; Jon F. Harrison,2017,10.1007/s00040-016-0530-y,https://www.semanticscholar.org/paper/65dff05db2000ca0eda21723af5293cd904dd39c,,3,Discovery metadata; not a validated inclusion or toxicity claim
66df63f747a7caef5b07edd31b004ce86b2dceb8,Rhizoglyphus echinopus (Acari: Acaridae) associated with Atta sexdens (Insecta: Formicidae),A. F. Silva; Rebecca Leal Caetano; César Carriço; M. Amorim; G. Gazêta; Z. T. Pinto,2020,10.1590/1808-1657000692019,https://www.semanticscholar.org/paper/66df63f747a7caef5b07edd31b004ce86b2dceb8,http://www.scielo.br/pdf/aib/v87/1808-1657-aib-87-e0692019.pdf,3,Discovery metadata; not a validated inclusion or toxicity claim
66e71c0e886769aaf3c5897644535ec6c7a5ee50,Keyword index,,2012,10.1111/j.1365-2311.2012.kwdindex_1.x,https://www.semanticscholar.org/paper/66e71c0e886769aaf3c5897644535ec6c7a5ee50,https://onlinelibrary.wiley.com/doi/pdfdirect/10.1111/j.1365-2311.2012.kwdindex_1.x,"3,4",Discovery metadata; not a validated inclusion or toxicity claim
68f082c12c0ba8f43f2826aa2bc6832c36fb2845,Morphometry of the metapleural gland of workers engaged in different behavioral tasks in the ant Atta sexdens rubropilosa,J. Serrão; D. J. Souza; T. M. D. Lucia; L. M. Souza; F. G. Lacerda; P. Cecon,2010,10.1163/157075610X496315,https://www.semanticscholar.org/paper/68f082c12c0ba8f43f2826aa2bc6832c36fb2845,,3,Discovery metadata; not a validated inclusion or toxicity claim
68fad05d57aa2f78e7d06aedc46a01de6410de4b,"Leaf processing behaviour in Atta leafcutter ants: 90% of leaf cutting takes place inside the nest, and ants select pieces that require less cutting",R. Garrett; K. A. Carlson; M. S. Goggans; M. Nesson; Christopher A Shepard; R. Schofield,2016,10.1098/rsos.150111,https://www.semanticscholar.org/paper/68fad05d57aa2f78e7d06aedc46a01de6410de4b,https://doi.org/10.1098/rsos.150111,3,Discovery metadata; not a validated inclusion or toxicity claim
6af5e4a66c379bacd0dbb6f1b1be7aef8a5c5447,LEAFCUTTER ANT REFUSE (ATTA MEXICANA) AS AN EXCELLENT COMPOST FOR TOMATO PRODUCTION,E. A. Quevedo-Martinez; E. Alcántara-Mondragón; M. Mejia-Ugalde; I. Mejía-Ugalde; L. Ávila-Juárez,2020,10.15666/aeer/1803_43254340,https://www.semanticscholar.org/paper/6af5e4a66c379bacd0dbb6f1b1be7aef8a5c5447,https://doi.org/10.15666/aeer/1803_43254340,"3,9",Discovery metadata; not a validated inclusion or toxicity claim
6dcbc00b137c0ca398164c35d8cbf36e00376701,"The neuroplasticity of division of labor: worker polymorphism, compound eye structure and brain organization in the leafcutter ant Atta cephalotes",S. Arganda; Andrew P. Hoadley; Evan S. Razdan; I. B. Muratore; J. Traniello,2020,10.1007/s00359-020-01423-9,https://www.semanticscholar.org/paper/6dcbc00b137c0ca398164c35d8cbf36e00376701,https://www.biorxiv.org/content/biorxiv/early/2020/03/08/2020.03.04.975110.full.pdf,3,Discovery metadata; not a validated inclusion or toxicity claim
7129419303fb0f717ae54199b93d92e972998959,The use of alarm pheromones to enhance bait harvest by grass-cutting ants,William O. H. Hughes; Dave Goulson,2002,10.1079/BER2002165,https://www.semanticscholar.org/paper/7129419303fb0f717ae54199b93d92e972998959,https://figshare.com/articles/journal_contribution/The_use_of_alarm_pheromones_to_enhance_bait_harvest_by_grass-cutting_ants/23398004,"3,4",Discovery metadata; not a validated inclusion or toxicity claim
715bc726aedaa9809c88604ed9af55129d8458de,"PREFERÊNCIA DE SAÚVA LIMÃO, Atta sexdens rubropilosa Forel, 1908 (HYMENOPTERA, FORMICIDAE) A DIFERENTES ESPÉCIES FLORESTAIS, EM CONDIÇÕES DE LABORATÓRIO",O. Peres; Alberto Dorval; E. Berti,2005,10.5902/198050981675,https://www.semanticscholar.org/paper/715bc726aedaa9809c88604ed9af55129d8458de,https://periodicos.ufsm.br/cienciaflorestal/article/download/1675/951,3,Discovery metadata; not a validated inclusion or toxicity claim
71b1ac37e3268e34b98c8b5038e840024685f8ea,"Variation in reflective flow and forager navigation, but not traffic rate, explain speed of obstruction circumnavigation on Atta colombica foraging trails",Catherine Prendergast,2020,,https://www.semanticscholar.org/paper/71b1ac37e3268e34b98c8b5038e840024685f8ea,,3,Discovery metadata; not a validated inclusion or toxicity claim
71fa104eee49601c672ecfb7098a042c4666a857,"Insectos plaga en cultivo asociado de Ricinus communis y Moringa oleifera en el centro de Veracruz, México* Insect pests in intercropped Ricinus communis and Moringa oleifera in central Veracruz, Mexico",O. A. Valdés-Rodríguez; A. Pérez-Vázquez; Olivia M. Palacios-Wassenaar,2018,10.29312/REMEXCA.V0I11.805,https://www.semanticscholar.org/paper/71fa104eee49601c672ecfb7098a042c4666a857,https://doi.org/10.29312/remexca.v0i11.805,3,Discovery metadata; not a validated inclusion or toxicity claim
7288412c591b023c278471862da078539be95c6e,Removal of Nonmyrmecochorous Seeds by Ants: Role of Ants in Cattle Grasslands,Selene Escobar-Ramírez; S. Duque; N. Henao; Alejandra Hurtado-Giraldo; I. Armbrecht,2012,10.1155/2012/951029,https://www.semanticscholar.org/paper/7288412c591b023c278471862da078539be95c6e,https://downloads.hindawi.com/journals/psyche/2012/951029.pdf,"3,8",Discovery metadata; not a validated inclusion or toxicity claim
73073893d4afc31818e8a841b7abc448dd8b7c51,Levels of leaf Herbivory in Amazonian trees from different stages In forest regeneration,H. Vasconcelos,1999,10.1590/1809-43921999294623,https://www.semanticscholar.org/paper/73073893d4afc31818e8a841b7abc448dd8b7c51,https://www.scielo.br/j/aa/a/TxZVJKX4ysgvPDtpmsLs7Fw/?lang=en&format=pdf,3,Discovery metadata; not a validated inclusion or toxicity claim
7379b8d0e96bd23ca8abcc90138a089f622ae664,Increasing Attractiveness of Baits with Venom Gland Extract for Atta sexdens rubropilosa (Forel) (Hymenoptera: Formicidae),G. Tatagiba-Araujo; A. M. Viana-Bailez; Omar Bailez,2012,10.1007/s13744-012-0043-y,https://www.semanticscholar.org/paper/7379b8d0e96bd23ca8abcc90138a089f622ae664,,3,Discovery metadata; not a validated inclusion or toxicity claim
73d3ad6e72b1eae251ac3a52538dd894f01fbc9e,"Toxicity of plant extracts from Bahia, Brazil, to Atta sexdens sexdens workers (Hymenoptera: Formicidae)",Mariana de Carvalho Aguiar Ribas Gomes; Vanderlúcia Fonseca de Paula; A. Moreira; M. Castellani; Guadalupe Edilma Licona de Macedo,2016,10.13102/SOCIOBIOLOGY.V63I2.936,https://www.semanticscholar.org/paper/73d3ad6e72b1eae251ac3a52538dd894f01fbc9e,http://periodicos.uefs.br/index.php/sociobiology/article/download/936/827,3,Discovery metadata; not a validated inclusion or toxicity claim
73f0551253ad9ef2cf7449f38e0779d1cb2c7f51,Leafcutter Ant Drawing,D. Montag,2009,,https://www.semanticscholar.org/paper/73f0551253ad9ef2cf7449f38e0779d1cb2c7f51,,3,Discovery metadata; not a validated inclusion or toxicity claim
7412cd0e098c43044c3360c1884629dd8749c990,Adverse effects on pollen exposed to Atta texana and other North American ants: implications for ant pollination,Delores A. Hull; A. Beattie,1988,10.1007/BF00378829,https://www.semanticscholar.org/paper/7412cd0e098c43044c3360c1884629dd8749c990,,3,Discovery metadata; not a validated inclusion or toxicity claim
747830b4bd6af34173f5bae36f2df3a4cf451c7b,"The Foraging Behaviour of Atta cephalotes L. (Hymenoptera, Formicidae)",J. M. Cherrett,1968,10.2307/2955,https://www.semanticscholar.org/paper/747830b4bd6af34173f5bae36f2df3a4cf451c7b,,3,Discovery metadata; not a validated inclusion or toxicity claim
77336d7706e0f32a20c745edcc968fb0e4568cb9,"Foraging behavior of Atta sexdens (Hymenoptera, Formicidae) on leaves of Thiloa glaucocarpa (Mart.) Eichler (Combretaceae) in a Brazilian seasonally dry tropical forest",J. Cordeiro; I. S. Costa; V. J. Salgado; R. G. Costa-Filho; M. P. Santos; M. D. dos Santos; E. M. Coutinho; M. Castellani; M. M. Correa; R. J. Sá-Neto,2021,10.1007/s11829-021-09847-z,https://www.semanticscholar.org/paper/77336d7706e0f32a20c745edcc968fb0e4568cb9,,3,Discovery metadata; not a validated inclusion or toxicity claim
7af4e305dc67dad1ed1cd8dcfb7b57e7f6bdb965,"Colecta e identificación de las principales plagas que atacan a la palma africana elaeis guineensis jacq, y sus reguladores naturales",Sánchez Valencia; R. Marino,2014,,https://www.semanticscholar.org/paper/7af4e305dc67dad1ed1cd8dcfb7b57e7f6bdb965,,3,Discovery metadata; not a validated inclusion or toxicity claim
7c5675a2b6b853d07c08bca5504731a4ce788a64,"Sodium-specific foraging by leafcutter ant workers (Atta cephalotes, Hymenoptera: Formicidae)",L. Ur; S. Ne,2012,,https://www.semanticscholar.org/paper/7c5675a2b6b853d07c08bca5504731a4ce788a64,,3,Discovery metadata; not a validated inclusion or toxicity claim
7d37326da9c4a6b3755647a9fb903376419a78e1,Measuring activity in ant colonies,C. Noda; J. Fernández; C. Pérez-Penichet; E. Altshuler,2006,10.1063/1.2400215,https://www.semanticscholar.org/paper/7d37326da9c4a6b3755647a9fb903376419a78e1,https://pubs.aip.org/aip/rsi/article-pdf/doi/10.1063/1.2400215/16037526/126102_1_online.pdf,3,Discovery metadata; not a validated inclusion or toxicity claim
7d5f2c4a34469a3d9d02c7dcd132e8c58d90ef09,SUBCASTE COMPOSITION OF ATTA CEPHALOTES FORAGING COLUMNS IN A TROPICAL CLOUD FOREST,C. Nguyen; A. E. O'Connell; M. Wright; Mark A. Davis,2020,,https://www.semanticscholar.org/paper/7d5f2c4a34469a3d9d02c7dcd132e8c58d90ef09,,3,Discovery metadata; not a validated inclusion or toxicity claim
7fb27906c22b5120c09eec4e47ab10f943836f03,Obolopteryx nigra (Ensifera: Tettigoniidae) Occurrence on Ocimum basilicum (Lamiaceae) in Northeast Mexico,S. I. Gallardo-Yobal; J. C. Chacón-Hernández; A. Mora-Olivo; C. Ail-Catzim; G. Gaona-García; S. Mora-Ravelo; M. Rocandio-Rodríguez,2020,10.18474/0749-8004-55.2.288,https://www.semanticscholar.org/paper/7fb27906c22b5120c09eec4e47ab10f943836f03,,3,Discovery metadata; not a validated inclusion or toxicity claim
80e9bc52b7152b0085196b2ad37626d59e8ca463,Taxonomia e características metabólicas de leveduras isoladas de bitus de Atta sexdens rubropilosa,S. L. Arcuri,2013,,https://www.semanticscholar.org/paper/80e9bc52b7152b0085196b2ad37626d59e8ca463,,"3,9",Discovery metadata; not a validated inclusion or toxicity claim
811716ca539f2ba2784b1e62bc8de6945fbf58aa,Musa acuminata pseudostem extract on the control of Atta sexdens rubropilosa,Thais Cibeli da Silva; Alcilene Batista de Camargo; Laura Araujo Sanches; J. Garlet,2019,10.14393/BJ-V35N2A20198-41780,https://www.semanticscholar.org/paper/811716ca539f2ba2784b1e62bc8de6945fbf58aa,http://www.seer.ufu.br/index.php/biosciencejournal/article/download/41780/25796/,3,Discovery metadata; not a validated inclusion or toxicity claim
82f4c2558dcdadd2cac53bd37d2ee0f5e45068c8,Host Size Preference of the Leafcutter Ant Parasitoid Eibesfeldtphora tonhascai (Diptera: Phoridae),R. C. Pereira; Omar Bailez; José Olívio Lopes Vieira‐Júnior; G. Silva; A. Arêdes; A. M. Viana-Bailez,2022,10.1007/s13744-022-00962-x,https://www.semanticscholar.org/paper/82f4c2558dcdadd2cac53bd37d2ee0f5e45068c8,,3,Discovery metadata; not a validated inclusion or toxicity claim
87e1c16c7ce5d17efe1ed895bf6f37f939d3a5ad,Disentangling nutritional pathways linking leafcutter ants and their co‐evolved fungal symbionts using stable isotopes,J. Shik; Winnie Rytter; X. Arnan; A. Michelsen,2018,10.1002/ecy.2431,https://www.semanticscholar.org/paper/87e1c16c7ce5d17efe1ed895bf6f37f939d3a5ad,https://esajournals.onlinelibrary.wiley.com/doi/pdfdirect/10.1002/ecy.2431,3,Discovery metadata; not a validated inclusion or toxicity claim
8803fe80bb247d3341a576dcf7984231615a1bc4,"Traditional knowledge regarding entomophagy in San Martín, Peruvian Amazon",A. Cerna; D. Vecco-Giove; M. Doria; H. Panduro; J. Rojas; P. García; M. Corazón-Guivin; B. Sangama; J. Macêdo; M. Ubeda; J. Maes,2021,10.21704/pja.v5i2.1773,https://www.semanticscholar.org/paper/8803fe80bb247d3341a576dcf7984231615a1bc4,https://doi.org/10.21704/pja.v5i2.1773,3,Discovery metadata; not a validated inclusion or toxicity claim
8825c1b2e70dca13eb6deacd8d2080b7810165bf,Chicatanas: The Seasonal Delicacy of Oaxaca,D. López; C. Maya; J. Villalobos; Shruti P Shertukde; T. Toia; Jing Zhao; A. Trujillo; Ramona L. Pérez; Changqi Liu,2025,10.1079/fsncases.2025.0011,https://www.semanticscholar.org/paper/8825c1b2e70dca13eb6deacd8d2080b7810165bf,,3,Discovery metadata; not a validated inclusion or toxicity claim
8856a98c146fac69034e11b1bb5e2fa642c52c8d,Trichomes and Atta sexdens (Hymenoptera: Formicidae): a study of foraging behavior in the laboratory.,K. Kitayama; J. Hay; L. Sousa‐Souto; R. Ottoni; P. de P. U. de Aquino,2010,,https://www.semanticscholar.org/paper/8856a98c146fac69034e11b1bb5e2fa642c52c8d,,3,Discovery metadata; not a validated inclusion or toxicity claim
8c3731bea404fba191e614abdc8561a89c132e40,Behavioral performance and division of labor influence brain mosaicism in the leafcutter ant Atta cephalotes,I. B. Muratore; E. Fandozzi; J. Traniello,2022,10.1007/s00359-021-01539-6,https://www.semanticscholar.org/paper/8c3731bea404fba191e614abdc8561a89c132e40,,3,Discovery metadata; not a validated inclusion or toxicity claim
8c9f31b5eb42383fef96192c8b8cdac334d387d9,Predation by ants on arthropods and other animals,X. Cerdá; A. Dejean,2011,,https://www.semanticscholar.org/paper/8c9f31b5eb42383fef96192c8b8cdac334d387d9,,3,Discovery metadata; not a validated inclusion or toxicity claim
8cfb10a7869a6f1dc52f5609294361caab604268,Food items of Macrotus waterhousii (Chiroptera: Phyllostomidae) in central Mexico,O. Sánchez; Don E. Wilson,2016,10.12933/THERYA-16-355,https://www.semanticscholar.org/paper/8cfb10a7869a6f1dc52f5609294361caab604268,http://132.248.10.25/therya/index.php/THERYA/article/download/355/pdf_110,3,Discovery metadata; not a validated inclusion or toxicity claim
8dea6add2afe8a43f1e1bb05058a58e12ba81e93,"Los himenopteros asociados a una parcela agroforestal de Borojoa patinoi, Cedrela odorata, Apeiba aspera e Inga spectabilis en la granja de la Universidad del Choco, municipio de Lloro, Choco",M. JhonCésarNeita; V. HernanCortes; C. AlejandroMadrigal,2004,,https://www.semanticscholar.org/paper/8dea6add2afe8a43f1e1bb05058a58e12ba81e93,,"3,8",Discovery metadata; not a validated inclusion or toxicity claim
8e6ec118f32b1b142a69253aa413c9d8dc1f9025,Some factors involved in the selection of vegetable substrate by Atta cephalotes (L.) (Hymenoptera: Formicidae) in tropical rain forest,J. M. Cherrett,1972,10.2307/3200,https://www.semanticscholar.org/paper/8e6ec118f32b1b142a69253aa413c9d8dc1f9025,,3,Discovery metadata; not a validated inclusion or toxicity claim
8f95990f9346e145d7ff6dbdcefcea63a4dcaee3,Carrying oversized loads may create pheromone “blind spots” in leafcutter ants,Katherine Porras-Brenes; S. Amador‐Vargas,2024,10.1101/2024.12.11.628008,https://www.semanticscholar.org/paper/8f95990f9346e145d7ff6dbdcefcea63a4dcaee3,https://www.biorxiv.org/content/biorxiv/early/2024/12/16/2024.12.11.628008.full.pdf,3,Discovery metadata; not a validated inclusion or toxicity claim
9083cd349523e6dd753e11366c6a8eda7b3eff95,"Some correlations between the foraging behavior of common nighthawks, Cbordeiles minor (Forester), and the swarming behavior of two species of ants, Atta texana (Buckley) and Iridomyrmex pruinosis (Roger)",Stuart L. Warter; J. Moser; M. Blum,1962,,https://www.semanticscholar.org/paper/9083cd349523e6dd753e11366c6a8eda7b3eff95,,3,Discovery metadata; not a validated inclusion or toxicity claim
9284cd86095ea2ffedfe4740d76203e272448078,Dealing with water deficit in Atta ant colonies: large ants scout for water while small ants transport it,Antonio Carlos Da-Silva; C. Navas; P. Ribeiro,2012,10.1242/bio.2012703,https://www.semanticscholar.org/paper/9284cd86095ea2ffedfe4740d76203e272448078,https://doi.org/10.1242/bio.2012703,3,Discovery metadata; not a validated inclusion or toxicity claim
92ac1c3287ee84ddb616d56e9c345852695670d4,COMUNICAÇÃO EFICIÊNCIA DE PRODUTOS TERMONEBULÍGENOS NO CONTROLE DE Atta laevigata (Hymenoptera: Formicidae) EM PLANTIO DE EUCALIPTO Efficiency of products for thermonebulization on the control of Atta laevigata (Hymenoptera: Formicidae) in eucalypus plantations,Ronald Zanetti; J. Zanuncio; Alan Souza-Silva; L. A. Mendonça; Jorge Olavo; S. Mattos; M. Rizental,2008,,https://www.semanticscholar.org/paper/92ac1c3287ee84ddb616d56e9c345852695670d4,,3,Discovery metadata; not a validated inclusion or toxicity claim
93964833077802685ead07857e780f2ffbcff51a,"Primeiro registro de Atta sexdens rubropilosa Forel, 1908 (Hymenoptera: Formicidae) atacando noni (Morinda Citrifolia L. ) em Colorado do Oeste (RO), Brasil",W. D. Matte; Lucas Ferraz de Queiroz; J. N. Corassa,2016,10.1590/1808-1657000722015,https://www.semanticscholar.org/paper/93964833077802685ead07857e780f2ffbcff51a,http://www.scielo.br/pdf/aib/v83/1808-1657-aib-83-e0722015.pdf,3,Discovery metadata; not a validated inclusion or toxicity claim
96568d19131857b218ec23881f4fbed38f22ae22,Distribution and Turnover Rate of a Population of Atta cephalotes in a Tropical Rain Forest in Costa Rica,I. Perfecto; J. Vandermeer,1993,10.2307/2388789,https://www.semanticscholar.org/paper/96568d19131857b218ec23881f4fbed38f22ae22,,3,Discovery metadata; not a validated inclusion or toxicity claim
980e4717b84992e005876e052c27c65679e4fdfb,Alternatives to insecticides: bio-inspired coatings and sprays to tackle insect pests,Aurélie Féat,2019,10.18174/497890,https://www.semanticscholar.org/paper/980e4717b84992e005876e052c27c65679e4fdfb,https://edepot.wur.nl/497890,3,Discovery metadata; not a validated inclusion or toxicity claim
998cb4c03ef2f9759090e5953eb24781434bc614,Landscape genomics of an obligate mutualism: Concordant and discordant population structures between the leafcutter ant Atta texana and its two main fungal symbiont types,Chad C. Smith; Jesse N. Weber; A. Mikheyev; F. Roces; M. Bollazzi; K. Kellner; J. Seal; U. Mueller,2019,10.1111/mec.15111,https://www.semanticscholar.org/paper/998cb4c03ef2f9759090e5953eb24781434bc614,,3,Discovery metadata; not a validated inclusion or toxicity claim
9a82d94e8b960aee01a5aba39268dedf8124e80e,Simple cellular automata to mimic foraging ants submitted to abduction,F. Tejera; Ernesto Altshuler,2015,,https://www.semanticscholar.org/paper/9a82d94e8b960aee01a5aba39268dedf8124e80e,,3,Discovery metadata; not a validated inclusion or toxicity claim
9cc378fb7b9b419997610ca326a67eba5251b822,Flavonoids from Kalanchoe ×laetivirens Impair Survival and Immunity of Atta sexdens (Hymenoptera: Formicidae),Danival José de Souza; Márcio Silva Melo; Cynthia Lhourrana Santos Silva; Amanda Caroline Teles Tenório; Bruno Silva Melo; Rone da Silva Barbosa; R. Sarmento; Juliana Cristina Holzbach; Állefe Barbosa Cruz; Isabele Rodrigues Nascimento,2023,10.2174/2210315514666230808142940,https://www.semanticscholar.org/paper/9cc378fb7b9b419997610ca326a67eba5251b822,https://hdl.handle.net/11449/300932,3,Discovery metadata; not a validated inclusion or toxicity claim
9ffad784a020f6299f549743efde024af3e4614c,"Atta cephalotes ( Formicidae ) as a reliable bioassay for anti-fungal compounds in plants of Monteverde , Costa Rica",A. Chisholm,2018,,https://www.semanticscholar.org/paper/9ffad784a020f6299f549743efde024af3e4614c,,3,Discovery metadata; not a validated inclusion or toxicity claim
a1d3e64b37189cb3b3f4669939c5073d54e157b0,Thermal constraints on foraging of tropical canopy ants,M. Spicer; A. Stark; B. Adams; Riley C. Kneale; M. Kaspari; S. Yanoviak,2017,10.1007/s00442-017-3825-4,https://www.semanticscholar.org/paper/a1d3e64b37189cb3b3f4669939c5073d54e157b0,,3,Discovery metadata; not a validated inclusion or toxicity claim
a247a3014e093ebb25e80d8c7c7613fb1142a3d4,Chemical Gradients of Plant Substrates in an Atta texana Fungus Garden,A. Caraballo-Rodríguez; Sara P. Puckett; Kathleen E. Kyle; D. Petráš; Ricardo da Silva; L. Nothias; Madeleine Ernst; Justin J. J. van der Hooft; A. Tripathi; Mingxun Wang; Marcy J. Balunas; J. Klassen; P. Dorrestein,2021,10.1128/mSystems.00601-21,https://www.semanticscholar.org/paper/a247a3014e093ebb25e80d8c7c7613fb1142a3d4,https://doi.org/10.1128/msystems.00601-21,3,Discovery metadata; not a validated inclusion or toxicity claim
a42dc36461e05763e96a043c40b97e9e3d8aa98d,Branch Width and Height Influence the Incorporation of Branches into Foraging Trails and Travel Speed in Leafcutter Ants Atta cephalotes (L.) (Hymenoptera: Formicidae),B. Freeman; J. Chaves‐Campos,2016,10.1007/s13744-016-0362-5,https://www.semanticscholar.org/paper/a42dc36461e05763e96a043c40b97e9e3d8aa98d,,3,Discovery metadata; not a validated inclusion or toxicity claim
a52cbf020f5934cd21eaa649763b69a835459d9b,Secondary seed dispersal of Ricinus communis Linnaeus (Euphorbiaceae) by ants in secondary growth vegetation in Minas Gerais,M. D. E. Santo,2007,10.1590/S0100-67622007000600005,https://www.semanticscholar.org/paper/a52cbf020f5934cd21eaa649763b69a835459d9b,https://www.scielo.br/j/rarv/a/FbpBBNjCFkw7bmnc957DDGg/?lang=en&format=pdf,3,Discovery metadata; not a validated inclusion or toxicity claim
a9c6b52656ed51ab5eb030612a1221ca66274c47,Dump Material as an Effective Small‐Scale Deterrent to Herbivory by Atta cephalotes 1,J. A. Zeh; Adrian Zen; D. W. Zeh,1999,10.1111/j.1744-7429.1999.tb00149.x,https://www.semanticscholar.org/paper/a9c6b52656ed51ab5eb030612a1221ca66274c47,,3,Discovery metadata; not a validated inclusion or toxicity claim
ab88094605255e3c0f63e95e4ef430fd62454d04,Phorids Associated with Nests of Atta Cephalotes (Hymenoptera: Formicidae) In A Forest And A Plantation,S. Uribe; B. Brown; G. Correa; Adriana Ortiz,2016,10.25100/socolen.v42i1.6669,https://www.semanticscholar.org/paper/ab88094605255e3c0f63e95e4ef430fd62454d04,,3,Discovery metadata; not a validated inclusion or toxicity claim
acaf75b75e0d94010269e99d0b0fc9669e5b92dc,"Insectos plaga en cultivo asociado de Ricinus communis y Moringa oleifera en el centro de Veracruz, México",Ofelia Andrea Valdés-Rodríguez; A. Vázquez; Olivia Margarita Palacios Wassenaar,2015,,https://www.semanticscholar.org/paper/acaf75b75e0d94010269e99d0b0fc9669e5b92dc,,3,Discovery metadata; not a validated inclusion or toxicity claim
acc827ab5196371d4f37c965fa321686669f603b,Mortality of Atta sexdens rubropilosa (Hymenoptera: Formicidae) workers in contact with colony waste from different plant sources,F. G. Lacerda; T. M. D. Lucia; O. L. Pereira; L. Peternelli; M. R. Tótola,2009,10.1017/S000748530900683X,https://www.semanticscholar.org/paper/acc827ab5196371d4f37c965fa321686669f603b,http://enpuir.npu.edu.ua/handle/123456789/19157,3,Discovery metadata; not a validated inclusion or toxicity claim
affe9239d949086f858e18d45c0eb7fe199721f2,Flux-Density Traffic Diagrams of Foraging Ants Suggest Absence of Jamming even Under External Perturbations,A. Reyes; F. Tejera; E. Altshuler,2016,,https://www.semanticscholar.org/paper/affe9239d949086f858e18d45c0eb7fe199721f2,,3,Discovery metadata; not a validated inclusion or toxicity claim
b0d83856ceabe7b084969d965915b760b9b3378d,The Foraging Ecology of Atta texana in Texas,D. A. Waller,2019,10.1201/9780429038266-12,https://www.semanticscholar.org/paper/b0d83856ceabe7b084969d965915b760b9b3378d,,3,Discovery metadata; not a validated inclusion or toxicity claim
b1a248f636dd8bd34a9d7f1c5d13bf0f5c161635,The frequency of leaf transfer in Atta cephalotes along horizontal and vertical surfaces near the bases of trees,K. M. Kwaku; E. Gonick; E. Ostapovich; I. Weinberg,2020,10.1007/s00040-020-00784-3,https://www.semanticscholar.org/paper/b1a248f636dd8bd34a9d7f1c5d13bf0f5c161635,,3,Discovery metadata; not a validated inclusion or toxicity claim
b351bb9d6ab5c00e00ff2c7c6e2c5c541c85beb7,Sobrevivência de operárias de Atta sexdens rubropilosa Forel (Hymenoptera: Formicidae) isoladas do formigueiro e alimentadas com dietas artificiais,O. C. Bueno; Maria Santina de Castro Morini; F. C. Pagnocca; M. Hebling; Osvaldo Aulino da Silva,1997,10.1590/S0301-80591997000100015,https://www.semanticscholar.org/paper/b351bb9d6ab5c00e00ff2c7c6e2c5c541c85beb7,https://www.scielo.br/j/aseb/a/JJKjp4kCwdCnQpPWpBwJk3P/?lang=pt&format=pdf,3,Discovery metadata; not a validated inclusion or toxicity claim
b3946c87d184952cdb9276dbbfbbe109b73e5ee7,A method for assessing the virulence of entomopathogenic fungi (Hypocreales: Clavicipitaceae) on Atta laevigata (Hymenoptera: Formicidae),A. Specht; R. T. Alves; J. Malaquias; V. F. Roque-Specht,2026,10.1080/09583157.2026.2628037,https://www.semanticscholar.org/paper/b3946c87d184952cdb9276dbbfbbe109b73e5ee7,,3,Discovery metadata; not a validated inclusion or toxicity claim
b59b5b8a436c75b3d113b9d9579163d7d3373229,Age Polyethism in Atta sexdens (Linnaeus) (Hymenoptera: Formicidae),F. G. Lacerda; L. Sousa‐Souto; T. Della Lucia; D. J. de Souza,2020,10.13102/sociobiology.v67i4.5081,https://www.semanticscholar.org/paper/b59b5b8a436c75b3d113b9d9579163d7d3373229,http://periodicos.uefs.br/index.php/sociobiology/article/download/5081/4806,3,Discovery metadata; not a validated inclusion or toxicity claim
b5ba379eeeeff1cdc68ed4a63bc3d082e57f9b2f,Seed germination of a myrmecochorous plant endemic to the Brazilian semiarid region: the wolf is not so bad,Marcílio Fagundes; Ana Paula Mota Fernandes Silva; B. Mayrink; L. H. A. Figueiredo; Alessandre Custódio Jorge; I. L. V. Gomes,2022,10.1590/1677-941x-abb-2022-0093,https://www.semanticscholar.org/paper/b5ba379eeeeff1cdc68ed4a63bc3d082e57f9b2f,https://www.scielo.br/j/abb/a/YXbjwH9p6FmHPwvnDxPPCVh/?lang=en&format=pdf,3,Discovery metadata; not a validated inclusion or toxicity claim
bb773e89081b64c70324ae5f8298a6333efda093,"Seed dispersal and predation of Buchenavia tomentosa Eichler ( Combretaceae ) in a Cerrado sensu stricto , midwest Brazil",J. Fariasa; M. Sánchezb; M. F. Abreuc; F. Pedronib,2015,,https://www.semanticscholar.org/paper/bb773e89081b64c70324ae5f8298a6333efda093,,3,Discovery metadata; not a validated inclusion or toxicity claim
bcb394461d2e2136f55c49d2523d3ee0d0bb3fef,"Caracterização transcriptômica de vias metabólicas na formiga Attini Atta sexdens rubropilosa Forel, 1908 (Hymenoptera, Formicidae)",Suzana Fortolan Baptista do Nascimento,2015,,https://www.semanticscholar.org/paper/bcb394461d2e2136f55c49d2523d3ee0d0bb3fef,,3,Discovery metadata; not a validated inclusion or toxicity claim
bd0b8b3b10f29a54eac3eb1a1704b48c2d4ddf3b,Machaerium opacum Vogel (Fabaceae): phytochemical study and toxicity to Atta sexdens Linnaeus (Hymenoptera: Formicidae),R. G. Santos; Weber Martins da Silva; G. Duarte; G. Cunha; Daniela Moreira da Silva; A. A. de Oliveira; O. Bueno; A. C. Menezes,2021,10.1080/14786419.2021.2013213,https://www.semanticscholar.org/paper/bd0b8b3b10f29a54eac3eb1a1704b48c2d4ddf3b,http://hdl.handle.net/11449/230085,3,Discovery metadata; not a validated inclusion or toxicity claim
bdb21324b8d5a8136754ae66832fb4defb2b9bad,"Selection of leaves of Palicourea padifolia, Platanus mexicana and Eriobotrya japonica by Atta mexicana (Hymenoptera: Formicidae) and its influence on the growth of the mutualistic fungus Leucoagaricus gongylophorus",D. A. Infante-Rodríguez; A. C. Velázquez-Narváez; M. J. Aguilar-Méndez; Luis Javier Fuentes-Jacques; J. L. Monribot-Villanueva; J. A. Guerrero-Analco; J. Valenzuela-González,2025,10.17129/botsci.3671,https://www.semanticscholar.org/paper/bdb21324b8d5a8136754ae66832fb4defb2b9bad,https://www.botanicalsciences.com.mx/index.php/botanicalSciences/article/download/3671/5552,"3,9",Discovery metadata; not a validated inclusion or toxicity claim
be437276100cf6a411efd47cc6c80a4f07f4e87b,"Dyed baits distribution in nests of Atta sexdens L. (Hym., Formicidae)",D. Pretto; L. Forti,2000,10.1046/j.1439-0418.2000.00431.x,https://www.semanticscholar.org/paper/be437276100cf6a411efd47cc6c80a4f07f4e87b,,3,Discovery metadata; not a validated inclusion or toxicity claim
c4f523f011041320ff7f64a101a35b16752fef78,Behavioral performance requirements for division of labor influence adaptive brain mosaicism in a socially complex ant,I. B. Muratore; E. Fandozzi; J. Traniello,2021,10.1101/2021.07.03.450997,https://www.semanticscholar.org/paper/c4f523f011041320ff7f64a101a35b16752fef78,https://www.biorxiv.org/content/biorxiv/early/2021/07/04/2021.07.03.450997.full.pdf,3,Discovery metadata; not a validated inclusion or toxicity claim
c542da13341c42a053b3a3ddb3e3f25a87987f17,Do Biochemical Exaptations Link Evolution of Plant Defense and Pollination Systems? Historical Hypotheses and Experimental Tests with Dalechampia Vines,W. S. Armbruster; J. J. Howard; Thomas P. Clausen; E. Debevec; John C. Loquvam; M. Matsuki; Bianca Cerendolo; F. Andel,1997,10.1086/286000,https://www.semanticscholar.org/paper/c542da13341c42a053b3a3ddb3e3f25a87987f17,,3,Discovery metadata; not a validated inclusion or toxicity claim
c6307748a35118ccbc78e3c6fa5eb5d64f7353a4,Waste management by workers of Atta sexdens rubropilosa (Hymenoptera: Formicidae) in colonies supplied with different substrates,F. G. Lacerda; T. M. D. Lucia; E. Lima; L. A. Campos; O. L. Pereira,2006,,https://www.semanticscholar.org/paper/c6307748a35118ccbc78e3c6fa5eb5d64f7353a4,,3,Discovery metadata; not a validated inclusion or toxicity claim
c87da75b7d93554064ee2a0703704e6ff6d5dfbd,Patrones comportamentales de fóridos (Diptera: Phoridae) parasitoides de Atta colombica (Hymenoptera: Formicidae),Robin Bedoya Cochet; Ángela María Ortega León; Adriana Ortiz Reyes,2017,10.15517/RBT.V65I2.24746,https://www.semanticscholar.org/paper/c87da75b7d93554064ee2a0703704e6ff6d5dfbd,https://revistas.ucr.ac.cr/index.php/rbt/article/download/24746/28900,3,Discovery metadata; not a validated inclusion or toxicity claim
c9cee03817875dc1fd149da78cf2c996a38987fd,Nest area exploration and recognition in leafcutter ants (Atta cephalotes),B. Hölldobler; E. Wilson,1986,10.1016/0022-1910(86)90133-2,https://www.semanticscholar.org/paper/c9cee03817875dc1fd149da78cf2c996a38987fd,,3,Discovery metadata; not a validated inclusion or toxicity claim
ca20fb38c7da802dc13c8c3d5d5198432703169f,Antennal olfactory sensitivity in response to task‐related odours of three castes of the ant Atta mexicana (hymenoptera: formicidae),Germán Octavio López-Riquelme; E. Malo; L. Cruz‐López; María Luisa Fanjul-Moles,2006,10.1111/j.1365-3032.2006.00526.x,https://www.semanticscholar.org/paper/ca20fb38c7da802dc13c8c3d5d5198432703169f,,3,Discovery metadata; not a validated inclusion or toxicity claim
cb0c7204f381a5246887e10456ff44cb4f5e0434,Trunk trail maintenance in leafcutter ants: caste involvement and effects of obstacle type and size on path clearing in Atta cephalotes,E. Cevallos Dupuis; J. Harrison,2016,10.1007/s00040-016-0530-y,https://www.semanticscholar.org/paper/cb0c7204f381a5246887e10456ff44cb4f5e0434,,3,Discovery metadata; not a validated inclusion or toxicity claim
cb531259246b95254b5776982264a3860aec2cd4,Ecology of microfungal communities in gardens of fungus-growing ants (Hymenoptera: Formicidae): a year-long survey of three species of attine ants in Central Texas.,A. Rodrigues; U. Mueller; Heather D. Ishak; M. Bacci; F. C. Pagnocca,2011,10.1111/j.1574-6941.2011.01152.x,https://www.semanticscholar.org/paper/cb531259246b95254b5776982264a3860aec2cd4,https://academic.oup.com/femsec/article-pdf/78/2/244/18104354/78-2-244.pdf,"3,8",Discovery metadata; not a validated inclusion or toxicity claim
cc07491aa2b136b74c5f2b08aafdf7dff04487d0,"A gregarious, mycophagous, myrmecophilous moth, Amydria anceps Walsingham (Lepidoptera: Acrolophidae), living in Atta mexicana (F. Smith) (Hymenoptera: Formicidae) spent fungal culture accumulations",S. Sanchez-Peña; Donald R Dams; U. Mueller,2003,,https://www.semanticscholar.org/paper/cc07491aa2b136b74c5f2b08aafdf7dff04487d0,,3,Discovery metadata; not a validated inclusion or toxicity claim
cd45625feb434dbd877c9fd1593dae590e00f198,The relationship between soil variables and leafcutter ant (Atta sexdens) nest distribution in the Colombian Amazon,H. V. Gils; A. Gaigl; L. E. Gómez,2010,10.1007/s00040-010-0108-z,https://www.semanticscholar.org/paper/cd45625feb434dbd877c9fd1593dae590e00f198,,3,Discovery metadata; not a validated inclusion or toxicity claim
ce9bc1ec75a774d8fc464092a4d9fbe1edd70c3b,Drivers of leafcutter ant populations and their inter‐trophic relationships in Amazonian forest islands,A. Palmeirim; M. Benchimol; I. Leal; C. Peres,2021,10.1002/ECS2.3518,https://www.semanticscholar.org/paper/ce9bc1ec75a774d8fc464092a4d9fbe1edd70c3b,https://onlinelibrary.wiley.com/doi/pdfdirect/10.1002/ecs2.3518,3,Discovery metadata; not a validated inclusion or toxicity claim
cfdac04d70b45636bc45d9251d19c3f78a53a292,"Behavioral Response of the Leafcutter Ant, Atta sexdens rubropilosa (Hymenoptera, Formicidae), to Components of Citrus Pulp",A. A. Carlos; L. C. Forti; R. Camargo; S. S. Verza; Luciano Barbosa; J. Lopes,2010,,https://www.semanticscholar.org/paper/cfdac04d70b45636bc45d9251d19c3f78a53a292,,3,Discovery metadata; not a validated inclusion or toxicity claim
d06c33a5d4adb2b69a286f7de301220c761bda64,Roads Alter the Colonization Dynamics of a Keystone Herbivore in Neotropical Savannas 1,H. Vasconcelos; E. Vieira‐Neto; F. Mundim; E. Bruna,2006,10.1111/j.1744-7429.2006.00180.x,https://www.semanticscholar.org/paper/d06c33a5d4adb2b69a286f7de301220c761bda64,,3,Discovery metadata; not a validated inclusion or toxicity claim
d1291a426041bc394b0442f8b70a067fd3365c50,"Do leafcutter ants, Atta colombica, orient their path-integrated home vector with a magnetic compass?",Andre J. Riveros; Andre J. Riveros; R. B. Srygley; R. B. Srygley,2008,10.1016/J.ANBEHAV.2007.09.030,https://www.semanticscholar.org/paper/d1291a426041bc394b0442f8b70a067fd3365c50,,3,Discovery metadata; not a validated inclusion or toxicity claim
d27f6de5090de0d3783b150e79bf77ff5ec1c041,"An unusual prey item for the yellow tail cribo Drymarchon corais Boie 1827, in the Brazilian Savannah",Vitor Azarias Campos; F. H. Oda; A. Curcino,2010,,https://www.semanticscholar.org/paper/d27f6de5090de0d3783b150e79bf77ff5ec1c041,,3,Discovery metadata; not a validated inclusion or toxicity claim
d3679134d6c3768d054a67f0ac1ac99f737a710b,"Occurrence of insects on pitaya in Lavras-MG, Brazil.",V. B. Marques; Neimar Arcanjo de Araújo; R. A. Moreira; J. D. Ramos; M. Rizental,2012,,https://www.semanticscholar.org/paper/d3679134d6c3768d054a67f0ac1ac99f737a710b,,3,Discovery metadata; not a validated inclusion or toxicity claim
d74f3178d226ff07362e2e296e8959c935bfe2fd,"Ethnopharmacological survey among migrants living in the Southeast Atlantic Forest of Diadema, São Paulo, Brazil",D. García; M. V. Domingues; E. Rodrigues,2010,10.1186/1746-4269-6-29,https://www.semanticscholar.org/paper/d74f3178d226ff07362e2e296e8959c935bfe2fd,https://ethnobiomed.biomedcentral.com/counter/pdf/10.1186/1746-4269-6-29,3,Discovery metadata; not a validated inclusion or toxicity claim
da0410a60e671266a3cd6f5ac5eb76c8d28c09f4,ENCAPSULATED BAITS CONTAINING ZINC SULFATE AND Trichoderma harzianum REDUCE FUNGAL GARDEN IN Atta sexdens COLONIES,Daniella Gonçalves Da Silva; Aldemir Lucena; Renato de Almeida Sarmento; Cynthia Lhourrana Santos Silva; Amanda C. Teles Tenório; D. J. de Souza; M. S. Melo,2020,10.32404/rean.v7i3.5064,https://www.semanticscholar.org/paper/da0410a60e671266a3cd6f5ac5eb76c8d28c09f4,https://periodicosonline.uems.br/index.php/agrineo/article/download/5064/3601,3,Discovery metadata; not a validated inclusion or toxicity claim
da8dd2ec0deb6b2717db6c5b3ae7308cc299019b,Biotic and Abiotic Interactions Shape Seed Germination of a Fire-Prone Species,Marcílio Fagundes; H. T. Dos Santos; P. Cuevas‐Reyes; T. Cornelissen,2021,10.3390/seeds1010003,https://www.semanticscholar.org/paper/da8dd2ec0deb6b2717db6c5b3ae7308cc299019b,https://www.mdpi.com/2674-1024/1/1/3/pdf?version=1640245313,3,Discovery metadata; not a validated inclusion or toxicity claim
db20cad9e381a7fd9391972a11536c33b62f280a,Comunicación corta Registro de plagas de albahaca blanca (Ocimum basilicum) bajo condiciones de cultivo protegido,Blanca Bernal Areces; Rafael Deroncelé Caigñet; Tomás Díaz Pérez,2012,,https://www.semanticscholar.org/paper/db20cad9e381a7fd9391972a11536c33b62f280a,,3,Discovery metadata; not a validated inclusion or toxicity claim
dd74dc6405e8f2efd6bb178838d65582d67e7b30,Analysis of the Nutritional Value of the Glasshead Ant (Atta laevigata) Smith 1858,S. Torquato; K. K. L. Yamaguchi; C. C. Silva; Kemilla Sarmento,,,https://www.semanticscholar.org/paper/dd74dc6405e8f2efd6bb178838d65582d67e7b30,,3,Discovery metadata; not a validated inclusion or toxicity claim
dd99df08f8e70e3db245ead4cb90222bd4668972,Humidity preference for fungus culturing by workers of the leaf-cutting ant Atta sexdens rubropilosa,F. Roces; C. Kleineidam,2000,10.1007/PL00001728,https://www.semanticscholar.org/paper/dd99df08f8e70e3db245ead4cb90222bd4668972,https://link.springer.com/content/pdf/10.1007/PL00001728.pdf,3,Discovery metadata; not a validated inclusion or toxicity claim
deee2d052307475032350ce906a918d2b6e5cba5,A Ten-year Laboratory Colony of Atta cephalotes,N. A. Weber,1976,10.1093/AESA/69.5.825,https://www.semanticscholar.org/paper/deee2d052307475032350ce906a918d2b6e5cba5,,3,Discovery metadata; not a validated inclusion or toxicity claim
df42085a439b93c5d68437b29b105337e622763f,Epiphyll deterrence to the leafcutter ant Atta cephalotes,U. Mueller; Bettina Wolf-Mueller,1991,10.1007/BF00317386,https://www.semanticscholar.org/paper/df42085a439b93c5d68437b29b105337e622763f,,3,Discovery metadata; not a validated inclusion or toxicity claim
e27ea02ac7e50e12a3df1d1fa412a21b5f1ea47a,3. Predation by ants on arthropods and other animals,Xim Cerdá; Alain Dejean,,,https://www.semanticscholar.org/paper/e27ea02ac7e50e12a3df1d1fa412a21b5f1ea47a,,3,Discovery metadata; not a validated inclusion or toxicity claim
e55b90a853cb150e3bf174a87df711a7a5963b82,"Cuicatec ethnozoology: traditional knowledge, use, and management of fauna by people of San Lorenzo Pápalo, Oaxaca, Mexico",L. Solís; A. Casas,2019,10.1186/s13002-019-0340-1,https://www.semanticscholar.org/paper/e55b90a853cb150e3bf174a87df711a7a5963b82,https://ethnobiomed.biomedcentral.com/counter/pdf/10.1186/s13002-019-0340-1,3,Discovery metadata; not a validated inclusion or toxicity claim
e56f0e4c1db44d66a147b62c82f86b3bf30b1ef1,ANTS REARRANGE THE VERTEBRATE-GENERATED SEED SHADOW OF A NEOTROPICAL FIG TREE,J. Roberts; E. Heithaus,1986,10.2307/1939827,https://www.semanticscholar.org/paper/e56f0e4c1db44d66a147b62c82f86b3bf30b1ef1,,3,Discovery metadata; not a validated inclusion or toxicity claim
e6c23ac61f3c9c5e25d33d0e5a5d7645f608d371,"The Hymenopterans Associated with An Agroforestry Plot of Borojoa Patinoi, Cedrela Odorata, Apeiba Aspera And Inga Spectabilis At The Farm Of The University Of ChocÓ, Municipality Of LlorÓ, ChocÓ",Neita M. Jhon CÉSar; CortÉS V. HernÁN; Madrigal C. Alejandro,2004,10.25100/socolen.v30i2.9561,https://www.semanticscholar.org/paper/e6c23ac61f3c9c5e25d33d0e5a5d7645f608d371,https://revistacolombianaentomologia.univalle.edu.co/index.php/SOCOLEN/article/download/9561/12115,"3,8",Discovery metadata; not a validated inclusion or toxicity claim
e7e5112bb44e7bae527a0e73a3d6d72aed08ce4c,Nuclear mitochondrial‐like sequences in ants: evidence from Atta cephalotes (Formicidae: Attini),Joaquim Martins; S. E. Solomon; A. Mikheyev; U. Mueller; Adriana Ortiz; M. Bacci,2007,10.1111/j.1365-2583.2007.00771.x,https://www.semanticscholar.org/paper/e7e5112bb44e7bae527a0e73a3d6d72aed08ce4c,,3,Discovery metadata; not a validated inclusion or toxicity claim
eae6e8ecea3b1f9819a77c9107a6c436f8ef7f45,"What Can the Bacterial Community of Atta sexdens (Linnaeus, 1758) Tell Us about the Habitats in Which This Ant Species Evolves?",M. O. Ramalho; C. Martins; M. Morini; O. Bueno,2020,10.3390/insects11060332,https://www.semanticscholar.org/paper/eae6e8ecea3b1f9819a77c9107a6c436f8ef7f45,https://www.mdpi.com/2075-4450/11/6/332/pdf?version=1592732471,3,Discovery metadata; not a validated inclusion or toxicity claim
eb4eb9e5af95b7b44d6614e99df01d8bc0f61dbe,Some factors affecting the site and pattern of leaf‐cutting activity in the ant Atta cephalotes L.,P. Barrer; J. M. Cherrett,1972,10.1111/J.1365-3032.1972.TB00002.X,https://www.semanticscholar.org/paper/eb4eb9e5af95b7b44d6614e99df01d8bc0f61dbe,,3,Discovery metadata; not a validated inclusion or toxicity claim
ece5a647fc40346c3898230a5145b7e5ceaa4f23,Etude des dynamiques et des mécanismes de l'agrégation dans les sociétés de fourmis en particulier chez Lasius niger,S. Depickère; Jean-Louis Deneubourg; D. Fresneau,2003,,https://www.semanticscholar.org/paper/ece5a647fc40346c3898230a5145b7e5ceaa4f23,,3,Discovery metadata; not a validated inclusion or toxicity claim
ef012ac8ae057b4e77604ef7a1a4dd820f7a39d8,"Seed dispersal and predation of Buchenavia tomentosa Eichler (Combretaceae) in a Cerrado sensu stricto, midwest Brazil.",J. Farias; M. Sánchez; M. F. Abreu; F. Pedroni,2015,10.1590/1519-6984.06214,https://www.semanticscholar.org/paper/ef012ac8ae057b4e77604ef7a1a4dd820f7a39d8,http://www.scielo.br/pdf/bjb/v75n4s1/1519-6984-bjb-1519-698406214.pdf,3,Discovery metadata; not a validated inclusion or toxicity claim
f4fd13d38b8e50b6da92711be2f9deb8bd85bd4c,"Faecal proteinases of the fungus-growing ant, Atta texana: Their fungal origin and ecological significance",N. Boyd; MICHAEL M. Martin,1975,10.1016/0022-1910(75)90247-4,https://www.semanticscholar.org/paper/f4fd13d38b8e50b6da92711be2f9deb8bd85bd4c,http://deepblue.lib.umich.edu/bitstream/2027.42/21967/1/0000376.pdf,3,Discovery metadata; not a validated inclusion or toxicity claim
f72cdf318228502632ca1a0af6c1a32936691b69,Colony behavior of Atta sexdens rubropilosa (Hymenoptera: Formicidae) in the absence of the queen under laboratory conditions.,T. M. D. Lucia; Ethel Fernandes de Oliveira Peternelli; F. G. Lacerda; L. Peternelli; D. D. Moreira,2003,10.1016/S0376-6357(03)00078-0,https://www.semanticscholar.org/paper/f72cdf318228502632ca1a0af6c1a32936691b69,,3,Discovery metadata; not a validated inclusion or toxicity claim
f7602d7035ea63e0511e1544e3aefc9b76a11445,"Foundress queen mortality and early colony growth of the leafcutter ant, Atta texana (Formicidae, Hymenoptera)",H. Marti; A. Carlson; B. Brown; U. Mueller,2015,10.1007/s00040-015-0413-7,https://www.semanticscholar.org/paper/f7602d7035ea63e0511e1544e3aefc9b76a11445,,3,Discovery metadata; not a validated inclusion or toxicity claim
fb9da864d3dd54be11819214eca3c93a12e378db,Transcriptomic analysis of mosaic brain differentiation underlying complex division of labor in a social insect,I. B. Muratore; S. Mullen; J. Traniello,2023,10.1002/cne.25469,https://www.semanticscholar.org/paper/fb9da864d3dd54be11819214eca3c93a12e378db,,3,Discovery metadata; not a validated inclusion or toxicity claim
fbaf0fd048faba36831db68fa9af7c790bf8a210,"Beetles, ants, wasps, or flies? An ethnobiological study of edible insects among the Awajún Amerindians in Amazonas, Peru",Rubén Casas Reátegui; Lukas Pawera; Pablo Pedro Villegas Panduro; Z. Polesný,2018,10.1186/s13002-018-0252-5,https://www.semanticscholar.org/paper/fbaf0fd048faba36831db68fa9af7c790bf8a210,https://ethnobiomed.biomedcentral.com/track/pdf/10.1186/s13002-018-0252-5,3,Discovery metadata; not a validated inclusion or toxicity claim
fc7737a8e6836a30734378c8a5d6103f0ce27109,Directional vibration sensing in the leafcutter ant Atta sexdens,F. A. Hager; L. Kirchner; W. Kirchner,2017,10.1242/bio.029587,https://www.semanticscholar.org/paper/fc7737a8e6836a30734378c8a5d6103f0ce27109,https://doi.org/10.1242/bio.029587,3,Discovery metadata; not a validated inclusion or toxicity claim
03b95b4e216999c70117cd0765b82e5adb0f747a,The Construction of Turrets for Nest Ventilation in the Grass-Cutting Ant Atta vollenweideri: Import and Assembly of Building Materials,Marcela I. Cosarinsky; F. Roces,2012,10.1007/s10905-011-9290-8,https://www.semanticscholar.org/paper/03b95b4e216999c70117cd0765b82e5adb0f747a,,4,Discovery metadata; not a validated inclusion or toxicity claim
04138b22656bee1c74da2023bf6b37b019efb736,"Contribuição para. o conhecimento da ""saúva parda"" Atta capiguara Gonçalves, 1944",F. Mariconi; A. P. I. Zamith; Urbano de Paiva Castro,1961,10.1590/S0071-12761961000100020,https://www.semanticscholar.org/paper/04138b22656bee1c74da2023bf6b37b019efb736,https://www.scielo.br/j/aesalq/a/MTfGq3hkysspKZT7LkxSn4k/?lang=pt&format=pdf,4,Discovery metadata; not a validated inclusion or toxicity claim
0789c951d4463a47fc95554c58380b0bfac336cf,Field Evaluation of Potential of Alarm Pheromone Compounds to Enhance Baits for Control of Grass-Cutting Ants (Hymenoptera: Formicidae),W. Hughes; P. Howse; E. Vilela; J. J. Knapp; D. Goulson,2002,10.1603/0022-0493-95.3.537,https://www.semanticscholar.org/paper/0789c951d4463a47fc95554c58380b0bfac336cf,https://figshare.com/articles/journal_contribution/Field_evaluation_of_potential_of_alarm_pheromone_compounds_to_enhance_baits_for_control_of_grass-cutting_ants_Hymenoptera_Formicidae_/23410367,4,Discovery metadata; not a validated inclusion or toxicity claim
0a83e49948c62e1e2464e93f5dee4640d8a85b24,"Average vegetative requirement, colony size and estimated impact of Atta vollenweideri on cattle-raising in Paraguay.",J. Jonkman,2009,10.1111/J.1439-0418.1980.TB03452.X,https://www.semanticscholar.org/paper/0a83e49948c62e1e2464e93f5dee4640d8a85b24,,4,Discovery metadata; not a validated inclusion or toxicity claim
0c0e0f22504e51b85f6d248ddb75f9f663c73104,Soil Moisture and Excavation Behaviour in the Chaco Leaf-Cutting Ant (Atta vollenweideri): Digging Performance and Prevention of Water Inflow into the Nest,Steffen Pielström; F. Roces,2014,10.1371/journal.pone.0095658,https://www.semanticscholar.org/paper/0c0e0f22504e51b85f6d248ddb75f9f663c73104,https://journals.plos.org/plosone/article/file?id=10.1371/journal.pone.0095658&type=printable,4,Discovery metadata; not a validated inclusion or toxicity claim
0cf868d18a7e25b0ad47d6adbbdbf3b2395e3e02,Efficiency and soil contamination during underground application of insecticides: control of leaf-cutting ants with thermal foggers,M. Bollazzi; L. C. Forti; S. Moreira; F. Roces,2014,10.1007/s10340-013-0525-7,https://www.semanticscholar.org/paper/0cf868d18a7e25b0ad47d6adbbdbf3b2395e3e02,,4,Discovery metadata; not a validated inclusion or toxicity claim
0da977cac39052c6ca1167b2c09a81e82f901ff4,"Dynamics of the restoration of physical trails in the grass-cutting ant Atta capiguara (Hymenoptera, Formicidae)",N. Caldato; L. C. Forti; Roberto da Silva Camargo; J. Lopes; V. Fourcassié,2016,10.1016/J.RBE.2015.10.001,https://www.semanticscholar.org/paper/0da977cac39052c6ca1167b2c09a81e82f901ff4,https://www.sciencedirect.com/science/article/pii/S0085562615001144/pdf,4,Discovery metadata; not a validated inclusion or toxicity claim
0e1f0f89bbb43eaacf355c5d007d25d4be3f41e4,Underground anemotactic orientation in leaf-cutting ants: perception of airflow and experience-dependent choice of airflow direction during digging,F. Halboth; F. Roces,2017,10.1007/s00114-017-1504-2,https://www.semanticscholar.org/paper/0e1f0f89bbb43eaacf355c5d007d25d4be3f41e4,,4,Discovery metadata; not a validated inclusion or toxicity claim
1837e65d874ad3a72fc51fe3d03710e266c090a4,Efficiency and soil contamination during underground application of insecticides: control of leaf-cutting ants with thermal foggers,M. Bollazzi; L. C. Forti; S. Moreira; F. Roces,2013,10.1007/s10340-013-0525-7,https://www.semanticscholar.org/paper/1837e65d874ad3a72fc51fe3d03710e266c090a4,,4,Discovery metadata; not a validated inclusion or toxicity claim
1d549507423ccc9b81d79c2340c56bb46cdec895,Detection of Atta Capiguara Ant Nests from aerial images using Random Forest Classifiers,Tayná Bertacine De Almeida; A. Hernandes,2023,10.1109/LARS/SBR/WRE59448.2023.10333031,https://www.semanticscholar.org/paper/1d549507423ccc9b81d79c2340c56bb46cdec895,,4,Discovery metadata; not a validated inclusion or toxicity claim
23dfefcca924a78f78c68a0f50eb90f8eca22cf4,Diversity est architecture development of grass-cutting ants uiz,C. Forti; Aldenise Alves Moreirab; Roberto da Silva Camargoa; Nadia Caldatoa; aria Aparecida Castellanib,2018,,https://www.semanticscholar.org/paper/23dfefcca924a78f78c68a0f50eb90f8eca22cf4,,4,Discovery metadata; not a validated inclusion or toxicity claim
25d16714e3803dc487fa233c3a398202753042eb,Dietary habits of the giant armadillo (Priodontes maximus) in the Brazilian wetlands,Natália Teixeira Nascimento; N. Attias; Tainara Galvão Santana; Mauricio M. Rocha; Mariáh Tibcherani; G. Massocato; D. Kluyber; A. Desbiez,2024,10.1007/s13364-024-00748-z,https://www.semanticscholar.org/paper/25d16714e3803dc487fa233c3a398202753042eb,,4,Discovery metadata; not a validated inclusion or toxicity claim
2f2356f5acc2ace4c452c7a1125a029c772c3e75,Vegetation Changes in a Native Forest Produced by Atta vollenweideri Forel 1893 (Hymenoptera: Formicidae) Nests,J. Sabattini; R. A. Sabattini; J. C. Cian; I. A. Sabattini,2018,10.1007/s13744-017-0513-3,https://www.semanticscholar.org/paper/2f2356f5acc2ace4c452c7a1125a029c772c3e75,,4,Discovery metadata; not a validated inclusion or toxicity claim
3b90be40cc25f1185ae953a11b0b227311c6a372,Determination of the vegetative material intake and refuse production ratio in two species of grass-cutting ants (Hym.: Attini),J. Jonkman,2009,10.1111/J.1439-0418.1977.TB04308.X,https://www.semanticscholar.org/paper/3b90be40cc25f1185ae953a11b0b227311c6a372,,4,Discovery metadata; not a validated inclusion or toxicity claim
3bf48e57cdd922b9c85770a2616f6c3f6228215f,Vegetation Changes in a Native Forest Produced by Atta vollenweideri Forel 1893 (Hymenoptera: Formicidae) Nests,J. Sabattini; R. A. Sabattini; J. C. Cian; I. A. Sabattini,2017,10.1007/s13744-017-0513-3,https://www.semanticscholar.org/paper/3bf48e57cdd922b9c85770a2616f6c3f6228215f,,4,Discovery metadata; not a validated inclusion or toxicity claim
404acd33d92aefd0d74ce6a1e4b4ddb0e511447a,"Impacto da queima da palhada da cana-de-açúcar no ritmo diário de forrageamento de Atta bisphaerica Forel (Hymenoptera, Formicidae)",M. Araújo; T. Lucia; M. Picanço,2004,10.1590/S0101-81752004000100006,https://www.semanticscholar.org/paper/404acd33d92aefd0d74ce6a1e4b4ddb0e511447a,https://www.scielo.br/j/rbzool/a/54yRTYycZCd5QGJFP3RgLRh/?lang=pt&format=pdf,4,Discovery metadata; not a validated inclusion or toxicity claim
43a397f5da4493a7fb85a9d7fc0790e9a2b90283,"Some natural history notes on Paraguayan armadillos (Xenarthra, Chlamyphoridae) Tolypeutes matacus and Euphractus sexcinctus",Paul Smith; R. L. Smith; Matthew T. Owen,2025,10.2305/ikxb8474,https://www.semanticscholar.org/paper/43a397f5da4493a7fb85a9d7fc0790e9a2b90283,https://xenarthrans.org/journal/wp-content/uploads/IUCN-SSC-ASASG_Xenarthra-26_01_Smith_FieldNote.pdf,4,Discovery metadata; not a validated inclusion or toxicity claim
479822c5a17ff438879f5c7fdbccf7288eeff36b,"Spatio-Temporal Dynamics of Foraging Networks in the Grass-Cutting Ant Atta bisphaerica Forel, 1908 (Formicidae, Attini)",J. Lopes; M. S. Brugger; Regys B. Menezes; R. Camargo; L. C. Forti; V. Fourcassié,2016,10.1371/journal.pone.0146613,https://www.semanticscholar.org/paper/479822c5a17ff438879f5c7fdbccf7288eeff36b,https://journals.plos.org/plosone/article/file?id=10.1371/journal.pone.0146613&type=printable,4,Discovery metadata; not a validated inclusion or toxicity claim
4d0240b3cb0a9ea3d978e0446b5900877d035993,"Discovering the Giant Nest Architecture of Grass-Cutting Ants, Atta capiguara (Hymenoptera, Formicidae)",L. C. Forti; Ana Paula Protti de Andrade; Roberto da Silva Camargo; N. Caldato; A. Moreira,2017,10.3390/insects8020039,https://www.semanticscholar.org/paper/4d0240b3cb0a9ea3d978e0446b5900877d035993,https://www.mdpi.com/2075-4450/8/2/39/pdf?version=1490706915,4,Discovery metadata; not a validated inclusion or toxicity claim
56f94e0e23c510cae42cbb37d0a99ed2a3d76080,Effect of phorid fly density on the foraging of Atta vollenweideri leafcutter ants in the field,Andrea C. Guillade; Patricia J. Folgarait,2015,10.1111/eea.12255,https://www.semanticscholar.org/paper/56f94e0e23c510cae42cbb37d0a99ed2a3d76080,https://onlinelibrary.wiley.com/doi/pdfdirect/10.1111/eea.12255,4,Discovery metadata; not a validated inclusion or toxicity claim
584e961a7fa5145b3a6390a85f068fd3c8ac4985,"Response of the grass-cutting ant Atta capiguara Goncalves, 1944 (Hymenoptera: Formicidae) to sugars and artificial sweeteners.",M. A. Boaretto; L. C. Forti; J. Lopes; N. S. Nagamoto; Ana Paula Protti de Andrade; A. Moreira; A. Viana; V. M. Ramos,2003,10.1590/S0103-90162003000300014,https://www.semanticscholar.org/paper/584e961a7fa5145b3a6390a85f068fd3c8ac4985,https://www.scielo.br/j/sa/a/p4pDNbVdhdz7L5vt94jFCfq/?lang=en&format=pdf,4,Discovery metadata; not a validated inclusion or toxicity claim
5b680cf68314d9d08fc175a8c90d4804b6b8c66d,"Nest Architecture Development of Grass-Cutting Ants, Atta capiguara (Hymenoptera: Formicidae)",A. P. Farias; R. Camargo; N. Caldato; L. C. Forti,2020,10.1590/1806-9665-rbent-2020-0034,https://www.semanticscholar.org/paper/5b680cf68314d9d08fc175a8c90d4804b6b8c66d,http://www.scielo.br/j/rbent/a/Z4zgZRqHm6sJxqNtMhSHqnm/?lang=en&format=pdf,4,Discovery metadata; not a validated inclusion or toxicity claim
5d4203a17c6fb078dabb568c926afbee5f1dcfa8,Nest architecture development of grass-cutting ants,L. C. Forti; A. Moreira; R. Camargo; N. Caldato; M. Castellani,2018,10.1016/J.RBE.2017.10.002,https://www.semanticscholar.org/paper/5d4203a17c6fb078dabb568c926afbee5f1dcfa8,https://doi.org/10.1016/j.rbe.2017.10.002,4,Discovery metadata; not a validated inclusion or toxicity claim
626220a38562871aee81551a90504c2eeb3273b0,"Mandibular Gland Chemistry of Grass-cutting Ants: Species, Caste, and Colony Variation",W. Hughes; P. Howse; D. Goulson,2004,10.1023/A:1005624101743,https://www.semanticscholar.org/paper/626220a38562871aee81551a90504c2eeb3273b0,,4,Discovery metadata; not a validated inclusion or toxicity claim
66303579c24e391979b97664f9a560751fc1981b,The Construction of Turrets for Nest Ventilation in the Grass-Cutting Ant Atta vollenweideri: Import and Assembly of Building Materials,Marcela I. Cosarinsky; F. Roces,2011,10.1007/s10905-011-9290-8,https://www.semanticscholar.org/paper/66303579c24e391979b97664f9a560751fc1981b,,4,Discovery metadata; not a validated inclusion or toxicity claim
7bb4710a1d70c55ab4be5e1fce1973080c679975,"Contribuição para o conhecimento da ''saúva mata pasto"" Atta bisphaerica Forel, 1908",A. P. I. Zamith; F. Mariconi; Urbano de Paiva Castro,1961,10.1590/S0071-12761961000100022,https://www.semanticscholar.org/paper/7bb4710a1d70c55ab4be5e1fce1973080c679975,https://www.scielo.br/j/aesalq/a/jZGvb7VnDGBcrNzFWk8n8Jw/?lang=pt&format=pdf,4,Discovery metadata; not a validated inclusion or toxicity claim
7c4c405cda20116e8e4c5cb6cc82393eacd35a24,Growth of the Symbiotic Fungus of the Grass-cutting Ant Atta capiguara (Hymenoptera: Formicidae): Effect of Grass Extracts,M. Castellani; L. C. Forti; R. C. Fenille; C. G. Raetano; A. Moreira; A. Andrade; R. Camargo; R. Lemos; A. Aguiar; N. S. Nagamoto,2009,,https://www.semanticscholar.org/paper/7c4c405cda20116e8e4c5cb6cc82393eacd35a24,,4,Discovery metadata; not a validated inclusion or toxicity claim
7fb58e9186f9ce4ddbd48be3178ac4a850a8ae35,Sequential Load Transport in Grass-Cutting Ants (Atta vollenweideri): Maximization of Plant Delivery Rate or Improved Information Transfer?,J. Röschard; F. Roces,2011,10.1155/2011/643127,https://www.semanticscholar.org/paper/7fb58e9186f9ce4ddbd48be3178ac4a850a8ae35,https://downloads.hindawi.com/journals/psyche/2011/643127.pdf,4,Discovery metadata; not a validated inclusion or toxicity claim
819845327f30fe82bf505916f356aafb531cc17d,Occurrence of Leaf-Cutting and Grass-Cutting Ants of the Genus Atta (Hymenoptera: Formicidae) in Geographic Regions of Brazil,L. C. Forti; J. S. Rando; Roberto da Silva Camargo; A. Moreira; M. Castellani; S. A. Leite; K. K. Sousa; N. Caldato,2020,10.13102/sociobiology.v67i4.5741,https://www.semanticscholar.org/paper/819845327f30fe82bf505916f356aafb531cc17d,http://periodicos.uefs.br/index.php/sociobiology/article/download/5741/4808,4,Discovery metadata; not a validated inclusion or toxicity claim
82eb5963e62c32abdb01bc219316acaffdb3b758,Alien vs. herbivore: ant-mediated plant defense as an option for biological control of leafcutter ants,Maria Schulze-Sylvester; F. Sylvester; V. M. Torres; C. Paris; J. Corronca,2022,10.1007/s13593-022-00826-z,https://www.semanticscholar.org/paper/82eb5963e62c32abdb01bc219316acaffdb3b758,https://link.springer.com/content/pdf/10.1007/s13593-022-00826-z.pdf,4,Discovery metadata; not a validated inclusion or toxicity claim
8c437dc5c901666d6919706929fdeaa6027c14a7,"Preference of Atta capiguara (Hymenoptera, Formicidae) for Different Grasses",A. C. Vitório; L. C. Forti; R. Rodella; C. Costa; N. Caldato; R. T. Fujihara; Marcílio de Souza Silva,2011,,https://www.semanticscholar.org/paper/8c437dc5c901666d6919706929fdeaa6027c14a7,,4,Discovery metadata; not a validated inclusion or toxicity claim
96aee8171df9d7d839b02223f24f158401e8d52d,"Desenvolvimento de iscas granuladas com atraentes alternativos para Atta bisphaerica Forel, (Hymenoptera: Formicidae) e sua aceitação pelas operárias",C. Lima; T. Lucia; R. Guedes; C. E. Veiga,2003,10.1590/S1519-566X2003000300019,https://www.semanticscholar.org/paper/96aee8171df9d7d839b02223f24f158401e8d52d,https://www.scielo.br/j/ne/a/n4cNGLzyDNC3gBHZDdYPqgv/?lang=pt&format=pdf,4,Discovery metadata; not a validated inclusion or toxicity claim
99106595125e48c65cdba57b6c3bb2e10f8a175b,"The effect of load length, width and mass on transport rate in the grass-cutting ant Atta vollenweideri",J. Röschard; F. Roces,2002,10.1007/s00442-002-0882-z,https://www.semanticscholar.org/paper/99106595125e48c65cdba57b6c3bb2e10f8a175b,,4,Discovery metadata; not a validated inclusion or toxicity claim
997edb96a82c7037397d64e939f6334a6d392a49,Diversity of Fungi Associated with Atta bisphaerica (Hymenoptera: Formicidae): The Activity of Aspergillus ochraceus and Beauveria bassiana,M. M. R. Ribeiro; K. D. Amaral; V. E. Seide; Bressane M. R. Souza; T. M. D. Lucia; M. Kasuya; D. J. Souza,2012,10.1155/2012/389806,https://www.semanticscholar.org/paper/997edb96a82c7037397d64e939f6334a6d392a49,https://downloads.hindawi.com/journals/psyche/2012/389806.pdf,4,Discovery metadata; not a validated inclusion or toxicity claim
a0129afd48c097d4eb67cfdfeba7c713f334e77f,Fragment-size determination and size-matching in the grass-cutting ant Atta vollenweideri depend on the distance from the nest,J. Röschard; F. Roces,2003,10.1017/S0266467403006047,https://www.semanticscholar.org/paper/a0129afd48c097d4eb67cfdfeba7c713f334e77f,,4,Discovery metadata; not a validated inclusion or toxicity claim
ae876a360ff14185f05f9bdb1c3134faae4e5e04,Positive ecosystem engineering effects of the ant Atta vollenweideri on the shrub Grabowskia duplicata,B. Sosa; A. Brazeiro,2010,10.1111/J.1654-1103.2010.01170.X,https://www.semanticscholar.org/paper/ae876a360ff14185f05f9bdb1c3134faae4e5e04,,4,Discovery metadata; not a validated inclusion or toxicity claim
b0658c1427ccf1dce837f2ad5c3a10dc93ec9934,Interference of epicuticular wax from leaves of grasses in selection and preparation of substrate for cultivation of symbiont fungus by Atta capiguara (Hym. formicidae),Marise G. Garcia; L. C. Forti; S. S. Verza; N. C. Noronha; N. S. Nagamoto,2005,,https://www.semanticscholar.org/paper/b0658c1427ccf1dce837f2ad5c3a10dc93ec9934,,4,Discovery metadata; not a validated inclusion or toxicity claim
b20034dfbecae2d4b56b1146d0f99fd0ca07beeb,Selectivity of Workers of the Grass-Cutting Ants Atta bisphaerica and Atta capiguara (Hymenoptera: Formicidae) to Vegetable Oils,M. Castellani; L. C. Forti; A. Moreira; A. P. D. de Andrade; C. G. Raetano; Jessé Moreira Lima; N. S. Nagamoto,2010,,https://www.semanticscholar.org/paper/b20034dfbecae2d4b56b1146d0f99fd0ca07beeb,,4,Discovery metadata; not a validated inclusion or toxicity claim
b6f917505a1752409b1a0110eb4e5e8fb9f259d2,The response of grass‐cutting ants to natural and synthetic versions of their alarm pheromone,William O. H. Hughes; P. E. Howse; Evaldo F. Vilela; Dave Goulson,2001,10.1046/j.1365-3032.2001.00230.x,https://www.semanticscholar.org/paper/b6f917505a1752409b1a0110eb4e5e8fb9f259d2,https://onlinelibrary.wiley.com/doi/pdfdirect/10.1046/j.1365-3032.2001.00230.x,4,Discovery metadata; not a validated inclusion or toxicity claim
c4c58593b927e92206d00c16dba4554963f354a2,Nest Architecture and Colony Growth of Atta bisphaerica Grass-Cutting Ants,A. P. Farias; R. Camargo; Kátia Kaelly Andrade Sousa; N. Caldato; L. C. Forti,2020,10.3390/insects11110741,https://www.semanticscholar.org/paper/c4c58593b927e92206d00c16dba4554963f354a2,https://www.mdpi.com/2075-4450/11/11/741/pdf,4,Discovery metadata; not a validated inclusion or toxicity claim
c58cb0d4885ed826b7fd9c3612e583e600bc4800,Ants manage polyol production to fight fungal antagonists,D. S. Assis; S. Kakazu; Mateus Oliveira da Cruz; Raphael Affonso Pereira da Silva; Vítor Rodrigues Marin; Milene Ferro; D. C. Sass; A. Rodrigues; M. Bacci,2025,10.1128/spectrum.02189-24,https://www.semanticscholar.org/paper/c58cb0d4885ed826b7fd9c3612e583e600bc4800,https://journals.asm.org/doi/pdf/10.1128/spectrum.02189-24?download=true,"4,9",Discovery metadata; not a validated inclusion or toxicity claim
d1571decf130efe216cdf12928b814d847ad2360,Perceptual differences in trail-following leaf-cutting ants relate to body size,C. J. Kleineidama; W. Rösslera; B. Hölldoblera; F. Rocesa,2018,,https://www.semanticscholar.org/paper/d1571decf130efe216cdf12928b814d847ad2360,,4,Discovery metadata; not a validated inclusion or toxicity claim
db6203deded831a38e2d14dc7cb68bef3112b787,"First published record of Atta opaciceps Borgmeier, 1939 (Hymenoptera: Formicidae) attacking neem (Azadirachta indica A.Juss.) in Brazil, with observations on foraging behavior",D. M. Pacheco; R. Souza; A. Ribeiro; Antônio C. Ferraz-Filho; L. B. Silva,2026,10.37486/2675-1305.ec08033,https://www.semanticscholar.org/paper/db6203deded831a38e2d14dc7cb68bef3112b787,https://doi.org/10.37486/2675-1305.ec08033,4,Discovery metadata; not a validated inclusion or toxicity claim
f46ecc9bca3ed88258f683e57b8ae8a0bbebbaca,Perceptual differences in trail-following leaf-cutting ants relate to body size.,C. Kleineidam; W. Rössler; Bert Hölldobler; Bert Hölldobler; F. Roces,2007,10.1016/J.JINSPHYS.2007.06.015,https://www.semanticscholar.org/paper/f46ecc9bca3ed88258f683e57b8ae8a0bbebbaca,http://nbn-resolving.de/urn:nbn:de:bsz:352-160037,4,Discovery metadata; not a validated inclusion or toxicity claim
f4a7b5882f250b10e4b41cb05cb3b2ff61ee027d,Some aspects of the biology and chemistry of leaf-cutting ants,P E Howse; J. Bradshaw,1977,10.1177/003072707700900403,https://www.semanticscholar.org/paper/f4a7b5882f250b10e4b41cb05cb3b2ff61ee027d,,4,Discovery metadata; not a validated inclusion or toxicity claim
f5ea0550e3f529ec25375f7836f453201777d747,Dependence of the activity of grazing cattle on foraging grass‐cutting ants (Attn spp.) in the southern Neotropics,H. Fowler; N. B. Saes,1986,10.1111/j.1439-0418.1986.tb00844.x,https://www.semanticscholar.org/paper/f5ea0550e3f529ec25375f7836f453201777d747,,4,Discovery metadata; not a validated inclusion or toxicity claim
f93563b20b87775e6e1d9f076eea97ed6d5b56bd,How Load-Carrying Ants Avoid Falling Over: Mechanical Stability during Foraging in Atta vollenweideri Grass-Cutting Ants,Karin Moll; F. Roces; W. Federle,2013,10.1371/journal.pone.0052816,https://www.semanticscholar.org/paper/f93563b20b87775e6e1d9f076eea97ed6d5b56bd,https://journals.plos.org/plosone/article/file?id=10.1371/journal.pone.0052816&type=printable,4,Discovery metadata; not a validated inclusion or toxicity claim
001ef1d2e0e4759449ef9796b1434ee20da4a665,MANEJO ECOLÓGICO DE INSETOS-PRAGA ASSOCIADOS A CULTURA DO VIME,J. Casa; M. Boff; Pedro Boff,2007,,https://www.semanticscholar.org/paper/001ef1d2e0e4759449ef9796b1434ee20da4a665,,5,Discovery metadata; not a validated inclusion or toxicity claim
02319381e49921f311c7c3645508d4a035664a6a,"Espécies, hábitos e manejo ecológico de formigas cortadeiras dos campos de Lages",Alexandre Giesel,2014,,https://www.semanticscholar.org/paper/02319381e49921f311c7c3645508d4a035664a6a,,5,Discovery metadata; not a validated inclusion or toxicity claim
06464dad45313d9e4bf518d67039aeaa3bc1aae3,"ATIVIDADE INSETICIDA DO EXTRATOS AQUOSOS DE Gleichenella pectinata (WILLD.) CHING (GLEICHENIACEAE) CONTRA Atta laevigata (F. Smith, 1858) (HYMENOPTERA: FORMICIDAE)",A. A. C. Moliterno; Paula Ferreira de Abreu,2016,,https://www.semanticscholar.org/paper/06464dad45313d9e4bf518d67039aeaa3bc1aae3,,5,Discovery metadata; not a validated inclusion or toxicity claim
07a1f53d9249fff84e37f690202298607b591009,ATIVIDADE DE ENGENHEIROS DE ECOSSISTEMAS (FORMIGAS CORTADEIRAS) NA REGENERAÇÃO NATURAL NO REFÚGIO DE VIDA SILVESTRE MATAS DO SISTEMA GURJAÚ - PERNAMBUCO,Wellton Lupercinio,,10.29327/41921758,https://www.semanticscholar.org/paper/07a1f53d9249fff84e37f690202298607b591009,,5,Discovery metadata; not a validated inclusion or toxicity claim
0854951c87b564d401868de6ea32aca37b65ed11,Estudo Comportamental da Formiga Cortadeira Acromyrmex spp. Submetida a Preparados Homeopáticos,Alexandre Giesel; M. Boff; Pedro Boff,2007,,https://www.semanticscholar.org/paper/0854951c87b564d401868de6ea32aca37b65ed11,,5,Discovery metadata; not a validated inclusion or toxicity claim
0b9b686871ea481798af73c93db7d7dfe4e05aa3,MONITORAMENTO DE PRAGAS NO DESENVOLVIMENTO INICIAL DA CULTURA DO TRIGO MOURISCO NA REGIÃO OESTE DO PARANÁ,J. Nunes; Dandara Maria Peres; Gabriela Barreto de Paula Souza; Gabrieli Maria Canzi; Patricia Bonelli Effting; Jhone Dias Resende; Carlos Roberto Moreira,2019,,https://www.semanticscholar.org/paper/0b9b686871ea481798af73c93db7d7dfe4e05aa3,,5,Discovery metadata; not a validated inclusion or toxicity claim
0c4511cf5dabeba469df31363bb4bb69957bedec,Plantas daninhas e seus efeitos no ataque de pragas e no crescimento de plantas de eucalipto,J. Garlet; E. C. Costa,2014,10.4322/RCA.AO1521,https://www.semanticscholar.org/paper/0c4511cf5dabeba469df31363bb4bb69957bedec,https://doi.org/10.4322/rca.ao1521,5,Discovery metadata; not a validated inclusion or toxicity claim
0efe3b3313cce75fcb63aaabdd5d8ef1087479f3,Characterization of tonka almond consumption in eastern Amazonia,Lyvia Julienne Sousa Rêgo; Márcio Lopes da Silva; L. F. D. Silva; J. R. V. Gama; Leonardo; Pequeno Reis; P. C. D. Reis,2017,,https://www.semanticscholar.org/paper/0efe3b3313cce75fcb63aaabdd5d8ef1087479f3,,5,Discovery metadata; not a validated inclusion or toxicity claim
1012938cdaa84a1255045942e662ccb9607f5c60,Atividade inseticida do extrato etanólico de Eugenia dysenterica (Myrtaceae) sobre formigas cortadeiras,Marcos Vinicios Faleiros; José Henrique Faleiros; Roberta Camargo Oliveira; E. Rocha; José Magno Queiroz Luz; Alcione da Silva Arruda,2022,10.14808/sci.plena.2022.107201,https://www.semanticscholar.org/paper/1012938cdaa84a1255045942e662ccb9607f5c60,https://scientiaplena.emnuvens.com.br/sp/article/download/6565/2541,5,Discovery metadata; not a validated inclusion or toxicity claim
1a18ca83c3e69b047721f4e24ac0780b74354cb0,TTflorestal: transferência de tecnologia florestal.,Embrapa Florestas.,2014,,https://www.semanticscholar.org/paper/1a18ca83c3e69b047721f4e24ac0780b74354cb0,,5,Discovery metadata; not a validated inclusion or toxicity claim
20054dee16fb03c949ba72fed71c33c37ba40f5f,Monitoramento de danos e pragas em plantas de eucalipto: avaliação e controle para a produtividade sustentável,Franzone de Jesus Farias; Jamile Santos Amorim; Dalmo de Freitas Santos; Gabriela Castelo Branco Oliveira; Rafaela Ferreira da Silva; Natália Helena Malta Soares; Túlio Menezes Tenório; Ana Rosa de Oliveira Farias; Bartolomeu Silva de Sousa Júnior,2024,10.7769/gesec.v15i12.4428,https://www.semanticscholar.org/paper/20054dee16fb03c949ba72fed71c33c37ba40f5f,https://doi.org/10.7769/gesec.v15i12.4428,5,Discovery metadata; not a validated inclusion or toxicity claim
25bdce83d9ef6e74c978694b69133a7810c211b7,Ação de extratos botânicos no controle da formiga cortadeira Atta sexdens rubropilosa (Hym: Formicidae),Rafael Gervasoni Ferreira Leite,2015,,https://www.semanticscholar.org/paper/25bdce83d9ef6e74c978694b69133a7810c211b7,,5,Discovery metadata; not a validated inclusion or toxicity claim
2915d9cf3b443dc5075a0727f449e3cc136ef147,"Comportamento de caroneiras e suas implicações no forrageamento de Acromyrmex subterraneus subterraneus (Forel, 1893)",Isabel Neto Hastenreiter,2012,,https://www.semanticscholar.org/paper/2915d9cf3b443dc5075a0727f449e3cc136ef147,,5,Discovery metadata; not a validated inclusion or toxicity claim
2c50c4d78b5de3ad8fa8882ef4ff0c1be44ceb41,Toxicidade de Substâncias Isoladas de Simarouba versicolor St. Hil. (Simaroubaceae) para Formigas Cortadeiras Atta sexdens L. (Hymenoptera: Formicidae) e para o seu Fungo Simbionte Leucoagaricus gongylophorus (Singer) Möller,M. F. G. V. Peñaflor; R. Almeida; S. Y. Simote; Erica Yamane; O. C. Bueno; M. J. A. Hebling; J. B. Fernandes; P. C. Vieira; Maria Fátima das Garças Fernandes da Silva; F. C. Pagnocca,2009,10.14295/BA.V4.0.24,https://www.semanticscholar.org/paper/2c50c4d78b5de3ad8fa8882ef4ff0c1be44ceb41,https://www.bioassay.org.br/index.php/bioassay/article/download/24/60,"5,9",Discovery metadata; not a validated inclusion or toxicity claim
2ed3b93838d81ae81d63fb37916c737d98771dce,Avaliação da atividade inseticida das folhas de Esenbeckia pumila Pohl (Rutaceae) sobre as formigas cortadeiras Atta sexdens rubropilosa,R. G. Santos; T. D. S. Vieira; Danielly F. dos Santos; O. C. Bueno; Nathalia de A. Francisco; A. C. S. Menezes; G. Duarte,2017,,https://www.semanticscholar.org/paper/2ed3b93838d81ae81d63fb37916c737d98771dce,,5,Discovery metadata; not a validated inclusion or toxicity claim
2fbb37f6bd48503f7706e8d6743d9bb58668b688,FUNGOS ASSOCIADOS ÀS FORMIGAS CORTADEIRAS SAÚVAS (ATTA SPP.) E QUÉN-QUÉNS (ACROMYRMEX SPP.),G. H. C. Silva; I. Poletto,2014,,https://www.semanticscholar.org/paper/2fbb37f6bd48503f7706e8d6743d9bb58668b688,,5,Discovery metadata; not a validated inclusion or toxicity claim
33531d8aa2f917d2a94cf04aef62c389a5fb558b,Potencial de colonização endofítica de eucalyptus urophylla por fungos antagônicos às formigas-cortadeiras,K. Batista,2017,,https://www.semanticscholar.org/paper/33531d8aa2f917d2a94cf04aef62c389a5fb558b,,5,Discovery metadata; not a validated inclusion or toxicity claim
363c32c3b02b8d22c87f7bd42f6e2f700d0e6a1e,AVALIAÇÃO DA MORTALIDADE DE FORMIGAS CORTADEIRAS POR EXTRATOS PRODUZIDOS POR FUNGOS,Luana Pinto de Souza Tavares; Glória Andréia Ferreira Hernandez; V. Mussi-dias; Adão Valmir Dos Santos; M. Freire,2019,10.25242/886893020191830,https://www.semanticscholar.org/paper/363c32c3b02b8d22c87f7bd42f6e2f700d0e6a1e,,5,Discovery metadata; not a validated inclusion or toxicity claim
3cd966be2b6e1d2a750eaf3317e8afadbd5a9d61,FORRAGEAMENTO DE HORTALIÇAS DE CULTIVO ORGÂNICO E CONVENCIONAL POR OPERÁRIAS DE Atta sexdens (HYMENOPTERA: FORMICIDAE),Gabriella Carvalho Hermogenes; F. G. Lacerda; Giulianna Rondineli Carmassi,2020,,https://www.semanticscholar.org/paper/3cd966be2b6e1d2a750eaf3317e8afadbd5a9d61,,5,Discovery metadata; not a validated inclusion or toxicity claim
3f26aa0644decbf40955cbe35e6049beb2a4eef2,Manejo de Acromyrmex (Hymenoptera: Formicidae) em plantios florestais na Região Sul do Brasil.,M. A. Nickele; W. R. Filho; S. R. C. Penteado; E. C. Queiroz,2018,,https://www.semanticscholar.org/paper/3f26aa0644decbf40955cbe35e6049beb2a4eef2,,5,Discovery metadata; not a validated inclusion or toxicity claim
3f6b3c93f5d69468ea4c497a97a4f56af34db5a6,Análise do efeito do óleo essencial de Lippia sidoides sobre Atta sexdens (Hymenoptera: Formicidae),Lucas Kauan Nascimento de Santana; M. L. D. S. D. Oliveira; G. T. Ribeiro; J. C. M. Poderoso; Itala Tainy Barreto Francisco dos Santos; Heloísa Safira Santos Pinheiro; Saiara Santos da Silva; Thomaz Soares Santos,2018,10.28998/RCA.V16I0.6589,https://www.semanticscholar.org/paper/3f6b3c93f5d69468ea4c497a97a4f56af34db5a6,https://www.seer.ufal.br/index.php/revistacienciaagricola/article/download/6589/4799,5,Discovery metadata; not a validated inclusion or toxicity claim
47b257e7467b1b40b20eb8209d3a2304869d39da,Caracterização e seleção de marcadores ISSR para análise genético-populacional de Atta sexdens (Hymenoptera: Formicidae),Carla Faine Matos-Oliveira; Cibelle Santos Dias; Elisa Susilene Lisboa dos Santos; Carlos Bernard Moreno Cerqueira Silva,2018,10.33837/msj.v1i9.353,https://www.semanticscholar.org/paper/47b257e7467b1b40b20eb8209d3a2304869d39da,https://www.ifgoiano.edu.br/periodicos/index.php/multiscience/article/download/353/374,5,Discovery metadata; not a validated inclusion or toxicity claim
5685f8ed24eceece0e3270a4bdc47e2af61e9e6a,Efeito das sementes de gergelim (Sesamum sp.) sobre o fungo simbionte das formigas cortadeiras (Formicidae: Hymenoptera).,Álvaro Boson de Castro Faria; Daniele Ukan; N. Sousa,2010,,https://www.semanticscholar.org/paper/5685f8ed24eceece0e3270a4bdc47e2af61e9e6a,,5,Discovery metadata; not a validated inclusion or toxicity claim
573f80593df89d893f5791f8a79f8c4f34bdd1c8,Ação de fungos endofíticos de oliveira (Olea europaea) sobre formigas-cortadeiras (Atta sexdens) e seu fungo mutualista (Leucoagaricus gongylophorus),Andresa Toledo Fung,,10.31368/pgssaaa.2022d.af009,https://www.semanticscholar.org/paper/573f80593df89d893f5791f8a79f8c4f34bdd1c8,http://repositoriobiologico.com.br//jspui/bitstream/123456789/1187/1/andresa_toledo.pdf,5,Discovery metadata; not a validated inclusion or toxicity claim
591c8a705f9d9c31b95ff18630732a21875e2fe6,"Forrageamento por Atta sexdens rubropilosa Forel, 1908 (hymenoptera: formicidae) a campo em mudas de eucalipto pulverizadas ou imersas em soluções de extrato pirolenhoso",Alan Souza-Silva; Ronald Zanetti,2007,10.1590/S0100-67622007000400021,https://www.semanticscholar.org/paper/591c8a705f9d9c31b95ff18630732a21875e2fe6,https://www.scielo.br/j/rarv/a/BMpX6GtRBVGwBFWNK9KBfHJ/?lang=pt&format=pdf,5,Discovery metadata; not a validated inclusion or toxicity claim
59240a0fda5cc0f90101b5da26049cb5c589c664,"Interações entre formigas, frutos e sementes em solo de cerrado : o papel de formigas na biologia de sementes e plantulas",Alexander V. Christianini; P. S. D. de Oliveira,2007,,https://www.semanticscholar.org/paper/59240a0fda5cc0f90101b5da26049cb5c589c664,,5,Discovery metadata; not a validated inclusion or toxicity claim
5a9efb12f243d37a1bb8027f722ccc46e96c18ba,"Avaliação dos efeitos tóxicos de extrato hexânico de Azadirachta indica (A. Juss) em colônias de Acromyrmex rugosus (Smith, 1858) (Formicidae, Attini)",M. S. Brugger; Michele Aparecida Campolina Fernandes; Noelle Martins dos Reis Hallack; J. F. S. Lopes,2008,,https://www.semanticscholar.org/paper/5a9efb12f243d37a1bb8027f722ccc46e96c18ba,,5,Discovery metadata; not a validated inclusion or toxicity claim
5fd381c904964095238c06177de5c753fa40147f,Controle de formigas cortadeiras com Penicillium spp. proveniente de laranjas em decomposição: Aplicação em diferentes frequências avaliadas por agricultores,Alexandre De Donato; A. B. Vargas; Bianca Fraga Menezes; Francis Alex Nunes,2021,10.5380/EF.V0I24.77179,https://www.semanticscholar.org/paper/5fd381c904964095238c06177de5c753fa40147f,https://doi.org/10.5380/ef.v0i24.77179,5,Discovery metadata; not a validated inclusion or toxicity claim
6142a97343d878d834f29a046d605d8265de7734,Desenvolvimento de porta-enxertos de castanheira-do-brasil visando a formação de um jardim clonal.,A. B. Baldoni; A. J. Silva; L. L. Pereira; F. Tardin,2018,,https://www.semanticscholar.org/paper/6142a97343d878d834f29a046d605d8265de7734,,5,Discovery metadata; not a validated inclusion or toxicity claim
6381f47ecd765dcadff1ac01aa634ce757898bf4,INSETICIDAS BOTÂNICOS NO CONTROLE DE FORMIGAS,Jaqueline Padovani da Silva; Lilian Lemos De Souza; C. P. D. S. Neto; Sybelle Barreira,2021,10.20873/UFTV7-6173,https://www.semanticscholar.org/paper/6381f47ecd765dcadff1ac01aa634ce757898bf4,https://sistemas.uft.edu.br/periodicos/index.php/desafios/article/download/6173/18469,5,Discovery metadata; not a validated inclusion or toxicity claim
647ee427bd4c7985b0bb2532c430de069c335d55,ALTERNATIVAS PARA CONTROLE DE POPULAÇÕES DE Atta sexdens: UMA REVISÃO SOBRE A EFICÁCIA DE INSETICIDAS DE PRODUTOS NATURAIS BOTÂNICOS,M. Magalhães,2025,10.18554/acbiobras.v8i2.8761,https://www.semanticscholar.org/paper/647ee427bd4c7985b0bb2532c430de069c335d55,https://doi.org/10.18554/acbiobras.v8i2.8761,5,Discovery metadata; not a validated inclusion or toxicity claim
672a5e3e8ae490c172469f218bb58bb103b38e29,"Efeitos dos ninhos de Atta laevigata (Fr. Smith, 1858) (Hymenoptera: Formicidae) sobre a vegetação do cerrado",Marco Aurelio Alves Perin; J. F. Guimarães,2012,10.1590/S0100-67622012000300008,https://www.semanticscholar.org/paper/672a5e3e8ae490c172469f218bb58bb103b38e29,https://www.scielo.br/j/rarv/a/3Bs8NbNLjwCygsKvVVrKyXv/?lang=pt&format=pdf,5,Discovery metadata; not a validated inclusion or toxicity claim
6782b4e777379180d650637f4bc9fd43c8e77597,"PRIMEIRO REGISTRO DE ATTA SEXDENS RUBROPILOSA FOREL ATACANDO ÁRVORES DE NIM, AZADIRACHTA INDICA A. JUSS.",G. Cordeiro,2009,,https://www.semanticscholar.org/paper/6782b4e777379180d650637f4bc9fd43c8e77597,,5,Discovery metadata; not a validated inclusion or toxicity claim
6914d2b6e681d4a9d85ebae30300f98b263df18b,Novas perspectivas sobre a ocorrência do comportamento de caroneira,Isabel Neto Hastenreiter,2016,,https://www.semanticscholar.org/paper/6914d2b6e681d4a9d85ebae30300f98b263df18b,,5,Discovery metadata; not a validated inclusion or toxicity claim
6e80dad7d0029ae5401fc8e0c26c81be6ec21bb2,Formigas Cortadeiras e o seu Controle,E. Berti; P. Pacheco,1993,,https://www.semanticscholar.org/paper/6e80dad7d0029ae5401fc8e0c26c81be6ec21bb2,,5,Discovery metadata; not a validated inclusion or toxicity claim
6ef12091e59eb9aca1aca4c2224057c8926a319c,Verificação do possível efeito fito formicida pela utilização de pó e extratos macerados de folhas de mandioca (família: Mandiocae – Manihot) no combate à Acromyrmex spp,Silmara Gasperin; Sérgio Bazilio,2012,,https://www.semanticscholar.org/paper/6ef12091e59eb9aca1aca4c2224057c8926a319c,,5,Discovery metadata; not a validated inclusion or toxicity claim
750a9218f9b78565efb92717e45395dd1975e9fc,"Caracterização das trilhas de forrageamento em formigas cortadeiras de gramíneas (Formicidae, Attini): transferência de informações durante o recrutamento em Atta bisphaerica",M. Silva,2011,,https://www.semanticscholar.org/paper/750a9218f9b78565efb92717e45395dd1975e9fc,,5,Discovery metadata; not a validated inclusion or toxicity claim
7747d72481acf5f1e3a38cd5938843a93cb26c18,"Comportamento forrageiro de formigas cortadeiras Atta sexdens piriventris Santschi, 1919, em ambiente de Campos de Altitude no Sul do Brasil",Alexandre Giesel; M. Boff; Patricia Fernandes; Pedro Boff,2021,10.33448/RSD-V10I4.13689,https://www.semanticscholar.org/paper/7747d72481acf5f1e3a38cd5938843a93cb26c18,https://rsdjournal.org/index.php/rsd/article/download/13689/12435,5,Discovery metadata; not a validated inclusion or toxicity claim
77edbb101522388740d12e46d110a4fb0e724a34,Papel da interação formiga-fungo simbionte na seleção de plantas por formigas cortadeiras,Anália Arêdes; Jonathan Rodriguez; Jean Carlos dos Santos Lima; Maria Cristina Canela Gazotti; Omar Bailez; Ana Maria Viana-Bailez,2017,,https://www.semanticscholar.org/paper/77edbb101522388740d12e46d110a4fb0e724a34,,5,Discovery metadata; not a validated inclusion or toxicity claim
7898840949a2162b706bdd570dfc816f78ba18f6,Seriam ninhos inativos de formigas cortadeiras sítios favoráveis para o estabelecimento de plantas,A. G. D. Bieber,2006,,https://www.semanticscholar.org/paper/7898840949a2162b706bdd570dfc816f78ba18f6,,5,Discovery metadata; not a validated inclusion or toxicity claim
794bca665efe2921de6eb815ced4cf02f15e2699,Comportamento profilático de formigas-cortadeiras contra fungos entomopatogênicos,Armênio Vieira Angelim Júnior; Danival José de Souza,2013,,https://www.semanticscholar.org/paper/794bca665efe2921de6eb815ced4cf02f15e2699,,5,Discovery metadata; not a validated inclusion or toxicity claim
7ce794b883c77b9df2f9037905fecbb3e33b7fd5,Modulação e organização do forrageamento em Acromyrmex subterraneus molestans santschi 1925,Laila Fieto Ribeiro,2013,,https://www.semanticscholar.org/paper/7ce794b883c77b9df2f9037905fecbb3e33b7fd5,,5,Discovery metadata; not a validated inclusion or toxicity claim
80cafe29a00f2a6e2696640630de70099becd6d2,Influência do tamanho do hospedeiro sobre o parasitismo de Apocephalus attophilus (Diptera:Phoridae) em Atta sexdens (Hymenoptera:Formicidae),Pedro Henrique Nogueira Abib; Alexandre Roger de Araújo Galvão; F. A. Pimentel; Ana Maria Viana-Bailez; Omar Bailez,2017,,https://www.semanticscholar.org/paper/80cafe29a00f2a6e2696640630de70099becd6d2,,5,Discovery metadata; not a validated inclusion or toxicity claim
85fafccbad587393218488c186c3693a4488ce8b,"Atividade inseticida de extratos de plantas no controle de formiga cortadeira, em cafeeiro",A. Torres; O. Lasmar; G. A. Carvalho; L. Santa-Cecília; Ronald Zanetti; Denilson de Oliveira,2014,10.25186/CS.V8I3.460,https://www.semanticscholar.org/paper/85fafccbad587393218488c186c3693a4488ce8b,,5,Discovery metadata; not a validated inclusion or toxicity claim
8861d2c7b264846b557faa0c6f1729da7badec60,Transporte de iscas impregnadas com extrato de glândula de veneno heteroespecífico por operárias de Acromyrmex subterraneus subterraneus (Hymenoptera: Formicidae),Amanda Maria Gomes Moisés; Gabriela Domingos de Figueiredo Tatagiba Araujo; Omar Bailez; Ana Maria Viana Bailez,2015,,https://www.semanticscholar.org/paper/8861d2c7b264846b557faa0c6f1729da7badec60,,5,Discovery metadata; not a validated inclusion or toxicity claim
887622cb82b94b7697a31efd106fc29704c5097d,"Espécies florestais e formigas cortadeiras (Hymenoptera: Formicidae) em Viçosa, Minas Gerais",Alexandre Arnhold; Iris Cristiane Magistrali; Norivaldo dos Anjos,2013,10.4336/2013.PFB.33.74.377,https://www.semanticscholar.org/paper/887622cb82b94b7697a31efd106fc29704c5097d,https://doi.org/10.4336/2013.pfb.33.74.377,5,Discovery metadata; not a validated inclusion or toxicity claim
88a8554c9f15f728418f76c5f8ec0b9179a1fc1f,Resistência intra-específica de eucaliptos a formigas-cortadeiras.,D. Santana; L. Couto,1996,,https://www.semanticscholar.org/paper/88a8554c9f15f728418f76c5f8ec0b9179a1fc1f,,5,Discovery metadata; not a validated inclusion or toxicity claim
899c0f9ed4dfc81a9de637cad553315abf2c89f2,Efeito do milho (Bt e não Bt) pulverizado com biopesticidas a base de Bt no forrageamento da formiga-cortadeira Atta sexdens.,P. G. Chagas; J. C. Couceiro; P. M. de Paiva; C. Marinho; F. H. Valicente; T. Lucia; M. A. M. Fadini,2015,,https://www.semanticscholar.org/paper/899c0f9ed4dfc81a9de637cad553315abf2c89f2,,5,Discovery metadata; not a validated inclusion or toxicity claim
8daa7b50a25388505f026d0b6197e6ab27485d66,10698 - Percepção dos agricultores em relação as formigas cortadeiras no Planalto Serrano Catarinense,M. Boff; Alexandre Giesel; Patricia Fernandes; Pedro Boff; Joatan Machado da Rosa,2011,,https://www.semanticscholar.org/paper/8daa7b50a25388505f026d0b6197e6ab27485d66,,5,Discovery metadata; not a validated inclusion or toxicity claim
8dd403cf1d0b8ae88f2e15bca36008c8d7aa92aa,"Acromyrmex spp. etology in the High Lands of Santa Catarina State, Brazil",A. Giesel; M. Boff; D. Girardi; P. Boff,2008,,https://www.semanticscholar.org/paper/8dd403cf1d0b8ae88f2e15bca36008c8d7aa92aa,,5,Discovery metadata; not a validated inclusion or toxicity claim
94cc76ba44595f5e606be3e2522c3f394cda6e14,Ação da isca à base de isocicloseram em colônias de Atta sexdens (L.),L. Cruz,,10.47328/ufvbbt.2022.505,https://www.semanticscholar.org/paper/94cc76ba44595f5e606be3e2522c3f394cda6e14,https://locus.ufv.br/bitstreams/34ee1a11-3148-4f27-884f-b4570691302d/download,5,Discovery metadata; not a validated inclusion or toxicity claim
9a88ea3d1f16dfef8a6dbcac9dd39eba39f20590,Potencial forrageiro da espécie sabiá (Mimosa caesalpiniifolia Benth.) e sua resistência a cupins subterrâneos.,Francisco Hugo Hermógenes; De Alencar; Potencial Forrageiro; DA Espécie; Sabiá Mimosa; Caesalpiniifolia Benth; Cupins Subterrâneos; Campina Grande; P. D. Pós-graduação; E. Pesquisa; Centro de Saúde; E. Rural; Coordenação de Pós-Graduação; E. Zootecnia,2006,,https://www.semanticscholar.org/paper/9a88ea3d1f16dfef8a6dbcac9dd39eba39f20590,,"5,10",Discovery metadata; not a validated inclusion or toxicity claim
9b00fe55215c013893e8188c2717b0805e566e5e,Antagonismo de bactérias endofíticas de plantas da Amazônia contra o jardim de fungos associados às formigas cortadeiras Atta sexdens Hymenoptera (Formidae: Attini).,Adriana Dantas Gonzaga,2012,,https://www.semanticscholar.org/paper/9b00fe55215c013893e8188c2717b0805e566e5e,,5,Discovery metadata; not a validated inclusion or toxicity claim
9c0b586e0cc27f856c57699df876f2b0c8dc3265,Espectroscopia de RMN de Estado Sólido aplicada ao estudo da composição química de colônias de formigas cultivadoras de fungos sob diferentes dietas,J. D. S. Soares,,10.11606/003238562,https://www.semanticscholar.org/paper/9c0b586e0cc27f856c57699df876f2b0c8dc3265,https://bdta.abcd.usp.br/directbitstream/36dc67ee-9114-4098-9e2f-50abb8dd55e3/Jo%C3%A3o_Gabriel_da_Silva_Soares.pdf,5,Discovery metadata; not a validated inclusion or toxicity claim
9d647b7c4bd784f619cd49cf9a1b5e7b085cb727,Forrageamento e aprendizado espaço-temporal em formigas cortadeiras (Acromyrmex sp.) na presença de sacarose,Fernanda Tiemi Nakashima Ferreira,2020,10.11606/d.47.2020.tde-14082020-141426,https://www.semanticscholar.org/paper/9d647b7c4bd784f619cd49cf9a1b5e7b085cb727,http://www.teses.usp.br/teses/disponiveis/47/47135/tde-14082020-141426/publico/ferreira_me.pdf,5,Discovery metadata; not a validated inclusion or toxicity claim
a49851951eaaba5b5ae7137393bbc32c1b10879f,"EFICIÊNCIA DA ISCA FORMICIDA FIPRONIL 0,03 G.KG-1 NO CONTROLE DA FORMIGA-CAIAPÓ (ACROMYRMEX SUBTERRANEUS FOREL, 1893) EM CONDIÇÕES DE CAMPO",Ana Cláudia Buzanini; José Torres Filho; Rafael Belani; Paulo Francisco Maraus; Shalene da Silva Santos,2015,,https://www.semanticscholar.org/paper/a49851951eaaba5b5ae7137393bbc32c1b10879f,,5,Discovery metadata; not a validated inclusion or toxicity claim
a6cabcb7a3c1cdba643765e18a2d104dcd09f194,"Ocorrência de pragas da mangueira e evolução da pesquisa entomológica no Submédio do Vale do São Francisco, Brasil.",F. Barbosa; W. A. Moreira; F. N. P. Haji; J. D. Alencar; A. N. Moreira; E. A. Souza,2002,,https://www.semanticscholar.org/paper/a6cabcb7a3c1cdba643765e18a2d104dcd09f194,,5,Discovery metadata; not a validated inclusion or toxicity claim
a7272bd1cb496b5f17a4dce45300cbaa583fd00b,"Desenvolvimento Vegetativo, Fenologia E Soma TÉrmica De Cultivares De Citros Em Uruguaiana - Rs",Dienice Ana Bini; G. F. Brixner; Danielle Bellagamba De Oliveira; U. D. Amaral; C. Martins,2009,,https://www.semanticscholar.org/paper/a7272bd1cb496b5f17a4dce45300cbaa583fd00b,,5,Discovery metadata; not a validated inclusion or toxicity claim
ab583114bb378f4ae7cd6dd204ae00c5a734134b,Fitossanidade de espécies florestais em área em restauração na Estação Ecológica de Caetés,Graziela Da Silva Barbosa; J. Monteiro; Moreira Gonçalves Maria da Penha,2021,10.18265/1517-0306a2021id4468,https://www.semanticscholar.org/paper/ab583114bb378f4ae7cd6dd204ae00c5a734134b,https://doi.org/10.18265/1517-0306a2021id4468,5,Discovery metadata; not a validated inclusion or toxicity claim
ae52d009d8063a385a043724ac4a9bea313660ba,Levantamento dos microrganismos associados as formigas cortadeiras Atta sexdens sexdens e o seu potencial biotecnológico.,Diana da Rocha Nepomuceno,2014,,https://www.semanticscholar.org/paper/ae52d009d8063a385a043724ac4a9bea313660ba,,5,Discovery metadata; not a validated inclusion or toxicity claim
b4714165503cb804c770a33a2c0824900edaa1cd,Desenvolvimento de microscópios de baixo custo para estimular o aprendizado em entomologia,Kauan Ribeiro Martins; R. T. Fujihara; Evellyn Souza Prado; Suzane Luise Gerotti,2025,10.54033/cadpedv22n12-099,https://www.semanticscholar.org/paper/b4714165503cb804c770a33a2c0824900edaa1cd,https://ojs.studiespublicacoes.com.br/ojs/index.php/cadped/article/download/20643/11374,5,Discovery metadata; not a validated inclusion or toxicity claim
b617773099cdc7c0a08aba7064e46e8057ce006a,O óleo de Nim afeta o sistema imune das formigas-cortadeiras?,Alynne Silva Sachet,2015,,https://www.semanticscholar.org/paper/b617773099cdc7c0a08aba7064e46e8057ce006a,,5,Discovery metadata; not a validated inclusion or toxicity claim
b7de4c81fffe3644d500f495ef0a188ce9c99f2a,"Determinação das estratégias coletivas de forrageamento em Atta sexdens rubropilosa (Hymenoptera, Formicidae)",Raphael Vacchi Travaglini,2014,,https://www.semanticscholar.org/paper/b7de4c81fffe3644d500f495ef0a188ce9c99f2a,,5,Discovery metadata; not a validated inclusion or toxicity claim
bdc7ee5d3182de6bb0f562ea3b72f287015536f0,"Spittlebug Cephisus siccifolius damaging eucalypt plants in the State of Bahia, Brazil",G. T. Ribeiro; Marcelo da Costa Mendonça; J. Mesquita; J. Zanuncio; G. S. Carvalho,2005,10.1590/S0100-204X2005000700015,https://www.semanticscholar.org/paper/bdc7ee5d3182de6bb0f562ea3b72f287015536f0,https://www.scielo.br/j/pab/a/RJ4gSw6hK6GcfS5qNCWMhWv/?lang=en&format=pdf,5,Discovery metadata; not a validated inclusion or toxicity claim
bdf073dc0fcebe16774e4d40a94512d6cf497f67,Nível de Dano Econômico para Formigas-Cortadeiras em Função do Índice de Produü vidade Florestal de Eucaliptais em uma Região de Mata Atlânü ca,R. ZÉƒõ,2011,,https://www.semanticscholar.org/paper/bdf073dc0fcebe16774e4d40a94512d6cf497f67,,5,Discovery metadata; not a validated inclusion or toxicity claim
c0c5e4025fa035e6db5a24e8dd83925943b8e4a2,DESENVOLVIMENTO FENOLÓGICO DO LÚPULO EM SISTEMA ORGÂNICO E CONVENCIONAL NA REGIÃO DE BOTUCATU-SP,Juliana de Oliveira Kovacs; G. C. Fortuna; Laís Novello Vasconcellos; Caio Horácio Risso; Graziele Braz Menezes; Bárbara Cristina Claro Sabino; Olivia Pak Campos; Andrés Burckas Ribeiro de Avellar Pires Guerra; Samara Rie do Nascimento; Jordany Aparecida de Oliveira Gomes; F. Bonfim,2019,,https://www.semanticscholar.org/paper/c0c5e4025fa035e6db5a24e8dd83925943b8e4a2,,5,Discovery metadata; not a validated inclusion or toxicity claim
c107e2945edea8caaa1d4e10c9f0252b1ff6b608,Danos e preferência de forrageamento de formigas cortadeiras em vimeiros,J. Casa; M. I. C. Boff; T. D. Rech; Pedro Boff,2008,10.52945/rac.v21i3.869,https://www.semanticscholar.org/paper/c107e2945edea8caaa1d4e10c9f0252b1ff6b608,https://publicacoes.epagri.sc.gov.br/rac/article/download/869/773,5,Discovery metadata; not a validated inclusion or toxicity claim
c3446afb1540962fa9956856f7f7b133a4964ec0,"Preparados homeopáticos, iscas fitoterápicas, conhecimento popular e estudo do comportamento para o manejo das formigascortadeiras no Planalto Serrano Catarinense",Alexandre Giesel,2007,,https://www.semanticscholar.org/paper/c3446afb1540962fa9956856f7f7b133a4964ec0,,5,Discovery metadata; not a validated inclusion or toxicity claim
c36b0598311898cafe34b3d6cd8ce73d82574eba,Streptomyces ASSOCIADOS A FORMIGAS DA TRIBO ATTINI E SEUS EFEITOS SOBRE OS FUNGOS Escovopsis weberi E OUTROS MICRORGANISMOS,Etienne Cristina Favarin,2005,,https://www.semanticscholar.org/paper/c36b0598311898cafe34b3d6cd8ce73d82574eba,,"5,9",Discovery metadata; not a validated inclusion or toxicity claim
c512ccc134df17c1363250c6c6e9063f82aee633,Mediação da temperatura no estresse por iscas tóxicas em formigas cortadeiras,Davi C Lira,,10.47328/ufvbbt.2025.248,https://www.semanticscholar.org/paper/c512ccc134df17c1363250c6c6e9063f82aee633,https://locus.ufv.br/bitstreams/a7f78856-7800-43ca-9393-a52d147afe96/download,5,Discovery metadata; not a validated inclusion or toxicity claim
cc954534d233b49074540a8710cad1dea5d05d82,Análise do efeito do óleo essencial de Lippia sidoides sobre Atta sexdens (Hymenoptera: Formicidae),Lucas Kauan Nascimento de Santana; Maria De Fátima Souza Santos Oliveira; Genésio Tâmara Ribeiro; Júlio César Melo Poderoso; Ítala Thainy Barreto Francisco dos Santos; Heloisa Safira Santos Pinheiro; Saiara Santos Silva; Thomaz Soares Santos,2018,10.28998/rca.v16i0.6589,https://www.semanticscholar.org/paper/cc954534d233b49074540a8710cad1dea5d05d82,https://www.seer.ufal.br/index.php/revistacienciaagricola/article/download/6589/4799,5,Discovery metadata; not a validated inclusion or toxicity claim
cd453ae340ead7b426b8a10fbf5e3b653e37c33f,Biocontrole de formiga cortadeira do gênero Acromyrmex por fungos entomopatogênicos,Isis Caroline Siqueira Santos; Isac Aires de Castro; Valéria Ortaça Portela; Emely Siqueira; Z. I. Antoniolli,2020,10.33448/RSD-V9I10.8494,https://www.semanticscholar.org/paper/cd453ae340ead7b426b8a10fbf5e3b653e37c33f,https://rsdjournal.org/index.php/rsd/article/download/8494/7631,5,Discovery metadata; not a validated inclusion or toxicity claim
cda911853f02584d26eb4a1d101a92f3548beabd,EFEITO DO TAMANHO DA TRILHA EM RELAÇÃO AO PESO DE FOLHAS CORTADAS E CARREGADAS POR OPERÁRIAS DE Acromyrmex subterraneus subterraneus (HYMENOPTERA: FORMICIDAE),Gustavo Perisse; D.D.O Moreira; Richard Ian Samuels,2009,,https://www.semanticscholar.org/paper/cda911853f02584d26eb4a1d101a92f3548beabd,,5,Discovery metadata; not a validated inclusion or toxicity claim
d46e5863aabf3ea6ee0b6382af1bf02650c2c6f6,"Description using ultramorphological techniques of the infection of Beauveria bassiana (Bals.-Criv.) Vuill. in larvae and adults of Atta sexdens (Linnaeus, 1758) (Hymenoptera: Formicidae)",Raphael Vacchi Travaglini; L. C. Forti; André Arnosti; Luis Eduardo Pontes Stefanelli; Allan Roberto Fernandes Ferreira; R. Camargo; M. I. Camargo-Mathias,2020,10.46357/bcnaturais.v15i1.201,https://www.semanticscholar.org/paper/d46e5863aabf3ea6ee0b6382af1bf02650c2c6f6,https://boletimcn.museu-goeldi.br/bcnaturais/article/view/201/87,5,Discovery metadata; not a validated inclusion or toxicity claim
d59a239de4312e8f9c5bb2ddab4df28e61e6f5ef,Dissulfeto de difenila e liral em colônias de Atta sexdens,Andressa Graebin,,10.47328/ufvbbt.2022.659,https://www.semanticscholar.org/paper/d59a239de4312e8f9c5bb2ddab4df28e61e6f5ef,https://locus.ufv.br/bitstreams/f959af4c-4f22-4149-af34-25b6b315a52c/download,5,Discovery metadata; not a validated inclusion or toxicity claim
d5c91b4078d8f1e12a5cae895461c17d646cd040,MORTALIDADE DE FORMIGUEIROS POR DIFERENTES MÉTODOS DE CONTROLE EM PASTAGENS,L. Plucinski; Lucas Fernando Cieslik; Rafael Talheimer; Maicon Lucini; E. Silveira,2007,,https://www.semanticscholar.org/paper/d5c91b4078d8f1e12a5cae895461c17d646cd040,,5,Discovery metadata; not a validated inclusion or toxicity claim
df89dcdb34ed7e6c0f64c1717468e61d4b221bb4,Dispersão de sementes de Copaifera arenicola (Caesalpinioideae-Fabaceae) por formigas cortadeiras em remanescentes de Caatinga,Dráuzio Correia Gama; F. Oliveira; C. Garcia; J. Júnior,2019,10.34062/afs.v6i4.6339,https://www.semanticscholar.org/paper/df89dcdb34ed7e6c0f64c1717468e61d4b221bb4,https://doi.org/10.34062/afs.v6i4.6339,5,Discovery metadata; not a validated inclusion or toxicity claim
e021898f094aaf5c50a73bb1b90d579d86040a58,Métodos de controle de formigas cortadeiras em sistemas orgânicos de produção: uma revisão,Joabe Rodrigues Pereira,2021,10.48180/ambientale.v13i4.318,https://www.semanticscholar.org/paper/e021898f094aaf5c50a73bb1b90d579d86040a58,https://periodicosuneal.emnuvens.com.br/ambientale/article/download/318/268,5,Discovery metadata; not a validated inclusion or toxicity claim
e1ffb1204d8418e4190215e228e6333d5df399b7,Boas práticas de prevenção e controle de formigas cortadeiras do gênero Acromyrmex em Pinus,W. R. Filho; E. T. Iede; M. A. Nickele,2011,,https://www.semanticscholar.org/paper/e1ffb1204d8418e4190215e228e6333d5df399b7,,5,Discovery metadata; not a validated inclusion or toxicity claim
e25f9a4310bfbf9b25c0a9edb31ee783bd13bd23,Utilização dos extratos botânicos de folhas de limão (Citrus limon L) sobre as formigas cortadeiras (Atta sexdens sexdens) em condições experimentais,Antônio Geilson Matias Monteiro; Adriana Dantas Gonzaga de Freitas,2019,,https://www.semanticscholar.org/paper/e25f9a4310bfbf9b25c0a9edb31ee783bd13bd23,,5,Discovery metadata; not a validated inclusion or toxicity claim
e6c0e87eb89ab3b39288c9410366076b9bf87693,14661 - Controle biológico de formigas cortadeiras com Penicilium sp obtido da casca de laranja em decomposição.,S. Moreira; Vander Talacz,2013,,https://www.semanticscholar.org/paper/e6c0e87eb89ab3b39288c9410366076b9bf87693,,5,Discovery metadata; not a validated inclusion or toxicity claim
eebcff429756e78c5a4ba6c6863530183b837c4c,Efeito da fragmentação florestal na diversidade de plantas cortadas pela formiga cortadeira Atta cephalotes,P. F. Falcão,2004,,https://www.semanticscholar.org/paper/eebcff429756e78c5a4ba6c6863530183b837c4c,,5,Discovery metadata; not a validated inclusion or toxicity claim
ef8aeadb1e0b71ab4e3be269764157af91722f20,Lixo de formigas cortadeiras e seu papel no desenvolvimento de plantas,Rafaella Santana Santos,2016,,https://www.semanticscholar.org/paper/ef8aeadb1e0b71ab4e3be269764157af91722f20,,5,Discovery metadata; not a validated inclusion or toxicity claim
f2faeef56544295815c8033f29789f4f3ddf72f4,Abordagem de floresta de precisão para qualidade silvicultural em plantio comercial de Eucalyptus sp.,R. M. Nascimento,2017,,https://www.semanticscholar.org/paper/f2faeef56544295815c8033f29789f4f3ddf72f4,,5,Discovery metadata; not a validated inclusion or toxicity claim
f4bbd6190615a63038b17a37dd0eef1e296b619b,"Interação entre fungos de solos e a formiga-cortadeira Atta sexdens (Linnaeus, 1758)",Mariela Otoni do Nascimento,2015,,https://www.semanticscholar.org/paper/f4bbd6190615a63038b17a37dd0eef1e296b619b,,"5,9",Discovery metadata; not a validated inclusion or toxicity claim
f69a56959f69573c9a442af857057d772ccaba5e,"Formigas cortadeiras (Hymenoptera, Formicidae) como agentes modificadores da disponibilidade de luz e da estrutura da comunidade vegetal em Floresta Atlântica Nordestina",M. Corrêa,2006,,https://www.semanticscholar.org/paper/f69a56959f69573c9a442af857057d772ccaba5e,,5,Discovery metadata; not a validated inclusion or toxicity claim
f6ef8316b11a9837f30d65058c943f9c6d3ce303,"Exigências térmicas do fungo cultivado por formigas cortadeiras do gênero Acromyrmex Mayr, 1865 (Hymenoptera, Formicidae)",D. Freitas,2010,,https://www.semanticscholar.org/paper/f6ef8316b11a9837f30d65058c943f9c6d3ce303,,"5,9",Discovery metadata; not a validated inclusion or toxicity claim
f75e110018837128c929ed85a986c806097cef2f,Estudo Comportamental da Formiga Cortadeira Atta spp. Submetida a Preparados Homeopáticos,Alexandre Giesel; M. I. C. Boff; Pedro Boff,2009,,https://www.semanticscholar.org/paper/f75e110018837128c929ed85a986c806097cef2f,,5,Discovery metadata; not a validated inclusion or toxicity claim
f9c8dfe3feeb70f72dca6c04c9846f5fb759ae24,12523 - Unidades-experimentais de restauração ecológica por SAFs no Recôncavo-Sul da Bahia.,Luana Muritiba Lemos,2011,,https://www.semanticscholar.org/paper/f9c8dfe3feeb70f72dca6c04c9846f5fb759ae24,,5,Discovery metadata; not a validated inclusion or toxicity claim
fc6c5aeb512e84ba93d9eda38846a914949a0470,IMPACTO DAS FORMIGAS CORTADEIRAS NO CRESCIMENTO DE ESPÉCIES FLORESTAIS DOS TIPOS PINUS E EUCALIPTO,Tirza Cardoso dos Santos Monfardini; W. J. Souza,2026,10.17349/jmcv12n30-001,https://www.semanticscholar.org/paper/fc6c5aeb512e84ba93d9eda38846a914949a0470,https://doi.org/10.17349/jmcv12n30-001,5,Discovery metadata; not a validated inclusion or toxicity claim
fe2b58917accbda965ee0903601fb52a30337e40,O transporte de carga por Acromyrmex subterraneus: investigação do efeito da marcação química e da atividade individual,K. Amaral,2017,,https://www.semanticscholar.org/paper/fe2b58917accbda965ee0903601fb52a30337e40,,5,Discovery metadata; not a validated inclusion or toxicity claim
febe8af0e19fd7e97c06c11466f572ca476bc3f6,Subsídios para o monitoramento de formigas cortadeiras em plantios florestais no Planalto Catarinense,Hadson Hoffer,2015,,https://www.semanticscholar.org/paper/febe8af0e19fd7e97c06c11466f572ca476bc3f6,,5,Discovery metadata; not a validated inclusion or toxicity claim
ff754731d9db916f4ec46ad9f4b97ce3add1c2ed,"DISTRIBUIÇÃO GEOGRÁFICA DE FORMIGAS CORTADEIRAS DO GÊNERO Acromyrmex (HYMENOPTERA:FORMICIDAE) NA ZONA SUL DO ESTADO DO RIO GRANDE DO SUL, BRASIL",L. Gusmão; A. E. Loeck,1999,10.18539/CAST.V5I1.246,https://www.semanticscholar.org/paper/ff754731d9db916f4ec46ad9f4b97ce3add1c2ed,,5,Discovery metadata; not a validated inclusion or toxicity claim
02926f222519b29d17b52102bef0a354f2a0bec2,"Plantas nativas como fuente de biopesticidas: explorando distintas interacciones planta-organismo blanco dirigidas al control de plagas, malezas y microorganismos.",S. M. Palacios,2014,,https://www.semanticscholar.org/paper/02926f222519b29d17b52102bef0a354f2a0bec2,,6,Discovery metadata; not a validated inclusion or toxicity claim
185c5f5fb8fd1020f125d82984f0263200d436c7,Metarhizium anisopliae y Trichoderma viride controlan colonias de Atta cephalotes en campo mejor que un insecticida químico,Elkin López Arismendy; S. Peralta,2002,,https://www.semanticscholar.org/paper/185c5f5fb8fd1020f125d82984f0263200d436c7,,6,Discovery metadata; not a validated inclusion or toxicity claim
1e5eea31f675ac73c7c23869d49e69d1d4b614bf,"ESTUDIOS SOBRE EL COMPORTAMIENTO DE FORRAJEO DE Acromyrmex lundi Guering (HYMENOPTERA, FORMICIDAE) Y SU EFECTO SOBRE EL CRECIMIENTO DE PROCEDENCIAS DE Eucalyptus globulus Labill. (Myrtaceae)",Carmen Lidia Martínez; María B. Riquelme Virgala; M. Santadino; Ana Maria De Haro; J. J. Barañao,2015,10.1590/0100-67622015000100018,https://www.semanticscholar.org/paper/1e5eea31f675ac73c7c23869d49e69d1d4b614bf,https://www.scielo.br/j/rarv/a/7MkBh4TmkcXt5jDty7sPtGd/?lang=es&format=pdf,6,Discovery metadata; not a validated inclusion or toxicity claim
205975f705219328d73596e4de7b765a25a69cbf,Posibles vias de expansión de la hormiga cortadora de hojas Acromyrmex lobicornis hacia la Patagonia,Alejandro G. Farji-Brener,1996,,https://www.semanticscholar.org/paper/205975f705219328d73596e4de7b765a25a69cbf,,6,Discovery metadata; not a validated inclusion or toxicity claim
22eb303a7c3c1795a14fc74eec2ab6be3461e044,"Hormigas (Hymenoptera: Formicidae) asociadas a dos especies de Psittacanthus (Santalales: Loranthaceae) en Felipe Carrillo Puerto, Quintana Roo, México",León Esteban Ibarra Garibay; Gabriela Castaño Meneses,2020,10.32870/DUGESIANA.V27I2.7108,https://www.semanticscholar.org/paper/22eb303a7c3c1795a14fc74eec2ab6be3461e044,http://dugesiana.cucba.udg.mx/index.php/DUG/article/download/7108/6201,6,Discovery metadata; not a validated inclusion or toxicity claim
2319ffb5229ced45c295b10ad74d0726bac4875e,Efectos indirectos de la hormiga cortadora de hojas A. lobicornis sobre la adecuación de plantas polinizadas por insectos,Anahí Fernández,2019,,https://www.semanticscholar.org/paper/2319ffb5229ced45c295b10ad74d0726bac4875e,,6,Discovery metadata; not a validated inclusion or toxicity claim
25db91e99da5327c1f5462b78039a7bf590555c9,IMPACTO DEL ESTRÉS HÍDRICO Y LA PROCEDENCIA DE EUCALYPTUS GLOBULUS LABILL. SOBRE EL COMPORTAMIENTO DE HERBIVORÍA DE ACROMYRMEX LUNDI GUÉRIN,P. Caffarini; A. Pelicano; P. Carrizo; J. H. Lemcoff,2006,10.4067/S0718-34292006000100002,https://www.semanticscholar.org/paper/25db91e99da5327c1f5462b78039a7bf590555c9,http://www.scielo.cl/pdf/idesia/v24n1/art02.pdf,6,Discovery metadata; not a validated inclusion or toxicity claim
3c5f205435d14cc0133fc181395e3c01dfabaeef,Efecto de la defoliación por hormigas cortadoras de hojas (Formicidae: Attini) sobre el rendimiento de la yuca (Manihot esculenta CRANTZ),M. Bertorelli; J. Montilla; J. Hernández,2006,,https://www.semanticscholar.org/paper/3c5f205435d14cc0133fc181395e3c01dfabaeef,,6,Discovery metadata; not a validated inclusion or toxicity claim
418706404c339a75571ce2e95753427b529d15ed,Demographic consequences of the nesting site in the leaf-cutting ant Acromyrmex lobicornis : a matrix model approach,A. Farji-Brener; M. D. T. Curth; Paula Casanovas; Pablo N. Naim,2003,,https://www.semanticscholar.org/paper/418706404c339a75571ce2e95753427b529d15ed,,6,Discovery metadata; not a validated inclusion or toxicity claim
4416cd8d58484eb9565f71bae935e540d742cdff,"Especies de zompopos en los departamentos de Estelí y Somoto, Nicaragua, el efecto de hojas de cuatro plantas en su actividad",Bayardo E. Etienne Pérez,2012,,https://www.semanticscholar.org/paper/4416cd8d58484eb9565f71bae935e540d742cdff,,6,Discovery metadata; not a validated inclusion or toxicity claim
4419bcaa86cdcb8c5872618d60571045a2bf436d,Desbroces significativos: paisajes negociados entre humanos y hormigas en el Brasil del siglo XIX,Diogo De Carvalho Cabral,2024,10.1344/452f.2024.30.5,https://www.semanticscholar.org/paper/4419bcaa86cdcb8c5872618d60571045a2bf436d,https://revistes.ub.edu/index.php/452f/article/download/45747/41266,6,Discovery metadata; not a validated inclusion or toxicity claim
4bd69b919f205a5559775f9065085960c1c90fd4,SINOPSIS DE LOS PASSALIDAE (COLEOPTERA: SCARABAEOIDEA) DEL CARIBE COLOMBIANO,Larry Jiménez-Ferbans; Germán D. Amat-García,2009,,https://www.semanticscholar.org/paper/4bd69b919f205a5559775f9065085960c1c90fd4,,6,Discovery metadata; not a validated inclusion or toxicity claim
4becef6eeec8add84dd9a9b57286de59cfe9efb3,Biología e impacto económico de las hormigas,P. Ulloa,1994,,https://www.semanticscholar.org/paper/4becef6eeec8add84dd9a9b57286de59cfe9efb3,,6,Discovery metadata; not a validated inclusion or toxicity claim
62bf7130af6f990dc81201ceaf529f7f4e70a684,"EFECTOS DE EXTRACTOS ACETÓNICOS Y ACUOSOS DE RICINUS COMMUNIS (RICINO), MELIA AZEDARACH (PARAÍSO) Y TRICHILLIA GLAUCA (TRICHILLIA), SOBRE LA HORMIGA NEGRA COMÚN (ACROMYRMEX LUNDI)",P. Caffarini; P. Carrizo; A. Pelicano; Patricia Roggero; J. Pacheco,2008,10.4067/S0718-34292008000100008,https://www.semanticscholar.org/paper/62bf7130af6f990dc81201ceaf529f7f4e70a684,http://www.scielo.cl/pdf/idesia/v26n1/art08.pdf,6,Discovery metadata; not a validated inclusion or toxicity claim
709173b7f5314e6a197a7ef66342f23f8be1193e,Diagnóstico de especies de hormigas defoliadoras (zompopos) en el departamento de San Miguel.,José Adán Rivera Cerna; Jorge Benavides; N. Vanegas,2003,,https://www.semanticscholar.org/paper/709173b7f5314e6a197a7ef66342f23f8be1193e,,6,Discovery metadata; not a validated inclusion or toxicity claim
7f724900d1560617282ef32110ebc6eab47e29f8,Segunda Sección- Manejo de Bosques e Industrias -Presentaciones Orales,Tercer Simposio Forestal Facultad Nacional de Agronomía Medellín,2008,,https://www.semanticscholar.org/paper/7f724900d1560617282ef32110ebc6eab47e29f8,,6,Discovery metadata; not a validated inclusion or toxicity claim
a0f6cf066f6d38e600c54fde16cd475f5150cd1f,Caracterización de la macrofauna asociada a los detritos producidos por hormigas del género Atta,Bautista Hernández; Carlos Fabián,2014,,https://www.semanticscholar.org/paper/a0f6cf066f6d38e600c54fde16cd475f5150cd1f,,6,Discovery metadata; not a validated inclusion or toxicity claim
ae63b5e385b1e02a6cc492a5707867517ab296ee,"Control de poblaciones de hormiga arriera (Atta mexicana F. Smith) con Beauveria bassiana (Bals.) Vuill en cultivos de rosa laurel (Nerium oleander L.) en Yecapixtla, Morelos",M. S. Robledo- y Monterrubio; Gabriela Sánchez-Montes de Oca; H. F. Arias-Velázquez; Gerardo Arias-Robledo; Mara J. Arias-Robledo,2022,10.54767/ad.v2i6.131,https://www.semanticscholar.org/paper/ae63b5e385b1e02a6cc492a5707867517ab296ee,https://www.agrodivulgacion-colpos.org/index.php/1agrodivulgacion1/article/download/131/122,6,Discovery metadata; not a validated inclusion or toxicity claim
beb2da31d881a1a6dd729f0acc2330d6245400ad,Insectos y ácaros dañinos a la yuca y su control,A. Bellotti; B. Arias; O. Vargas; Q. JesúsA.Reyes; J. M. Guerrero,2002,,https://www.semanticscholar.org/paper/beb2da31d881a1a6dd729f0acc2330d6245400ad,,6,Discovery metadata; not a validated inclusion or toxicity claim
bed4013b539f15a5cedb451ba769d83cb29cb462,Control biológico de hongos e insectos que afectan la producción forestal,S. Lupo; A. Sanchez; A. Pérez; P. Giamberini; Lina Bettucci,2005,10.2477/vol9iss1-2pp345-346,https://www.semanticscholar.org/paper/bed4013b539f15a5cedb451ba769d83cb29cb462,,6,Discovery metadata; not a validated inclusion or toxicity claim
d2c2bee80fcef91463c6619622b23af6fe9328d7,"ACROMYRMEX LOBICORNIS EMERY 1887 (HYMENOPTERA:FORMICIDAE) Y EL PESO DE LA CARGA, EN CONDICIONES DE LABORATORIO",E. Quirán; Juan P. Steibel,2001,10.4067/S0717-65382001000200002,https://www.semanticscholar.org/paper/d2c2bee80fcef91463c6619622b23af6fe9328d7,https://doi.org/10.4067/s0717-65382001000200002,6,Discovery metadata; not a validated inclusion or toxicity claim
d3917fa530a063b088d2e6bd657e412a560ff574,"Hongos asociados con dos poblaciones de Acromyrmex lobicornis (Formicidae) de San Luis, Argentina",Mónica A. Lugo; Esteban M. Crespo; Matias Cafaro; L. E. Jofré,2013,10.31055/1851.2372.v48.n1.52091,https://www.semanticscholar.org/paper/d3917fa530a063b088d2e6bd657e412a560ff574,https://revistas.unc.edu.ar/index.php/BSAB/article/download/52091/52655,6,Discovery metadata; not a validated inclusion or toxicity claim
dc6d157eb68efb9956a9558405decdcfb5f831c8,INFLUENCIA DEL LATEX COMO REPELENTE EN PLANTAS ANTE HORMIGAS CORTADORAS DE HOJAS,Javier Amir Hurtado Yow,2020,10.48204/J.SCIENTIA.V30N2A4,https://www.semanticscholar.org/paper/dc6d157eb68efb9956a9558405decdcfb5f831c8,https://revistas.up.ac.pa/index.php/scientia/article/download/1918/1486,6,Discovery metadata; not a validated inclusion or toxicity claim
e75bd6bb918fe66bf51d61ab5294641afba72063,Interacciones tróficas entre dos especies simpátricas de hormigas cortadoras y el ensamble de plantas en el Monte central,Nobua Behrmann; E. Beatriz,2014,,https://www.semanticscholar.org/paper/e75bd6bb918fe66bf51d61ab5294641afba72063,,6,Discovery metadata; not a validated inclusion or toxicity claim
e78d262b01b6862e8d5b7ea208199bbf41fe4339,"Caracterización genética de la hormiga Atta cephalotes (Hymenoptera: Formicidae) en Isla Gorgona, Colombia",A. López; Raúl Ernesto Sedano Cruz,2019,10.15517/rbt.v67i6.36450,https://www.semanticscholar.org/paper/e78d262b01b6862e8d5b7ea208199bbf41fe4339,https://revistas.ucr.ac.cr/index.php/rbt/article/download/36450/40166,6,Discovery metadata; not a validated inclusion or toxicity claim
e8bf795b3c80e909740d244501dba6bc8cde9607,Distribución espacial de los nidos de Atta insularis Guérin en un pastizal con predominio de Leucaena leucocephala y Panicum maximum,Madelen Herrera; Nurys Valenciaga; B. Cortés; C. Assis; Josefina de Calzadilla; C. Mora,2008,,https://www.semanticscholar.org/paper/e8bf795b3c80e909740d244501dba6bc8cde9607,,6,Discovery metadata; not a validated inclusion or toxicity claim
32c75eba5d4fd601d529df5e104b454aef96ecff,"Mutualisme chez les fourmis champignonnistes (Atta et Acromyrmex) : approches comportementale, chimique et enzymologique",F. Richard,2003,,https://www.semanticscholar.org/paper/32c75eba5d4fd601d529df5e104b454aef96ecff,,7,Discovery metadata; not a validated inclusion or toxicity claim
a784f6de617d09d584ac41c71efa3e5cc9bfd94a,Das Erfolgsrezept der Blattschneiderameisen,Annette Hille‐Rehfeld,2013,10.1002/BIUZ.201390032,https://www.semanticscholar.org/paper/a784f6de617d09d584ac41c71efa3e5cc9bfd94a,,7,Discovery metadata; not a validated inclusion or toxicity claim
ae0e671796b4f92746524241a6447bb7d4606a42,Die Verständigung durch Stridulationssignale bei Blattschneiderameisen,H. Markl,1968,10.1007/BF00878447,https://www.semanticscholar.org/paper/ae0e671796b4f92746524241a6447bb7d4606a42,,7,Discovery metadata; not a validated inclusion or toxicity claim
f129d96c6581cd8a3ae606e851a34eab0944198b,Das Atta-Problem,H. Eidmann,1936,10.1007/BF01491016,https://www.semanticscholar.org/paper/f129d96c6581cd8a3ae606e851a34eab0944198b,,7,Discovery metadata; not a validated inclusion or toxicity claim
04fcfc59e93b51cf4eeb76599eb8db8fa34a4bea,Bacterial symbiont sharing in Megalomyrmex social parasites and their fungus‐growing ant hosts,Joanito Liberti; P. Sapountzis; L. Hansen; S. Sørensen; R. M. Adams; J. Boomsma,2015,10.1111/mec.13216,https://www.semanticscholar.org/paper/04fcfc59e93b51cf4eeb76599eb8db8fa34a4bea,https://onlinelibrary.wiley.com/doi/pdfdirect/10.1111/mec.13216,8,Discovery metadata; not a validated inclusion or toxicity claim
0d562d470bc5dfffe51a8b9d39b73a4405c2e36c,Natural history and ecology of fungus-farming ants: a field study in Atlantic rainforest,M. U. Ronque; R. Feitosa; P. S. Oliveira,2019,10.1007/s00040-019-00695-y,https://www.semanticscholar.org/paper/0d562d470bc5dfffe51a8b9d39b73a4405c2e36c,,8,Discovery metadata; not a validated inclusion or toxicity claim
0d769262220a28a9d6c6f8cf275066bc1b18466d,Nesting and distribution of Trachymyrmex holmgreni in Brazilian restinga,M. P. Cristiano; M. P. Cristiano; D. C. Cardoso; D. C. Cardoso; M. Beirão; A. C. Reis; Tássia T P Pereira; M. N. Moura,2018,10.1007/s00040-018-0666-z,https://www.semanticscholar.org/paper/0d769262220a28a9d6c6f8cf275066bc1b18466d,,8,Discovery metadata; not a validated inclusion or toxicity claim
0f9bdd92dc8bd60fcceb784aa0938f025fbb8e61,"A preference assay for quantifying symbiont choice in fungus-growing ants (Attini, Formicidae)",N. Advani; U. Mueller,2006,10.1007/s00040-005-0892-7,https://www.semanticscholar.org/paper/0f9bdd92dc8bd60fcceb784aa0938f025fbb8e61,,8,Discovery metadata; not a validated inclusion or toxicity claim
17bdd93b121b63a89ceb72386f45c4e9c6876496,Genome mining of ant-associated bacteria to identify novel secondary metabolites,J. Hamilton; Neil A. Holmes; Sarah F. Worsley; Elaine H. Patrick; N. Pierce; U. Mueller; J. Boomsma; B. Wilkinson; M. Hutchings,2019,10.1099/ACMI.AC2019.PO0188,https://www.semanticscholar.org/paper/17bdd93b121b63a89ceb72386f45c4e9c6876496,https://doi.org/10.1099/acmi.ac2019.po0188,8,Discovery metadata; not a validated inclusion or toxicity claim
182fe75f87db228c79301a8f15563693895c9df9,"Nesting biology of the fungus-growing ant Cyphomyrmex longiscapus Weber (Attini, Formicidae)",Ulrich G. Mueller; W. Wcislo,1998,10.1007/s000400050078,https://www.semanticscholar.org/paper/182fe75f87db228c79301a8f15563693895c9df9,,8,Discovery metadata; not a validated inclusion or toxicity claim
1d1feefb269bd82d4da4ca87d33de24750368b9b,Nutrition mediates the expression of cultivar–farmer conflict in a fungus-growing ant,J. Shik; Ernesto B. Gomez; P. W. Kooij; Juan C. Santos; W. Wcislo; J. Boomsma,2016,10.1073/pnas.1606128113,https://www.semanticscholar.org/paper/1d1feefb269bd82d4da4ca87d33de24750368b9b,https://www.ncbi.nlm.nih.gov/pmc/articles/5018747,8,Discovery metadata; not a validated inclusion or toxicity claim
1f4133f015fa37aac7a4777e2898d0030e7cd0b4,Hygiene Defense Behaviors Used by a Fungus-Growing Ant Depend on the Fungal Pathogen Stages,E. Bonadies; W. Wcislo; D. Gálvez; W. Hughes; H. Fernández‐Marín,2019,10.3390/insects10050130,https://www.semanticscholar.org/paper/1f4133f015fa37aac7a4777e2898d0030e7cd0b4,https://www.mdpi.com/2075-4450/10/5/130/pdf?version=1680142934,8,Discovery metadata; not a validated inclusion or toxicity claim
2783b42e661b7cec72e51150172c1930c8037112,"Evolution, systematics, and natural history of a new genus of cryptobiotic fungus‐growing ants",J. Sosa‐Calvo; T. Schultz; A. Ješovnik; Romain A. Dahan; C. Rabeling,2018,10.1111/syen.12289,https://www.semanticscholar.org/paper/2783b42e661b7cec72e51150172c1930c8037112,https://rss.onlinelibrary.wiley.com/doi/am-pdf/10.1111/syen.12289,8,Discovery metadata; not a validated inclusion or toxicity claim
332d43aac2d7bfe12400ee429944a3b058f42e93,"Evolutionary ecology and natural history of fungus -growing ants: Host -switching, divergence, and asexuality",A. Himler,2007,,https://www.semanticscholar.org/paper/332d43aac2d7bfe12400ee429944a3b058f42e93,,8,Discovery metadata; not a validated inclusion or toxicity claim
395f2c8001958032fcd1131881ce10ef629f9673,"The dacetine ant Strumigenys arizonica, an apparent obligate commensal of the fungus-growing ant Trachymyrmex arizonensis in southwestern North America",K. Gray; S. Cover; Robert A. Johnson; C. Rabeling,2018,10.1007/s00040-018-0625-8,https://www.semanticscholar.org/paper/395f2c8001958032fcd1131881ce10ef629f9673,,8,Discovery metadata; not a validated inclusion or toxicity claim
3c77647dbb63b3bd221ea522ad2ef311150d7f3d,Dispersal of Miconia cabucu seeds by ant Trachymyrmex spp.,J. D. Medeiros; Berta Lange de Morretes,1994,10.5007/%X,https://www.semanticscholar.org/paper/3c77647dbb63b3bd221ea522ad2ef311150d7f3d,,8,Discovery metadata; not a validated inclusion or toxicity claim
3d94b082f2e41a3b5bca09d2f5288a864022bc12,"Social organization in two primitive attine ants,cyphomyrmex rimosus and myrmicocrypta ednaella, with reference to their fungus substrates and food sources",T. Murakami; S. Higashi,2007,10.1007/BF02767322,https://www.semanticscholar.org/paper/3d94b082f2e41a3b5bca09d2f5288a864022bc12,,8,Discovery metadata; not a validated inclusion or toxicity claim
3dcd9307c82af64430265ccb187a12612aef65e1,"Ecologia do forrageio por Cyphomyrmex morschi Emery (Hymenoptera, Formicidae) em vegetação de restinga no Sul do Brasil",B. C. Lopes,2007,10.1590/S0101-81752007000100006,https://www.semanticscholar.org/paper/3dcd9307c82af64430265ccb187a12612aef65e1,https://www.scielo.br/j/rbzool/a/9NDD4Jy5sGVtsCr7NhHkpff/?lang=pt&format=pdf,8,Discovery metadata; not a validated inclusion or toxicity claim
4080ab9a1a7c4a99af86015cd404088408c73075,"Symbiont choice in a fungus-growing ant (Attini, Formicidae)",U. Mueller; J. Poulin; R. M. Adams,2004,10.1093/BEHECO/ARH020,https://www.semanticscholar.org/paper/4080ab9a1a7c4a99af86015cd404088408c73075,https://academic.oup.com/beheco/article-pdf/15/2/357/599540/arh020.pdf,8,Discovery metadata; not a validated inclusion or toxicity claim
44e8d3cd43e542b2af1254f8ab87e6f6c5cb86b3,"Cooperation, conflict, and coevolution in the attine ant-fungus symbiosis",N. J. Mehdiabadi; Benjamin Hughes; U. Mueller,2006,10.1093/BEHECO/ARJ028,https://www.semanticscholar.org/paper/44e8d3cd43e542b2af1254f8ab87e6f6c5cb86b3,https://academic.oup.com/beheco/article-pdf/17/2/291/17275219/arj028.pdf,8,Discovery metadata; not a validated inclusion or toxicity claim
48539e42a930307048a7bbe4383176c25434edab,Geographic Distribution of Trachymyrmex jamaicensis (Hymenoptera: Formicidae),J. K. Wetterer,2015,10.1653/024.098.0423,https://www.semanticscholar.org/paper/48539e42a930307048a7bbe4383176c25434edab,https://bioone.org/journals/florida-entomologist/volume-98/issue-4/024.098.0423/Geographic-Distribution-of-Trachymyrmex-jamaicensis-Hymenoptera-Formicidae/10.1653/024.098.0423.pdf,8,Discovery metadata; not a validated inclusion or toxicity claim
48c9976fe6e633ccdaba2118479fff9299086f0a,Complexity in an obligate mutualism: do fungus-gardening ants know what makes their garden grow?,J. Seal; W. Tschinkel,2007,10.1007/s00265-006-0328-4,https://www.semanticscholar.org/paper/48c9976fe6e633ccdaba2118479fff9299086f0a,,8,Discovery metadata; not a validated inclusion or toxicity claim
4a4d888b479f01088ec96adf00983a1957bbb95b,"Food limitation in the fungus‐gardening ant, Trachymyrmex septentrionalis",J. Seal; W. Tschinkel,2008,10.1111/j.1365-2311.2008.01010.x,https://www.semanticscholar.org/paper/4a4d888b479f01088ec96adf00983a1957bbb95b,,8,Discovery metadata; not a validated inclusion or toxicity claim
4a8a32107625e1d775babeb7ff2cf4fe8e7164b7,Primitive nest architecture and small monogynous colonies in basal Attini inhabiting sandy beaches of southern Brazil,C. Klingenberg; C. Brandão; W. Engels,2007,10.1080/01650520601065509,https://www.semanticscholar.org/paper/4a8a32107625e1d775babeb7ff2cf4fe8e7164b7,https://doi.org/10.1080/01650520601065509,8,Discovery metadata; not a validated inclusion or toxicity claim
4d472d38ee4f2df5588f7655f288f4ff00a16dc4,Energetics of newly‐mated queens and colony founding in the fungus‐gardening ants Cyphomyrmex rimosus and Trachymyrmex septentrionalis (Hymenoptera: Formicidae),J. Seal; W. Tschinkel,2007,10.1111/j.1365-3032.2006.00534.x,https://www.semanticscholar.org/paper/4d472d38ee4f2df5588f7655f288f4ff00a16dc4,,8,Discovery metadata; not a validated inclusion or toxicity claim
5167f4793ef5748b15716c10b0705be666084680,Symbiotic bacterial communities in rainforest fungus-farming ants: evidence for species and colony specificity,M. U. Ronque; Mariana L. Lyra; Gustavo H. Migliorini; M. Bacci; P. S. Oliveira,2020,10.1038/s41598-020-66772-6,https://www.semanticscholar.org/paper/5167f4793ef5748b15716c10b0705be666084680,https://www.nature.com/articles/s41598-020-66772-6.pdf,8,Discovery metadata; not a validated inclusion or toxicity claim
51d62cd7e92e8933d98f42ad9a9ebeff0843216b,"Dietary ecology of the toad Rhinella lescurei (Anura, Bufonidae) from the Brazilian Amazon rainforest",Carla J. Santos-Souza; Fillipe Pedroso-Santos; P. R. Sanches; C. E. Costa-Campos,2024,10.1080/01650521.2024.2417496,https://www.semanticscholar.org/paper/51d62cd7e92e8933d98f42ad9a9ebeff0843216b,,8,Discovery metadata; not a validated inclusion or toxicity claim
5215cdb421ec1f9936280f21f45b276d29b1fd0a,Foraging ecology of attine ants in a Neotropical savanna: seasonal use of fungal substrate in the cerrado vegetation of Brazil,I. Leal; P. S. Oliveira,2000,10.1007/PL00001734,https://www.semanticscholar.org/paper/5215cdb421ec1f9936280f21f45b276d29b1fd0a,,8,Discovery metadata; not a validated inclusion or toxicity claim
552ad0e0912fea0f2bec14a51f837d7442590f9d,"Colony foundation, nest architecture and demography of a basal fungus‐growing ant, Mycocepurus smithii (Hymenoptera, Formicidae)",H. Fernández‐Marín; J. Zimmerman; W. T. Wcislo; S. Rehner,2005,10.1080/00222930400027462,https://www.semanticscholar.org/paper/552ad0e0912fea0f2bec14a51f837d7442590f9d,https://zenodo.org/record/5215007,8,Discovery metadata; not a validated inclusion or toxicity claim
5776ab1c58f17af5bf416c189db78ac698c7c56b,"Caracterização de ninhos e atividade forrageadora de Trachymyrmex fuscus Emery (Hymenoptera, Formicidae) em plantio de eucalipto",M. Araújo; T. Lucia; A. J. Mayhé-Nunes,2002,10.1590/S0101-81752002000200008,https://www.semanticscholar.org/paper/5776ab1c58f17af5bf416c189db78ac698c7c56b,https://doi.org/10.1590/s0101-81752002000200008,8,Discovery metadata; not a validated inclusion or toxicity claim
5947427addb5907b541cf5078e686522a3fb5488,"Diet of the microhylid frog Elachistocleis ovalis ANTS AND TERMITES ARE THE DIET OF THE MICROHYLID FROG ELACHISTOCLEIS OVALIS (SCHNEIDER, 1799) AT AN ARAUCARIA FOREST IN RIO GRANDE DO SUL, BRAZIL",Mirco Solei; Jochen Ketterl; Marcos Di-Bernardo; A. Kwet,2017,,https://www.semanticscholar.org/paper/5947427addb5907b541cf5078e686522a3fb5488,,8,Discovery metadata; not a validated inclusion or toxicity claim
629cee9e659618d4ea62ca250aa52ed5a231f5a1,Anti-Candida Properties of Urauchimycins from Actinobacteria Associated with Trachymyrmex Ants,T. Mendes; W. Borges; A. Rodrigues; S. E. Solomon; P. Vieira; M. C. T. Duarte; F. C. Pagnocca,2013,10.1155/2013/835081,https://www.semanticscholar.org/paper/629cee9e659618d4ea62ca250aa52ed5a231f5a1,https://downloads.hindawi.com/journals/bmri/2013/835081.pdf,8,Discovery metadata; not a validated inclusion or toxicity claim
6b1772d5aee07af56b3329720ab84de0de2698f4,New View on Origin of Attine Ant–Fungus Mutualism: Exploitation of a Preexisting Insect–Fungus Symbiosis (Hymenoptera: Formicidae),S. Sanchez-Peña,2005,10.1603/0013-8746(2005)098[0151:NVOOOA]2.0.CO;2,https://www.semanticscholar.org/paper/6b1772d5aee07af56b3329720ab84de0de2698f4,,8,Discovery metadata; not a validated inclusion or toxicity claim
76ffaaff40b093a4e9f2db754e83cab14fafa384,Fungus-gardening ants prefer native fungal species: Do ants control their crops?,J. Seal; J. Gus; U. Mueller,2012,10.1093/BEHECO/ARS109,https://www.semanticscholar.org/paper/76ffaaff40b093a4e9f2db754e83cab14fafa384,,8,Discovery metadata; not a validated inclusion or toxicity claim
7908850c749ed6ad9977f5306db32e17d77aec87,Actinomycetes: Role in Biotechnology and Medicine,N. Nawani; B. Aigle; A. Mandal; M. Bodas; S. Ghorbel; D. Prakash,2013,10.1155/2013/687190,https://www.semanticscholar.org/paper/7908850c749ed6ad9977f5306db32e17d77aec87,https://downloads.hindawi.com/journals/bmri/2013/687190.pdf,8,Discovery metadata; not a validated inclusion or toxicity claim
79414365f1413f07fe7dcbde9dfdfaf1276503bf,"checklist, biological notes and distribution of ants (hymenoptera: formicidae) from barranca de metztitlan biosphere reserve, hidalgo, mexico",F. Hernández; Rg Castaño-Meneses,2010,,https://www.semanticscholar.org/paper/79414365f1413f07fe7dcbde9dfdfaf1276503bf,,8,Discovery metadata; not a validated inclusion or toxicity claim
7d36c91ac42bc9da436a5e16b58c9181fb58ca88,New Notes on the Ecology of the Epiphytic Gymnosperm and Panamanian Endemic Zamia pseudoparasitica,Philip Bell-Doyon; A. Villarreal,2020,,https://www.semanticscholar.org/paper/7d36c91ac42bc9da436a5e16b58c9181fb58ca88,,8,Discovery metadata; not a validated inclusion or toxicity claim
812231bac66a9751eff55725a10845017c865335,Mammal and insect predation of chemically and structurally defended Mucuna holtonii (Fabaceae) seeds in a Costa Rican rain forest,Erin K. Kuprewicz; C. García‐Robledo,2010,10.1017/S0266467410000039,https://www.semanticscholar.org/paper/812231bac66a9751eff55725a10845017c865335,,8,Discovery metadata; not a validated inclusion or toxicity claim
86dd0029e6c972d9cb70d2121865a6e765ecafe1,Sexual castes of Trachymyrmex fuscus (Formicidae: Attini) performing worker tasks,Márcio da Silva Araújo; João Douglas Ribeiro Oliveira; Danival José de Souza; M. A. Oliveira; Flávio Gonçalves de Jesus,2015,10.1590/0103-8478CR20150189,https://www.semanticscholar.org/paper/86dd0029e6c972d9cb70d2121865a6e765ecafe1,http://www.scielo.br/pdf/cr/v46n2/1678-4596-cr-0103_8478cr20150189.pdf,8,Discovery metadata; not a validated inclusion or toxicity claim
8a8714aa35c94ad2151a7d29532009b4e42fc8d4,Foraging Behavior of Trachymyrmex turrifex Wheeler (Formicidae: Attini),D. A. Waller,1989,10.2307/3671737,https://www.semanticscholar.org/paper/8a8714aa35c94ad2151a7d29532009b4e42fc8d4,,8,Discovery metadata; not a validated inclusion or toxicity claim
8dcfae316567c343b94f6edad9b73e81d82a9e6f,Thermal tolerance and heritability in dune-dwelling ants reveal bioindicator potential for climate vulnerability in coastal ecosystems,Karollina Vieira da Conceição; M. P. Cristiano; D. C. Cardoso,2026,10.1007/s00484-025-03081-5,https://www.semanticscholar.org/paper/8dcfae316567c343b94f6edad9b73e81d82a9e6f,,8,Discovery metadata; not a validated inclusion or toxicity claim
938ca049e2f98d70f158af5115aa470e8f4a31da,Variable interaction specificity and symbiont performance in Panamanian Trachymyrmex and Sericomyrmex fungus-growing ants,H. H. De Fine Licht; J. Boomsma,2014,10.1186/s12862-014-0244-6,https://www.semanticscholar.org/paper/938ca049e2f98d70f158af5115aa470e8f4a31da,https://bmcecolevol.biomedcentral.com/counter/pdf/10.1186/s12862-014-0244-6,"8,9",Discovery metadata; not a validated inclusion or toxicity claim
9796d6e4c9c658cb55697765813f484a0d1bd5e0,Chitinase assay RECTAL ENZYMES OF ATTINE ANTS 1411 The assay was adapted from methods of REISSIG,MICHAEL M. Martin; M. Gieselmann,2003,,https://www.semanticscholar.org/paper/9796d6e4c9c658cb55697765813f484a0d1bd5e0,,8,Discovery metadata; not a validated inclusion or toxicity claim
9f6012d8c9b06bde3d09a98344fb2743f8879b80,Nesting and distribution of Trachymyrmex holmgreni in Brazilian restinga,M. P. Cristiano; D. C. Cardoso; M. Beirão; A. C. Reis; T. P. Pereira; M. N. Moura,2018,10.1007/s00040-018-0666-z,https://www.semanticscholar.org/paper/9f6012d8c9b06bde3d09a98344fb2743f8879b80,,8,Discovery metadata; not a validated inclusion or toxicity claim
a39331974aab29c9ce0e420a89426c8c880f4411,In Vitl'o Antagonism of Actinomycetes Isolated from Fungus-Growing Ants against Plant Pathogenic Fungi,S. R. Sfinchez-Pefia; M. R. Sfinchez-Ovalle; G. Gallegos-Morales,,,https://www.semanticscholar.org/paper/a39331974aab29c9ce0e420a89426c8c880f4411,,8,Discovery metadata; not a validated inclusion or toxicity claim
a873caff4abef74cadf79f7ac9a040e4033569c4,Methodological remarks on rearing basal Attini ants in the laboratory for biological and evolutionary studies: overview of the genus Mycetophylax,Danon Clemes Cardoso; Maykon Passos Cristiano; Mara Garcia Tavares,2011,10.1007/s00040-011-0160-3,https://www.semanticscholar.org/paper/a873caff4abef74cadf79f7ac9a040e4033569c4,http://enpuir.npu.edu.ua/handle/123456789/21335,8,Discovery metadata; not a validated inclusion or toxicity claim
a9f9b8dfa35034aba2c95af68370386ae9cbc31f,Forage preference in two geographically co-occurring fungus gardening ants: A dietary DNA approach,Matthew Richards-Perhatch; Elizabeth D. Boshers; Matthew Greenwold; J. Seal,2025,10.1371/journal.pone.0336150,https://www.semanticscholar.org/paper/a9f9b8dfa35034aba2c95af68370386ae9cbc31f,https://journals.plos.org/plosone/article/file?id=10.1371/journal.pone.0336150&type=printable,8,Discovery metadata; not a validated inclusion or toxicity claim
ac29f9e44b2d743b1f75adcf5b40e68a18ce6389,Behavior and Diversity of Floral Visitors to Campomanesia Adamantium (Myrtaceae),Mateus Nucci; V. V. Alves-Junior,2017,10.25100/socolen.v43i1.6657,https://www.semanticscholar.org/paper/ac29f9e44b2d743b1f75adcf5b40e68a18ce6389,,8,Discovery metadata; not a validated inclusion or toxicity claim
ac51c3cbae50d0523037d368207d7e91b00e48af,Unity Makes Strength: Recruited Pheidole radoszkowskii Mayr Ants (Hymenoptera: Formicidae) Steal Large Prey from a Bothriurus asper Pocock Scorpion (Scorpiones: Bothriuridae),W. Dionisio-da-Silva; I. Souza; L. P. ARAÚJO-DA-SILVA; T. V. Silva-Filho,2021,10.4289/0013-8797.123.3.664,https://www.semanticscholar.org/paper/ac51c3cbae50d0523037d368207d7e91b00e48af,,8,Discovery metadata; not a validated inclusion or toxicity claim
aedd09cbc831656002389cb2c0ae6afc0855b23a,THE EXOTIC ANT ANOCHETUS MAYRI IN FLORIDA (HYMENOPTERA: FORMICIDAE),M. Deyrup,2002,10.1653/0015-4040(2002)085[0658:TEAAMI]2.0.CO;2,https://www.semanticscholar.org/paper/aedd09cbc831656002389cb2c0ae6afc0855b23a,https://bioone.org/journals/florida-entomologist/volume-85/issue-4/0015-4040_2002_085_0658_TEAAMI_2.0.CO_2/THE-EXOTIC-ANT-ANOCHETUS-MAYRI-IN-FLORIDA-HYMENOPTERA-FORMICIDAE/10.1653/0015-4040(2002)085[0658:TEAAMI]2.0.CO;2.pdf,8,Discovery metadata; not a validated inclusion or toxicity claim
bf8c745ac418be5508ab687fa17e470344bfa108,Molecular identification and functional analysis of Niemann-Pick type C2 protein in Macrocentrus cingulum Brischke (Hymenoptera: Braconidae),Kyaw Lin Maung; Dapeng Jing; Tiantao Zhang; Sivaprasath Prabu; K. He; Shu-xiong Bai; Zhenying Wang,2021,10.1016/j.aspen.2020.11.001,https://www.semanticscholar.org/paper/bf8c745ac418be5508ab687fa17e470344bfa108,,8,Discovery metadata; not a validated inclusion or toxicity claim
c0eded4a5f55f4081302b9266d94cc8dc168529d,"Diet, sexual dimorphism, and fertility aspects of Melanophryniscus fulvoguttatus (Mertens, 1937) from Central-East Brazil",Juan F. C. Carrillo; Pedro C. Rocha; Ana Alice Fagundes Cabral; M. S. Firme; L. L. Serafim; K. Y. Mori; D. Santana,2024,10.3897/herpetozoa.37.e108976,https://www.semanticscholar.org/paper/c0eded4a5f55f4081302b9266d94cc8dc168529d,https://herpetozoa.pensoft.net/article/108976/download/pdf/,8,Discovery metadata; not a validated inclusion or toxicity claim
c2c52924f3dc158fb45a35c6fb1d85f5cc5edea4,Foraging activity of Trachymyrmex fuscus (hymenoptera: formicidae) in a degraded area,A. Moreira; F. C. Bueno; Cintia Goncalves Gomes Oliveira; E. A. Diniz; D. Garcez; M. Campos; L. M. Kato; O. Bueno,2007,,https://www.semanticscholar.org/paper/c2c52924f3dc158fb45a35c6fb1d85f5cc5edea4,,8,Discovery metadata; not a validated inclusion or toxicity claim
c318b43bab073a8ad0d75ae4b8860fcf0aca7749,The Antennal Lobes of Fungus-Growing Ants (Attini): Neuroanatomical Traits and Evolutionary Trends,C. Kelber; Wolfgang Rössler; F. Roces; C. Kleineidam,2009,10.1159/000230672,https://www.semanticscholar.org/paper/c318b43bab073a8ad0d75ae4b8860fcf0aca7749,https://karger.com/bbe/article-pdf/73/4/273/2261523/000230672.pdf,8,Discovery metadata; not a validated inclusion or toxicity claim
c399341013519949d064e3ba00a6fec605428c76,Agro-predation: usurpation of attine fungus gardens by Megalomyrmex ants,R. M. Adams; U. Mueller; T. Schultz; B. Norden,2000,10.1007/s001140050777,https://www.semanticscholar.org/paper/c399341013519949d064e3ba00a6fec605428c76,,8,Discovery metadata; not a validated inclusion or toxicity claim
c49b2f36904241f48ca99ba7bcf5286c9653ffa4,"Density and distribution of nests of Mycetophylax simplex (Emery) (Hymenoptera, Formicidae) in areas with mobile dunes on the northern coast of Rio Grande do Sul, Brazil",E. Albuquerque; E. Diehl-Fleig; E. Diehl,2005,10.1590/S0085-56262005000100013,https://www.semanticscholar.org/paper/c49b2f36904241f48ca99ba7bcf5286c9653ffa4,https://www.scielo.br/j/rbent/a/TDF9MYywNyfdXp98FQHdVcz/?lang=en&format=pdf,8,Discovery metadata; not a validated inclusion or toxicity claim
c7f72d98b074cbb73ec1621145a94dd232cbd0dc,Ant seed removal in a non‐myrmecochorous Neotropical shrub: Implications for seed dispersal,Seanne R Clemente; S. Whitehead,2019,10.1111/btp.12728,https://www.semanticscholar.org/paper/c7f72d98b074cbb73ec1621145a94dd232cbd0dc,,8,Discovery metadata; not a validated inclusion or toxicity claim
c929518505c2f00b2177ec63f0cbe7b0f90c3595,Gnamptogenys hartmani Wheeler (Ponerinae: Ectatommini): an agro-predator of Trachymyrmex and Sericomyrmex fungus-growing ants,M. B. Dijkstra; J. Boomsma,2003,10.1007/s00114-003-0478-4,https://www.semanticscholar.org/paper/c929518505c2f00b2177ec63f0cbe7b0f90c3595,,8,Discovery metadata; not a validated inclusion or toxicity claim
cfb04add5fd3e963955c02559080a958e746afc7,Thievery in rainforest fungus-growing ants: interspecific assault on culturing material at nest entrance,M. U. Ronque; Gustavo H. Migliorini; Paulo S. Oliveira,2018,10.1007/s00040-018-0632-9,https://www.semanticscholar.org/paper/cfb04add5fd3e963955c02559080a958e746afc7,https://link.springer.com/content/pdf/10.1007/s00040-018-0632-9.pdf,8,Discovery metadata; not a validated inclusion or toxicity claim
d427d0171dab6db4ccd6958f912b39c0618c4ead,"Parabiosis between basal fungus-growing ants (Formicidae, Attini)",C. E. Sanhudo; Thiago J. Izzo; C. R. F. Brandão,2008,10.1007/s00040-008-1005-6,https://www.semanticscholar.org/paper/d427d0171dab6db4ccd6958f912b39c0618c4ead,https://doi.org/10.1007/s00040-008-1005-6,8,Discovery metadata; not a validated inclusion or toxicity claim
d6f196ad033e4407f8e67910abb20edf60ef15b9,"Nest demographics and foraging behavior of Apterostigma collare Emery (Hymenoptera, Formicidae) provide evidence of colony independence",T. Pitts‐Singer; K. Espelie,2007,10.1007/s00040-007-0948-3,https://www.semanticscholar.org/paper/d6f196ad033e4407f8e67910abb20edf60ef15b9,,8,Discovery metadata; not a validated inclusion or toxicity claim
e4793972af8cc202c000e25be4854f147c5c1650,Natural history and ecology of fungus-farming ants: a field study in Atlantic rainforest,M. U. Ronque; R. Feitosa; P. S. Oliveira,2019,10.1007/s00040-019-00695-y,https://www.semanticscholar.org/paper/e4793972af8cc202c000e25be4854f147c5c1650,,8,Discovery metadata; not a validated inclusion or toxicity claim
e5243ca2673a3deb198d85b78d566399677e52f0,"Mycocepurus smithii, how does your garden grow?",M. Richards,2020,10.1007/s00040-020-00756-7,https://www.semanticscholar.org/paper/e5243ca2673a3deb198d85b78d566399677e52f0,https://link.springer.com/content/pdf/10.1007/s00040-020-00756-7.pdf,8,Discovery metadata; not a validated inclusion or toxicity claim
e8dab60c278d66d335d484d37317fa6418d653f1,"The dacetine ant Strumigenys arizonica, an apparent obligate commensal of the fungus-growing ant Trachymyrmex arizonensis in southwestern North America",K. Gray; S. Cover; R. Johnson; C. Rabeling,2018,10.1007/s00040-018-0625-8,https://www.semanticscholar.org/paper/e8dab60c278d66d335d484d37317fa6418d653f1,,8,Discovery metadata; not a validated inclusion or toxicity claim
e9323f4374d7aaabffa11815ce88a4bedb175a7b,Phylogeography of post‐Pleistocene population expansion in a fungus‐gardening ant and its microbial mutualists,A. Mikheyev; T. Vo; U. Mueller,2008,10.1111/j.1365-294X.2008.03940.x,https://www.semanticscholar.org/paper/e9323f4374d7aaabffa11815ce88a4bedb175a7b,,8,Discovery metadata; not a validated inclusion or toxicity claim
e9af274e70789166a6add225924e262a074a11a5,"Bioturbation by the Fungus-Gardening Ant, Trachymyrmex septentrionalis",W. Tschinkel; J. Seal,2016,10.1371/journal.pone.0158920,https://www.semanticscholar.org/paper/e9af274e70789166a6add225924e262a074a11a5,https://journals.plos.org/plosone/article/file?id=10.1371/journal.pone.0158920&type=printable,8,Discovery metadata; not a validated inclusion or toxicity claim
f94411ad47c36d7d62aef705e76fec55033b77c9,Note:In vitro antagonism of actinomycetes isolated from fungus-growing ants against plant pathogenic fungi,S. Sanchez-Peña; M. R. Sánchez-Ovalle; G. Gallegos-Morales; Abiel Sánchez-Arizpe,2008,10.1007/BF02980811,https://www.semanticscholar.org/paper/f94411ad47c36d7d62aef705e76fec55033b77c9,,8,Discovery metadata; not a validated inclusion or toxicity claim
fa7bf11583a5f7747eb1ff605738dcf398d3e411,Phylogeography of the sand dune ant Mycetophylax simplex along the Brazilian Atlantic Forest coast: remarkably low mtDNA diversity and shallow population structure,D. C. Cardoso; M. P. Cristiano; M. G. Tavares; C. Schubart; J. Heinze,2015,10.1186/s12862-015-0383-4,https://www.semanticscholar.org/paper/fa7bf11583a5f7747eb1ff605738dcf398d3e411,https://bmcecolevol.biomedcentral.com/counter/pdf/10.1186/s12862-015-0383-4,8,Discovery metadata; not a validated inclusion or toxicity claim
fbd5e8ab6496637cde9d2a95ead5675aebf3f17b,Laboratory Environment Affects the Volatiles of Fungus Gardens in the Colonies of Fungus-farming Ants,D. S. Assis; T. Schultz; Skylar M. Brodowski; G. Newsome; Fábio S. Nascimento,2025,10.13102/sociobiology.v72i1.9768,https://www.semanticscholar.org/paper/fbd5e8ab6496637cde9d2a95ead5675aebf3f17b,https://doi.org/10.13102/sociobiology.v72i1.9768,8,Discovery metadata; not a validated inclusion or toxicity claim
ff63174c4a3bc179f9ba1e073ce8fbcfb5306587,"The effects of the fungus-growing ant, Trachymyrmex jamaicensis, on soil fertility and seed germination in a subtropical dry forest",J. Torres; Maribelis Santiago; M. Salgado,1999,,https://www.semanticscholar.org/paper/ff63174c4a3bc179f9ba1e073ce8fbcfb5306587,,8,Discovery metadata; not a validated inclusion or toxicity claim
ffbeab790430db4fe9d1704987af6b97b94b6aff,Rectal enzymes of attine ants. α-Amylase and chitinase,MICHAEL M. Martin; M. Gieselmann; J. Martin,1973,10.1016/0022-1910(73)90171-6,https://www.semanticscholar.org/paper/ffbeab790430db4fe9d1704987af6b97b94b6aff,https://hdl.handle.net/2027.42/33855,8,Discovery metadata; not a validated inclusion or toxicity claim
0ac06b320f94afef1ffa978dc495112117ec64bf,Screening of Brazilian basidiomycetes for antimicrobial activity.,L. Rosa; K. Machado; Camila Cristina Jacob; M. Capelari; C. Rosa; Carlos Leomar Zani,2003,10.1590/S0074-02762003000700019,https://www.semanticscholar.org/paper/0ac06b320f94afef1ffa978dc495112117ec64bf,https://www.scielo.br/j/mioc/a/Gmx7WfmDxF5dPYPp47YBY4J/?lang=en&format=pdf,9,Discovery metadata; not a validated inclusion or toxicity claim
0cb4a46e18990fa47cb77efadbe12a3362f1f3d7,ANÁLISE DO EFEITO DE EXTRATOS NATURAIS NA INIBIÇÃO DO DESENVOLVIMENTO DO FUNGO SIMBIONTE LEUCOAGARICUS GONGYLOPHORUS PARA DETERMINAÇÃO DO POTENCIAL NA UTILIZAÇÃO COMO FORMICIDA COM BASE ECOLÓGICA,Ariane A. Tesser; T. Silva; J. A. Soares; Yana Kutcher; Talize Foppa; Leyza Paloschi de Oliveira,2014,10.33362/RIES.V3I1.243,https://www.semanticscholar.org/paper/0cb4a46e18990fa47cb77efadbe12a3362f1f3d7,,9,Discovery metadata; not a validated inclusion or toxicity claim
125b239356655b01291cdc415803c6e093ca4dc3,Identification and Characteristics of Mushrooms Grown with Vegetables Cultivated in the Greenhouse,S. Seok; Wan-Gyu Kim,2013,10.4489/KJM.2013.41.4.212,https://www.semanticscholar.org/paper/125b239356655b01291cdc415803c6e093ca4dc3,http://koreascience.or.kr:80/article/JAKO201303840303312.pdf,9,Discovery metadata; not a validated inclusion or toxicity claim
1abd919091073fb3bec61eddf73d2d54a684748d,"Toxicidade de extratos vegetais e suas frações para Atta sexdens Linnaeus, 1758 (Hymenoptera: Formicidae) e seu fungo simbionte Leucoagaricus gongylophorus (Moller) Singer (Agaricales: Agaricaceae)",J. C. dos Santos,2014,,https://www.semanticscholar.org/paper/1abd919091073fb3bec61eddf73d2d54a684748d,,9,Discovery metadata; not a validated inclusion or toxicity claim
1d2eb8d4470c5ba74c9c4afaa1dcd9ee4ced1314,Three phylogenetically distinct and culturable diazotrophs are perennial symbionts of leaf‐cutting ants,Renata de Oliveira Aquino Zani; M. Ferro; M. Bacci,2021,10.1002/ece3.8213,https://www.semanticscholar.org/paper/1d2eb8d4470c5ba74c9c4afaa1dcd9ee4ced1314,https://onlinelibrary.wiley.com/doi/pdfdirect/10.1002/ece3.8213,9,Discovery metadata; not a validated inclusion or toxicity claim
1eb490453137f5b9833717a04979a6788b9b3b1c,Phenolic Composition and Antimicrobial and Antioxidant Activities of Leucoagaricus leucothites (Vittad.) Wasser,B. Aslim; Sahlan Ozturk,2011,10.1089/jmf.2010.0259,https://www.semanticscholar.org/paper/1eb490453137f5b9833717a04979a6788b9b3b1c,,9,Discovery metadata; not a validated inclusion or toxicity claim
22be5a3512d7e9ac14464adea5e67adaaaa87138,"Characterization of an Exopolygalacturonase from Leucoagaricus gongylophorus, the Symbiotic Fungus of Atta sexdens",P. R. Adalberto; Camilla C. Golfeto; A. Moreira; F. G. Almeida; D. Ferreira; Q. Cass; D. Souza,2016,10.4236/AER.2016.41002,https://www.semanticscholar.org/paper/22be5a3512d7e9ac14464adea5e67adaaaa87138,https://content.scirp.org/pdf/aer_2016031114230327.pdf,9,Discovery metadata; not a validated inclusion or toxicity claim
249eabb0f81e9c691c62fc5fa58cad47b51667ea,Burkholderia from Fungus Gardens of Fungus-Growing Ants Produces Antifungals That Inhibit the Specialized Parasite Escovopsis,Charlotte B. Francoeur; D. S. May; M. Thairu; Don Q. Hoang; Olivia Panthofer; T. Bugni; M. Pupo; J. Clardy; A. Pinto-Tomás; C. Currie,2021,10.1128/AEM.00178-21,https://www.semanticscholar.org/paper/249eabb0f81e9c691c62fc5fa58cad47b51667ea,https://www.kerwa.ucr.ac.cr/bitstreams/85d21239-26b0-41f6-841b-d717d503b6f8/download,9,Discovery metadata; not a validated inclusion or toxicity claim
25f2c241e8d306dd544277b1f2068de4344bc79b,"Optimization of mycelial culture condition and biomass production of selected wild Agaric
mushrooms from Luzon Island, Philippines",Johnmel A. Fabros; R. M. Dulay; Kathlene Claire O. Ganareal; Sofronio P. Kalaw; Mark Adrian G. del Rosario; Renátó; G. Reyes,2023,10.35495/ajab.2023.021,https://www.semanticscholar.org/paper/25f2c241e8d306dd544277b1f2068de4344bc79b,https://doi.org/10.35495/ajab.2023.021,9,Discovery metadata; not a validated inclusion or toxicity claim
27f4fa7cdead4b11f093dc2395082aa0e16204e5,"Optimization of culturing conditions for leafcutter ant associated, antimicrobial producing Pseudonocardia by adding ants´ cuticular hydrocarbons",Johannes-Paul Fladerer-Grollitsch; Juliana Fitzek; K. M. Sefc; F. Bucar,2024,10.1007/s00049-024-00414-5,https://www.semanticscholar.org/paper/27f4fa7cdead4b11f093dc2395082aa0e16204e5,https://link.springer.com/content/pdf/10.1007/s00049-024-00414-5.pdf,9,Discovery metadata; not a validated inclusion or toxicity claim
280e4be34ce3894aceec34d85b661e3f3f647fa9,"Antioxidative, Antimicrobial Activities and Fatty Acid Compositions of Four Agarics",Şükrü Canpolat; Elif Yürümez Canpolat; Yasemin İşlek; Ilgaz Akata; C. İşlek,2024,10.24925/turjaf.v12is2.2415-2428.6953,https://www.semanticscholar.org/paper/280e4be34ce3894aceec34d85b661e3f3f647fa9,https://agrifoodscience.com/index.php/TURJAF/article/download/6953/3410,9,Discovery metadata; not a validated inclusion or toxicity claim
3068cd14f3390baa25df959ffe3f9703f6eef225,Mushroom and macrofungi collection for screening bioactivity of some species to inhibit coffee antharcnose caused by Colletotrichum coffeanum,Luo Yaling; Wattanachai Pongnak; S. Kasem,2014,,https://www.semanticscholar.org/paper/3068cd14f3390baa25df959ffe3f9703f6eef225,,9,Discovery metadata; not a validated inclusion or toxicity claim
30f92f026cd7bc9ecdcd6efb908366faab099e3d,"Иммунобиологическое действие экстрактов и средств, полученных из высших грибов Ganoderma lucidum, Cordyceps sinensis и Leucoagaricus macrorhizus",Р. С. Довгий; В. В. Позур; В. М. Святецька; Марина Сухомлин; О. П. Лівійська; О. М. Макаренко,2013,,https://www.semanticscholar.org/paper/30f92f026cd7bc9ecdcd6efb908366faab099e3d,,9,Discovery metadata; not a validated inclusion or toxicity claim
3241170a325b10ef50fb1fc91744ebc08aed011d,"New and interesting fungi from Guangzhou City, South China",Kun L. Yang; Jia Y. Lin; Guang-Mei Li; Yang L. Zhu,2025,10.11646/phytotaxa.707.1.1,https://www.semanticscholar.org/paper/3241170a325b10ef50fb1fc91744ebc08aed011d,,9,Discovery metadata; not a validated inclusion or toxicity claim
33b22ed0d6435b0ec3ffe906c39f627eded254ca,Extrações de óleos de sementes de citros e suas atividades sobre a formiga cortadeira Atta sexdens e seu fungo simbionte,João Batista Fernandes; Valmir David; Patrícia H. Facchini; M. D. Silva; Edson Rodrigues Filho; Paulo C. Vieira; M. S. Galhiane; F. C. Pagnocca; O. C. Bueno; M. Hebling; S. R. Victor; A. M. Santos,2002,10.1590/S0100-40422002000700009,https://www.semanticscholar.org/paper/33b22ed0d6435b0ec3ffe906c39f627eded254ca,https://www.scielo.br/j/qn/a/9tgcp4Ps7sRgKQXL8nqffCk/?lang=pt&format=pdf,9,Discovery metadata; not a validated inclusion or toxicity claim
34718dac433c529003ca146fd2a4a24683663a09,"Effect of Crude Oil on Biomass Production, Polysaccharide, and Polyphenol Content of Leucocoprinus cretaceus(Bull.) Locq. a white rot fungus",R. O. Sanni; E. M. Adongbede,2022,10.4314/jasem.v25i11.5,https://www.semanticscholar.org/paper/34718dac433c529003ca146fd2a4a24683663a09,https://www.ajol.info/index.php/jasem/article/download/221227/208762,9,Discovery metadata; not a validated inclusion or toxicity claim
351504f3d665df29b8ce46201f1d61306b52da61,"Isolation and molecular characterization of symbiotic fungus from Acromyrmex ambiguus and Acromyrmex heyeri ants of Rio Grande do Sul State, Brazil",D. Pereira; S. Botton; M. I. Azevedo; D. U. Monteiro; C. Weiblen; Vanessa S Machado; M. G. Donatti; A. Loeck,2015,10.1590/0103-8478CR20141064,https://www.semanticscholar.org/paper/351504f3d665df29b8ce46201f1d61306b52da61,https://doi.org/10.1590/0103-8478cr20141064,9,Discovery metadata; not a validated inclusion or toxicity claim
35612ed3b796d081702ab87f5c0287c2b48fdfb8,"From pots to soil-a first verified record of outdoor Leucocoprinus birnbaumii (Corda) Singer in Pahang, Malaysia",Amir Malik Halit; Muhammad Asiff Mohamed Azhar; Amirul Syahmi Azizi; Nur Amalina Mohd. Izam; F. A. Farinordin; N. F. Azuddin; H. Rosli; Nor Azliza Ismail,2025,10.24191/bioenv.v3i3.116,https://www.semanticscholar.org/paper/35612ed3b796d081702ab87f5c0287c2b48fdfb8,https://bioenvuitm.com/index.php/en/article/download/116/71,9,Discovery metadata; not a validated inclusion or toxicity claim
38a7e2f640a688cd8cf1f6d166afba5eee8f1cef,Greenhouses of botanical gardens as a habitat of alien and native macrofungi : a case study in Poland 1,B. Gierczyk; A. Kujawa,2014,,https://www.semanticscholar.org/paper/38a7e2f640a688cd8cf1f6d166afba5eee8f1cef,,9,Discovery metadata; not a validated inclusion or toxicity claim
3d87a118b7b9e639bd924315fb22ff264f2e89b3,"Evaluation of the Toxicity of Virola sebifera Crude Extracts, Fractions and Isolated Compounds on the Nest of Leaf-Cutting Ants",K. Bicalho; A. Terezan; D. Martins; T. Freitas; J. Fernandes; Maria Fátima das Graças Fernandes da Silva; P. Vieira; F. C. Pagnocca; O. Bueno,2012,10.1155/2012/785424,https://www.semanticscholar.org/paper/3d87a118b7b9e639bd924315fb22ff264f2e89b3,https://downloads.hindawi.com/journals/psyche/2012/785424.pdf,9,Discovery metadata; not a validated inclusion or toxicity claim
3f43622c000951f4b078b133677bf32b00009918,Estudo das atividades antimicrobial e inibidora de pectinases dos extratos e compostos isolados de Siphoneugena densiflora (Myrtaceae) e Vitex polygama (Lamiaceae),M. B. C. Gallo; Cinthia Zavan; R. Almeida; P. C. Vieira; João Batista Fernandes; Maria Fátima das Garças Fernandes da Silva; Maurício Bacci; F. C. Pagnocca; M. Sobral,2013,,https://www.semanticscholar.org/paper/3f43622c000951f4b078b133677bf32b00009918,,9,Discovery metadata; not a validated inclusion or toxicity claim
461287d06953d1a0239ec1b70d28e90dff20fca7,Potential antiinflammatory effect of fungal polysaccharide extract from Leucoagaricus leucothitesvia activating P38/ERK phosphorylation in BV-2 cells,B. Altinsoy; G. Karatoprak,2018,,https://www.semanticscholar.org/paper/461287d06953d1a0239ec1b70d28e90dff20fca7,,9,Discovery metadata; not a validated inclusion or toxicity claim
4792dbbece64ecb5306e343091bbdcd67dc4c5fd,"Determination of anti-oxidative, anti-microbial activity and heavy metal contents of Leucoagaricus leucothites.",M. Sevindik; A. Rasul; G. Hussain; H. Anwar; M. Zahoor; Iqra Sarfraz; K. Kamran; H. Akgul; Ilgaz Akata; Z. Selamoğlu,2018,10.36721/pjps/31/5(sup)/05.10.2018/926/2163-2168,https://www.semanticscholar.org/paper/4792dbbece64ecb5306e343091bbdcd67dc4c5fd,https://doi.org/10.36721/pjps/31/5(sup)/05.10.2018/926/2163-2168,9,Discovery metadata; not a validated inclusion or toxicity claim
4cc8c95726e18a3ef1b1814ab9a5dbd68692b850,Pathogenic interaction between Escovopsis weberi and Leucoagaricus sp.: mechanisms involved and virulence levels,J. A. Marfetán; A. I. Romero; P. Folgarait,2015,10.1016/J.FUNECO.2015.04.002,https://www.semanticscholar.org/paper/4cc8c95726e18a3ef1b1814ab9a5dbd68692b850,https://ri.conicet.gov.ar/bitstream/11336/42068/2/CONICET_Digital_Nro.a15f1e8b-b4d9-4cce-ad37-4469b78c9936_A.pdf,9,Discovery metadata; not a validated inclusion or toxicity claim
51d18c86f2fce4b533360dd8731a8967bf543fc3,Análise de agrupamento e regressão não-linear aplicados ao crescimento in vitro de Leucoagaricus gongylophorus (Singer) Möller em meios de cultura acrescido com diferentes extratos vegetais,Marcelo Dias de Souza; O. P. Filho; Sidney Fernando Caldeira; A. Pelissari; A. Dorval,2011,10.5007/2175-7925.2011V24N4P85,https://www.semanticscholar.org/paper/51d18c86f2fce4b533360dd8731a8967bf543fc3,https://periodicos.ufsc.br/index.php/biotemas/article/download/2175-7925.2011v24n4p85/20222,9,Discovery metadata; not a validated inclusion or toxicity claim
534518d8f1684e11eaa3b0ef431ab115428025e5,Bestrijding en beheersing van overmatige groei van de schimmel Leucocoprinus birnbaumii bij de teelt van Phalaenopsis,D. Ludeking; S. J. Paternotte; R. Hamelink; M. V. Slooten,2011,,https://www.semanticscholar.org/paper/534518d8f1684e11eaa3b0ef431ab115428025e5,,9,Discovery metadata; not a validated inclusion or toxicity claim
59a289c0dcc11f75e0e0e3eef0c45c018980143e,SCREENING AND MOLECULAR CHARACTERIZATION OF WHITE ROT FUNGI CAPABLE OF LACCASE PRODUCTION AND DYE DECOLOURIZATION,G. R. Jebapriya; And J. Joel Gnanadoss,2014,,https://www.semanticscholar.org/paper/59a289c0dcc11f75e0e0e3eef0c45c018980143e,,9,Discovery metadata; not a validated inclusion or toxicity claim
5bbf560bce62c98db9389e32a24e9365a92febde,"Sexual Differences in Growth and Physiological
Characteristics of Populus cathayana under Pb
Stress and Leucoagaricus sp. Colonization",H. Feng; Qing Dou; Chao Yang; Q. Xie; Hai-Hua Wang; Chun-Yan Wang,2020,10.15244/pjoes/125768,https://www.semanticscholar.org/paper/5bbf560bce62c98db9389e32a24e9365a92febde,http://www.pjoes.com/pdf-125768-61654?filename=Sexual Differences in.pdf,9,Discovery metadata; not a validated inclusion or toxicity claim
64a8437ebc37a5b1b5bc8dce7140e7c6397fc7ad,Chemical analysis and hydroalcoholic extract activity of ferns on the mutualist fungus of leafcutter ants,Isabella Rodrigues Lancellotti; F. V. Araújo; L. Rocha; Marcelo Guerra Santos,2024,10.1590/2175-7860202475023,https://www.semanticscholar.org/paper/64a8437ebc37a5b1b5bc8dce7140e7c6397fc7ad,https://doi.org/10.1590/2175-7860202475023,9,Discovery metadata; not a validated inclusion or toxicity claim
67b627364726a430a0938bfb2c0485c722036189,Microbial dysbiosis and macrofungal outbreaks induced by long-term plant essential oil biocide application in a humid archaeological earthen site.,Cheng. Zhu; Lu Jiang; Ruofan Wu; Zhongwan Luo; Linting Zheng; Yifei Guo; Bingjian Zhang; Yulan Hu,2026,10.1093/jambio/lxag123,https://www.semanticscholar.org/paper/67b627364726a430a0938bfb2c0485c722036189,,9,Discovery metadata; not a validated inclusion or toxicity claim
6cebcbd52457f0a73058ffdad2fc059fa182808c,Screening of Fibrinolytic Activities of Extracts from Wild Mushrooms Collected in Mt. Chilgap of Korea,Jun-Ho Kim; Kwan-Hee Yoo; S. Seok; Yang-Sup Kim,2005,10.4489/KJM.2005.33.1.018,https://www.semanticscholar.org/paper/6cebcbd52457f0a73058ffdad2fc059fa182808c,http://koreascience.or.kr:80/article/JAKO200504637443692.pdf,9,Discovery metadata; not a validated inclusion or toxicity claim
709b8efcdc5abf608260ae25804821d620e15a1d,In Vitro Antimicrobial Activity Screening of Leucoagaricus leucothites and Determination of the Ethanol Extract Composition By Gas Chromatography/Mass Spectrometry,K. Canlı; I. Akata; Ali Yetgin; A. Benek; E. Murat; Altuner,2020,,https://www.semanticscholar.org/paper/709b8efcdc5abf608260ae25804821d620e15a1d,,9,Discovery metadata; not a validated inclusion or toxicity claim
758078f08bced2a161dea1b29afbfb00f3238789,Initiation of Basidioma Formation of Rare and Medicinal Macromycetes in Pure Culture,M. Sukhomlyn; V. Didenko; N. Tsvyd; Yurii Petrychuk,2019,10.29038/2617-4723-2019-387-3-17-25,https://www.semanticscholar.org/paper/758078f08bced2a161dea1b29afbfb00f3238789,http://journalbio.vnu.edu.ua/index.php/bio/article/download/407/330,9,Discovery metadata; not a validated inclusion or toxicity claim
75de42d2a06f5ecdf96b5d47cf00dbed162579f3,Wild food from exotic conifer plantation and meadows in Patagonia (Argentina): nutritional and bioactive properties of edible mushrooms,M. Rugolo; L. Barros; E. Pereira; T. Pires; M. I. Días; Rossana V. C. Cardoso; J. Pinela; Isabel C. F. R. Ferreira; C. Caleja; C. Barroetaveña,2026,10.5424/fs/2026351-20999,https://www.semanticscholar.org/paper/75de42d2a06f5ecdf96b5d47cf00dbed162579f3,https://fs.revistas.csic.es/index.php/fs/article/download/20999/6502,9,Discovery metadata; not a validated inclusion or toxicity claim
77e4718cd6c54f2e5c24cfa35196189cf7dc1b31,Los Zompopos de mayo en El Salvador,H. RosaMaríaEstrada; J. M. Sermeño-Chicas,2013,,https://www.semanticscholar.org/paper/77e4718cd6c54f2e5c24cfa35196189cf7dc1b31,,9,Discovery metadata; not a validated inclusion or toxicity claim
7ecff94b0f05481887def85e71a950f5a232e0a4,АГАРИКОИДНЫЕ БАЗИДИОМИЦЕТЫ В ТЕПЛИЧНЫХ ИНТЕРЬЕРАХ ЦЕНТРАЛЬНОГО СИБИРСКОГО БОТАНИЧЕСКОГО САДА СО РАН (НОВОСИБИРСК),Ирина Александровна Горбунова,2025,10.15372/rmar20250108,https://www.semanticscholar.org/paper/7ecff94b0f05481887def85e71a950f5a232e0a4,,9,Discovery metadata; not a validated inclusion or toxicity claim
810bc76a79e83f0b8dcd64fcef535e648faa8ebb,Antimicrobial activity of mushroom extracts against pathogenic bacteria,R. Kakde; Ganesh P. Musle,2025,10.5958/0976-4755.2025.00115.5,https://www.semanticscholar.org/paper/810bc76a79e83f0b8dcd64fcef535e648faa8ebb,https://doi.org/10.5958/0976-4755.2025.00115.5,9,Discovery metadata; not a validated inclusion or toxicity claim
8234495f3958933ac7ed6831dcceb66d35b78762,"The Diversity and Ecology of Macromycetes on Soils of Adjara, Georgia",Otar Shainidze; N. Beridze; Guram Chkubadze; N. Nakashidze; S. Lamparadze; S. Lominadze; Mamuka Turmanidze,2021,10.1088/1755-1315/906/1/012012,https://www.semanticscholar.org/paper/8234495f3958933ac7ed6831dcceb66d35b78762,https://iopscience.iop.org/article/10.1088/1755-1315/906/1/012012/pdf,9,Discovery metadata; not a validated inclusion or toxicity claim
835e20ea77bb6535b8603588189f9cff5823a0bd,Inventory of Macroscopic Fungi in Protected Forest Areas Malaka District Chartery,J. Pendidikan; Dan Biologi; Lukas Pardosi; Natalia Hoar; Gergonius Fallo; I. Gede; Arya Wiguna,2024,10.25134/quagga.v16i2.315,https://www.semanticscholar.org/paper/835e20ea77bb6535b8603588189f9cff5823a0bd,https://journal.fkip.uniku.ac.id/quagga/article/download/315/234,9,Discovery metadata; not a validated inclusion or toxicity claim
8d239d7cc132003e26e4a3a5e951a6900e674aaa,"Factors influencing the growth of Attamyces bromatificus, a symbiont of attine ants",R. J. Powell; D. J. Stradling,1986,10.1016/S0007-1536(86)80022-5,https://www.semanticscholar.org/paper/8d239d7cc132003e26e4a3a5e951a6900e674aaa,,9,Discovery metadata; not a validated inclusion or toxicity claim
8ea2e6195ff8ea2527901768dc70409450c915d7,CULTURE MEDIA EVALUATION ON THE Leucoagaricus gongylophorus AND Escovopsis sp. FUNGI DEVELOPMENT,M. L. R. D. Sousa; Janaína da Costa Nogueira; Adriana Dantas Gonzaga de Freitas,2021,10.32404/rean.v8i3.5869,https://www.semanticscholar.org/paper/8ea2e6195ff8ea2527901768dc70409450c915d7,https://doi.org/10.32404/rean.v8i3.5869,9,Discovery metadata; not a validated inclusion or toxicity claim
8f175388f4dd78b11751c2c35dacd6a8162b9990,Antimicrobial and antioxidant activities of selected Malaysian Basidiomycetes grown in solid substrate,P. Rajalingam,2008,,https://www.semanticscholar.org/paper/8f175388f4dd78b11751c2c35dacd6a8162b9990,,9,Discovery metadata; not a validated inclusion or toxicity claim
90a3ba1809a0393001eb15219bfe8ca02d7c088f,Diversity and Dominance of Ectomycorrhizal Fungi on After Burned and Unburned Forests in Kutai National Park (Indonesia),D. Mardji,2014,,https://www.semanticscholar.org/paper/90a3ba1809a0393001eb15219bfe8ca02d7c088f,,9,Discovery metadata; not a validated inclusion or toxicity claim
9107b2e1ad1b2a7927f388f78f6a372a396f5b17,Ant Fungus Gardens Recalcitrant Plant Polymers in Leaf-Cutter Diverse Enzymes for the Degradation of Leucoagaricus gongylophorus Produces,S. Lipton; C. Currie; G. Weinstock; N. Gerardo; G. Suen; S. Purvine; Lynne A. Goodwin; Richard D. Smith; C. Nicora; S. Malfatti; Matthew E. Monroe; Jarrod J. Scott; K. Barry; P. Piehowski; Clotilde Teiling; Daniel M. Tremmel; Kristin E. Burnum-Johnson,2013,,https://www.semanticscholar.org/paper/9107b2e1ad1b2a7927f388f78f6a372a396f5b17,,9,Discovery metadata; not a validated inclusion or toxicity claim
9140458ffb1de1b43ea23120823db061a489eb13,The effect of the cultural medium and a mycelium extract of the mushroom Leucoagaricus macrorhizus on oxygen-dependent metabolism of peritoneal macrophages of mice,O. M. Makarenko; M. P. Rudyk; V. V. Pozur; M. M. Sukhomlin; V. M. Sviatets’ka; R. S. Dovgyi,2013,10.24061/2413-0737.xvii.1.65.2013.16,https://www.semanticscholar.org/paper/9140458ffb1de1b43ea23120823db061a489eb13,http://e-bmv.bsmu.edu.ua/article/download/207387/207441,9,Discovery metadata; not a validated inclusion or toxicity claim
93af55758d915a8affb0fd5861666ed476f8f992,"Leucocoprinus cepistipes , A New Coprinoid Species Record for Turkish Macromycota",A. Kaya; Yasin Uzun,2017,10.19113/SDUFBED.31424,https://www.semanticscholar.org/paper/93af55758d915a8affb0fd5861666ed476f8f992,http://doi.org/10.19113/sdufbed.31424,9,Discovery metadata; not a validated inclusion or toxicity claim
9f4597988c0201b9517d0fd52a024a8b3b5137cd,A New Imidazole Alkaloid and Other Constituents from Pilocarpus grandiflorus and their Antifungal Activity,Rejane C. de Souza; João Batista Fernandes; P. Vieira; M. D. da Silva; Marizete F. P. Godoy; F. C. Pagnocca; O. Bueno; M. A. Hebling; J. Pirani,2005,10.1515/znb-2005-0715,https://www.semanticscholar.org/paper/9f4597988c0201b9517d0fd52a024a8b3b5137cd,https://www.degruyter.com/document/doi/10.1515/znb-2005-0715/pdf,9,Discovery metadata; not a validated inclusion or toxicity claim
9f4ff2414a7066044db19a70a6c1c947e9346aef,Arsenic Compounds in Higher Fungi,Z. Šlejkovec; A. R. Byrne; T. Stijve; W. Goessler; K. Irgolic,1997,10.1002/(SICI)1099-0739(199708)11:8<673::AID-AOC620>3.0.CO;2-1,https://www.semanticscholar.org/paper/9f4ff2414a7066044db19a70a6c1c947e9346aef,,9,Discovery metadata; not a validated inclusion or toxicity claim
9fe942e4c4209702b7591adc64cc24bbae8bfcca,Studies on morphological and growing characteristics of Leucocoprinus bresadolae,Qin Pei-sheng,2004,,https://www.semanticscholar.org/paper/9fe942e4c4209702b7591adc64cc24bbae8bfcca,,9,Discovery metadata; not a validated inclusion or toxicity claim
a07daf70625d66e07173354f98136669448814ed,"Biological Activities of Leucoagaricus leucothites Mushroom: Evaluation of Antioxidant, Anticholinesterase and Antiproliferative Effects",C. Bal,2025,10.32571/ijct.1668272,https://www.semanticscholar.org/paper/a07daf70625d66e07173354f98136669448814ed,https://dergipark.org.tr/en/download/article-file/4737769,9,Discovery metadata; not a validated inclusion or toxicity claim
a156c131ea3fa97fc85898dcafa7cf5789aafc57,"Effect of Crude Oil on Biomass Production , Polysaccharide , and Polyphenol Content of Leucocoprinus cretaceus ( Bull . ) Locq . a white rot fungus",E. Jas; Ournal OF Pplied,2022,,https://www.semanticscholar.org/paper/a156c131ea3fa97fc85898dcafa7cf5789aafc57,,9,Discovery metadata; not a validated inclusion or toxicity claim
a6b0493770ab1da571cf95e3b0c24481f78f58f7,Fungal Cultivars of Higher Attine Ants Promote Escovopsis Chemotropism,Karina B. de Oliveira; Aryel C. Goes; Airton D. Silva; Paulo Cezar Vieira; A. Rodrigues,2023,10.1007/s00284-023-03552-1,https://www.semanticscholar.org/paper/a6b0493770ab1da571cf95e3b0c24481f78f58f7,,9,Discovery metadata; not a validated inclusion or toxicity claim
aa467fd88bc8ea68adfbb93864a12f2838db139c,Enzyme inhibitory and antioxidant properties of six mushroom species from the Agaricaceae family,Ilgaz Akata; G. Zengin; C. M. N. Picot; M. Mahomoodally,2018,10.1016/J.SAJB.2018.01.008,https://www.semanticscholar.org/paper/aa467fd88bc8ea68adfbb93864a12f2838db139c,https://www.sciencedirect.com/science/article/pii/S0254629917314850/pdf,9,Discovery metadata; not a validated inclusion or toxicity claim
ab25773d5b7e2bead4a68543794fac50a6ccc060,Study of anti-microbial and anti-pectinase activity of extracts and compounds isolated from Siphoneugena densiflora (Myrtaceae) and Vitex polygama (Lamiaceae) Estudo das atividades antimicrobial e inibidora de pectinases dos extratos e compostos isolados de Siphoneugena densiflora (Myrtaceae) e Vite,M. B. C. Gallo; Cinthia Zavan; R. Almeida; P. C. Vieira; João B. Fernandes; Maria Fátima das Graças Fernandes da Silva; Maurício Bacci; F. C. Pagnocca; M. Sobral,2013,10.32712/2446-4775.2013.193,https://www.semanticscholar.org/paper/ab25773d5b7e2bead4a68543794fac50a6ccc060,https://doi.org/10.32712/2446-4775.2013.193,9,Discovery metadata; not a validated inclusion or toxicity claim
b644f8313aa37de153f1a2af3ea6e48df91c23ac,"Contribution to Knowledge of Mycobiota of the Wielkopolski National Park (W Poland), Part 2",B. Gierczyk; A. Kujawa; Tomasz Ślusarczyk,2021,10.5586/AM.5528,https://www.semanticscholar.org/paper/b644f8313aa37de153f1a2af3ea6e48df91c23ac,https://doi.org/10.5586/am.5528,9,Discovery metadata; not a validated inclusion or toxicity claim
b996a4a3ac7d41edb96955efca820b47d688acf5,보문 : 온실 내 재배 채소와 함께 발생한 버섯의 동정 및 특성,석순자; 김완규,2013,,https://www.semanticscholar.org/paper/b996a4a3ac7d41edb96955efca820b47d688acf5,,9,Discovery metadata; not a validated inclusion or toxicity claim
ba8bbbf80b55096989400f316a5910a2e6ac7cba,XLII Annual Meeting of SBBq,C. Adalberto; P. Iemma; M. Cass,2013,,https://www.semanticscholar.org/paper/ba8bbbf80b55096989400f316a5910a2e6ac7cba,,9,Discovery metadata; not a validated inclusion or toxicity claim
bb8de4b4146450387cc4f56d1e0133e22195e9cf,Species Diversity and Resource Status of Macrofungi in Beijing: Insights from Natural and Urban Habitats,Dong-Mei Liu; Shi-Hui Wang; Ke Wang; Jia-Xin Li; Wen-Qiang Yang; XI-XI Han; Bin Cao; S. He; Wei-Wei Liu; R. Zhao,2025,10.3390/jof11080607,https://www.semanticscholar.org/paper/bb8de4b4146450387cc4f56d1e0133e22195e9cf,https://www.mdpi.com/2309-608X/11/8/607/pdf?version=1755782698,9,Discovery metadata; not a validated inclusion or toxicity claim
c3bc0403ea2699f1c838686b3253fab7f4368899,Comparative analysis of cell growth inhibitory potential and biological activities of six wild edible mushrooms from Türkiye,G. Sadi; Mustafa Çiçek; Sevim Kol; A. Kaya,2026,10.1007/s44473-025-00015-2,https://www.semanticscholar.org/paper/c3bc0403ea2699f1c838686b3253fab7f4368899,,9,Discovery metadata; not a validated inclusion or toxicity claim
cb2aedddbdcf66c92529298f96db789b09869d1f,Inhibition of Leucoagaricus gongylophorus with Carica papaya: an alternative to control the leaf-cutter ant Acromyrmex octospinosus,Tatiana Lobo-Echeverri; Víctor Galindo; Pilar Aubad; A. Ortiz-Reyes; L. Preciado; Mauricio Sánchez; J. Jiménez; O. Thomas,2020,10.1080/09670874.2019.1610812,https://www.semanticscholar.org/paper/cb2aedddbdcf66c92529298f96db789b09869d1f,,9,Discovery metadata; not a validated inclusion or toxicity claim
cb6153984da24410561f12e292e930664242e145,"Activities of two edible macrofungi, Coprinus comatus and Leucoagaricus leucothites in human lymphocytes: cytogenetic and biochemical study",B. Emsen; Busranur Guven,2019,10.1080/11263504.2019.1612479,https://www.semanticscholar.org/paper/cb6153984da24410561f12e292e930664242e145,https://hdl.handle.net/11492/2450,9,Discovery metadata; not a validated inclusion or toxicity claim
cc3ab8a8831f2b58f9d677ad15a7fe53429d251f,Nature of the interactions between hypocrealean fungi and the mutualistic fungus of leaf-cutter ants,Sadala Schmidt Varanda-Haifig; Tatiane Regina Albarici; P. Nunes; I. Haifig; P. Vieira; A. Rodrigues,2016,10.1007/s10482-016-0826-y,https://www.semanticscholar.org/paper/cc3ab8a8831f2b58f9d677ad15a7fe53429d251f,http://americanae.aecid.es/americanae/es/registros/registro.do?tipoRegistro=MTD&idBib=1756236,9,Discovery metadata; not a validated inclusion or toxicity claim
d1b4033ae6a8415b4ae8576c46a645bd9d114c60,Checklist of Bolivian Agaricales. 2: Species with white or pale spore prints,E. Melgarejo-Estrada; D. Rocabado; M. Suárez; O. Maillard; B. Lechner,2020,10.5248/135.233,https://www.semanticscholar.org/paper/d1b4033ae6a8415b4ae8576c46a645bd9d114c60,https://doi.org/10.5248/135.233,9,Discovery metadata; not a validated inclusion or toxicity claim
d80a63e01d0f7ee3bd27f28ae98f3d8dd5dfdd2a,Activity of sesame leaf extracts against the symbiotic fungus of Atta sexdens L,S. B. Ribeiro; F. C. Pagnocca; S. R. Victor; O. Bueno; M. A. Hebling; M. Bacci; O. A. Silva; João Batista Fernandes; P. Vieira; M. F. G. F. Silva,1998,10.1590/S0301-80591998000300010,https://www.semanticscholar.org/paper/d80a63e01d0f7ee3bd27f28ae98f3d8dd5dfdd2a,https://www.scielo.br/j/aseb/a/rKLg5htK3V6TSVswZYz9CYh/?lang=en&format=pdf,9,Discovery metadata; not a validated inclusion or toxicity claim
d96d5af36b9636d4c23a6bfefaa9be5f5eb60a96,"From pots to soil: a first verified record of outdoor Leucocoprinus birnbaumii (Corda) Singer in Pahang, Malaysia",Amir Malik Halit; Muhammad Asiff Bin; M. Azhar; A. Aziz; Nur Amalina; Mohd Izam; F. A. Farinordin; Nurul Farizah; H. Rosli; Nor Azliza; Ismail,,,https://www.semanticscholar.org/paper/d96d5af36b9636d4c23a6bfefaa9be5f5eb60a96,,9,Discovery metadata; not a validated inclusion or toxicity claim
dafb9ab6f011de2926eb34dca3f5a91336c19735,Quantitative Comparison of Pyranose Dehydrogenase Action on Diverse Xylooligosaccharides,J. Karppi; Hongbo Zhao; Sun-Li Chong; Antti Koistinen; M. Tenkanen; E. Master,2020,10.3389/fchem.2020.00011,https://www.semanticscholar.org/paper/dafb9ab6f011de2926eb34dca3f5a91336c19735,https://www.frontiersin.org/articles/10.3389/fchem.2020.00011/pdf,9,Discovery metadata; not a validated inclusion or toxicity claim
db3527515c9d411a92e2e1163812f606149e7564,Toxicity of Substances Isolated from Simarouba versicolor St . Hil . ( Simaroubaceae ) to the Leaf-cutting Ant Atta sexdens L . ( Hymenoptera : Formicidae ) and the Symbiotic Fungus Leucoagaricus gongylophorus ( Singer ),Möller; Mária; V. F.G.; Peñaflor; Roberta; A. N.; Almeida; Simone; Y.; Simote; Erica S. Yamane; Odair; C.; Bueno; A. J.; Hebling; João; B.; Fernandes; Paulo; Vieira; F. F.G.; da Silva; Fernando; Pagnocca,2009,,https://www.semanticscholar.org/paper/db3527515c9d411a92e2e1163812f606149e7564,,9,Discovery metadata; not a validated inclusion or toxicity claim
e4de6a053874af66063c024319e66f784a4f72e6,Antimicrobial Activities of Fruit Bodies and/or Mycelial Cultures of Some Mushroom Isolates,M. Yamaç; F. Bilgili,2006,10.1080/13880200601006897,https://www.semanticscholar.org/paper/e4de6a053874af66063c024319e66f784a4f72e6,https://www.tandfonline.com/doi/pdf/10.1080/13880200601006897?needAccess=true,9,Discovery metadata; not a validated inclusion or toxicity claim
f0095456c4642ffb2d908dbf317b1e0ef95f8a1b,"Anthrone and oxanthrone C,O-diglycosides from Picramnia teapensis.",T. Rodrı́guez-Gamboa; S. R. Victor; J. Fernandes; E. R. Fo; M. da Silva; P. Vieira; F. C. Pagnocca; O. Bueno; M. Hebling; O. Castro,2000,10.1016/S0031-9422(00)00323-X,https://www.semanticscholar.org/paper/f0095456c4642ffb2d908dbf317b1e0ef95f8a1b,http://hdl.handle.net/11056/22829,9,Discovery metadata; not a validated inclusion or toxicity claim
f251ce537f10b2dddae46a26f5828fd74d7d3000,Mycoremediation affects antioxidative status in winter rye plants grown at Chernobyl exclusion zone site in Ukraine,A. Vukovic; W. Schulz; I. Š. Čamagajevac; Apoorva Gaur; C. Walther; D. Gupta,2020,10.1007/s11356-020-09137-w,https://www.semanticscholar.org/paper/f251ce537f10b2dddae46a26f5828fd74d7d3000,,9,Discovery metadata; not a validated inclusion or toxicity claim
f57d4081e0bda759b436649f4b18b2de20654a71,Macrofungal diversity of greenhouses at the Warsaw University Botanic Garden,A. Szczepkowski; B. Gierczyk; A. Kujawa; P. Dobrzyński,2022,10.12775/eq.2022.018,https://www.semanticscholar.org/paper/f57d4081e0bda759b436649f4b18b2de20654a71,https://apcz.umk.pl/EQ/article/download/38749/32516,9,Discovery metadata; not a validated inclusion or toxicity claim
f8c48c62cc9078553b1e49398921e02f08ce7d7a,Soluble Compounds of Filamentous Fungi Harm the Symbiotic Fungus of Leafcutter Ants,Rodolfo Bizarria; I. C. Moia; Q. V. Montoya; D. A. Polezel; A. Rodrigues,2018,10.1007/s00284-018-1566-1,https://www.semanticscholar.org/paper/f8c48c62cc9078553b1e49398921e02f08ce7d7a,http://doi.org/10.1007/s00284-018-1566-1,9,Discovery metadata; not a validated inclusion or toxicity claim
f943b6070d8145a1f2c7b5f11c22026e7e562ba5,First record of Leucoagaricus nivalis from Pakistan,S. Jabeen; B. Waseem; Tuba; M. Hamid; A. Yasmeen,2020,10.3329/bjpt.v27i2.50684,https://www.semanticscholar.org/paper/f943b6070d8145a1f2c7b5f11c22026e7e562ba5,https://www.banglajol.info/index.php/BJPT/article/download/50684/36030,9,Discovery metadata; not a validated inclusion or toxicity claim
0431995b324182efb758fd7bed3c0888afdf249a,Collective Action in Ant Control,H. M. Ravnborg; Ana de la Cruz; M. P. Guerrero; O. Westermann,2000,10.22004/AG.ECON.50043,https://www.semanticscholar.org/paper/0431995b324182efb758fd7bed3c0888afdf249a,,10,Discovery metadata; not a validated inclusion or toxicity claim
086eb04be10380139ee73e6e4ec13c5b06fe9f4c,"Is Ongoing Sulfluramid Use in South America a Significant Source of Perfluorooctanesulfonate (PFOS)? Production Inventories, Environmental Fate, and Local Occurrence.",John Löfstedt Gilljam; Juliana Leonel; I. Cousins; Jonathan P. Benskin,2016,10.1021/acs.est.5b04544,https://www.semanticscholar.org/paper/086eb04be10380139ee73e6e4ec13c5b06fe9f4c,,10,Discovery metadata; not a validated inclusion or toxicity claim
09a428e365956fae8e3c7ce35b4eefe8159ee714,Características Físico-Químicas E Toxicológicas da Sulfluramida e suas Implicações Ambientais,Amanda Rocha Rodrigues; Ana Julia de Oliveira Gotto; Bruna de Oliveira Santos; Jessica Camila Miranda Cardoso; Nadiely Cristina Silva; Pedro Luiz Rosa Espinosa,2025,10.5132/eec.2024.02.05,https://www.semanticscholar.org/paper/09a428e365956fae8e3c7ce35b4eefe8159ee714,https://eec.ecotoxbrasil.org.br/index.php/eec/article/download/511/456,10,Discovery metadata; not a validated inclusion or toxicity claim
09fb29cf541e6abc388a04cc1235bb92ecd21447,Filamentous fungi found on foundress queens of leaf‐cutting ants (Hymenoptera: Formicidae),A. Rodrigues; A. Silva; M. Bacci Jr; L. C. Forti; F. C. Pagnocca,2010,10.1111/j.1439-0418.2009.01466.x,https://www.semanticscholar.org/paper/09fb29cf541e6abc388a04cc1235bb92ecd21447,,10,Discovery metadata; not a validated inclusion or toxicity claim
09ffb943b6dc66c71ae99299bbd8a5fdcf3d2837,"Acromyrmex fowleri: a new inquiline social parasite species of leaf-cutting ants from South America, with a discussion of social parasite biogeography in the Neotropical region",C. Rabeling; S. Messer; S. Lacau; I. C. Nascimento; M. Bacci; J. Delabie,2019,10.1007/s00040-019-00705-z,https://www.semanticscholar.org/paper/09ffb943b6dc66c71ae99299bbd8a5fdcf3d2837,http://doi.org/10.1007/s00040-019-00705-z,10,Discovery metadata; not a validated inclusion or toxicity claim
0bc382b02c6503917124931d69eb9d437f4f0f6e,"Biological attributes of Argentinian phorid parasitoids (Insecta: Diptera: Phoridae) of leaf-cutting ants, Acromyrmex and Atta",L. Elizalde; P. Folgarait,2011,10.1080/00222933.2011.602478,https://www.semanticscholar.org/paper/0bc382b02c6503917124931d69eb9d437f4f0f6e,,10,Discovery metadata; not a validated inclusion or toxicity claim
0ded9f6c5d6051d1c4d4db9a2c30c0fe3365b898,Novel Phialophora species from leaf-cutting ants (tribe Attini),D. Attili-Angelis; A. P. M. Duarte; F. C. Pagnocca; N. S. Nagamoto; M. de Vries; J. B. Stielow; G. S. de Hoog,2014,10.1007/s13225-013-0275-0,https://www.semanticscholar.org/paper/0ded9f6c5d6051d1c4d4db9a2c30c0fe3365b898,https://pure.knaw.nl/portal/en/publications/496ed9de-677a-42ae-9324-d12663827ee6,10,Discovery metadata; not a validated inclusion or toxicity claim
152f6d9b5710428f85fa707216c7091ce7fcac1f,"Acromyrmex fowleri: a new inquiline social parasite species of leaf-cutting ants from South America, with a discussion of social parasite biogeography in the Neotropical region",C. Rabeling; S. Messer; S. Lacau; I. C. do Nascimento; M. Bacci; J. Delabie,2019,10.1007/s00040-019-00705-z,https://www.semanticscholar.org/paper/152f6d9b5710428f85fa707216c7091ce7fcac1f,http://doi.org/10.1007/s00040-019-00705-z,10,Discovery metadata; not a validated inclusion or toxicity claim
17d626460d85172d2082f12cadb7deb6e75157fa,Microsporidan and Fungal Diseases of Solenopsis invicta Buren in Brazil,G. E. Allen; W. F. Buren,1974,,https://www.semanticscholar.org/paper/17d626460d85172d2082f12cadb7deb6e75157fa,,10,Discovery metadata; not a validated inclusion or toxicity claim
19f333e398e7c423f8e0fd1889d58c5336944d7f,In vitro isolation and identification of Leucoagaricus gongylophorus from Atta mexicana (Hymenoptera:Formicidae) fungal garden,C. Espinoza; I. Izquierdo; Alan Couttolenc; Gandhi Landa-Cadena; J. Valenzuela; Á. Trigos,2017,,https://www.semanticscholar.org/paper/19f333e398e7c423f8e0fd1889d58c5336944d7f,,10,Discovery metadata; not a validated inclusion or toxicity claim
1e0b6a619cfc8291b5dbc2f2ded70de7eecefd66,Artifacts Caused by Leaf‐Cutting Ants of the Genus Atta (Hymenoptera: Formicidae): Postmortem Bite Injuries and the Tearing of Clothes,Alexandre Ariel da Fonseca Souza; Cássio Thyone Almeida de Rosa; L. Arantes; J. R. Pujol-Luz,2020,10.1111/1556-4029.14279,https://www.semanticscholar.org/paper/1e0b6a619cfc8291b5dbc2f2ded70de7eecefd66,,10,Discovery metadata; not a validated inclusion or toxicity claim
1fc0d38bfb4270c21a881b31a3decb5b4740816d,"Unraveling Culturable Microfungal Communities Associated with Colonies of the Fungus-Farming Ant Mycetomoellerius urichii (Forel, 1893)",M. O. da Cruz; Q. V. Montoya; R. L. de Sousa; G. Pennachioni; A. Rodrigues,2026,10.1007/s00248-026-02776-5,https://www.semanticscholar.org/paper/1fc0d38bfb4270c21a881b31a3decb5b4740816d,https://doi.org/10.1007/s00248-026-02776-5,10,Discovery metadata; not a validated inclusion or toxicity claim
20681e941255500226adcd4d8de73d59082b2464,Acromyrmex charruanus: a new inquiline social parasite species of leaf-cutting ants,C. Rabeling; T. R. Schultz; M. Bacci; M. Bollazzi,2015,10.1007/s00040-015-0406-6,https://www.semanticscholar.org/paper/20681e941255500226adcd4d8de73d59082b2464,,10,Discovery metadata; not a validated inclusion or toxicity claim
217d4c30ca8b00bce2e158312f383081718ffe37,"New behavior report by Canthon virens (Mannerheim, 1829) (Coleoptera: Scarabaeidae: Scarabaeinae) in Southeastern Brazil",G. Oliveira; N. R. Henriques; J. Louzada; L. Vieira,2022,10.37486/2675-1305.ec04023,https://www.semanticscholar.org/paper/217d4c30ca8b00bce2e158312f383081718ffe37,https://www.entomologicalcommunications.org/index.php/entcom/article/download/ec04023/141,10,Discovery metadata; not a validated inclusion or toxicity claim
24db722f37a8a347765e74c5a4c4f360e851bc17,"Leaf-cutting ant (Atta laevigata Smith) in an African mahogany plantation in Minas Gerais state, Brazil",R. M. De Souza; A. Ribeiro; A. C. Ferraz Filho,2021,10.12741/ebrasilis.v14.e954,https://www.semanticscholar.org/paper/24db722f37a8a347765e74c5a4c4f360e851bc17,https://doi.org/10.12741/ebrasilis.v14.e954,10,Discovery metadata; not a validated inclusion or toxicity claim
2569909ff33b3bdafcc3d8a3f9d875dd6d5549bc,Trichoderma species associated with Acromyrmex ant nests from Argentina and first report of Trichoderma lentiforme for the country,Natalia G. Armando; J. A. Marfetán; P. Folgarait,2017,10.14522/DARWINIANA.2017.51.724,https://www.semanticscholar.org/paper/2569909ff33b3bdafcc3d8a3f9d875dd6d5549bc,https://doi.org/10.14522/darwiniana.2017.51.724,10,Discovery metadata; not a validated inclusion or toxicity claim
294fe9e25e7470940902e6988cd05f974c3d72da,Efeitos de biopesticidas baseados em microrganismos na relação da formiga cortadeira Acromyrmex aspersus (Hymenoptera: Formicidae) e seu fungo mutualista,Veronica Cañas Mesa,,10.47328/ufvbbt.2021.122,https://www.semanticscholar.org/paper/294fe9e25e7470940902e6988cd05f974c3d72da,https://locus.ufv.br/bitstreams/4ffdf690-d4ab-4c8b-bcd1-c00077e3c418/download,10,Discovery metadata; not a validated inclusion or toxicity claim
2c31ec3e51ef529c1b5dcc3a3b5631131e22e7b3,Riding on ants: A new report of this interesting behavior in Attacobius spiders (Araneae: Corinnidae),G. Pompozzi; F. Campón,2024,10.1636/JoA-S-24-003,https://www.semanticscholar.org/paper/2c31ec3e51ef529c1b5dcc3a3b5631131e22e7b3,http://hdl.handle.net/11336/261904,10,Discovery metadata; not a validated inclusion or toxicity claim
2f9e0d44e1381670c19f7cf12f8d63776e1c4413,Genetic caste polymorphism and the evolution of polyandry in Atta leaf-cutting ants,Sophie E. F. Evison; W. Hughes,2011,10.1007/s00114-011-0810-3,https://www.semanticscholar.org/paper/2f9e0d44e1381670c19f7cf12f8d63776e1c4413,https://figshare.com/articles/journal_contribution/Genetic_caste_polymorphism_and_the_evolution_of_polyandry_in_Atta_leaf-cutting_ants/23397986,10,Discovery metadata; not a validated inclusion or toxicity claim
34640c3498dbae3af587c0c7203ad7ba935f67b0,The frog Lithodytes lineatus (Anura: Leptodactylidae) uses chemical recognition to live in colonies of leaf-cutting ants of the genus Atta (Hymenoptera: Formicidae),A. Lima Barros; J. L. López-Lozano; A. Lima,2016,10.1007/s00265-016-2223-y,https://www.semanticscholar.org/paper/34640c3498dbae3af587c0c7203ad7ba935f67b0,,10,Discovery metadata; not a validated inclusion or toxicity claim
3d26d0a480f8b809e06067b610281e42d01ab67a,Novel Phialophora species from leaf-cutting ants (tribe Attini),D. Attili-Angelis; A. P. M. Duarte; F. C. Pagnocca; N. S. Nagamoto; M. de Vries; J. B. Stielow; G. S. de Hoog,2014,10.1007/s13225-013-0275-0,https://www.semanticscholar.org/paper/3d26d0a480f8b809e06067b610281e42d01ab67a,https://pure.knaw.nl/portal/en/publications/496ed9de-677a-42ae-9324-d12663827ee6,10,Discovery metadata; not a validated inclusion or toxicity claim
4346da4d5c46e631b2f0e7452f8e349c2bbd5de2,Evaluation of the adequacy of diflubenzuron and dechlorane in toxic baits for leaf-cutting ants (Hymenoptera: Formicidae) based on formicidal activity,N. S. Nagamoto; L. C. Forti; C. G. Raetano,2007,10.1007/s10340-006-0143-8,https://www.semanticscholar.org/paper/4346da4d5c46e631b2f0e7452f8e349c2bbd5de2,,10,Discovery metadata; not a validated inclusion or toxicity claim
448d14c3a365c85b9e509b7a61b5bf4be1302291,Trophallaxis in Dehydrated Leaf Cutting Colonies of Atta sexdens rubropilosa (Hymenoptera: Formicidae),A. C. D. da Silva; C. Navas; P. Ribeiro,2009,,https://www.semanticscholar.org/paper/448d14c3a365c85b9e509b7a61b5bf4be1302291,,10,Discovery metadata; not a validated inclusion or toxicity claim
44b8c892dffc3c5ecc1b0238a6154360bb2a5c74,Low Virulence of the Fungi Escovopsis and Escovopsioides to a Leaf-Cutting Ant-Fungus Symbiosis,Débora Mello Furtado de Mendonça; M. C. Caixeta; Gabriel Leite Martins; C. Moreira; T. G. Kloss; S. Elliot,2021,10.3389/fmicb.2021.673445,https://www.semanticscholar.org/paper/44b8c892dffc3c5ecc1b0238a6154360bb2a5c74,https://www.frontiersin.org/articles/10.3389/fmicb.2021.673445/pdf,10,Discovery metadata; not a validated inclusion or toxicity claim
47bd8f4cd84b2822c976119cab5e37dc06432a80,Expressed sequence tags from Atta laevigata and identification of candidate genes for the control of pest leaf-cutting ants,C. Rodovalho; M. Ferro; Fernando P P Fonseca; Erik A Antonio; I. Guilherme; F. Henrique-Silva; M. Bacci,2011,10.1186/1756-0500-4-203,https://www.semanticscholar.org/paper/47bd8f4cd84b2822c976119cab5e37dc06432a80,https://bmcresnotes.biomedcentral.com/counter/pdf/10.1186/1756-0500-4-203,10,Discovery metadata; not a validated inclusion or toxicity claim
48e3294d9e385eeed32e6e398f428e70bf307f5d,"Seasonality, age structure and reproduction of Leptodactylus (Lithodytes) lineatus (Anura, Leptodactylidae) in Rondônia state, southwestern Amazon, Brazil",P. Bernarde; M. Kokubum,2009,10.1590/S0073-47212009000400005,https://www.semanticscholar.org/paper/48e3294d9e385eeed32e6e398f428e70bf307f5d,https://www.scielo.br/j/isz/a/yyYfsLFLCSh8GKcSnMkKWyQ/?lang=en&format=pdf,10,Discovery metadata; not a validated inclusion or toxicity claim
5051221dd5ed704dcaac87ded7f104cf83b9b3e7,A Holiday with a Difference and a Purpose (a report on an experience in Mexico),T. Pittman,1992,,https://www.semanticscholar.org/paper/5051221dd5ed704dcaac87ded7f104cf83b9b3e7,,10,Discovery metadata; not a validated inclusion or toxicity claim
5165ebc2ea996ff92e43231af9f90214f7a552b0,"AntCounter Software: Counting Leaf-Cutting Ants Was never so Precise, fast and Easy",S. Bustamante; A. Amarillo-Suárez,2016,10.1007/s10905-016-9558-0,https://www.semanticscholar.org/paper/5165ebc2ea996ff92e43231af9f90214f7a552b0,,10,Discovery metadata; not a validated inclusion or toxicity claim
5817ddbe3f14526844243bb978ac1f4bb2831a31,"AntCounter Software: Counting Leaf-Cutting Ants Was never so Precise, fast and Easy",S. Bustamante; A. Amarillo-Suárez,2016,10.1007/s10905-016-9558-0,https://www.semanticscholar.org/paper/5817ddbe3f14526844243bb978ac1f4bb2831a31,,10,Discovery metadata; not a validated inclusion or toxicity claim
58ea444d4cb6d799afdd12fd7664209456eca740,ATTINE: a computerized database of leaf‐cutting ant (Atta and Acromyrmex) literature,H. G. Fowler; F. M. Schlittler; M. Schlindwein,1995,10.1111/J.1439-0418.1995.TB01280.X,https://www.semanticscholar.org/paper/58ea444d4cb6d799afdd12fd7664209456eca740,http://hdl.handle.net/11449/228103,10,Discovery metadata; not a validated inclusion or toxicity claim
5eaba3e7877fb31fb26b49b17af48e2bcfeca01d,UNIVERSITY OF SÃO PAULO INSTITUTE OF PSYCHOLOGY DEPARTMENT OF EXPERIMENTAL PSYCHOLOGY,J. P. da Silva; Janiele Pereira; Danilo Silva; O. Bueno; B. Resende; P. Silveira; José Siqueira; Marianne A. Silva; G. Polito,2022,,https://www.semanticscholar.org/paper/5eaba3e7877fb31fb26b49b17af48e2bcfeca01d,,10,Discovery metadata; not a validated inclusion or toxicity claim
6313fa43d0b68d890d7acbc6f4a94c689e444f07,Climate Change Influences Basidiome Emergence of Leaf-Cutting Ant Cultivars,Rodolfo Bizarria; P. W. Kooij; A. Rodrigues,2021,10.3390/jof7110912,https://www.semanticscholar.org/paper/6313fa43d0b68d890d7acbc6f4a94c689e444f07,https://www.mdpi.com/2309-608X/7/11/912/pdf?version=1635330635,10,Discovery metadata; not a validated inclusion or toxicity claim
69a25fada6b79afcd73bfbb1a6e164a1441e627c,Caste and task allocation in ants,V. Norman,2016,,https://www.semanticscholar.org/paper/69a25fada6b79afcd73bfbb1a6e164a1441e627c,,10,Discovery metadata; not a validated inclusion or toxicity claim
6cd35a23cdbc47f031d88f350a5f484c1afff69a,Acromyrmex charruanus: a new inquiline social parasite species of leaf-cutting ants,C. Rabeling; T. Schultz; M. Bacci; M. Bollazzi,2015,10.1007/s00040-015-0406-6,https://www.semanticscholar.org/paper/6cd35a23cdbc47f031d88f350a5f484c1afff69a,,10,Discovery metadata; not a validated inclusion or toxicity claim
6e3ee138182017d37dd4e3595e331432eece73bd,Abamectin-driven alterations on queen ovaries of the leaf-cutting ant Acromyrmex subterraneus subterraneus (Hymenoptera: Formicidae),E. Antunes; T. Della Lucia; R. Guedes; J. Serrão,2005,,https://www.semanticscholar.org/paper/6e3ee138182017d37dd4e3595e331432eece73bd,,10,Discovery metadata; not a validated inclusion or toxicity claim
7467b6e2a0c71fc0c3a8373a121a8064bcf3990e,Subsurface survey capability demonstration through a drone-borne tri-band SAR,G. Oré; Vitor de Oliveira Freire; Felicio Castro; H. E. Hernández-Figueroa,2022,10.1109/AP-S/USNC-URSI47032.2022.9886821,https://www.semanticscholar.org/paper/7467b6e2a0c71fc0c3a8373a121a8064bcf3990e,,10,Discovery metadata; not a validated inclusion or toxicity claim
7627c79d3ea0b118732f0383685af629d079bca7,"The First Records of Bycrea Villosa Pascoe (Coleoptera: Tenebrionidae) in the United States, Central America and Colombia and Notes on Its Association with Leaf-Cutting Ants",W. Steiner,2004,10.1649/619,https://www.semanticscholar.org/paper/7627c79d3ea0b118732f0383685af629d079bca7,https://doi.org/10.1649/619,10,Discovery metadata; not a validated inclusion or toxicity claim
773519b1eb3b91757375e0a4e2e05b7118c1c63f,"Brood production and mortality rate of young saúva queens (Atta exdens Linnaeus, 1758)... BROOD PRODUCTION AND MORTALITY RATE OF YOUNG SAÚVA QUEENS (Atta sexdens LINNAEUS, 1758) (HYMENOPTERA: FORMICIDAE) REARED IN ARTIFICIAL COLONIES WITH MIXED SUBSTRA TUM",J. O. Augustin; J. Lopes,2013,,https://www.semanticscholar.org/paper/773519b1eb3b91757375e0a4e2e05b7118c1c63f,,10,Discovery metadata; not a validated inclusion or toxicity claim
7d4336a89cd61ae3c0b347d9191f45d58e4e1a79,"Identification of the Trail Pheromone of a Leaf-cutting Ant, Atta texana",J. H. Tumlinson; R. M. Silverstein; J. Moser; R. G. Brownlee; J. M. Ruth,1971,10.1038/234348B0,https://www.semanticscholar.org/paper/7d4336a89cd61ae3c0b347d9191f45d58e4e1a79,,10,Discovery metadata; not a validated inclusion or toxicity claim
8f9e772aca5de0f865a5fdcb015a04831da7b610,INTEGRATION OF SOCIAL TECHNOLOGIES MICRO DAMS AND MULTIPLE-USE PONDS,J. O. Augustin; J. Lopes,2011,10.21206/RBAS.V1I1.9,https://www.semanticscholar.org/paper/8f9e772aca5de0f865a5fdcb015a04831da7b610,,10,Discovery metadata; not a validated inclusion or toxicity claim
90949c33d3efea031d64ab77a9bc0c0610c654cb,Ant–fungus species combinations engineer physiological activity of fungus gardens,J. Seal; J. Seal; M. Schiøtt; Ulrich G. Mueller,2014,10.1242/jeb.098483,https://www.semanticscholar.org/paper/90949c33d3efea031d64ab77a9bc0c0610c654cb,https://jeb.biologists.org/content/jexbio/217/14/2540.full.pdf,10,Discovery metadata; not a validated inclusion or toxicity claim
91c9736194a9094b2bea0863a0fcf5c909e8f24c,"Population Dynamics, Impacts, and Integrated Management of Forest Defoliating Insects",D. Kulhavy; W. Ross; R. R. Cahal,1998,,https://www.semanticscholar.org/paper/91c9736194a9094b2bea0863a0fcf5c909e8f24c,,10,Discovery metadata; not a validated inclusion or toxicity claim
94b22555bac0c4486d530f6c91618c507859acf6,The frog Lithodytes lineatus (Anura: Leptodactylidae) uses chemical recognition to live in colonies of leaf-cutting ants of the genus Atta (Hymenoptera: Formicidae),André de Lima Barros; J. L. López-Lozano; A. Lima,2016,10.1007/s00265-016-2223-y,https://www.semanticscholar.org/paper/94b22555bac0c4486d530f6c91618c507859acf6,,10,Discovery metadata; not a validated inclusion or toxicity claim
97575f97124b96ccea1b9a09b726a03496d129fa,Morphology of ovary and spermathecae of the parasitoid Eibesfeldtphora tonhascai Brown (Diptera: Phoridae),C. F. Farder-Gomes; Helen P Santos; M. A. Oliveira; J. Zanuncio; J. Serrão,2018,10.1007/s00709-018-1276-3,https://www.semanticscholar.org/paper/97575f97124b96ccea1b9a09b726a03496d129fa,,10,Discovery metadata; not a validated inclusion or toxicity claim
9b66bd576ab122e65bf8cdee5db09da14a6c261e,Leaf tissue transport as a function of loading ratio in the leaf‐cutting ant Atta cephalotes,M. Burd,2001,10.1046/j.1365-2311.2001.00334.x,https://www.semanticscholar.org/paper/9b66bd576ab122e65bf8cdee5db09da14a6c261e,https://onlinelibrary.wiley.com/doi/pdfdirect/10.1046/j.1365-2311.2001.00334.x,10,Discovery metadata; not a validated inclusion or toxicity claim
9f480474ce9e75a4196ed0efa003d073ecd35eba,Hongos simbiontes de hormigas cortadoras de hojas del género Acromyrmex en bosques secos del centro de Argentina,David Pelissero; Francisco Kuhar; Mariana Pereyra; Eduardo Nouhra,2021,10.14522/darwiniana.2021.91.950,https://www.semanticscholar.org/paper/9f480474ce9e75a4196ed0efa003d073ecd35eba,http://www.ojs.darwin.edu.ar/index.php/darwiniana/article/download/950/1219,10,Discovery metadata; not a validated inclusion or toxicity claim
a0b5ea71e07eee76ab68cb85d3c867c313ac61b7,Agricultural Insects of the Paraguayan Chaco,J. L. Nickel,1958,10.1093/JEE/51.5.633,https://www.semanticscholar.org/paper/a0b5ea71e07eee76ab68cb85d3c867c313ac61b7,,10,Discovery metadata; not a validated inclusion or toxicity claim
a71b992d90b48ae4c0d70849b1d6dfd5436de883,Biomineral armor in leaf-cutter ants,Hongjie Li; Chang-yu Sun; Yi-Hang Fang; C. Carlson; Huifang Xu; A. Ješovnik; J. Sosa‐Calvo; R. Zarnowski; H. Bechtel; J. Fournelle; D. Andes; T. Schultz; P. Gilbert; C. Currie,2020,10.1038/s41467-020-19566-3,https://www.semanticscholar.org/paper/a71b992d90b48ae4c0d70849b1d6dfd5436de883,https://www.nature.com/articles/s41467-020-19566-3.pdf,10,Discovery metadata; not a validated inclusion or toxicity claim
a9c2caf2e0d8b407980204d4ced166f39d98784b,Origin of Classes among the “Parasol” Ants,Herbert Spencer,1894,10.1038/051125C0,https://www.semanticscholar.org/paper/a9c2caf2e0d8b407980204d4ced166f39d98784b,https://zenodo.org/record/2103861,10,Discovery metadata; not a validated inclusion or toxicity claim
a9e281bb8cec990fe0422b3afde5a426bfad4f79,"Initiation of swarming behavior and synchronization of mating flights in the leaf-cutting ant Atta vollenweideri FOREL, 1893 (Hymenoptera: Formicidae)",Michael Staab; C. Kleineidam,2014,,https://www.semanticscholar.org/paper/a9e281bb8cec990fe0422b3afde5a426bfad4f79,,10,Discovery metadata; not a validated inclusion or toxicity claim
af00d9995cf04111d3315de45f738febf85f4365,Causes and consequences of genetic caste-bias in the eusocial Hymenoptera,R. Mitchell,2013,,https://www.semanticscholar.org/paper/af00d9995cf04111d3315de45f738febf85f4365,,10,Discovery metadata; not a validated inclusion or toxicity claim
b33efbd5f649885d5ef74907151d88d6949ff33d,Ultrastructure and physiology of the CO2 sensitive sensillum ampullaceum in the leaf-cutting ant Atta sexdens.,C. Kleineidam; Roberto Romani; J. Tautz; N. Isidoro,2000,10.1016/S1467-8039(00)00012-8,https://www.semanticscholar.org/paper/b33efbd5f649885d5ef74907151d88d6949ff33d,https://kops.uni-konstanz.de/server/api/core/bitstreams/4cccf8c2-71e3-4c3c-8787-995fcce7c50f/content,10,Discovery metadata; not a validated inclusion or toxicity claim
b497010ea714908797262d7ead86e36691c447e5,Validation of reference genes in leaf-cutting ant Atta sexdens rubropilosa in different developmental stages and tissues,A. Moreira; A. M. dos Santos; R. Carneiro; O. Bueno; D. Souza,2017,10.22161/IJEAB/2.2.23,https://www.semanticscholar.org/paper/b497010ea714908797262d7ead86e36691c447e5,https://doi.org/10.22161/ijeab/2.2.23,10,Discovery metadata; not a validated inclusion or toxicity claim
b5fa34f69f53b02302417c9c59b1bbf8e9a8201e,Sobre alguns ácaros associados a um sauveiro,C. Flechtmann,1968,10.1590/S0071-12761968000100015,https://www.semanticscholar.org/paper/b5fa34f69f53b02302417c9c59b1bbf8e9a8201e,http://www.scielo.br/pdf/aesalq/v25/15.pdf,10,Discovery metadata; not a validated inclusion or toxicity claim
c2c241ba282d6ab6da706a7fc3d657a8fe98f17f,Leaf‐cutting ants and leaf‐riding flies,D. A. Waller,1980,10.1111/j.1365-2311.1980.tb01152.x,https://www.semanticscholar.org/paper/c2c241ba282d6ab6da706a7fc3d657a8fe98f17f,,10,Discovery metadata; not a validated inclusion or toxicity claim
c5c45a4fdb72827442677e75764e8356a139107f,"Emigration of a colony of the leaf-cutting ant Acromyrmex heyeri Forel (Hymenoptera, Formicidae)",M. Nickele; M. Pie; W. Reis,2012,10.1590/S0085-56262012005000045,https://www.semanticscholar.org/paper/c5c45a4fdb72827442677e75764e8356a139107f,http://www.scielo.br/pdf/rbent/v56n3/aop4912.pdf,10,Discovery metadata; not a validated inclusion or toxicity claim
c74aaa848f9ac77c856ca0480f234a43d3288a35,"Soil temperature, digging behaviour, and the adaptive value of nest depth in South American species of Acromyrmex leaf-cutting ants",M. Bollazzi; Jenja Kronenbitter; F. Roces,2008,10.1007/s00442-008-1113-z,https://www.semanticscholar.org/paper/c74aaa848f9ac77c856ca0480f234a43d3288a35,,10,Discovery metadata; not a validated inclusion or toxicity claim
cba1e32fb2645b6c150aa873b56516b39fd55d4a,Emigration of a colony of the leaf-cutting ant Acromyrmex lundi lundi (Guérin) (Hymenoptera: Formicidae),M. Nickele; M. Pie; W. Reis,2012,,https://www.semanticscholar.org/paper/cba1e32fb2645b6c150aa873b56516b39fd55d4a,,10,Discovery metadata; not a validated inclusion or toxicity claim
cbc4fc6fcd9691f50a4c8883ce200b786fc29889,"As “Adnotationes” do Jesuíta Johann Breuer sobre a história natural da missão de Ibiapaba, Ceará (1789)",N. Papavero; Dante Martins Teixeira; Abner Chiquieri,2011,10.11606/ISSN.2176-7793.V42I3P133-159,https://www.semanticscholar.org/paper/cbc4fc6fcd9691f50a4c8883ce200b786fc29889,https://www.revistas.usp.br/azmz/article/download/85217/88052,10,Discovery metadata; not a validated inclusion or toxicity claim
d8b16390833c3f4c37b7107d0f0733c65997963d,PRIMER REGISTRO DE Attaphila fungicola (BLATTARIA: POLYPHAGIDAE) EN NIDOS DE Atta cephalotes (HYMENOPTERA: MYRMICINAE) EN COLOMBIA,G. JonathanRodríguez; J. Montoya-Lerma; D. ZoraidaCalle,2013,,https://www.semanticscholar.org/paper/d8b16390833c3f4c37b7107d0f0733c65997963d,,10,Discovery metadata; not a validated inclusion or toxicity claim
e1f984f5a699b6ea190f9d63cd4c2cd2af2cdb5a,Corrigendum: Shear adhesive performance of leaf‐cutting ant workers (Atta cephalotes),A. Stark; Hayden R. Davis; W. Harrison,2020,10.1111/btp.12812,https://www.semanticscholar.org/paper/e1f984f5a699b6ea190f9d63cd4c2cd2af2cdb5a,,10,Discovery metadata; not a validated inclusion or toxicity claim
e96c7938d7ffc0bd17b51ecc0ae51bfc5497692c,Pathogenicity of filamentous fungi towards Atta sexdens rubropilosa (Hymenoptera:﻿ ﻿Formicidae﻿),S. Cardoso; A. Rodrigues; L. C. Forti; N. S. Nagamoto,2021,10.1007/s42690-021-00640-2,https://www.semanticscholar.org/paper/e96c7938d7ffc0bd17b51ecc0ae51bfc5497692c,,10,Discovery metadata; not a validated inclusion or toxicity claim
ea2bd4efed7792e1f45d1ca91708e2c52ff80ed2,Social Carrying and Defensive Behavior During Colony Emigration in the Leaf-cutting Ant Atta sexdens,L. Valadares; F. Nascimento,2017,10.13102/SOCIOBIOLOGY.V64I4.2087,https://www.semanticscholar.org/paper/ea2bd4efed7792e1f45d1ca91708e2c52ff80ed2,https://doi.org/10.13102/sociobiology.v64i4.2087,10,Discovery metadata; not a validated inclusion or toxicity claim
ec11da2287d4010873a8cad964f419e8a292e702,Proposed lime stone treatment as pest control fails for the leaf-cutting ant Atta sexdens rubropilosa,J. Schoereder; H. M. M. Silva; A. Carvalho; D. C. Muscardi,2012,10.1016/J.CROPRO.2012.07.022,https://www.semanticscholar.org/paper/ec11da2287d4010873a8cad964f419e8a292e702,http://enpuir.npu.edu.ua/handle/123456789/21681,10,Discovery metadata; not a validated inclusion or toxicity claim
ee207446d2ba05e4dd8d0542184cd9fc18e6af77,"Chromosome Mapping of Ribosomal DNA Clusters in Four Leaf-cutting Ant Species of the Genus Acromyrmex, with Description of a Triploid Individual in A. laticeps",L. Barros; G. Teixeira; R. Lod; A. Arnhold; Hilton Jeferson Alves Cardoso De Aguiar,2024,10.13102/sociobiology.v71i3.10403,https://www.semanticscholar.org/paper/ee207446d2ba05e4dd8d0542184cd9fc18e6af77,https://doi.org/10.13102/sociobiology.v71i3.10403,10,Discovery metadata; not a validated inclusion or toxicity claim
f33c53d73436e1555d5219d885253ae6b7bc193f,First record of Phorid Parasitoids (Diptera: Phoridae) of the leaf-cutting ant Atta bisphaerica Forel (Hymenoptera: Formicidae),M. Bragança; T. M. D. Lucia; A. Tonhasca,2003,10.1590/S1519-566X2003000100028,https://www.semanticscholar.org/paper/f33c53d73436e1555d5219d885253ae6b7bc193f,https://www.scielo.br/j/ne/a/BSYZCXZ4J9PDjNMP93Ly8Py/?lang=en&format=pdf,10,Discovery metadata; not a validated inclusion or toxicity claim
f67950931b63f6772e7d7fefd453549706d2b4f8,Geographical Distribution of Leaf-cutting Ants and Possible Increase of Damage due to Their Expansion in Southern Brazil and Paraguay (Hymenoptera : Formicidae),K. Ichinose; L. C. Forti; D. Pretto,1998,,https://www.semanticscholar.org/paper/f67950931b63f6772e7d7fefd453549706d2b4f8,,10,Discovery metadata; not a validated inclusion or toxicity claim
f68ce906b27eeb1c5100a5efe795bab2d44fea33,Mite species associated with Atta Fabricius (Hymenoptera: Formicidae),Carlos H.W. Flechtmann; G. J. D. Moraes,2026,10.11158/saa.31.4.1,https://www.semanticscholar.org/paper/f68ce906b27eeb1c5100a5efe795bab2d44fea33,,10,Discovery metadata; not a validated inclusion or toxicity claim
f69b3b0de27024dbda9df58b8314ea9d4d728074,Erratum,R. Hildebrand; J. A. Davidson; J. Dotson; C. Dowell; G. Novak; J. Vaillancourt,1961,10.1086/317728,https://www.semanticscholar.org/paper/f69b3b0de27024dbda9df58b8314ea9d4d728074,https://iopscience.iop.org/article/10.1086/317728/pdf,10,Discovery metadata; not a validated inclusion or toxicity claim
fa0c99c850e63d6664b57582188acf9bd56ff8cb,Absence of the Parasite Escovopsis in Fungus Garden Pellets Carried by Gynes of Atta sexdens,Sinara Maria Moreira; A. Rodrigues; L. C. Forti; N. S. Nagamoto,2015,10.13102/SOCIOBIOLOGY.V62I1.34-38,https://www.semanticscholar.org/paper/fa0c99c850e63d6664b57582188acf9bd56ff8cb,https://doi.org/10.13102/sociobiology.v62i1.34-38,10,Discovery metadata; not a validated inclusion or toxicity claim
fb6a7ed98a49deb02074de1570db03bece3308d8,Brood adoption in the leaf-cutting ant Acromyrmex echinatior: adaptation or recognition noise?,B. Fouks; B. Fouks; Patrizia d'Ettorre; Patrizia d'Ettorre; Volker Nehring,2011,10.1007/s00040-011-0167-9,https://www.semanticscholar.org/paper/fb6a7ed98a49deb02074de1570db03bece3308d8,,10,Discovery metadata; not a validated inclusion or toxicity claim
fba2abfa02236c757dba78c7aab901e79c6dd826,"Observations on Agression in Leaf-Cutting Ant Females, Atta mexicana (Hymenoptera: Formicidae) in Mexico",S. Sanchez-Peña,2008,10.3157/0013-872X-119.5.541,https://www.semanticscholar.org/paper/fba2abfa02236c757dba78c7aab901e79c6dd826,,10,Discovery metadata; not a validated inclusion or toxicity claim
fe9debc619230496dd7ec003febb0c5803cba1a9,Fungal Community Associated with the Leaf-Cutting Ant Acromyrmex crassispinus (Hymenoptera: Formicidae) Colonies: a Search for Potential Biocontrol Agents,T. S. Camargo; M. Nickele; W. Reis; Susete Do Rocio Chiarello Penteado; Elisiane Castro de Queiroz; C. G. Auer,2023,10.1007/s00248-023-02217-7,https://www.semanticscholar.org/paper/fe9debc619230496dd7ec003febb0c5803cba1a9,,10,Discovery metadata; not a validated inclusion or toxicity claim
