record_id,source_id,material,material_type,source_compound_or_fraction_code,source_plant,source_organ,dose_value,dose_unit_as_reported,dose_ug_ml,endpoint,endpoint_relation,endpoint_value,endpoint_unit,remaining_growth_percent,derived_inhibition_percent,original_ordinal_score,damaged_cultures,tested_cultures,ant,fungus_as_reported,observation_time,model_use,transcription_notes,limitations,source_locator,original_url,local_original,context_key,exposure_route,dose_basis,endpoint_ci_low,endpoint_ci_high,independence_group,extraction_batch
F001,salazar2020,90% ethanol leaf extract,crude_extract,,Piper holtonii,Leaves,,,,IC50,=,102,ppm,,,,,,Atta cephalotes,Leucoagaricus gongylophorus,Growth followed for five weeks; dose-response endpoint reported over this assay.,Fitted concentration endpoint; ppm basis must be curated before cross-study potency modelling,Authors’ fitted estimate; no confidence interval supplied. Fig 3 not digitized. IC50/IC95 from the same curve are not independent replicates.,No confidence intervals supplied for fitted IC values. Preserve ppm as reported; do not silently convert to molarity. Extract and pure-compound curves differ.,PDF 4–5 / printed 671–672; Figs 1–3 and results prose,https://doi.org/10.1007/s10886-020-01170-w,sources/salazar2020.pdf,salazar2020,,,,,,1
F002,salazar2020,90% ethanol leaf extract,crude_extract,,Piper holtonii,Leaves,,,,IC95,=,369,ppm,,,,,,Atta cephalotes,Leucoagaricus gongylophorus,Growth followed for five weeks; dose-response endpoint reported over this assay.,Fitted concentration endpoint; ppm basis must be curated before cross-study potency modelling,Authors’ fitted estimate; no confidence interval supplied. Fig 3 not digitized. IC50/IC95 from the same curve are not independent replicates.,No confidence intervals supplied for fitted IC values. Preserve ppm as reported; do not silently convert to molarity. Extract and pure-compound curves differ.,PDF 4–5 / printed 671–672; Figs 1–3 and results prose,https://doi.org/10.1007/s10886-020-01170-w,sources/salazar2020.pdf,salazar2020,,,,,,1
F003,salazar2020,Dillapiole,pure_compound,C1,Piper holtonii,Leaves,,,,IC50,=,38,ppm,,,,,,Atta cephalotes,Leucoagaricus gongylophorus,Growth followed for five weeks; dose-response endpoint reported over this assay.,Fitted concentration endpoint; ppm basis must be curated before cross-study potency modelling,Authors’ fitted estimate; no confidence interval supplied. Fig 3 not digitized. IC50/IC95 from the same curve are not independent replicates.,No confidence intervals supplied for fitted IC values. Preserve ppm as reported; do not silently convert to molarity. Extract and pure-compound curves differ.,PDF 4–5 / printed 671–672; Figs 1–3 and results prose,https://doi.org/10.1007/s10886-020-01170-w,sources/salazar2020.pdf,salazar2020,,,,,,1
F004,salazar2020,Dillapiole,pure_compound,C1,Piper holtonii,Leaves,,,,IC95,=,122,ppm,,,,,,Atta cephalotes,Leucoagaricus gongylophorus,Growth followed for five weeks; dose-response endpoint reported over this assay.,Fitted concentration endpoint; ppm basis must be curated before cross-study potency modelling,Authors’ fitted estimate; no confidence interval supplied. Fig 3 not digitized. IC50/IC95 from the same curve are not independent replicates.,No confidence intervals supplied for fitted IC values. Preserve ppm as reported; do not silently convert to molarity. Extract and pure-compound curves differ.,PDF 4–5 / printed 671–672; Figs 1–3 and results prose,https://doi.org/10.1007/s10886-020-01170-w,sources/salazar2020.pdf,salazar2020,,,,,,1
F005,salazar2020,Hydrodistilled leaf essential oil,essential_oil,,Piper holtonii,Leaves,1000,ppm,,growth_inhibition,=,100,percent,0,100,,,,Atta cephalotes,Leucoagaricus gongylophorus,Growth followed for five weeks; dose-response endpoint reported over this assay.,Assay-specific endpoint only,Dillapiole and several sesquiterpenes present; mixture activity must not be assigned to each constituent.,No confidence intervals supplied for fitted IC values. Preserve ppm as reported; do not silently convert to molarity. Extract and pure-compound curves differ.,PDF 4–5 / printed 671–672; Figs 1–3 and results prose,https://doi.org/10.1007/s10886-020-01170-w,sources/salazar2020.pdf,salazar2020,,,,,,1
F006,howard1988terpenoids,Caryophyllene,pure_compound,1,Hymenaea courbaril,"Leaves; previously reported origin, assay-batch provenance unresolved",0.14,mg/mL,140.0,remaining_growth,=,50,percent,50,50,2+,,,Atta cephalotes,Mutualistic attine fungus; pure-culture identity confirmed by ant acceptance.,Table 1 endpoint is day 7; growth was also followed through day 28.,Ordinal dose-conditioned response; group both doses and all plant links within the same material/study,Plant origins from PDF 3; do not expand one assay into independent rows for each plant. No growth at one dose is not a measured MIC.,Mapped percentages retain ordinal measurement resolution. Table concentrations take precedence over approximate method concentrations. Historical plant origins do not establish batch origin or garden exposure. Possible culture-lineage overlap with 1983 study is unverified.,PDF 7 / printed 65; Table 1,https://doi.org/10.1007/BF01022531,sources/howard1988terpenoids.pdf,howard1988terpenoids,,,,,,1
F007,howard1988terpenoids,Caryophyllene,pure_compound,1,Hymenaea courbaril,"Leaves; previously reported origin, assay-batch provenance unresolved",0.014,mg/mL,14.0,remaining_growth,=,75,percent,75,25,1+,,,Atta cephalotes,Mutualistic attine fungus; pure-culture identity confirmed by ant acceptance.,Table 1 endpoint is day 7; growth was also followed through day 28.,Ordinal dose-conditioned response; group both doses and all plant links within the same material/study,Plant origins from PDF 3; do not expand one assay into independent rows for each plant. No growth at one dose is not a measured MIC.,Mapped percentages retain ordinal measurement resolution. Table concentrations take precedence over approximate method concentrations. Historical plant origins do not establish batch origin or garden exposure. Possible culture-lineage overlap with 1983 study is unverified.,PDF 7 / printed 65; Table 1,https://doi.org/10.1007/BF01022531,sources/howard1988terpenoids.pdf,howard1988terpenoids,,,,,,1
F008,howard1988terpenoids,Caryophyllene epoxide,pure_compound,2,Hymenaea courbaril; Melampodium divaricatum; Vismea baccifera [as printed; Vismia linkage],"Leaves; previously reported origin, assay-batch provenance unresolved",0.1,mg/mL,100.0,remaining_growth,=,0,percent,0,100,4+,,,Atta cephalotes,Mutualistic attine fungus; pure-culture identity confirmed by ant acceptance.,Table 1 endpoint is day 7; growth was also followed through day 28.,Ordinal dose-conditioned response; group both doses and all plant links within the same material/study,Plant origins from PDF 3; do not expand one assay into independent rows for each plant. No growth at one dose is not a measured MIC.,Mapped percentages retain ordinal measurement resolution. Table concentrations take precedence over approximate method concentrations. Historical plant origins do not establish batch origin or garden exposure. Possible culture-lineage overlap with 1983 study is unverified.,PDF 7 / printed 65; Table 1,https://doi.org/10.1007/BF01022531,sources/howard1988terpenoids.pdf,howard1988terpenoids,,,,,,1
F009,howard1988terpenoids,Caryophyllene epoxide,pure_compound,2,Hymenaea courbaril; Melampodium divaricatum; Vismea baccifera [as printed; Vismia linkage],"Leaves; previously reported origin, assay-batch provenance unresolved",0.01,mg/mL,10.0,remaining_growth,=,75,percent,75,25,1+,,,Atta cephalotes,Mutualistic attine fungus; pure-culture identity confirmed by ant acceptance.,Table 1 endpoint is day 7; growth was also followed through day 28.,Ordinal dose-conditioned response; group both doses and all plant links within the same material/study,Plant origins from PDF 3; do not expand one assay into independent rows for each plant. No growth at one dose is not a measured MIC.,Mapped percentages retain ordinal measurement resolution. Table concentrations take precedence over approximate method concentrations. Historical plant origins do not establish batch origin or garden exposure. Possible culture-lineage overlap with 1983 study is unverified.,PDF 7 / printed 65; Table 1,https://doi.org/10.1007/BF01022531,sources/howard1988terpenoids.pdf,howard1988terpenoids,,,,,,1
F010,howard1988terpenoids,Kolavenol,pure_compound,3,Melampodium divaricatum; Vismea baccifera [as printed; Vismia linkage],"Leaves; previously reported origin, assay-batch provenance unresolved",0.11,mg/mL,110.0,remaining_growth,=,100,percent,100,0,0,,,Atta cephalotes,Mutualistic attine fungus; pure-culture identity confirmed by ant acceptance.,Table 1 endpoint is day 7; growth was also followed through day 28.,Ordinal dose-conditioned response; group both doses and all plant links within the same material/study,Plant origins from PDF 3; do not expand one assay into independent rows for each plant. No growth at one dose is not a measured MIC.,Mapped percentages retain ordinal measurement resolution. Table concentrations take precedence over approximate method concentrations. Historical plant origins do not establish batch origin or garden exposure. Possible culture-lineage overlap with 1983 study is unverified.,PDF 7 / printed 65; Table 1,https://doi.org/10.1007/BF01022531,sources/howard1988terpenoids.pdf,howard1988terpenoids,,,,,,1
F011,howard1988terpenoids,Kolavenol,pure_compound,3,Melampodium divaricatum; Vismea baccifera [as printed; Vismia linkage],"Leaves; previously reported origin, assay-batch provenance unresolved",0.011,mg/mL,11.0,remaining_growth,=,100,percent,100,0,0,,,Atta cephalotes,Mutualistic attine fungus; pure-culture identity confirmed by ant acceptance.,Table 1 endpoint is day 7; growth was also followed through day 28.,Ordinal dose-conditioned response; group both doses and all plant links within the same material/study,Plant origins from PDF 3; do not expand one assay into independent rows for each plant. No growth at one dose is not a measured MIC.,Mapped percentages retain ordinal measurement resolution. Table concentrations take precedence over approximate method concentrations. Historical plant origins do not establish batch origin or garden exposure. Possible culture-lineage overlap with 1983 study is unverified.,PDF 7 / printed 65; Table 1,https://doi.org/10.1007/BF01022531,sources/howard1988terpenoids.pdf,howard1988terpenoids,,,,,,1
F012,howard1988terpenoids,Nerolidol,pure_compound,4,Vismea baccifera [as printed; Vismia linkage],"Leaves; previously reported origin, assay-batch provenance unresolved",0.14,mg/mL,140.0,remaining_growth,=,0,percent,0,100,4+,,,Atta cephalotes,Mutualistic attine fungus; pure-culture identity confirmed by ant acceptance.,Table 1 endpoint is day 7; growth was also followed through day 28.,Ordinal dose-conditioned response; group both doses and all plant links within the same material/study,Plant origins from PDF 3; do not expand one assay into independent rows for each plant. No growth at one dose is not a measured MIC.,Mapped percentages retain ordinal measurement resolution. Table concentrations take precedence over approximate method concentrations. Historical plant origins do not establish batch origin or garden exposure. Possible culture-lineage overlap with 1983 study is unverified.,PDF 7 / printed 65; Table 1,https://doi.org/10.1007/BF01022531,sources/howard1988terpenoids.pdf,howard1988terpenoids,,,,,,1
F013,howard1988terpenoids,Nerolidol,pure_compound,4,Vismea baccifera [as printed; Vismia linkage],"Leaves; previously reported origin, assay-batch provenance unresolved",0.014,mg/mL,14.0,remaining_growth,=,50,percent,50,50,2+,,,Atta cephalotes,Mutualistic attine fungus; pure-culture identity confirmed by ant acceptance.,Table 1 endpoint is day 7; growth was also followed through day 28.,Ordinal dose-conditioned response; group both doses and all plant links within the same material/study,Plant origins from PDF 3; do not expand one assay into independent rows for each plant. No growth at one dose is not a measured MIC.,Mapped percentages retain ordinal measurement resolution. Table concentrations take precedence over approximate method concentrations. Historical plant origins do not establish batch origin or garden exposure. Possible culture-lineage overlap with 1983 study is unverified.,PDF 7 / printed 65; Table 1,https://doi.org/10.1007/BF01022531,sources/howard1988terpenoids.pdf,howard1988terpenoids,,,,,,1
F014,pagnocca1996,Sesamin,pure_compound,1,Virola sebifera,Leaves,70,µg/mL,70,remaining_growth,<,20,percent,<20,>80,,,,Atta sexdens rubropilosa,"Leucocoprinus gongylophorus (syn. Rozites gongylophora), identified morphologically.",30–35 days at 25±1°C,Coarse visual or censored dose-conditioned response; structure and stereochemistry curation required,"Source identity: Figure 1; source-to-organ mapping PDF 2. Table reports <20% growth, prose says complete inhibition; retain >80% inhibition as a bound. ","Coarse visual endpoint; no error bars. Sesamin/epigalgravin: prose says complete inhibition, table says <20% remaining growth; retain the table bound. Unequal doses do not give a potency ranking. Names/stereochemistry require structure curation before descriptor assignment.",PDF 4 / printed 1328; Table 1,https://doi.org/10.1007/BF02266969,sources/pagnocca1996.pdf,pagnocca1996,,,,,,1
F015,pagnocca1996,Eudesmin,pure_compound,2,Virola sebifera,Leaves,160,µg/mL,160,remaining_growth,=,60,percent,60,40,,,,Atta sexdens rubropilosa,"Leucocoprinus gongylophorus (syn. Rozites gongylophora), identified morphologically.",30–35 days at 25±1°C,Coarse visual or censored dose-conditioned response; structure and stereochemistry curation required,Source identity: Figure 1; source-to-organ mapping PDF 2. ,"Coarse visual endpoint; no error bars. Sesamin/epigalgravin: prose says complete inhibition, table says <20% remaining growth; retain the table bound. Unequal doses do not give a potency ranking. Names/stereochemistry require structure curation before descriptor assignment.",PDF 4 / printed 1328; Table 1,https://doi.org/10.1007/BF02266969,sources/pagnocca1996.pdf,pagnocca1996,,,,,,1
F016,pagnocca1996,Episesamin,pure_compound,3,Virola sp.,Leaves,200,µg/mL,200,remaining_growth,=,100,percent,100,0,,,,Atta sexdens rubropilosa,"Leucocoprinus gongylophorus (syn. Rozites gongylophora), identified morphologically.",30–35 days at 25±1°C,Coarse visual or censored dose-conditioned response; structure and stereochemistry curation required,Source identity: Figure 1; source-to-organ mapping PDF 2. ,"Coarse visual endpoint; no error bars. Sesamin/epigalgravin: prose says complete inhibition, table says <20% remaining growth; retain the table bound. Unequal doses do not give a potency ranking. Names/stereochemistry require structure curation before descriptor assignment.",PDF 4 / printed 1328; Table 1,https://doi.org/10.1007/BF02266969,sources/pagnocca1996.pdf,pagnocca1996,,,,,,1
F017,pagnocca1996,Philygenol,pure_compound,4,Otoba parvifolia,Fruits,200,µg/mL,200,remaining_growth,=,80,percent,80,20,,,,Atta sexdens rubropilosa,"Leucocoprinus gongylophorus (syn. Rozites gongylophora), identified morphologically.",30–35 days at 25±1°C,Coarse visual or censored dose-conditioned response; structure and stereochemistry curation required,Source identity: Figure 1; source-to-organ mapping PDF 2. ,"Coarse visual endpoint; no error bars. Sesamin/epigalgravin: prose says complete inhibition, table says <20% remaining growth; retain the table bound. Unequal doses do not give a potency ranking. Names/stereochemistry require structure curation before descriptor assignment.",PDF 4 / printed 1328; Table 1,https://doi.org/10.1007/BF02266969,sources/pagnocca1996.pdf,pagnocca1996,,,,,,1
F018,pagnocca1996,Lignan 5,pure_compound,5,Virola sebifera,Leaves,200,µg/mL,200,remaining_growth,=,80,percent,80,20,,,,Atta sexdens rubropilosa,"Leucocoprinus gongylophorus (syn. Rozites gongylophora), identified morphologically.",30–35 days at 25±1°C,Coarse visual or censored dose-conditioned response; structure and stereochemistry curation required,Source identity: Figure 1; source-to-organ mapping PDF 2. Source-local compound code; no guessed common name or SMILES assigned. ,"Coarse visual endpoint; no error bars. Sesamin/epigalgravin: prose says complete inhibition, table says <20% remaining growth; retain the table bound. Unequal doses do not give a potency ranking. Names/stereochemistry require structure curation before descriptor assignment.",PDF 4 / printed 1328; Table 1,https://doi.org/10.1007/BF02266969,sources/pagnocca1996.pdf,pagnocca1996,,,,,,1
F019,pagnocca1996,Lignan 6,pure_compound,6,Virola sebifera,Leaves,210,µg/mL,210,remaining_growth,=,40,percent,40,60,,,,Atta sexdens rubropilosa,"Leucocoprinus gongylophorus (syn. Rozites gongylophora), identified morphologically.",30–35 days at 25±1°C,Coarse visual or censored dose-conditioned response; structure and stereochemistry curation required,Source identity: Figure 1; source-to-organ mapping PDF 2. Source-local compound code; no guessed common name or SMILES assigned. ,"Coarse visual endpoint; no error bars. Sesamin/epigalgravin: prose says complete inhibition, table says <20% remaining growth; retain the table bound. Unequal doses do not give a potency ranking. Names/stereochemistry require structure curation before descriptor assignment.",PDF 4 / printed 1328; Table 1,https://doi.org/10.1007/BF02266969,sources/pagnocca1996.pdf,pagnocca1996,,,,,,1
F020,pagnocca1996,Epigalgravin,pure_compound,7,Virola sp.,Leaves,200,µg/mL,200,remaining_growth,<,20,percent,<20,>80,,,,Atta sexdens rubropilosa,"Leucocoprinus gongylophorus (syn. Rozites gongylophora), identified morphologically.",30–35 days at 25±1°C,Coarse visual or censored dose-conditioned response; structure and stereochemistry curation required,"Source identity: Figure 1; source-to-organ mapping PDF 2. Table reports <20% growth, prose says complete inhibition; retain >80% inhibition as a bound. Table spelling variant preserved in PDF; narrative name used here. ","Coarse visual endpoint; no error bars. Sesamin/epigalgravin: prose says complete inhibition, table says <20% remaining growth; retain the table bound. Unequal doses do not give a potency ranking. Names/stereochemistry require structure curation before descriptor assignment.",PDF 4 / printed 1328; Table 1,https://doi.org/10.1007/BF02266969,sources/pagnocca1996.pdf,pagnocca1996,,,,,,1
F021,pagnocca1996,Lignan 8,pure_compound,8,Virola sp.,Leaves,200,µg/mL,200,remaining_growth,=,100,percent,100,0,,,,Atta sexdens rubropilosa,"Leucocoprinus gongylophorus (syn. Rozites gongylophora), identified morphologically.",30–35 days at 25±1°C,Coarse visual or censored dose-conditioned response; structure and stereochemistry curation required,Source identity: Figure 1; source-to-organ mapping PDF 2. Source-local compound code; no guessed common name or SMILES assigned. ,"Coarse visual endpoint; no error bars. Sesamin/epigalgravin: prose says complete inhibition, table says <20% remaining growth; retain the table bound. Unequal doses do not give a potency ranking. Names/stereochemistry require structure curation before descriptor assignment.",PDF 4 / printed 1328; Table 1,https://doi.org/10.1007/BF02266969,sources/pagnocca1996.pdf,pagnocca1996,,,,,,1
F022,hubbell1983,Caryophyllene epoxide,pure_compound,,Hymenaea courbaril,Mature leaves,100,µg/mL,100,culture_damage_incidence,=,0.8,proportion,,,,8,10,Atta cephalotes,Attine fungus; culture identity confirmed by ant acceptance.,Visible culture damage within 48 h,Binomial culture-damage outcome; separate from growth/MIC/IC50 models,"Damage counted as shrivelling, collapse and browning. At100 µg/mL the paper says all but2 of 10; 8 derived by subtraction. No conversion to growth-inhibition percent.",Unsuccessful recovery transfer reported without enough detail to establish a formal fungicidal endpoint; authors leave fungistatic versus fungicidal unresolved. Other-fungus claim is unnamed-species personal communication and is not transcribed as assay data. Culture-lineage overlap with 1988 is unverified.,PDF 5 / printed 325; Fungal bioassays,https://doi.org/10.1007/BF00376846,sources/hubbell1983.pdf,hubbell1983,,,,,,1
F023,hubbell1983,Caryophyllene epoxide,pure_compound,,Hymenaea courbaril,Mature leaves,3,mg/mL,3000,culture_damage_incidence,=,1.0,proportion,,,,10,10,Atta cephalotes,Attine fungus; culture identity confirmed by ant acceptance.,Visible culture damage within 48 h,Binomial culture-damage outcome; separate from growth/MIC/IC50 models,"Damage counted as shrivelling, collapse and browning. At100 µg/mL the paper says all but2 of 10; 8 derived by subtraction. No conversion to growth-inhibition percent.",Unsuccessful recovery transfer reported without enough detail to establish a formal fungicidal endpoint; authors leave fungistatic versus fungicidal unresolved. Other-fungus claim is unnamed-species personal communication and is not transcribed as assay data. Culture-lineage overlap with 1988 is unverified.,PDF 5 / printed 325; Fungal bioassays,https://doi.org/10.1007/BF00376846,sources/hubbell1983.pdf,hubbell1983,,,,,,1
F024,hubbell1983,Caryophyllene epoxide,pure_compound,,Hymenaea courbaril,Mature leaves,30,mg/mL,30000,culture_damage_incidence,=,1.0,proportion,,,,5,5,Atta cephalotes,Attine fungus; culture identity confirmed by ant acceptance.,Visible culture damage within 48 h,Binomial culture-damage outcome; separate from growth/MIC/IC50 models,"Damage counted as shrivelling, collapse and browning. At100 µg/mL the paper says all but2 of 10; 8 derived by subtraction. No conversion to growth-inhibition percent.",Unsuccessful recovery transfer reported without enough detail to establish a formal fungicidal endpoint; authors leave fungistatic versus fungicidal unresolved. Other-fungus claim is unnamed-species personal communication and is not transcribed as assay data. Culture-lineage overlap with 1988 is unverified.,PDF 5 / printed 325; Fungal bioassays,https://doi.org/10.1007/BF00376846,sources/hubbell1983.pdf,hubbell1983,,,,,,1
F025,bigi2004,Hexane leaf extract,crude_extract,HE,Ricinus communis,Dry leaves,5,mg/mL,5000,remaining_growth,=,20,percent,20,80,,,,Atta sexdens rubropilosa,Leucoagaricus gongylophorus (syn. Rozites gongylophorus).,30 days at 25±1°C,Mixture/fraction response only; not eligible as a pure-compound label,Table 1,Active fractions are mixtures. MFHE-9 also contains glycosylsteroids. Palmitic-acid abundance is not a pure-compound activity result. Ricinine sentence is malformed and no quantitative growth value is tabulated; retain a provisional qualitative interpretation.,PDF 3–4 / printed 935–936; Tables 1–3 and results prose,https://doi.org/10.1002/ps.892,sources/bigi2004.pdf,bigi2004,,,,,,1
F026,bigi2004,Dichloromethane leaf extract,crude_extract,DE,Ricinus communis,Dry leaves,5,mg/mL,5000,remaining_growth,=,40,percent,40,60,,,,Atta sexdens rubropilosa,Leucoagaricus gongylophorus (syn. Rozites gongylophorus).,30 days at 25±1°C,Mixture/fraction response only; not eligible as a pure-compound label,Table 1,Active fractions are mixtures. MFHE-9 also contains glycosylsteroids. Palmitic-acid abundance is not a pure-compound activity result. Ricinine sentence is malformed and no quantitative growth value is tabulated; retain a provisional qualitative interpretation.,PDF 3–4 / printed 935–936; Tables 1–3 and results prose,https://doi.org/10.1002/ps.892,sources/bigi2004.pdf,bigi2004,,,,,,1
F027,bigi2004,Methanol leaf extract,crude_extract,ME,Ricinus communis,Dry leaves,5,mg/mL,5000,remaining_growth,=,20,percent,20,80,,,,Atta sexdens rubropilosa,Leucoagaricus gongylophorus (syn. Rozites gongylophorus).,30 days at 25±1°C,Mixture/fraction response only; not eligible as a pure-compound label,Table 1,Active fractions are mixtures. MFHE-9 also contains glycosylsteroids. Palmitic-acid abundance is not a pure-compound activity result. Ricinine sentence is malformed and no quantitative growth value is tabulated; retain a provisional qualitative interpretation.,PDF 3–4 / printed 935–936; Tables 1–3 and results prose,https://doi.org/10.1002/ps.892,sources/bigi2004.pdf,bigi2004,,,,,,1
F028,bigi2004,Hexane fraction of hexane extract,fraction_mixture,HFHE,Ricinus communis,Dry leaves,2,mg/mL,2000,remaining_growth,=,20,percent,20,80,,,,Atta sexdens rubropilosa,Leucoagaricus gongylophorus (syn. Rozites gongylophorus).,30 days at 25±1°C,Mixture/fraction response only; not eligible as a pure-compound label,Table 1,Active fractions are mixtures. MFHE-9 also contains glycosylsteroids. Palmitic-acid abundance is not a pure-compound activity result. Ricinine sentence is malformed and no quantitative growth value is tabulated; retain a provisional qualitative interpretation.,PDF 3–4 / printed 935–936; Tables 1–3 and results prose,https://doi.org/10.1002/ps.892,sources/bigi2004.pdf,bigi2004,,,,,,1
F029,bigi2004,Dichloromethane fraction of hexane extract,fraction_mixture,DFHE,Ricinus communis,Dry leaves,2,mg/mL,2000,remaining_growth,=,60,percent,60,40,,,,Atta sexdens rubropilosa,Leucoagaricus gongylophorus (syn. Rozites gongylophorus).,30 days at 25±1°C,Mixture/fraction response only; not eligible as a pure-compound label,Table 1,Active fractions are mixtures. MFHE-9 also contains glycosylsteroids. Palmitic-acid abundance is not a pure-compound activity result. Ricinine sentence is malformed and no quantitative growth value is tabulated; retain a provisional qualitative interpretation.,PDF 3–4 / printed 935–936; Tables 1–3 and results prose,https://doi.org/10.1002/ps.892,sources/bigi2004.pdf,bigi2004,,,,,,1
F030,bigi2004,Ethyl acetate fraction of hexane extract,fraction_mixture,EFHE,Ricinus communis,Dry leaves,2,mg/mL,2000,remaining_growth,=,20,percent,20,80,,,,Atta sexdens rubropilosa,Leucoagaricus gongylophorus (syn. Rozites gongylophorus).,30 days at 25±1°C,Mixture/fraction response only; not eligible as a pure-compound label,Table 1,Active fractions are mixtures. MFHE-9 also contains glycosylsteroids. Palmitic-acid abundance is not a pure-compound activity result. Ricinine sentence is malformed and no quantitative growth value is tabulated; retain a provisional qualitative interpretation.,PDF 3–4 / printed 935–936; Tables 1–3 and results prose,https://doi.org/10.1002/ps.892,sources/bigi2004.pdf,bigi2004,,,,,,1
F031,bigi2004,Methanol fraction of hexane extract,fraction_mixture,MFHE,Ricinus communis,Dry leaves,0.5,mg/mL,500.0,remaining_growth,=,20,percent,20,80,,,,Atta sexdens rubropilosa,Leucoagaricus gongylophorus (syn. Rozites gongylophorus).,30 days at 25±1°C,Mixture/fraction response only; not eligible as a pure-compound label,Table 1,Active fractions are mixtures. MFHE-9 also contains glycosylsteroids. Palmitic-acid abundance is not a pure-compound activity result. Ricinine sentence is malformed and no quantitative growth value is tabulated; retain a provisional qualitative interpretation.,PDF 3–4 / printed 935–936; Tables 1–3 and results prose,https://doi.org/10.1002/ps.892,sources/bigi2004.pdf,bigi2004,,,,,,1
F032,bigi2004,Hexane fraction of methanol extract,fraction_mixture,HFME,Ricinus communis,Dry leaves,2.5,mg/mL,2500.0,remaining_growth,=,20,percent,20,80,,,,Atta sexdens rubropilosa,Leucoagaricus gongylophorus (syn. Rozites gongylophorus).,30 days at 25±1°C,Mixture/fraction response only; not eligible as a pure-compound label,Table 1,Active fractions are mixtures. MFHE-9 also contains glycosylsteroids. Palmitic-acid abundance is not a pure-compound activity result. Ricinine sentence is malformed and no quantitative growth value is tabulated; retain a provisional qualitative interpretation.,PDF 3–4 / printed 935–936; Tables 1–3 and results prose,https://doi.org/10.1002/ps.892,sources/bigi2004.pdf,bigi2004,,,,,,1
F033,bigi2004,Dichloromethane fraction of methanol extract,fraction_mixture,DFME,Ricinus communis,Dry leaves,2.5,mg/mL,2500.0,remaining_growth,=,20,percent,20,80,,,,Atta sexdens rubropilosa,Leucoagaricus gongylophorus (syn. Rozites gongylophorus).,30 days at 25±1°C,Mixture/fraction response only; not eligible as a pure-compound label,Table 1,Active fractions are mixtures. MFHE-9 also contains glycosylsteroids. Palmitic-acid abundance is not a pure-compound activity result. Ricinine sentence is malformed and no quantitative growth value is tabulated; retain a provisional qualitative interpretation.,PDF 3–4 / printed 935–936; Tables 1–3 and results prose,https://doi.org/10.1002/ps.892,sources/bigi2004.pdf,bigi2004,,,,,,1
F034,bigi2004,Ethyl acetate fraction of methanol extract [AFME as tabulated],fraction_mixture,AFME,Ricinus communis,Dry leaves,2.5,mg/mL,2500.0,remaining_growth,=,20,percent,20,80,,,,Atta sexdens rubropilosa,Leucoagaricus gongylophorus (syn. Rozites gongylophorus).,30 days at 25±1°C,Mixture/fraction response only; not eligible as a pure-compound label,Table 1,Active fractions are mixtures. MFHE-9 also contains glycosylsteroids. Palmitic-acid abundance is not a pure-compound activity result. Ricinine sentence is malformed and no quantitative growth value is tabulated; retain a provisional qualitative interpretation.,PDF 3–4 / printed 935–936; Tables 1–3 and results prose,https://doi.org/10.1002/ps.892,sources/bigi2004.pdf,bigi2004,,,,,,1
F035,bigi2004,Methanol fraction of methanol extract,fraction_mixture,MFME,Ricinus communis,Dry leaves,2.5,mg/mL,2500.0,remaining_growth,=,20,percent,20,80,,,,Atta sexdens rubropilosa,Leucoagaricus gongylophorus (syn. Rozites gongylophorus).,30 days at 25±1°C,Mixture/fraction response only; not eligible as a pure-compound label,Table 1,Active fractions are mixtures. MFHE-9 also contains glycosylsteroids. Palmitic-acid abundance is not a pure-compound activity result. Ricinine sentence is malformed and no quantitative growth value is tabulated; retain a provisional qualitative interpretation.,PDF 3–4 / printed 935–936; Tables 1–3 and results prose,https://doi.org/10.1002/ps.892,sources/bigi2004.pdf,bigi2004,,,,,,1
F036,bigi2004,MFHE subfraction 6,fraction_mixture,MFHE-6,Ricinus communis,Dry leaves,0.5,mg/mL,500.0,remaining_growth,=,20,percent,20,80,,,,Atta sexdens rubropilosa,Leucoagaricus gongylophorus (syn. Rozites gongylophorus).,30 days at 25±1°C,Mixture/fraction response only; not eligible as a pure-compound label,Table 2,Active fractions are mixtures. MFHE-9 also contains glycosylsteroids. Palmitic-acid abundance is not a pure-compound activity result. Ricinine sentence is malformed and no quantitative growth value is tabulated; retain a provisional qualitative interpretation.,PDF 3–4 / printed 935–936; Tables 1–3 and results prose,https://doi.org/10.1002/ps.892,sources/bigi2004.pdf,bigi2004,,,,,,1
F037,bigi2004,MFHE subfraction 9,fraction_mixture,MFHE-9,Ricinus communis,Dry leaves,0.5,mg/mL,500.0,remaining_growth,=,20,percent,20,80,,,,Atta sexdens rubropilosa,Leucoagaricus gongylophorus (syn. Rozites gongylophorus).,30 days at 25±1°C,Mixture/fraction response only; not eligible as a pure-compound label,Table 2,Active fractions are mixtures. MFHE-9 also contains glycosylsteroids. Palmitic-acid abundance is not a pure-compound activity result. Ricinine sentence is malformed and no quantitative growth value is tabulated; retain a provisional qualitative interpretation.,PDF 3–4 / printed 935–936; Tables 1–3 and results prose,https://doi.org/10.1002/ps.892,sources/bigi2004.pdf,bigi2004,,,,,,1
F038,bigi2004,MFHE subfraction 10,fraction_mixture,MFHE-10,Ricinus communis,Dry leaves,0.5,mg/mL,500.0,remaining_growth,=,20,percent,20,80,,,,Atta sexdens rubropilosa,Leucoagaricus gongylophorus (syn. Rozites gongylophorus).,30 days at 25±1°C,Mixture/fraction response only; not eligible as a pure-compound label,Table 2,Active fractions are mixtures. MFHE-9 also contains glycosylsteroids. Palmitic-acid abundance is not a pure-compound activity result. Ricinine sentence is malformed and no quantitative growth value is tabulated; retain a provisional qualitative interpretation.,PDF 3–4 / printed 935–936; Tables 1–3 and results prose,https://doi.org/10.1002/ps.892,sources/bigi2004.pdf,bigi2004,,,,,,1
F039,bigi2004,MFHE subfraction 11,fraction_mixture,MFHE-11,Ricinus communis,Dry leaves,1,mg/mL,1000,remaining_growth,=,20,percent,20,80,,,,Atta sexdens rubropilosa,Leucoagaricus gongylophorus (syn. Rozites gongylophorus).,30 days at 25±1°C,Mixture/fraction response only; not eligible as a pure-compound label,Table 2,Active fractions are mixtures. MFHE-9 also contains glycosylsteroids. Palmitic-acid abundance is not a pure-compound activity result. Ricinine sentence is malformed and no quantitative growth value is tabulated; retain a provisional qualitative interpretation.,PDF 3–4 / printed 935–936; Tables 1–3 and results prose,https://doi.org/10.1002/ps.892,sources/bigi2004.pdf,bigi2004,,,,,,1
F040,bigi2004,Ricinine,pure_compound,,Ricinus communis,Leaves; isolated from methanol fraction of DCM extract,1,mg/mL,1000,qualitative_fungal_effect,=,Interpreted as no effect; source wording defective,text,,,,,,Atta sexdens rubropilosa,Leucoagaricus gongylophorus (syn. Rozites gongylophorus).,30 days at 25±1°C,Hold out from numeric and binary training until defective outcome wording is resolved,PDF 3 says: “Pure ricinine have any effect on L gongylophorus at the concentration tested (1 mg ml−1).” Null interpretation follows abstract/context contrasting fatty-acid fungal activity and ricinine ant activity. No quantitative growth value is printed.,Active fractions are mixtures. MFHE-9 also contains glycosylsteroids. Palmitic-acid abundance is not a pure-compound activity result. Ricinine sentence is malformed and no quantitative growth value is tabulated; retain a provisional qualitative interpretation.,PDF 3–4 / printed 935–936; Tables 1–3 and results prose,https://doi.org/10.1002/ps.892,sources/bigi2004.pdf,bigi2004,,,,,,1
F041,boulogne2012,Freeze-dried plant preparation,plant_preparation,,Allium cepa,Peeled bulbs,,,,IC50,=,1241.55,µg/mL,,,,,,Acromyrmex octospinosus,Leucocoprinus gongylophorus,"Solid area/liquid dry biomass:30 days. MTT added day 15, color scored after a further15 days.",Extract/preparation concentration endpoint; preserve extrapolation and unresolved fit basis,"Table 3 n=24 as reported; same fitted curve, not independent endpoints. Estimate within tested concentration range.","MTT color is a metabolic proxy; authors classify yellow as fungicidal, but no recovery-transfer assay is reported. Several IC estimates lie outside tested 500–2000 µg/mL range. Exact active molecules not established.",PDF 5 / printed 1228; Tables 2–3,https://doi.org/10.1603/EC11313,sources/boulogne2012.pdf,boulogne2012,,Nominal freeze-dried plant preparation per medium volume; solid/liquid fit basis not specified in Table 3,1166.65,1322.4,boulogne2012,2
F042,boulogne2012,Freeze-dried plant preparation,plant_preparation,,Allium cepa,Peeled bulbs,,,,IC99,=,4356.06,µg/mL,,,,,,Acromyrmex octospinosus,Leucocoprinus gongylophorus,"Solid area/liquid dry biomass:30 days. MTT added day 15, color scored after a further15 days.",Extract/preparation concentration endpoint; preserve extrapolation and unresolved fit basis,"Table 3 n=24 as reported; same fitted curve, not independent endpoints. Estimate outside tested 500–2000 range.","MTT color is a metabolic proxy; authors classify yellow as fungicidal, but no recovery-transfer assay is reported. Several IC estimates lie outside tested 500–2000 µg/mL range. Exact active molecules not established.",PDF 5 / printed 1228; Tables 2–3,https://doi.org/10.1603/EC11313,sources/boulogne2012.pdf,boulogne2012,,Nominal freeze-dried plant preparation per medium volume; solid/liquid fit basis not specified in Table 3,4036.97,4745.02,boulogne2012,2
F043,boulogne2012,Freeze-dried plant preparation,plant_preparation,,Allium cepa,Peeled bulbs,500,µg/mL,500,MTT_color,=,Blue conversion,categorical,,,+,,,Acromyrmex octospinosus,Leucocoprinus gongylophorus,"Solid area/liquid dry biomass:30 days. MTT added day 15, color scored after a further15 days.",Metabolic readout; do not pool with growth inhibition or confirmed killing,"Authors classify yellow as fungicidal and blue as fungistatic. These are source classifications, not an independently validated killing endpoint.","MTT color is a metabolic proxy; authors classify yellow as fungicidal, but no recovery-transfer assay is reported. Several IC estimates lie outside tested 500–2000 µg/mL range. Exact active molecules not established.",PDF 5 / printed 1228; Tables 2–3,https://doi.org/10.1603/EC11313,sources/boulogne2012.pdf,boulogne2012,Liquid-medium MTT,Nominal concentration label; possible dilution on inoculation,,,boulogne2012,2
F044,boulogne2012,Freeze-dried plant preparation,plant_preparation,,Allium cepa,Peeled bulbs,1000,µg/mL,1000,MTT_color,=,Blue conversion,categorical,,,+,,,Acromyrmex octospinosus,Leucocoprinus gongylophorus,"Solid area/liquid dry biomass:30 days. MTT added day 15, color scored after a further15 days.",Metabolic readout; do not pool with growth inhibition or confirmed killing,"Authors classify yellow as fungicidal and blue as fungistatic. These are source classifications, not an independently validated killing endpoint.","MTT color is a metabolic proxy; authors classify yellow as fungicidal, but no recovery-transfer assay is reported. Several IC estimates lie outside tested 500–2000 µg/mL range. Exact active molecules not established.",PDF 5 / printed 1228; Tables 2–3,https://doi.org/10.1603/EC11313,sources/boulogne2012.pdf,boulogne2012,Liquid-medium MTT,Nominal concentration label; possible dilution on inoculation,,,boulogne2012,2
F045,boulogne2012,Freeze-dried plant preparation,plant_preparation,,Allium cepa,Peeled bulbs,2000,µg/mL,2000,MTT_color,=,Blue conversion,categorical,,,+,,,Acromyrmex octospinosus,Leucocoprinus gongylophorus,"Solid area/liquid dry biomass:30 days. MTT added day 15, color scored after a further15 days.",Metabolic readout; do not pool with growth inhibition or confirmed killing,"Authors classify yellow as fungicidal and blue as fungistatic. These are source classifications, not an independently validated killing endpoint.","MTT color is a metabolic proxy; authors classify yellow as fungicidal, but no recovery-transfer assay is reported. Several IC estimates lie outside tested 500–2000 µg/mL range. Exact active molecules not established.",PDF 5 / printed 1228; Tables 2–3,https://doi.org/10.1603/EC11313,sources/boulogne2012.pdf,boulogne2012,Liquid-medium MTT,Nominal concentration label; possible dilution on inoculation,,,boulogne2012,2
F046,boulogne2012,Freeze-dried plant preparation,plant_preparation,,Allium sativum,Peeled pods as printed; related French thesis says cloves,,,,IC50,=,358.36,µg/mL,,,,,,Acromyrmex octospinosus,Leucocoprinus gongylophorus,"Solid area/liquid dry biomass:30 days. MTT added day 15, color scored after a further15 days.",Extract/preparation concentration endpoint; preserve extrapolation and unresolved fit basis,"Table 3 n=24 as reported; same fitted curve, not independent endpoints. Estimate outside tested 500–2000 range.","MTT color is a metabolic proxy; authors classify yellow as fungicidal, but no recovery-transfer assay is reported. Several IC estimates lie outside tested 500–2000 µg/mL range. Exact active molecules not established.",PDF 5 / printed 1228; Tables 2–3,https://doi.org/10.1603/EC11313,sources/boulogne2012.pdf,boulogne2012,,Nominal freeze-dried plant preparation per medium volume; solid/liquid fit basis not specified in Table 3,326.63,388.96,boulogne2012,2
F047,boulogne2012,Freeze-dried plant preparation,plant_preparation,,Allium sativum,Peeled pods as printed; related French thesis says cloves,,,,IC99,=,1344.02,µg/mL,,,,,,Acromyrmex octospinosus,Leucocoprinus gongylophorus,"Solid area/liquid dry biomass:30 days. MTT added day 15, color scored after a further15 days.",Extract/preparation concentration endpoint; preserve extrapolation and unresolved fit basis,"Table 3 n=24 as reported; same fitted curve, not independent endpoints. Estimate within tested concentration range.","MTT color is a metabolic proxy; authors classify yellow as fungicidal, but no recovery-transfer assay is reported. Several IC estimates lie outside tested 500–2000 µg/mL range. Exact active molecules not established.",PDF 5 / printed 1228; Tables 2–3,https://doi.org/10.1603/EC11313,sources/boulogne2012.pdf,boulogne2012,,Nominal freeze-dried plant preparation per medium volume; solid/liquid fit basis not specified in Table 3,1279.89,1416.76,boulogne2012,2
F048,boulogne2012,Freeze-dried plant preparation,plant_preparation,,Allium sativum,Peeled pods as printed; related French thesis says cloves,500,µg/mL,500,MTT_color,=,Blue conversion,categorical,,,+,,,Acromyrmex octospinosus,Leucocoprinus gongylophorus,"Solid area/liquid dry biomass:30 days. MTT added day 15, color scored after a further15 days.",Metabolic readout; do not pool with growth inhibition or confirmed killing,"Authors classify yellow as fungicidal and blue as fungistatic. These are source classifications, not an independently validated killing endpoint.","MTT color is a metabolic proxy; authors classify yellow as fungicidal, but no recovery-transfer assay is reported. Several IC estimates lie outside tested 500–2000 µg/mL range. Exact active molecules not established.",PDF 5 / printed 1228; Tables 2–3,https://doi.org/10.1603/EC11313,sources/boulogne2012.pdf,boulogne2012,Liquid-medium MTT,Nominal concentration label; possible dilution on inoculation,,,boulogne2012,2
F049,boulogne2012,Freeze-dried plant preparation,plant_preparation,,Allium sativum,Peeled pods as printed; related French thesis says cloves,1000,µg/mL,1000,MTT_color,=,Blue conversion,categorical,,,+,,,Acromyrmex octospinosus,Leucocoprinus gongylophorus,"Solid area/liquid dry biomass:30 days. MTT added day 15, color scored after a further15 days.",Metabolic readout; do not pool with growth inhibition or confirmed killing,"Authors classify yellow as fungicidal and blue as fungistatic. These are source classifications, not an independently validated killing endpoint.","MTT color is a metabolic proxy; authors classify yellow as fungicidal, but no recovery-transfer assay is reported. Several IC estimates lie outside tested 500–2000 µg/mL range. Exact active molecules not established.",PDF 5 / printed 1228; Tables 2–3,https://doi.org/10.1603/EC11313,sources/boulogne2012.pdf,boulogne2012,Liquid-medium MTT,Nominal concentration label; possible dilution on inoculation,,,boulogne2012,2
F050,boulogne2012,Freeze-dried plant preparation,plant_preparation,,Allium sativum,Peeled pods as printed; related French thesis says cloves,2000,µg/mL,2000,MTT_color,=,"Yellow, no blue conversion",categorical,,,−,,,Acromyrmex octospinosus,Leucocoprinus gongylophorus,"Solid area/liquid dry biomass:30 days. MTT added day 15, color scored after a further15 days.",Metabolic readout; do not pool with growth inhibition or confirmed killing,"Authors classify yellow as fungicidal and blue as fungistatic. These are source classifications, not an independently validated killing endpoint.","MTT color is a metabolic proxy; authors classify yellow as fungicidal, but no recovery-transfer assay is reported. Several IC estimates lie outside tested 500–2000 µg/mL range. Exact active molecules not established.",PDF 5 / printed 1228; Tables 2–3,https://doi.org/10.1603/EC11313,sources/boulogne2012.pdf,boulogne2012,Liquid-medium MTT,Nominal concentration label; possible dilution on inoculation,,,boulogne2012,2
F051,boulogne2012,Freeze-dried plant preparation,plant_preparation,,Solanum lycopersicum [Lycopersicon esculentum in source],Green fruit,,,,IC50,=,2262.29,µg/mL,,,,,,Acromyrmex octospinosus,Leucocoprinus gongylophorus,"Solid area/liquid dry biomass:30 days. MTT added day 15, color scored after a further15 days.",Extract/preparation concentration endpoint; preserve extrapolation and unresolved fit basis,"Table 3 n=24 as reported; same fitted curve, not independent endpoints. Estimate outside tested 500–2000 range.","MTT color is a metabolic proxy; authors classify yellow as fungicidal, but no recovery-transfer assay is reported. Several IC estimates lie outside tested 500–2000 µg/mL range. Exact active molecules not established.",PDF 5 / printed 1228; Tables 2–3,https://doi.org/10.1603/EC11313,sources/boulogne2012.pdf,boulogne2012,,Nominal freeze-dried plant preparation per medium volume; solid/liquid fit basis not specified in Table 3,2189.4,2353.74,boulogne2012,2
F052,boulogne2012,Freeze-dried plant preparation,plant_preparation,,Solanum lycopersicum [Lycopersicon esculentum in source],Green fruit,,,,IC99,=,3547.4,µg/mL,,,,,,Acromyrmex octospinosus,Leucocoprinus gongylophorus,"Solid area/liquid dry biomass:30 days. MTT added day 15, color scored after a further15 days.",Extract/preparation concentration endpoint; preserve extrapolation and unresolved fit basis,"Table 3 n=24 as reported; same fitted curve, not independent endpoints. Estimate outside tested 500–2000 range.","MTT color is a metabolic proxy; authors classify yellow as fungicidal, but no recovery-transfer assay is reported. Several IC estimates lie outside tested 500–2000 µg/mL range. Exact active molecules not established.",PDF 5 / printed 1228; Tables 2–3,https://doi.org/10.1603/EC11313,sources/boulogne2012.pdf,boulogne2012,,Nominal freeze-dried plant preparation per medium volume; solid/liquid fit basis not specified in Table 3,3321.05,3852.19,boulogne2012,2
F053,boulogne2012,Freeze-dried plant preparation,plant_preparation,,Solanum lycopersicum [Lycopersicon esculentum in source],Green fruit,500,µg/mL,500,MTT_color,=,Blue conversion,categorical,,,+,,,Acromyrmex octospinosus,Leucocoprinus gongylophorus,"Solid area/liquid dry biomass:30 days. MTT added day 15, color scored after a further15 days.",Metabolic readout; do not pool with growth inhibition or confirmed killing,"Authors classify yellow as fungicidal and blue as fungistatic. These are source classifications, not an independently validated killing endpoint.","MTT color is a metabolic proxy; authors classify yellow as fungicidal, but no recovery-transfer assay is reported. Several IC estimates lie outside tested 500–2000 µg/mL range. Exact active molecules not established.",PDF 5 / printed 1228; Tables 2–3,https://doi.org/10.1603/EC11313,sources/boulogne2012.pdf,boulogne2012,Liquid-medium MTT,Nominal concentration label; possible dilution on inoculation,,,boulogne2012,2
F054,boulogne2012,Freeze-dried plant preparation,plant_preparation,,Solanum lycopersicum [Lycopersicon esculentum in source],Green fruit,1000,µg/mL,1000,MTT_color,=,Blue conversion,categorical,,,+,,,Acromyrmex octospinosus,Leucocoprinus gongylophorus,"Solid area/liquid dry biomass:30 days. MTT added day 15, color scored after a further15 days.",Metabolic readout; do not pool with growth inhibition or confirmed killing,"Authors classify yellow as fungicidal and blue as fungistatic. These are source classifications, not an independently validated killing endpoint.","MTT color is a metabolic proxy; authors classify yellow as fungicidal, but no recovery-transfer assay is reported. Several IC estimates lie outside tested 500–2000 µg/mL range. Exact active molecules not established.",PDF 5 / printed 1228; Tables 2–3,https://doi.org/10.1603/EC11313,sources/boulogne2012.pdf,boulogne2012,Liquid-medium MTT,Nominal concentration label; possible dilution on inoculation,,,boulogne2012,2
F055,boulogne2012,Freeze-dried plant preparation,plant_preparation,,Solanum lycopersicum [Lycopersicon esculentum in source],Green fruit,2000,µg/mL,2000,MTT_color,=,Blue conversion,categorical,,,+,,,Acromyrmex octospinosus,Leucocoprinus gongylophorus,"Solid area/liquid dry biomass:30 days. MTT added day 15, color scored after a further15 days.",Metabolic readout; do not pool with growth inhibition or confirmed killing,"Authors classify yellow as fungicidal and blue as fungistatic. These are source classifications, not an independently validated killing endpoint.","MTT color is a metabolic proxy; authors classify yellow as fungicidal, but no recovery-transfer assay is reported. Several IC estimates lie outside tested 500–2000 µg/mL range. Exact active molecules not established.",PDF 5 / printed 1228; Tables 2–3,https://doi.org/10.1603/EC11313,sources/boulogne2012.pdf,boulogne2012,Liquid-medium MTT,Nominal concentration label; possible dilution on inoculation,,,boulogne2012,2
F056,boulogne2012,Freeze-dried plant preparation,plant_preparation,,Manihot esculenta,Leaves,,,,IC50,=,553.32,µg/mL,,,,,,Acromyrmex octospinosus,Leucocoprinus gongylophorus,"Solid area/liquid dry biomass:30 days. MTT added day 15, color scored after a further15 days.",Extract/preparation concentration endpoint; preserve extrapolation and unresolved fit basis,"Table 3 n=24 as reported; same fitted curve, not independent endpoints. Estimate within tested concentration range.","MTT color is a metabolic proxy; authors classify yellow as fungicidal, but no recovery-transfer assay is reported. Several IC estimates lie outside tested 500–2000 µg/mL range. Exact active molecules not established.",PDF 5 / printed 1228; Tables 2–3,https://doi.org/10.1603/EC11313,sources/boulogne2012.pdf,boulogne2012,,Nominal freeze-dried plant preparation per medium volume; solid/liquid fit basis not specified in Table 3,528.12,578.33,boulogne2012,2
F057,boulogne2012,Freeze-dried plant preparation,plant_preparation,,Manihot esculenta,Leaves,,,,IC99,=,1352.21,µg/mL,,,,,,Acromyrmex octospinosus,Leucocoprinus gongylophorus,"Solid area/liquid dry biomass:30 days. MTT added day 15, color scored after a further15 days.",Extract/preparation concentration endpoint; preserve extrapolation and unresolved fit basis,"Table 3 n=24 as reported; same fitted curve, not independent endpoints. Estimate within tested concentration range.","MTT color is a metabolic proxy; authors classify yellow as fungicidal, but no recovery-transfer assay is reported. Several IC estimates lie outside tested 500–2000 µg/mL range. Exact active molecules not established.",PDF 5 / printed 1228; Tables 2–3,https://doi.org/10.1603/EC11313,sources/boulogne2012.pdf,boulogne2012,,Nominal freeze-dried plant preparation per medium volume; solid/liquid fit basis not specified in Table 3,1292.89,1420.25,boulogne2012,2
F058,boulogne2012,Freeze-dried plant preparation,plant_preparation,,Manihot esculenta,Leaves,500,µg/mL,500,MTT_color,=,Blue conversion,categorical,,,+,,,Acromyrmex octospinosus,Leucocoprinus gongylophorus,"Solid area/liquid dry biomass:30 days. MTT added day 15, color scored after a further15 days.",Metabolic readout; do not pool with growth inhibition or confirmed killing,"Authors classify yellow as fungicidal and blue as fungistatic. These are source classifications, not an independently validated killing endpoint.","MTT color is a metabolic proxy; authors classify yellow as fungicidal, but no recovery-transfer assay is reported. Several IC estimates lie outside tested 500–2000 µg/mL range. Exact active molecules not established.",PDF 5 / printed 1228; Tables 2–3,https://doi.org/10.1603/EC11313,sources/boulogne2012.pdf,boulogne2012,Liquid-medium MTT,Nominal concentration label; possible dilution on inoculation,,,boulogne2012,2
F059,boulogne2012,Freeze-dried plant preparation,plant_preparation,,Manihot esculenta,Leaves,1000,µg/mL,1000,MTT_color,=,Blue conversion,categorical,,,+,,,Acromyrmex octospinosus,Leucocoprinus gongylophorus,"Solid area/liquid dry biomass:30 days. MTT added day 15, color scored after a further15 days.",Metabolic readout; do not pool with growth inhibition or confirmed killing,"Authors classify yellow as fungicidal and blue as fungistatic. These are source classifications, not an independently validated killing endpoint.","MTT color is a metabolic proxy; authors classify yellow as fungicidal, but no recovery-transfer assay is reported. Several IC estimates lie outside tested 500–2000 µg/mL range. Exact active molecules not established.",PDF 5 / printed 1228; Tables 2–3,https://doi.org/10.1603/EC11313,sources/boulogne2012.pdf,boulogne2012,Liquid-medium MTT,Nominal concentration label; possible dilution on inoculation,,,boulogne2012,2
F060,boulogne2012,Freeze-dried plant preparation,plant_preparation,,Manihot esculenta,Leaves,2000,µg/mL,2000,MTT_color,=,"Yellow, no blue conversion",categorical,,,−,,,Acromyrmex octospinosus,Leucocoprinus gongylophorus,"Solid area/liquid dry biomass:30 days. MTT added day 15, color scored after a further15 days.",Metabolic readout; do not pool with growth inhibition or confirmed killing,"Authors classify yellow as fungicidal and blue as fungistatic. These are source classifications, not an independently validated killing endpoint.","MTT color is a metabolic proxy; authors classify yellow as fungicidal, but no recovery-transfer assay is reported. Several IC estimates lie outside tested 500–2000 µg/mL range. Exact active molecules not established.",PDF 5 / printed 1228; Tables 2–3,https://doi.org/10.1603/EC11313,sources/boulogne2012.pdf,boulogne2012,Liquid-medium MTT,Nominal concentration label; possible dilution on inoculation,,,boulogne2012,2
F061,boulogne2012,Freeze-dried plant preparation,plant_preparation,,Senna alata,Leaves,,,,IC50,=,251.51,µg/mL,,,,,,Acromyrmex octospinosus,Leucocoprinus gongylophorus,"Solid area/liquid dry biomass:30 days. MTT added day 15, color scored after a further15 days.",Extract/preparation concentration endpoint; preserve extrapolation and unresolved fit basis,"Table 3 n=24 as reported; same fitted curve, not independent endpoints. Estimate outside tested 500–2000 range.","MTT color is a metabolic proxy; authors classify yellow as fungicidal, but no recovery-transfer assay is reported. Several IC estimates lie outside tested 500–2000 µg/mL range. Exact active molecules not established.",PDF 5 / printed 1228; Tables 2–3,https://doi.org/10.1603/EC11313,sources/boulogne2012.pdf,boulogne2012,,Nominal freeze-dried plant preparation per medium volume; solid/liquid fit basis not specified in Table 3,170.65,325.39,boulogne2012,2
F062,boulogne2012,Freeze-dried plant preparation,plant_preparation,,Senna alata,Leaves,,,,IC99,=,350.78,µg/mL,,,,,,Acromyrmex octospinosus,Leucocoprinus gongylophorus,"Solid area/liquid dry biomass:30 days. MTT added day 15, color scored after a further15 days.",Extract/preparation concentration endpoint; preserve extrapolation and unresolved fit basis,"Table 3 n=24 as reported; same fitted curve, not independent endpoints. Estimate outside tested 500–2000 range.","MTT color is a metabolic proxy; authors classify yellow as fungicidal, but no recovery-transfer assay is reported. Several IC estimates lie outside tested 500–2000 µg/mL range. Exact active molecules not established.",PDF 5 / printed 1228; Tables 2–3,https://doi.org/10.1603/EC11313,sources/boulogne2012.pdf,boulogne2012,,Nominal freeze-dried plant preparation per medium volume; solid/liquid fit basis not specified in Table 3,209.84,538.8,boulogne2012,2
F063,boulogne2012,Freeze-dried plant preparation,plant_preparation,,Senna alata,Leaves,500,µg/mL,500,MTT_color,=,"Yellow, no blue conversion",categorical,,,−,,,Acromyrmex octospinosus,Leucocoprinus gongylophorus,"Solid area/liquid dry biomass:30 days. MTT added day 15, color scored after a further15 days.",Metabolic readout; do not pool with growth inhibition or confirmed killing,"Authors classify yellow as fungicidal and blue as fungistatic. These are source classifications, not an independently validated killing endpoint.","MTT color is a metabolic proxy; authors classify yellow as fungicidal, but no recovery-transfer assay is reported. Several IC estimates lie outside tested 500–2000 µg/mL range. Exact active molecules not established.",PDF 5 / printed 1228; Tables 2–3,https://doi.org/10.1603/EC11313,sources/boulogne2012.pdf,boulogne2012,Liquid-medium MTT,Nominal concentration label; possible dilution on inoculation,,,boulogne2012,2
F064,boulogne2012,Freeze-dried plant preparation,plant_preparation,,Senna alata,Leaves,1000,µg/mL,1000,MTT_color,=,"Yellow, no blue conversion",categorical,,,−,,,Acromyrmex octospinosus,Leucocoprinus gongylophorus,"Solid area/liquid dry biomass:30 days. MTT added day 15, color scored after a further15 days.",Metabolic readout; do not pool with growth inhibition or confirmed killing,"Authors classify yellow as fungicidal and blue as fungistatic. These are source classifications, not an independently validated killing endpoint.","MTT color is a metabolic proxy; authors classify yellow as fungicidal, but no recovery-transfer assay is reported. Several IC estimates lie outside tested 500–2000 µg/mL range. Exact active molecules not established.",PDF 5 / printed 1228; Tables 2–3,https://doi.org/10.1603/EC11313,sources/boulogne2012.pdf,boulogne2012,Liquid-medium MTT,Nominal concentration label; possible dilution on inoculation,,,boulogne2012,2
F065,boulogne2012,Freeze-dried plant preparation,plant_preparation,,Senna alata,Leaves,2000,µg/mL,2000,MTT_color,=,"Yellow, no blue conversion",categorical,,,−,,,Acromyrmex octospinosus,Leucocoprinus gongylophorus,"Solid area/liquid dry biomass:30 days. MTT added day 15, color scored after a further15 days.",Metabolic readout; do not pool with growth inhibition or confirmed killing,"Authors classify yellow as fungicidal and blue as fungistatic. These are source classifications, not an independently validated killing endpoint.","MTT color is a metabolic proxy; authors classify yellow as fungicidal, but no recovery-transfer assay is reported. Several IC estimates lie outside tested 500–2000 µg/mL range. Exact active molecules not established.",PDF 5 / printed 1228; Tables 2–3,https://doi.org/10.1603/EC11313,sources/boulogne2012.pdf,boulogne2012,Liquid-medium MTT,Nominal concentration label; possible dilution on inoculation,,,boulogne2012,2
F066,lobo2020papaya,Ethanol leaf extract E1,crude_extract,E1,Carica papaya,Young and older leaves,2.5,mg/mL,2500.0,growth_inhibition,=,100,percent,0,100,,,,Acromyrmex octospinosus,Leucoagaricus gongylophorus,Five weeks,Assay-specific endpoint only,,Mixture of squalene/carpaine 1:1 is labelled0.5 mg/mL without explicit total-versus-each-component clarification. Larger combination effect alone is not a formal synergy test. Glycosides/other isolated compounds were not tested; commercial quercetin was tested.,"PDF 5,8 / printed 205,208; sections3.1,3.3 and Fig 3",https://doi.org/10.1080/09670874.2019.1610812,sources/lobo2020papaya.pdf,lobo2020papaya,Agar contact,Dried extract per medium volume,,,lobo2020papaya,2
F067,lobo2020papaya,Ethanol leaf extract E2,crude_extract,E2,Carica papaya,Young and older leaves,2.5,mg/mL,2500.0,growth_inhibition,=,100,percent,0,100,,,,Acromyrmex octospinosus,Leucoagaricus gongylophorus,Five weeks,Assay-specific endpoint only,,Mixture of squalene/carpaine 1:1 is labelled0.5 mg/mL without explicit total-versus-each-component clarification. Larger combination effect alone is not a formal synergy test. Glycosides/other isolated compounds were not tested; commercial quercetin was tested.,"PDF 5,8 / printed 205,208; sections3.1,3.3 and Fig 3",https://doi.org/10.1080/09670874.2019.1610812,sources/lobo2020papaya.pdf,lobo2020papaya,Agar contact,Dried extract per medium volume,,,lobo2020papaya,2
F068,lobo2020papaya,Leaf fraction F1,fraction_mixture,F1,Carica papaya,Leaves,2.5,mg/mL,2500.0,growth_inhibition,=,43.18,percent,,43.18,,,,Acromyrmex octospinosus,Leucoagaricus gongylophorus,Five weeks,Assay-specific endpoint only,Numerical prose value at 2.5 mg/mL; lower-dose graph not digitized.,Mixture of squalene/carpaine 1:1 is labelled0.5 mg/mL without explicit total-versus-each-component clarification. Larger combination effect alone is not a formal synergy test. Glycosides/other isolated compounds were not tested; commercial quercetin was tested.,"PDF 5,8 / printed 205,208; sections3.1,3.3 and Fig 3",https://doi.org/10.1080/09670874.2019.1610812,sources/lobo2020papaya.pdf,lobo2020papaya,Agar contact,Fraction mass per medium volume,,,lobo2020papaya,2
F069,lobo2020papaya,Leaf fraction F2,fraction_mixture,F2,Carica papaya,Leaves,2.5,mg/mL,2500.0,growth_inhibition,=,63.87,percent,,63.87,,,,Acromyrmex octospinosus,Leucoagaricus gongylophorus,Five weeks,Assay-specific endpoint only,Numerical prose value at 2.5 mg/mL; lower-dose graph not digitized.,Mixture of squalene/carpaine 1:1 is labelled0.5 mg/mL without explicit total-versus-each-component clarification. Larger combination effect alone is not a formal synergy test. Glycosides/other isolated compounds were not tested; commercial quercetin was tested.,"PDF 5,8 / printed 205,208; sections3.1,3.3 and Fig 3",https://doi.org/10.1080/09670874.2019.1610812,sources/lobo2020papaya.pdf,lobo2020papaya,Agar contact,Fraction mass per medium volume,,,lobo2020papaya,2
F070,lobo2020papaya,Leaf fraction F3,fraction_mixture,F3,Carica papaya,Leaves,2.5,mg/mL,2500.0,growth_inhibition,=,100,percent,,100,,,,Acromyrmex octospinosus,Leucoagaricus gongylophorus,Five weeks,Assay-specific endpoint only,Numerical prose value at 2.5 mg/mL; lower-dose graph not digitized.,Mixture of squalene/carpaine 1:1 is labelled0.5 mg/mL without explicit total-versus-each-component clarification. Larger combination effect alone is not a formal synergy test. Glycosides/other isolated compounds were not tested; commercial quercetin was tested.,"PDF 5,8 / printed 205,208; sections3.1,3.3 and Fig 3",https://doi.org/10.1080/09670874.2019.1610812,sources/lobo2020papaya.pdf,lobo2020papaya,Agar contact,Fraction mass per medium volume,,,lobo2020papaya,2
F071,lobo2020papaya,Leaf fraction F4,fraction_mixture,F4,Carica papaya,Leaves,2.5,mg/mL,2500.0,growth_inhibition,=,100,percent,,100,,,,Acromyrmex octospinosus,Leucoagaricus gongylophorus,Five weeks,Assay-specific endpoint only,Numerical prose value at 2.5 mg/mL; lower-dose graph not digitized.,Mixture of squalene/carpaine 1:1 is labelled0.5 mg/mL without explicit total-versus-each-component clarification. Larger combination effect alone is not a formal synergy test. Glycosides/other isolated compounds were not tested; commercial quercetin was tested.,"PDF 5,8 / printed 205,208; sections3.1,3.3 and Fig 3",https://doi.org/10.1080/09670874.2019.1610812,sources/lobo2020papaya.pdf,lobo2020papaya,Agar contact,Fraction mass per medium volume,,,lobo2020papaya,2
F072,lobo2020papaya,Leaf fraction F9,fraction_mixture,F9,Carica papaya,Leaves,2.5,mg/mL,2500.0,growth_inhibition,=,58.02,percent,,58.02,,,,Acromyrmex octospinosus,Leucoagaricus gongylophorus,Five weeks,Assay-specific endpoint only,Numerical prose value at 2.5 mg/mL; lower-dose graph not digitized.,Mixture of squalene/carpaine 1:1 is labelled0.5 mg/mL without explicit total-versus-each-component clarification. Larger combination effect alone is not a formal synergy test. Glycosides/other isolated compounds were not tested; commercial quercetin was tested.,"PDF 5,8 / printed 205,208; sections3.1,3.3 and Fig 3",https://doi.org/10.1080/09670874.2019.1610812,sources/lobo2020papaya.pdf,lobo2020papaya,Agar contact,Fraction mass per medium volume,,,lobo2020papaya,2
F073,lobo2020papaya,Squalene,pure_compound,1,Carica papaya (quercetin reagent not isolated from this sample),Leaves; commercial quercetin comparator where indicated,0.5,mg/mL,500.0,growth_inhibition,=,25.67,percent,,25.67,,,,Acromyrmex octospinosus,Leucoagaricus gongylophorus,Five weeks,Assay-specific endpoint only,Pure-compound numbers reported in section3.3; mixture is not established synergy. Commercial quercetin null does not label the isolated glycosides inactive.,Mixture of squalene/carpaine 1:1 is labelled0.5 mg/mL without explicit total-versus-each-component clarification. Larger combination effect alone is not a formal synergy test. Glycosides/other isolated compounds were not tested; commercial quercetin was tested.,"PDF 5,8 / printed 205,208; sections3.1,3.3 and Fig 3",https://doi.org/10.1080/09670874.2019.1610812,sources/lobo2020papaya.pdf,lobo2020papaya,Agar contact,Compound mass per medium volume; mixture total-versus-component basis unresolved,,,lobo2020papaya,2
F074,lobo2020papaya,Carpaine,pure_compound,6,Carica papaya (quercetin reagent not isolated from this sample),Leaves; commercial quercetin comparator where indicated,0.5,mg/mL,500.0,growth_inhibition,=,27.67,percent,,27.67,,,,Acromyrmex octospinosus,Leucoagaricus gongylophorus,Five weeks,Assay-specific endpoint only,Pure-compound numbers reported in section3.3; mixture is not established synergy. Commercial quercetin null does not label the isolated glycosides inactive.,Mixture of squalene/carpaine 1:1 is labelled0.5 mg/mL without explicit total-versus-each-component clarification. Larger combination effect alone is not a formal synergy test. Glycosides/other isolated compounds were not tested; commercial quercetin was tested.,"PDF 5,8 / printed 205,208; sections3.1,3.3 and Fig 3",https://doi.org/10.1080/09670874.2019.1610812,sources/lobo2020papaya.pdf,lobo2020papaya,Agar contact,Compound mass per medium volume; mixture total-versus-component basis unresolved,,,lobo2020papaya,2
F075,lobo2020papaya,Squalene + carpaine (1:1),defined_mixture,1+6,Carica papaya (quercetin reagent not isolated from this sample),Leaves; commercial quercetin comparator where indicated,0.5,mg/mL,,growth_inhibition,=,41.86,percent,,41.86,,,,Acromyrmex octospinosus,Leucoagaricus gongylophorus,Five weeks,Assay-specific endpoint only,Pure-compound numbers reported in section3.3; mixture is not established synergy. Commercial quercetin null does not label the isolated glycosides inactive.,Mixture of squalene/carpaine 1:1 is labelled0.5 mg/mL without explicit total-versus-each-component clarification. Larger combination effect alone is not a formal synergy test. Glycosides/other isolated compounds were not tested; commercial quercetin was tested.,"PDF 5,8 / printed 205,208; sections3.1,3.3 and Fig 3",https://doi.org/10.1080/09670874.2019.1610812,sources/lobo2020papaya.pdf,lobo2020papaya,Agar contact,Compound mass per medium volume; mixture total-versus-component basis unresolved,,,lobo2020papaya,2
F076,lobo2020papaya,Quercetin (commercial aglycone),pure_compound,commercial,Carica papaya (quercetin reagent not isolated from this sample),Leaves; commercial quercetin comparator where indicated,0.5,mg/mL,500.0,qualitative_fungal_effect,=,No effect reported,text,,,,,,Acromyrmex octospinosus,Leucoagaricus gongylophorus,Five weeks,Assay-specific endpoint only,Pure-compound numbers reported in section3.3; mixture is not established synergy. Commercial quercetin null does not label the isolated glycosides inactive.,Mixture of squalene/carpaine 1:1 is labelled0.5 mg/mL without explicit total-versus-each-component clarification. Larger combination effect alone is not a formal synergy test. Glycosides/other isolated compounds were not tested; commercial quercetin was tested.,"PDF 5,8 / printed 205,208; sections3.1,3.3 and Fig 3",https://doi.org/10.1080/09670874.2019.1610812,sources/lobo2020papaya.pdf,lobo2020papaya,Agar contact,Compound mass per medium volume; mixture total-versus-component basis unresolved,,,lobo2020papaya,2
F077,souza2005,Dichloromethane stem extract,crude_extract,extract,Pilocarpus grandiflorus,Stems,1000,µg/mL,1000,growth_inhibition,=,100,percent,,100,,,,Atta sexdens rubropilosa,Leucoagaricus gongylophorus,"Not restated; cited1990 protocol reads30–35 days, not independently confirmed for this run.",Assay-specific endpoint only,Table 3; no MIC or IC50 inferred. Dictamine spelling retained with synonym cue; molecular identity still requires curation.,Do not infer an assay for each of 18 isolated compounds: Table 3 lists only 11 plus extract. New imidazole compound 1 has no tabulated assay. Related Godoy thesis may overlap; do not count it as independent replication.,PDF 3 / printed 789; Table 3,https://doi.org/10.1515/znb-2005-0715,sources/souza2005.pdf,souza2005,,Reported assay concentration,,,souza2005_godoy2003_potential_overlap,2
F078,souza2005,Germanicol,pure_compound,2,Pilocarpus grandiflorus,Stems,100,µg/mL,100,growth_inhibition,=,0,percent,,0,,,,Atta sexdens rubropilosa,Leucoagaricus gongylophorus,"Not restated; cited1990 protocol reads30–35 days, not independently confirmed for this run.",Assay-specific endpoint only,Table 3; no MIC or IC50 inferred. Dictamine spelling retained with synonym cue; molecular identity still requires curation.,Do not infer an assay for each of 18 isolated compounds: Table 3 lists only 11 plus extract. New imidazole compound 1 has no tabulated assay. Related Godoy thesis may overlap; do not count it as independent replication.,PDF 3 / printed 789; Table 3,https://doi.org/10.1515/znb-2005-0715,sources/souza2005.pdf,souza2005,,Reported assay concentration,,,souza2005_godoy2003_potential_overlap,2
F079,souza2005,β-Amyrin,pure_compound,3,Pilocarpus grandiflorus,Stems,100,µg/mL,100,growth_inhibition,=,0,percent,,0,,,,Atta sexdens rubropilosa,Leucoagaricus gongylophorus,"Not restated; cited1990 protocol reads30–35 days, not independently confirmed for this run.",Assay-specific endpoint only,Table 3; no MIC or IC50 inferred. Dictamine spelling retained with synonym cue; molecular identity still requires curation.,Do not infer an assay for each of 18 isolated compounds: Table 3 lists only 11 plus extract. New imidazole compound 1 has no tabulated assay. Related Godoy thesis may overlap; do not count it as independent replication.,PDF 3 / printed 789; Table 3,https://doi.org/10.1515/znb-2005-0715,sources/souza2005.pdf,souza2005,,Reported assay concentration,,,souza2005_godoy2003_potential_overlap,2
F080,souza2005,β-Sitosterol,pure_compound,5,Pilocarpus grandiflorus,Stems,100,µg/mL,100,growth_inhibition,=,0,percent,,0,,,,Atta sexdens rubropilosa,Leucoagaricus gongylophorus,"Not restated; cited1990 protocol reads30–35 days, not independently confirmed for this run.",Assay-specific endpoint only,Table 3; no MIC or IC50 inferred. Dictamine spelling retained with synonym cue; molecular identity still requires curation.,Do not infer an assay for each of 18 isolated compounds: Table 3 lists only 11 plus extract. New imidazole compound 1 has no tabulated assay. Related Godoy thesis may overlap; do not count it as independent replication.,PDF 3 / printed 789; Table 3,https://doi.org/10.1515/znb-2005-0715,sources/souza2005.pdf,souza2005,,Reported assay concentration,,,souza2005_godoy2003_potential_overlap,2
F081,souza2005,Stigmast-4-en-3-one,pure_compound,6,Pilocarpus grandiflorus,Stems,100,µg/mL,100,growth_inhibition,=,0,percent,,0,,,,Atta sexdens rubropilosa,Leucoagaricus gongylophorus,"Not restated; cited1990 protocol reads30–35 days, not independently confirmed for this run.",Assay-specific endpoint only,Table 3; no MIC or IC50 inferred. Dictamine spelling retained with synonym cue; molecular identity still requires curation.,Do not infer an assay for each of 18 isolated compounds: Table 3 lists only 11 plus extract. New imidazole compound 1 has no tabulated assay. Related Godoy thesis may overlap; do not count it as independent replication.,PDF 3 / printed 789; Table 3,https://doi.org/10.1515/znb-2005-0715,sources/souza2005.pdf,souza2005,,Reported assay concentration,,,souza2005_godoy2003_potential_overlap,2
F082,souza2005,3β-Hydroxystigmast-5-en-7-one,pure_compound,7,Pilocarpus grandiflorus,Stems,60,µg/mL,60,growth_inhibition,=,20,percent,,20,,,,Atta sexdens rubropilosa,Leucoagaricus gongylophorus,"Not restated; cited1990 protocol reads30–35 days, not independently confirmed for this run.",Assay-specific endpoint only,Table 3; no MIC or IC50 inferred. Dictamine spelling retained with synonym cue; molecular identity still requires curation.,Do not infer an assay for each of 18 isolated compounds: Table 3 lists only 11 plus extract. New imidazole compound 1 has no tabulated assay. Related Godoy thesis may overlap; do not count it as independent replication.,PDF 3 / printed 789; Table 3,https://doi.org/10.1515/znb-2005-0715,sources/souza2005.pdf,souza2005,,Reported assay concentration,,,souza2005_godoy2003_potential_overlap,2
F083,souza2005,Syringaresinol,pure_compound,9,Pilocarpus grandiflorus,Stems,50,µg/mL,50,growth_inhibition,=,0,percent,,0,,,,Atta sexdens rubropilosa,Leucoagaricus gongylophorus,"Not restated; cited1990 protocol reads30–35 days, not independently confirmed for this run.",Assay-specific endpoint only,Table 3; no MIC or IC50 inferred. Dictamine spelling retained with synonym cue; molecular identity still requires curation.,Do not infer an assay for each of 18 isolated compounds: Table 3 lists only 11 plus extract. New imidazole compound 1 has no tabulated assay. Related Godoy thesis may overlap; do not count it as independent replication.,PDF 3 / printed 789; Table 3,https://doi.org/10.1515/znb-2005-0715,sources/souza2005.pdf,souza2005,,Reported assay concentration,,,souza2005_godoy2003_potential_overlap,2
F084,souza2005,Syringaldehyde,pure_compound,10,Pilocarpus grandiflorus,Stems,50,µg/mL,50,growth_inhibition,=,80,percent,,80,,,,Atta sexdens rubropilosa,Leucoagaricus gongylophorus,"Not restated; cited1990 protocol reads30–35 days, not independently confirmed for this run.",Assay-specific endpoint only,Table 3; no MIC or IC50 inferred. Dictamine spelling retained with synonym cue; molecular identity still requires curation.,Do not infer an assay for each of 18 isolated compounds: Table 3 lists only 11 plus extract. New imidazole compound 1 has no tabulated assay. Related Godoy thesis may overlap; do not count it as independent replication.,PDF 3 / printed 789; Table 3,https://doi.org/10.1515/znb-2005-0715,sources/souza2005.pdf,souza2005,,Reported assay concentration,,,souza2005_godoy2003_potential_overlap,2
F085,souza2005,Vanillic acid,pure_compound,12,Pilocarpus grandiflorus,Stems,50,µg/mL,50,growth_inhibition,=,80,percent,,80,,,,Atta sexdens rubropilosa,Leucoagaricus gongylophorus,"Not restated; cited1990 protocol reads30–35 days, not independently confirmed for this run.",Assay-specific endpoint only,Table 3; no MIC or IC50 inferred. Dictamine spelling retained with synonym cue; molecular identity still requires curation.,Do not infer an assay for each of 18 isolated compounds: Table 3 lists only 11 plus extract. New imidazole compound 1 has no tabulated assay. Related Godoy thesis may overlap; do not count it as independent replication.,PDF 3 / printed 789; Table 3,https://doi.org/10.1515/znb-2005-0715,sources/souza2005.pdf,souza2005,,Reported assay concentration,,,souza2005_godoy2003_potential_overlap,2
F086,souza2005,Dictamine [dictamnine],pure_compound,16,Pilocarpus grandiflorus,Stems,40,µg/mL,40,growth_inhibition,=,40,percent,,40,,,,Atta sexdens rubropilosa,Leucoagaricus gongylophorus,"Not restated; cited1990 protocol reads30–35 days, not independently confirmed for this run.",Assay-specific endpoint only,Table 3; no MIC or IC50 inferred. Dictamine spelling retained with synonym cue; molecular identity still requires curation.,Do not infer an assay for each of 18 isolated compounds: Table 3 lists only 11 plus extract. New imidazole compound 1 has no tabulated assay. Related Godoy thesis may overlap; do not count it as independent replication.,PDF 3 / printed 789; Table 3,https://doi.org/10.1515/znb-2005-0715,sources/souza2005.pdf,souza2005,,Reported assay concentration,,,souza2005_godoy2003_potential_overlap,2
F087,souza2005,1-Methyl-4-methoxy-2-quinolone,pure_compound,17,Pilocarpus grandiflorus,Stems,60,µg/mL,60,growth_inhibition,=,0,percent,,0,,,,Atta sexdens rubropilosa,Leucoagaricus gongylophorus,"Not restated; cited1990 protocol reads30–35 days, not independently confirmed for this run.",Assay-specific endpoint only,Table 3; no MIC or IC50 inferred. Dictamine spelling retained with synonym cue; molecular identity still requires curation.,Do not infer an assay for each of 18 isolated compounds: Table 3 lists only 11 plus extract. New imidazole compound 1 has no tabulated assay. Related Godoy thesis may overlap; do not count it as independent replication.,PDF 3 / printed 789; Table 3,https://doi.org/10.1515/znb-2005-0715,sources/souza2005.pdf,souza2005,,Reported assay concentration,,,souza2005_godoy2003_potential_overlap,2
F088,souza2005,Platydesmine,pure_compound,18,Pilocarpus grandiflorus,Stems,50,µg/mL,50,growth_inhibition,=,80,percent,,80,,,,Atta sexdens rubropilosa,Leucoagaricus gongylophorus,"Not restated; cited1990 protocol reads30–35 days, not independently confirmed for this run.",Assay-specific endpoint only,Table 3; no MIC or IC50 inferred. Dictamine spelling retained with synonym cue; molecular identity still requires curation.,Do not infer an assay for each of 18 isolated compounds: Table 3 lists only 11 plus extract. New imidazole compound 1 has no tabulated assay. Related Godoy thesis may overlap; do not count it as independent replication.,PDF 3 / printed 789; Table 3,https://doi.org/10.1515/znb-2005-0715,sources/souza2005.pdf,souza2005,,Reported assay concentration,,,souza2005_godoy2003_potential_overlap,2
F089,melo2020,"Myrcia oil, isopulegol chemotype",essential_oil,MLUN19,Myrcia lundiana,Leaves for oils; purchased compound comparators,,,,IC50,=,145.1,µL/L air,,,,,,Acromyrmex balzani,Leucoagaricus gongylophorus,Seven days; citral recovery: further seven days on untreated PDA.,Route-specific concentration endpoint; no mass/molar conversion without density/composition,Fig 2 printed fit and interval values; curves not digitized.,"Contact screening dose conflict: methods1400 µL/L versus results/Fig 2 bound>1000 µL/L. Preserve reported bound. Oils are mixtures; pure compounds mostly purchased, sulcatyl acetate synthesized. Ant-mixture synergy is not fungal synergy.","PDF 5,8–9 / printed 17307,17310–17311; Figs 2–3",https://doi.org/10.1007/s11356-020-08170-z,sources/melo2020.pdf,melo2020,Fumigation,µL/L air,117.1,181.8,melo2020,2
F090,melo2020,Isopulegol (purchased),pure_compound,,Myrcia lundiana,Leaves for oils; purchased compound comparators,,,,IC50,=,150.1,µL/L air,,,,,,Acromyrmex balzani,Leucoagaricus gongylophorus,Seven days; citral recovery: further seven days on untreated PDA.,Route-specific concentration endpoint; no mass/molar conversion without density/composition,Fig 2 printed fit and interval values; curves not digitized.,"Contact screening dose conflict: methods1400 µL/L versus results/Fig 2 bound>1000 µL/L. Preserve reported bound. Oils are mixtures; pure compounds mostly purchased, sulcatyl acetate synthesized. Ant-mixture synergy is not fungal synergy.","PDF 5,8–9 / printed 17307,17310–17311; Figs 2–3",https://doi.org/10.1007/s11356-020-08170-z,sources/melo2020.pdf,melo2020,Fumigation,µL/L air,136.1,165.8,melo2020,2
F091,melo2020,"Myrcia oil, citral chemotype",essential_oil,MLUN23,Myrcia lundiana,Leaves for oils; purchased compound comparators,,,,IC50,=,104.8,µL/L air,,,,,,Acromyrmex balzani,Leucoagaricus gongylophorus,Seven days; citral recovery: further seven days on untreated PDA.,Route-specific concentration endpoint; no mass/molar conversion without density/composition,Fig 2 printed fit and interval values; curves not digitized.,"Contact screening dose conflict: methods1400 µL/L versus results/Fig 2 bound>1000 µL/L. Preserve reported bound. Oils are mixtures; pure compounds mostly purchased, sulcatyl acetate synthesized. Ant-mixture synergy is not fungal synergy.","PDF 5,8–9 / printed 17307,17310–17311; Figs 2–3",https://doi.org/10.1007/s11356-020-08170-z,sources/melo2020.pdf,melo2020,Fumigation,µL/L air,81.9,143.1,melo2020,2
F092,melo2020,Citral (purchased),pure_compound,,Myrcia lundiana,Leaves for oils; purchased compound comparators,,,,IC50,=,31.7,µL/L air,,,,,,Acromyrmex balzani,Leucoagaricus gongylophorus,Seven days; citral recovery: further seven days on untreated PDA.,Route-specific concentration endpoint; no mass/molar conversion without density/composition,Fig 2 printed fit and interval values; curves not digitized.,"Contact screening dose conflict: methods1400 µL/L versus results/Fig 2 bound>1000 µL/L. Preserve reported bound. Oils are mixtures; pure compounds mostly purchased, sulcatyl acetate synthesized. Ant-mixture synergy is not fungal synergy.","PDF 5,8–9 / printed 17307,17310–17311; Figs 2–3",https://doi.org/10.1007/s11356-020-08170-z,sources/melo2020.pdf,melo2020,Fumigation,µL/L air,29.1,34.4,melo2020,2
F093,melo2020,Aristolochia stem essential oil,essential_oil,,Aristolochia trilobata,Stems,,,,IC50,>,266.6,µL/L air,,,,,,Acromyrmex balzani,Leucoagaricus gongylophorus,Seven days; citral recovery: further seven days on untreated PDA.,Right-censored concentration endpoint; not exact zero growth inhibition,Source reports no antifungal activity at discriminatory screen and gives this IC50 bound. Contact method says1400 µL/L but result bound is>1000; neither is silently substituted.,"Contact screening dose conflict: methods1400 µL/L versus results/Fig 2 bound>1000 µL/L. Preserve reported bound. Oils are mixtures; pure compounds mostly purchased, sulcatyl acetate synthesized. Ant-mixture synergy is not fungal synergy.","PDF 5,8–9 / printed 17307,17310–17311; Figs 2–3",https://doi.org/10.1007/s11356-020-08170-z,sources/melo2020.pdf,melo2020,Fumigation,µL/L air,,,melo2020,2
F094,melo2020,"1,8-Cineol",pure_compound,,Myrcia lundiana / Aristolochia trilobata study,Purchased reagent,,,,IC50,>,266.6,µL/L air,,,,,,Acromyrmex balzani,Leucoagaricus gongylophorus,Seven days; citral recovery: further seven days on untreated PDA.,Right-censored concentration endpoint; not exact zero growth inhibition,Source reports no antifungal activity at discriminatory screen and gives this IC50 bound. Contact method says1400 µL/L but result bound is>1000; neither is silently substituted.,"Contact screening dose conflict: methods1400 µL/L versus results/Fig 2 bound>1000 µL/L. Preserve reported bound. Oils are mixtures; pure compounds mostly purchased, sulcatyl acetate synthesized. Ant-mixture synergy is not fungal synergy.","PDF 5,8–9 / printed 17307,17310–17311; Figs 2–3",https://doi.org/10.1007/s11356-020-08170-z,sources/melo2020.pdf,melo2020,Fumigation,µL/L air,,,melo2020,2
F095,melo2020,Sulcatyl acetate,pure_compound,,Aristolochia trilobata study,Synthesized comparator,,,,IC50,>,266.6,µL/L air,,,,,,Acromyrmex balzani,Leucoagaricus gongylophorus,Seven days; citral recovery: further seven days on untreated PDA.,Right-censored concentration endpoint; not exact zero growth inhibition,Source reports no antifungal activity at discriminatory screen and gives this IC50 bound. Contact method says1400 µL/L but result bound is>1000; neither is silently substituted.,"Contact screening dose conflict: methods1400 µL/L versus results/Fig 2 bound>1000 µL/L. Preserve reported bound. Oils are mixtures; pure compounds mostly purchased, sulcatyl acetate synthesized. Ant-mixture synergy is not fungal synergy.","PDF 5,8–9 / printed 17307,17310–17311; Figs 2–3",https://doi.org/10.1007/s11356-020-08170-z,sources/melo2020.pdf,melo2020,Fumigation,µL/L air,,,melo2020,2
F096,melo2020,Limonene,pure_compound,,Aristolochia trilobata study,Purchased reagent,,,,IC50,>,266.6,µL/L air,,,,,,Acromyrmex balzani,Leucoagaricus gongylophorus,Seven days; citral recovery: further seven days on untreated PDA.,Right-censored concentration endpoint; not exact zero growth inhibition,Source reports no antifungal activity at discriminatory screen and gives this IC50 bound. Contact method says1400 µL/L but result bound is>1000; neither is silently substituted.,"Contact screening dose conflict: methods1400 µL/L versus results/Fig 2 bound>1000 µL/L. Preserve reported bound. Oils are mixtures; pure compounds mostly purchased, sulcatyl acetate synthesized. Ant-mixture synergy is not fungal synergy.","PDF 5,8–9 / printed 17307,17310–17311; Figs 2–3",https://doi.org/10.1007/s11356-020-08170-z,sources/melo2020.pdf,melo2020,Fumigation,µL/L air,,,melo2020,2
F097,melo2020,Linalool,pure_compound,,Aristolochia trilobata study,Purchased reagent,,,,IC50,>,266.6,µL/L air,,,,,,Acromyrmex balzani,Leucoagaricus gongylophorus,Seven days; citral recovery: further seven days on untreated PDA.,Right-censored concentration endpoint; not exact zero growth inhibition,Source reports no antifungal activity at discriminatory screen and gives this IC50 bound. Contact method says1400 µL/L but result bound is>1000; neither is silently substituted.,"Contact screening dose conflict: methods1400 µL/L versus results/Fig 2 bound>1000 µL/L. Preserve reported bound. Oils are mixtures; pure compounds mostly purchased, sulcatyl acetate synthesized. Ant-mixture synergy is not fungal synergy.","PDF 5,8–9 / printed 17307,17310–17311; Figs 2–3",https://doi.org/10.1007/s11356-020-08170-z,sources/melo2020.pdf,melo2020,Fumigation,µL/L air,,,melo2020,2
F098,melo2020,p-Cymene,pure_compound,,Aristolochia trilobata study,Purchased reagent,,,,IC50,>,266.6,µL/L air,,,,,,Acromyrmex balzani,Leucoagaricus gongylophorus,Seven days; citral recovery: further seven days on untreated PDA.,Right-censored concentration endpoint; not exact zero growth inhibition,Source reports no antifungal activity at discriminatory screen and gives this IC50 bound. Contact method says1400 µL/L but result bound is>1000; neither is silently substituted.,"Contact screening dose conflict: methods1400 µL/L versus results/Fig 2 bound>1000 µL/L. Preserve reported bound. Oils are mixtures; pure compounds mostly purchased, sulcatyl acetate synthesized. Ant-mixture synergy is not fungal synergy.","PDF 5,8–9 / printed 17307,17310–17311; Figs 2–3",https://doi.org/10.1007/s11356-020-08170-z,sources/melo2020.pdf,melo2020,Fumigation,µL/L air,,,melo2020,2
F099,melo2020,"Myrcia oil, isopulegol chemotype",essential_oil,MLUN19,Myrcia lundiana,Leaves for oils; purchased compound comparators,,,,IC50,=,238.1,µL/L medium,,,,,,Acromyrmex balzani,Leucoagaricus gongylophorus,Seven days; citral recovery: further seven days on untreated PDA.,Route-specific concentration endpoint; no mass/molar conversion without density/composition,Fig 2 printed fit and interval values; curves not digitized.,"Contact screening dose conflict: methods1400 µL/L versus results/Fig 2 bound>1000 µL/L. Preserve reported bound. Oils are mixtures; pure compounds mostly purchased, sulcatyl acetate synthesized. Ant-mixture synergy is not fungal synergy.","PDF 5,8–9 / printed 17307,17310–17311; Figs 2–3",https://doi.org/10.1007/s11356-020-08170-z,sources/melo2020.pdf,melo2020,Agar contact,µL/L medium,160.4,332.4,melo2020,2
F100,melo2020,Isopulegol (purchased),pure_compound,,Myrcia lundiana,Leaves for oils; purchased compound comparators,,,,IC50,=,696.8,µL/L medium,,,,,,Acromyrmex balzani,Leucoagaricus gongylophorus,Seven days; citral recovery: further seven days on untreated PDA.,Route-specific concentration endpoint; no mass/molar conversion without density/composition,Fig 2 printed fit and interval values; curves not digitized.,"Contact screening dose conflict: methods1400 µL/L versus results/Fig 2 bound>1000 µL/L. Preserve reported bound. Oils are mixtures; pure compounds mostly purchased, sulcatyl acetate synthesized. Ant-mixture synergy is not fungal synergy.","PDF 5,8–9 / printed 17307,17310–17311; Figs 2–3",https://doi.org/10.1007/s11356-020-08170-z,sources/melo2020.pdf,melo2020,Agar contact,µL/L medium,636.0,747.6,melo2020,2
F101,melo2020,"Myrcia oil, citral chemotype",essential_oil,MLUN23,Myrcia lundiana,Leaves for oils; purchased compound comparators,,,,IC50,=,217.9,µL/L medium,,,,,,Acromyrmex balzani,Leucoagaricus gongylophorus,Seven days; citral recovery: further seven days on untreated PDA.,Route-specific concentration endpoint; no mass/molar conversion without density/composition,Fig 2 printed fit and interval values; curves not digitized.,"Contact screening dose conflict: methods1400 µL/L versus results/Fig 2 bound>1000 µL/L. Preserve reported bound. Oils are mixtures; pure compounds mostly purchased, sulcatyl acetate synthesized. Ant-mixture synergy is not fungal synergy.","PDF 5,8–9 / printed 17307,17310–17311; Figs 2–3",https://doi.org/10.1007/s11356-020-08170-z,sources/melo2020.pdf,melo2020,Agar contact,µL/L medium,158.7,324.8,melo2020,2
F102,melo2020,Citral (purchased),pure_compound,,Myrcia lundiana,Leaves for oils; purchased compound comparators,,,,IC50,=,289.9,µL/L medium,,,,,,Acromyrmex balzani,Leucoagaricus gongylophorus,Seven days; citral recovery: further seven days on untreated PDA.,Route-specific concentration endpoint; no mass/molar conversion without density/composition,Fig 2 printed fit and interval values; curves not digitized.,"Contact screening dose conflict: methods1400 µL/L versus results/Fig 2 bound>1000 µL/L. Preserve reported bound. Oils are mixtures; pure compounds mostly purchased, sulcatyl acetate synthesized. Ant-mixture synergy is not fungal synergy.","PDF 5,8–9 / printed 17307,17310–17311; Figs 2–3",https://doi.org/10.1007/s11356-020-08170-z,sources/melo2020.pdf,melo2020,Agar contact,µL/L medium,241.3,356.4,melo2020,2
F103,melo2020,Aristolochia stem essential oil,essential_oil,,Aristolochia trilobata,Stems,,,,IC50,>,1000,µL/L medium,,,,,,Acromyrmex balzani,Leucoagaricus gongylophorus,Seven days; citral recovery: further seven days on untreated PDA.,Right-censored concentration endpoint; not exact zero growth inhibition,Source reports no antifungal activity at discriminatory screen and gives this IC50 bound. Contact method says1400 µL/L but result bound is>1000; neither is silently substituted.,"Contact screening dose conflict: methods1400 µL/L versus results/Fig 2 bound>1000 µL/L. Preserve reported bound. Oils are mixtures; pure compounds mostly purchased, sulcatyl acetate synthesized. Ant-mixture synergy is not fungal synergy.","PDF 5,8–9 / printed 17307,17310–17311; Figs 2–3",https://doi.org/10.1007/s11356-020-08170-z,sources/melo2020.pdf,melo2020,Agar contact,µL/L medium,,,melo2020,2
F104,melo2020,"1,8-Cineol",pure_compound,,Myrcia lundiana / Aristolochia trilobata study,Purchased reagent,,,,IC50,>,1000,µL/L medium,,,,,,Acromyrmex balzani,Leucoagaricus gongylophorus,Seven days; citral recovery: further seven days on untreated PDA.,Right-censored concentration endpoint; not exact zero growth inhibition,Source reports no antifungal activity at discriminatory screen and gives this IC50 bound. Contact method says1400 µL/L but result bound is>1000; neither is silently substituted.,"Contact screening dose conflict: methods1400 µL/L versus results/Fig 2 bound>1000 µL/L. Preserve reported bound. Oils are mixtures; pure compounds mostly purchased, sulcatyl acetate synthesized. Ant-mixture synergy is not fungal synergy.","PDF 5,8–9 / printed 17307,17310–17311; Figs 2–3",https://doi.org/10.1007/s11356-020-08170-z,sources/melo2020.pdf,melo2020,Agar contact,µL/L medium,,,melo2020,2
F105,melo2020,Sulcatyl acetate,pure_compound,,Aristolochia trilobata study,Synthesized comparator,,,,IC50,>,1000,µL/L medium,,,,,,Acromyrmex balzani,Leucoagaricus gongylophorus,Seven days; citral recovery: further seven days on untreated PDA.,Right-censored concentration endpoint; not exact zero growth inhibition,Source reports no antifungal activity at discriminatory screen and gives this IC50 bound. Contact method says1400 µL/L but result bound is>1000; neither is silently substituted.,"Contact screening dose conflict: methods1400 µL/L versus results/Fig 2 bound>1000 µL/L. Preserve reported bound. Oils are mixtures; pure compounds mostly purchased, sulcatyl acetate synthesized. Ant-mixture synergy is not fungal synergy.","PDF 5,8–9 / printed 17307,17310–17311; Figs 2–3",https://doi.org/10.1007/s11356-020-08170-z,sources/melo2020.pdf,melo2020,Agar contact,µL/L medium,,,melo2020,2
F106,melo2020,Limonene,pure_compound,,Aristolochia trilobata study,Purchased reagent,,,,IC50,>,1000,µL/L medium,,,,,,Acromyrmex balzani,Leucoagaricus gongylophorus,Seven days; citral recovery: further seven days on untreated PDA.,Right-censored concentration endpoint; not exact zero growth inhibition,Source reports no antifungal activity at discriminatory screen and gives this IC50 bound. Contact method says1400 µL/L but result bound is>1000; neither is silently substituted.,"Contact screening dose conflict: methods1400 µL/L versus results/Fig 2 bound>1000 µL/L. Preserve reported bound. Oils are mixtures; pure compounds mostly purchased, sulcatyl acetate synthesized. Ant-mixture synergy is not fungal synergy.","PDF 5,8–9 / printed 17307,17310–17311; Figs 2–3",https://doi.org/10.1007/s11356-020-08170-z,sources/melo2020.pdf,melo2020,Agar contact,µL/L medium,,,melo2020,2
F107,melo2020,Linalool,pure_compound,,Aristolochia trilobata study,Purchased reagent,,,,IC50,>,1000,µL/L medium,,,,,,Acromyrmex balzani,Leucoagaricus gongylophorus,Seven days; citral recovery: further seven days on untreated PDA.,Right-censored concentration endpoint; not exact zero growth inhibition,Source reports no antifungal activity at discriminatory screen and gives this IC50 bound. Contact method says1400 µL/L but result bound is>1000; neither is silently substituted.,"Contact screening dose conflict: methods1400 µL/L versus results/Fig 2 bound>1000 µL/L. Preserve reported bound. Oils are mixtures; pure compounds mostly purchased, sulcatyl acetate synthesized. Ant-mixture synergy is not fungal synergy.","PDF 5,8–9 / printed 17307,17310–17311; Figs 2–3",https://doi.org/10.1007/s11356-020-08170-z,sources/melo2020.pdf,melo2020,Agar contact,µL/L medium,,,melo2020,2
F108,melo2020,p-Cymene,pure_compound,,Aristolochia trilobata study,Purchased reagent,,,,IC50,>,1000,µL/L medium,,,,,,Acromyrmex balzani,Leucoagaricus gongylophorus,Seven days; citral recovery: further seven days on untreated PDA.,Right-censored concentration endpoint; not exact zero growth inhibition,Source reports no antifungal activity at discriminatory screen and gives this IC50 bound. Contact method says1400 µL/L but result bound is>1000; neither is silently substituted.,"Contact screening dose conflict: methods1400 µL/L versus results/Fig 2 bound>1000 µL/L. Preserve reported bound. Oils are mixtures; pure compounds mostly purchased, sulcatyl acetate synthesized. Ant-mixture synergy is not fungal synergy.","PDF 5,8–9 / printed 17307,17310–17311; Figs 2–3",https://doi.org/10.1007/s11356-020-08170-z,sources/melo2020.pdf,melo2020,Agar contact,µL/L medium,,,melo2020,2
F109,melo2020,Citral (purchased),pure_compound,,Myrcia lundiana,Purchased reagent comparator,123.21,µL/L air,,no_regrowth_after_transfer,=,No mycelial regrowth observed,categorical,,,,,,Acromyrmex balzani,Leucoagaricus gongylophorus,Seven days; citral recovery: further seven days on untreated PDA.,Recovery endpoint supporting killing under tested conditions; separate from IC50,Seven days exposure then seven days recovery; source dose is upper confidence limit of IC99. Lower IC99 condition showed recovery; its exact concentration was not tabulated.,"Contact screening dose conflict: methods1400 µL/L versus results/Fig 2 bound>1000 µL/L. Preserve reported bound. Oils are mixtures; pure compounds mostly purchased, sulcatyl acetate synthesized. Ant-mixture synergy is not fungal synergy.","PDF 5,8–9 / printed 17307,17310–17311; Figs 2–3",https://doi.org/10.1007/s11356-020-08170-z,sources/melo2020.pdf,melo2020,Fumigation followed by transfer to untreated agar,Volume per air volume,,,melo2020,2
F110,sesame1990,Chloroform leaf extract,crude_extract,,Sesamum indicum,Leaves,7.5,mg dry leaf equivalent/mL,,remaining_growth,=,100,percent,100,0,5+,,,Atta sexdens rubropilosa,Leucocoprinus gongylophorus (=Rozites gongylophora),30–35 days at 25±2°C,Assay-specific endpoint only,Table 1 ordinal score and legend mapping.,"Concentrations are original dry-plant-equivalent mass per medium volume, not recovered extract mass. Water stimulated growth. Sesamin/sesamine was not detected in leaves by the reported analysis; assay does not establish absence at all detection limits.",PDF 2 / printed 350; Tables 1–2,https://doi.org/10.1017/S0007485300050550,sources/sesame1990.pdf,sesame1990,,Dry leaf equivalent,,,sesame1990,2
F111,sesame1990,Chloroform leaf extract,crude_extract,,Sesamum indicum,Leaves,15,mg dry leaf equivalent/mL,,remaining_growth,=,100,percent,100,0,5+,,,Atta sexdens rubropilosa,Leucocoprinus gongylophorus (=Rozites gongylophora),30–35 days at 25±2°C,Assay-specific endpoint only,Table 1 ordinal score and legend mapping.,"Concentrations are original dry-plant-equivalent mass per medium volume, not recovered extract mass. Water stimulated growth. Sesamin/sesamine was not detected in leaves by the reported analysis; assay does not establish absence at all detection limits.",PDF 2 / printed 350; Tables 1–2,https://doi.org/10.1017/S0007485300050550,sources/sesame1990.pdf,sesame1990,,Dry leaf equivalent,,,sesame1990,2
F112,sesame1990,Chloroform leaf extract,crude_extract,,Sesamum indicum,Leaves,30,mg dry leaf equivalent/mL,,remaining_growth,=,80,percent,80,20,4+,,,Atta sexdens rubropilosa,Leucocoprinus gongylophorus (=Rozites gongylophora),30–35 days at 25±2°C,Assay-specific endpoint only,Table 1 ordinal score and legend mapping.,"Concentrations are original dry-plant-equivalent mass per medium volume, not recovered extract mass. Water stimulated growth. Sesamin/sesamine was not detected in leaves by the reported analysis; assay does not establish absence at all detection limits.",PDF 2 / printed 350; Tables 1–2,https://doi.org/10.1017/S0007485300050550,sources/sesame1990.pdf,sesame1990,,Dry leaf equivalent,,,sesame1990,2
F113,sesame1990,Chloroform leaf extract,crude_extract,,Sesamum indicum,Leaves,60,mg dry leaf equivalent/mL,,remaining_growth,=,40,percent,40,60,2+,,,Atta sexdens rubropilosa,Leucocoprinus gongylophorus (=Rozites gongylophora),30–35 days at 25±2°C,Assay-specific endpoint only,Table 1 ordinal score and legend mapping.,"Concentrations are original dry-plant-equivalent mass per medium volume, not recovered extract mass. Water stimulated growth. Sesamin/sesamine was not detected in leaves by the reported analysis; assay does not establish absence at all detection limits.",PDF 2 / printed 350; Tables 1–2,https://doi.org/10.1017/S0007485300050550,sources/sesame1990.pdf,sesame1990,,Dry leaf equivalent,,,sesame1990,2
F114,sesame1990,Methanol leaf extract,crude_extract,,Sesamum indicum,Leaves,7.5,mg dry leaf equivalent/mL,,remaining_growth,=,100,percent,100,0,5+,,,Atta sexdens rubropilosa,Leucocoprinus gongylophorus (=Rozites gongylophora),30–35 days at 25±2°C,Assay-specific endpoint only,Table 1 ordinal score and legend mapping.,"Concentrations are original dry-plant-equivalent mass per medium volume, not recovered extract mass. Water stimulated growth. Sesamin/sesamine was not detected in leaves by the reported analysis; assay does not establish absence at all detection limits.",PDF 2 / printed 350; Tables 1–2,https://doi.org/10.1017/S0007485300050550,sources/sesame1990.pdf,sesame1990,,Dry leaf equivalent,,,sesame1990,2
F115,sesame1990,Methanol leaf extract,crude_extract,,Sesamum indicum,Leaves,15,mg dry leaf equivalent/mL,,remaining_growth,=,100,percent,100,0,5+,,,Atta sexdens rubropilosa,Leucocoprinus gongylophorus (=Rozites gongylophora),30–35 days at 25±2°C,Assay-specific endpoint only,Table 1 ordinal score and legend mapping.,"Concentrations are original dry-plant-equivalent mass per medium volume, not recovered extract mass. Water stimulated growth. Sesamin/sesamine was not detected in leaves by the reported analysis; assay does not establish absence at all detection limits.",PDF 2 / printed 350; Tables 1–2,https://doi.org/10.1017/S0007485300050550,sources/sesame1990.pdf,sesame1990,,Dry leaf equivalent,,,sesame1990,2
F116,sesame1990,Methanol leaf extract,crude_extract,,Sesamum indicum,Leaves,30,mg dry leaf equivalent/mL,,remaining_growth,=,80,percent,80,20,4+,,,Atta sexdens rubropilosa,Leucocoprinus gongylophorus (=Rozites gongylophora),30–35 days at 25±2°C,Assay-specific endpoint only,Table 1 ordinal score and legend mapping.,"Concentrations are original dry-plant-equivalent mass per medium volume, not recovered extract mass. Water stimulated growth. Sesamin/sesamine was not detected in leaves by the reported analysis; assay does not establish absence at all detection limits.",PDF 2 / printed 350; Tables 1–2,https://doi.org/10.1017/S0007485300050550,sources/sesame1990.pdf,sesame1990,,Dry leaf equivalent,,,sesame1990,2
F117,sesame1990,Methanol leaf extract,crude_extract,,Sesamum indicum,Leaves,60,mg dry leaf equivalent/mL,,remaining_growth,=,40,percent,40,60,2+,,,Atta sexdens rubropilosa,Leucocoprinus gongylophorus (=Rozites gongylophora),30–35 days at 25±2°C,Assay-specific endpoint only,Table 1 ordinal score and legend mapping.,"Concentrations are original dry-plant-equivalent mass per medium volume, not recovered extract mass. Water stimulated growth. Sesamin/sesamine was not detected in leaves by the reported analysis; assay does not establish absence at all detection limits.",PDF 2 / printed 350; Tables 1–2,https://doi.org/10.1017/S0007485300050550,sources/sesame1990.pdf,sesame1990,,Dry leaf equivalent,,,sesame1990,2
F118,sesame1990,Chloroform + methanol leaf extracts,extract_mixture,,Sesamum indicum,Leaves,30+30,"mg dry leaf equivalent/mL, each component",,remaining_growth,=,40,percent,40,60,2+,,,Atta sexdens rubropilosa,Leucocoprinus gongylophorus (=Rozites gongylophora),30–35 days at 25±2°C,Assay-specific endpoint only,Table 1; <1+ retained rather than treated as exact zero. The1+ class itself means20% growth or less.,"Concentrations are original dry-plant-equivalent mass per medium volume, not recovered extract mass. Water stimulated growth. Sesamin/sesamine was not detected in leaves by the reported analysis; assay does not establish absence at all detection limits.",PDF 2 / printed 350; Tables 1–2,https://doi.org/10.1017/S0007485300050550,sources/sesame1990.pdf,sesame1990,,Separate dry-leaf-equivalent contributions,,,sesame1990,2
F119,sesame1990,Chloroform + methanol leaf extracts,extract_mixture,,Sesamum indicum,Leaves,60+60,"mg dry leaf equivalent/mL, each component",,ordinal_remaining_growth,=,Below lowest scored growth class,category,,,<1+,,,Atta sexdens rubropilosa,Leucocoprinus gongylophorus (=Rozites gongylophora),30–35 days at 25±2°C,Assay-specific endpoint only,Table 1; <1+ retained rather than treated as exact zero. The1+ class itself means20% growth or less.,"Concentrations are original dry-plant-equivalent mass per medium volume, not recovered extract mass. Water stimulated growth. Sesamin/sesamine was not detected in leaves by the reported analysis; assay does not establish absence at all detection limits.",PDF 2 / printed 350; Tables 1–2,https://doi.org/10.1017/S0007485300050550,sources/sesame1990.pdf,sesame1990,,Separate dry-leaf-equivalent contributions,,,sesame1990,2
F120,sesame1990,Water leaf extract,crude_extract,,Sesamum indicum,Leaves,60,mg dry leaf equivalent/mL,,growth_stimulation,=,Greater than control,categorical,,,>5+,,,Atta sexdens rubropilosa,Leucocoprinus gongylophorus (=Rozites gongylophora),30–35 days at 25±2°C,Assay-specific endpoint only,"Positive growth stimulation, not absence of a recorded effect.","Concentrations are original dry-plant-equivalent mass per medium volume, not recovered extract mass. Water stimulated growth. Sesamin/sesamine was not detected in leaves by the reported analysis; assay does not establish absence at all detection limits.",PDF 2 / printed 350; Tables 1–2,https://doi.org/10.1017/S0007485300050550,sources/sesame1990.pdf,sesame1990,,Dry leaf equivalent,,,sesame1990,2
F121,sesame1990,Chloroform leaves from 30-day plants extract,crude_extract,L1,Sesamum indicum,Leaves from 30-day plants,60,mg dry plant equivalent/mL,,remaining_growth,=,40,percent,40,60,2+,,,Atta sexdens rubropilosa,Leucocoprinus gongylophorus (=Rozites gongylophora),30–35 days at 25±2°C,Assay-specific endpoint only,Table 2; different plant organs/stages are not independent compound tests.,"Concentrations are original dry-plant-equivalent mass per medium volume, not recovered extract mass. Water stimulated growth. Sesamin/sesamine was not detected in leaves by the reported analysis; assay does not establish absence at all detection limits.",PDF 2 / printed 350; Tables 1–2,https://doi.org/10.1017/S0007485300050550,sources/sesame1990.pdf,sesame1990,,Dry plant equivalent,,,sesame1990,2
F122,sesame1990,Chloroform leaves from 60-day plants extract,crude_extract,L2,Sesamum indicum,Leaves from 60-day plants,60,mg dry plant equivalent/mL,,remaining_growth,=,40,percent,40,60,2+,,,Atta sexdens rubropilosa,Leucocoprinus gongylophorus (=Rozites gongylophora),30–35 days at 25±2°C,Assay-specific endpoint only,Table 2; different plant organs/stages are not independent compound tests.,"Concentrations are original dry-plant-equivalent mass per medium volume, not recovered extract mass. Water stimulated growth. Sesamin/sesamine was not detected in leaves by the reported analysis; assay does not establish absence at all detection limits.",PDF 2 / printed 350; Tables 1–2,https://doi.org/10.1017/S0007485300050550,sources/sesame1990.pdf,sesame1990,,Dry plant equivalent,,,sesame1990,2
F123,sesame1990,Chloroform green leaves from 90-day plants extract,crude_extract,L3a,Sesamum indicum,Green leaves from 90-day plants,60,mg dry plant equivalent/mL,,remaining_growth,=,60,percent,60,40,3+,,,Atta sexdens rubropilosa,Leucocoprinus gongylophorus (=Rozites gongylophora),30–35 days at 25±2°C,Assay-specific endpoint only,Table 2; different plant organs/stages are not independent compound tests.,"Concentrations are original dry-plant-equivalent mass per medium volume, not recovered extract mass. Water stimulated growth. Sesamin/sesamine was not detected in leaves by the reported analysis; assay does not establish absence at all detection limits.",PDF 2 / printed 350; Tables 1–2,https://doi.org/10.1017/S0007485300050550,sources/sesame1990.pdf,sesame1990,,Dry plant equivalent,,,sesame1990,2
F124,sesame1990,Chloroform yellow leaves from 90-day plants extract,crude_extract,L3b,Sesamum indicum,Yellow leaves from 90-day plants,60,mg dry plant equivalent/mL,,remaining_growth,=,40,percent,40,60,2+,,,Atta sexdens rubropilosa,Leucocoprinus gongylophorus (=Rozites gongylophora),30–35 days at 25±2°C,Assay-specific endpoint only,Table 2; different plant organs/stages are not independent compound tests.,"Concentrations are original dry-plant-equivalent mass per medium volume, not recovered extract mass. Water stimulated growth. Sesamin/sesamine was not detected in leaves by the reported analysis; assay does not establish absence at all detection limits.",PDF 2 / printed 350; Tables 1–2,https://doi.org/10.1017/S0007485300050550,sources/sesame1990.pdf,sesame1990,,Dry plant equivalent,,,sesame1990,2
F125,sesame1990,Chloroform green fruit extract,crude_extract,GFr,Sesamum indicum,Green fruit,30,mg dry plant equivalent/mL,,remaining_growth,=,60,percent,60,40,3+,,,Atta sexdens rubropilosa,Leucocoprinus gongylophorus (=Rozites gongylophora),30–35 days at 25±2°C,Assay-specific endpoint only,Table 2; different plant organs/stages are not independent compound tests.,"Concentrations are original dry-plant-equivalent mass per medium volume, not recovered extract mass. Water stimulated growth. Sesamin/sesamine was not detected in leaves by the reported analysis; assay does not establish absence at all detection limits.",PDF 2 / printed 350; Tables 1–2,https://doi.org/10.1017/S0007485300050550,sources/sesame1990.pdf,sesame1990,,Dry plant equivalent,,,sesame1990,2
F126,sesame1990,Chloroform ripe fruit extract,crude_extract,RFr,Sesamum indicum,Ripe fruit,30,mg dry plant equivalent/mL,,remaining_growth,=,40,percent,40,60,2+,,,Atta sexdens rubropilosa,Leucocoprinus gongylophorus (=Rozites gongylophora),30–35 days at 25±2°C,Assay-specific endpoint only,Table 2; different plant organs/stages are not independent compound tests.,"Concentrations are original dry-plant-equivalent mass per medium volume, not recovered extract mass. Water stimulated growth. Sesamin/sesamine was not detected in leaves by the reported analysis; assay does not establish absence at all detection limits.",PDF 2 / printed 350; Tables 1–2,https://doi.org/10.1017/S0007485300050550,sources/sesame1990.pdf,sesame1990,,Dry plant equivalent,,,sesame1990,2
F127,sesame1990,Chloroform green seed extract,crude_extract,GS,Sesamum indicum,Green seed,30,mg dry plant equivalent/mL,,remaining_growth,=,40,percent,40,60,2+,,,Atta sexdens rubropilosa,Leucocoprinus gongylophorus (=Rozites gongylophora),30–35 days at 25±2°C,Assay-specific endpoint only,Table 2; different plant organs/stages are not independent compound tests.,"Concentrations are original dry-plant-equivalent mass per medium volume, not recovered extract mass. Water stimulated growth. Sesamin/sesamine was not detected in leaves by the reported analysis; assay does not establish absence at all detection limits.",PDF 2 / printed 350; Tables 1–2,https://doi.org/10.1017/S0007485300050550,sources/sesame1990.pdf,sesame1990,,Dry plant equivalent,,,sesame1990,2
F128,sesame1990,Chloroform ripe seed extract,crude_extract,RS,Sesamum indicum,Ripe seed,30,mg dry plant equivalent/mL,,remaining_growth,=,40,percent,40,60,2+,,,Atta sexdens rubropilosa,Leucocoprinus gongylophorus (=Rozites gongylophora),30–35 days at 25±2°C,Assay-specific endpoint only,Table 2; different plant organs/stages are not independent compound tests.,"Concentrations are original dry-plant-equivalent mass per medium volume, not recovered extract mass. Water stimulated growth. Sesamin/sesamine was not detected in leaves by the reported analysis; assay does not establish absence at all detection limits.",PDF 2 / printed 350; Tables 1–2,https://doi.org/10.1017/S0007485300050550,sources/sesame1990.pdf,sesame1990,,Dry plant equivalent,,,sesame1990,2
F129,morais2012thesis,Hexane leaf extract,crude_extract,,Ageratum conyzoides,Leaves,25,mg/mL stock as described; table labels mg/mL,,biomass_reduction,=,81,percent,,81,,,,Atta sexdens rubropilosa (thesis scope; donor details unresolved),Leucoagaricus gongylophorus,30 days at 26±2°C; biomass dried40°C48 h.,Qualitative/dose-series evidence; hold out from quantitative potency pooling pending dose basis,Significant versus solvent control by table asterisk. Do not subtract the printed control percentage without resolving its denominator.,Hold out of pooled potency models pending stock/final-dose clarification. Same percentages as2015 article abstract; treat as overlapping work. Coriander23%/27% reductions are not significant. No recovery assay supports an irreversible-killing label.,PDF 46–48 / printed 33–35; Table 1 and Figs 1–3,https://locus.ufv.br/server/api/core/bitstreams/da53d5c4-077b-4210-8036-f6bda05b963c/content,sources/morais2012thesis.pdf,morais2012thesis,,Stock label;1:10 medium dilution implies nominal2.5/5/10 mg/mL final,,,morais2012_2015_overlap,2
F130,morais2012thesis,Hexane leaf extract,crude_extract,,Ageratum conyzoides,Leaves,50,mg/mL stock as described; table labels mg/mL,,biomass_reduction,=,93,percent,,93,,,,Atta sexdens rubropilosa (thesis scope; donor details unresolved),Leucoagaricus gongylophorus,30 days at 26±2°C; biomass dried40°C48 h.,Qualitative/dose-series evidence; hold out from quantitative potency pooling pending dose basis,Significant versus solvent control by table asterisk. Do not subtract the printed control percentage without resolving its denominator.,Hold out of pooled potency models pending stock/final-dose clarification. Same percentages as2015 article abstract; treat as overlapping work. Coriander23%/27% reductions are not significant. No recovery assay supports an irreversible-killing label.,PDF 46–48 / printed 33–35; Table 1 and Figs 1–3,https://locus.ufv.br/server/api/core/bitstreams/da53d5c4-077b-4210-8036-f6bda05b963c/content,sources/morais2012thesis.pdf,morais2012thesis,,Stock label;1:10 medium dilution implies nominal2.5/5/10 mg/mL final,,,morais2012_2015_overlap,2
F131,morais2012thesis,Hexane leaf extract,crude_extract,,Ageratum conyzoides,Leaves,100,mg/mL stock as described; table labels mg/mL,,biomass_reduction,=,100,percent,,100,,,,Atta sexdens rubropilosa (thesis scope; donor details unresolved),Leucoagaricus gongylophorus,30 days at 26±2°C; biomass dried40°C48 h.,Qualitative/dose-series evidence; hold out from quantitative potency pooling pending dose basis,Significant versus solvent control by table asterisk. Do not subtract the printed control percentage without resolving its denominator.,Hold out of pooled potency models pending stock/final-dose clarification. Same percentages as2015 article abstract; treat as overlapping work. Coriander23%/27% reductions are not significant. No recovery assay supports an irreversible-killing label.,PDF 46–48 / printed 33–35; Table 1 and Figs 1–3,https://locus.ufv.br/server/api/core/bitstreams/da53d5c4-077b-4210-8036-f6bda05b963c/content,sources/morais2012thesis.pdf,morais2012thesis,,Stock label;1:10 medium dilution implies nominal2.5/5/10 mg/mL final,,,morais2012_2015_overlap,2
F132,morais2012thesis,"DCM solvent control, Ageratum conyzoides experiment",control,,Ageratum conyzoides,No plant in control,,,,biomass_reduction,=,7,percent,,,,,,Atta sexdens rubropilosa (thesis scope; donor details unresolved),Leucoagaricus gongylophorus,30 days at 26±2°C; biomass dried40°C48 h.,Control only; exclude from compound labels,"Keep as control metadata/observation, not a fungal inhibitor. Source says solvent effect not significant.",Hold out of pooled potency models pending stock/final-dose clarification. Same percentages as2015 article abstract; treat as overlapping work. Coriander23%/27% reductions are not significant. No recovery assay supports an irreversible-killing label.,PDF 46–48 / printed 33–35; Table 1 and Figs 1–3,https://locus.ufv.br/server/api/core/bitstreams/da53d5c4-077b-4210-8036-f6bda05b963c/content,sources/morais2012thesis.pdf,morais2012thesis,,"Table 1 control value, denominator not explicit",,,morais2012_2015_overlap,2
F133,morais2012thesis,Hexane leaf extract,crude_extract,,Coriandrum sativum,Leaves,25,mg/mL stock as described; table labels mg/mL,,biomass_reduction,=,23,percent,,23,,,,Atta sexdens rubropilosa (thesis scope; donor details unresolved),Leucoagaricus gongylophorus,30 days at 26±2°C; biomass dried40°C48 h.,Qualitative/dose-series evidence; hold out from quantitative potency pooling pending dose basis,Not significant versus solvent control. Do not subtract the printed control percentage without resolving its denominator.,Hold out of pooled potency models pending stock/final-dose clarification. Same percentages as2015 article abstract; treat as overlapping work. Coriander23%/27% reductions are not significant. No recovery assay supports an irreversible-killing label.,PDF 46–48 / printed 33–35; Table 1 and Figs 1–3,https://locus.ufv.br/server/api/core/bitstreams/da53d5c4-077b-4210-8036-f6bda05b963c/content,sources/morais2012thesis.pdf,morais2012thesis,,Stock label;1:10 medium dilution implies nominal2.5/5/10 mg/mL final,,,morais2012_2015_overlap,2
F134,morais2012thesis,Hexane leaf extract,crude_extract,,Coriandrum sativum,Leaves,50,mg/mL stock as described; table labels mg/mL,,biomass_reduction,=,27,percent,,27,,,,Atta sexdens rubropilosa (thesis scope; donor details unresolved),Leucoagaricus gongylophorus,30 days at 26±2°C; biomass dried40°C48 h.,Qualitative/dose-series evidence; hold out from quantitative potency pooling pending dose basis,Not significant versus solvent control. Do not subtract the printed control percentage without resolving its denominator.,Hold out of pooled potency models pending stock/final-dose clarification. Same percentages as2015 article abstract; treat as overlapping work. Coriander23%/27% reductions are not significant. No recovery assay supports an irreversible-killing label.,PDF 46–48 / printed 33–35; Table 1 and Figs 1–3,https://locus.ufv.br/server/api/core/bitstreams/da53d5c4-077b-4210-8036-f6bda05b963c/content,sources/morais2012thesis.pdf,morais2012thesis,,Stock label;1:10 medium dilution implies nominal2.5/5/10 mg/mL final,,,morais2012_2015_overlap,2
F135,morais2012thesis,Hexane leaf extract,crude_extract,,Coriandrum sativum,Leaves,100,mg/mL stock as described; table labels mg/mL,,biomass_reduction,=,100,percent,,100,,,,Atta sexdens rubropilosa (thesis scope; donor details unresolved),Leucoagaricus gongylophorus,30 days at 26±2°C; biomass dried40°C48 h.,Qualitative/dose-series evidence; hold out from quantitative potency pooling pending dose basis,Significant versus solvent control by table asterisk. Do not subtract the printed control percentage without resolving its denominator.,Hold out of pooled potency models pending stock/final-dose clarification. Same percentages as2015 article abstract; treat as overlapping work. Coriander23%/27% reductions are not significant. No recovery assay supports an irreversible-killing label.,PDF 46–48 / printed 33–35; Table 1 and Figs 1–3,https://locus.ufv.br/server/api/core/bitstreams/da53d5c4-077b-4210-8036-f6bda05b963c/content,sources/morais2012thesis.pdf,morais2012thesis,,Stock label;1:10 medium dilution implies nominal2.5/5/10 mg/mL final,,,morais2012_2015_overlap,2
F136,morais2012thesis,"DCM solvent control, Coriandrum sativum experiment",control,,Coriandrum sativum,No plant in control,,,,biomass_reduction,=,13,percent,,,,,,Atta sexdens rubropilosa (thesis scope; donor details unresolved),Leucoagaricus gongylophorus,30 days at 26±2°C; biomass dried40°C48 h.,Control only; exclude from compound labels,"Keep as control metadata/observation, not a fungal inhibitor. Source says solvent effect not significant.",Hold out of pooled potency models pending stock/final-dose clarification. Same percentages as2015 article abstract; treat as overlapping work. Coriander23%/27% reductions are not significant. No recovery assay supports an irreversible-killing label.,PDF 46–48 / printed 33–35; Table 1 and Figs 1–3,https://locus.ufv.br/server/api/core/bitstreams/da53d5c4-077b-4210-8036-f6bda05b963c/content,sources/morais2012thesis.pdf,morais2012thesis,,"Table 1 control value, denominator not explicit",,,morais2012_2015_overlap,2
F137,morais2012thesis,Hexane leaf extract,crude_extract,,Mentha piperita,Leaves,25,mg/mL stock as described; table labels mg/mL,,biomass_reduction,=,96,percent,,96,,,,Atta sexdens rubropilosa (thesis scope; donor details unresolved),Leucoagaricus gongylophorus,30 days at 26±2°C; biomass dried40°C48 h.,Qualitative/dose-series evidence; hold out from quantitative potency pooling pending dose basis,Significant versus solvent control by table asterisk. Do not subtract the printed control percentage without resolving its denominator.,Hold out of pooled potency models pending stock/final-dose clarification. Same percentages as2015 article abstract; treat as overlapping work. Coriander23%/27% reductions are not significant. No recovery assay supports an irreversible-killing label.,PDF 46–48 / printed 33–35; Table 1 and Figs 1–3,https://locus.ufv.br/server/api/core/bitstreams/da53d5c4-077b-4210-8036-f6bda05b963c/content,sources/morais2012thesis.pdf,morais2012thesis,,Stock label;1:10 medium dilution implies nominal2.5/5/10 mg/mL final,,,morais2012_2015_overlap,2
F138,morais2012thesis,Hexane leaf extract,crude_extract,,Mentha piperita,Leaves,50,mg/mL stock as described; table labels mg/mL,,biomass_reduction,=,99,percent,,99,,,,Atta sexdens rubropilosa (thesis scope; donor details unresolved),Leucoagaricus gongylophorus,30 days at 26±2°C; biomass dried40°C48 h.,Qualitative/dose-series evidence; hold out from quantitative potency pooling pending dose basis,Significant versus solvent control by table asterisk. Do not subtract the printed control percentage without resolving its denominator.,Hold out of pooled potency models pending stock/final-dose clarification. Same percentages as2015 article abstract; treat as overlapping work. Coriander23%/27% reductions are not significant. No recovery assay supports an irreversible-killing label.,PDF 46–48 / printed 33–35; Table 1 and Figs 1–3,https://locus.ufv.br/server/api/core/bitstreams/da53d5c4-077b-4210-8036-f6bda05b963c/content,sources/morais2012thesis.pdf,morais2012thesis,,Stock label;1:10 medium dilution implies nominal2.5/5/10 mg/mL final,,,morais2012_2015_overlap,2
F139,morais2012thesis,Hexane leaf extract,crude_extract,,Mentha piperita,Leaves,100,mg/mL stock as described; table labels mg/mL,,biomass_reduction,=,100,percent,,100,,,,Atta sexdens rubropilosa (thesis scope; donor details unresolved),Leucoagaricus gongylophorus,30 days at 26±2°C; biomass dried40°C48 h.,Qualitative/dose-series evidence; hold out from quantitative potency pooling pending dose basis,Significant versus solvent control by table asterisk. Do not subtract the printed control percentage without resolving its denominator.,Hold out of pooled potency models pending stock/final-dose clarification. Same percentages as2015 article abstract; treat as overlapping work. Coriander23%/27% reductions are not significant. No recovery assay supports an irreversible-killing label.,PDF 46–48 / printed 33–35; Table 1 and Figs 1–3,https://locus.ufv.br/server/api/core/bitstreams/da53d5c4-077b-4210-8036-f6bda05b963c/content,sources/morais2012thesis.pdf,morais2012thesis,,Stock label;1:10 medium dilution implies nominal2.5/5/10 mg/mL final,,,morais2012_2015_overlap,2
F140,morais2012thesis,"DCM solvent control, Mentha piperita experiment",control,,Mentha piperita,No plant in control,,,,biomass_reduction,=,0,percent,,,,,,Atta sexdens rubropilosa (thesis scope; donor details unresolved),Leucoagaricus gongylophorus,30 days at 26±2°C; biomass dried40°C48 h.,Control only; exclude from compound labels,"Keep as control metadata/observation, not a fungal inhibitor. Source says solvent effect not significant.",Hold out of pooled potency models pending stock/final-dose clarification. Same percentages as2015 article abstract; treat as overlapping work. Coriander23%/27% reductions are not significant. No recovery assay supports an irreversible-killing label.,PDF 46–48 / printed 33–35; Table 1 and Figs 1–3,https://locus.ufv.br/server/api/core/bitstreams/da53d5c4-077b-4210-8036-f6bda05b963c/content,sources/morais2012thesis.pdf,morais2012thesis,,"Table 1 control value, denominator not explicit",,,morais2012_2015_overlap,2
F141,lapointe1996,Aqueous leaf homogenate,plant_homogenate,,Brachiaria humidicola,Leaves; cultivar Pasto Humidicola,100,% of original homogenate,,remaining_growth,<,10,percent,,,,,,Acromyrmex landolti,Attine symbiotic fungus; species not resolved molecularly,Daily growth; Fig 4 through18 days; Fig 5 through16 days.,Bound/approximate growth response; graph not digitized,Fig 3 and PDF 6 narrative; not a chemical concentration or fitted potency.,Unknown chemical cause; plant-equivalent stock does not give actual extract/compound concentration. Preserve cultivar and isolate. Field garden mass may also reflect reduced harvesting/nutrition.,PDF 5–7 / printed 761–763; Figs 3–5 and results,https://doi.org/10.1093/jee/89.3.757,sources/lapointe1996.pdf,lapointe1996,,Homogenate dilution;500 g leaves blended with 500 mL water,,,lapointe1996_two_isolate_dilution_trial,2
F142,lapointe1996,Aqueous leaf homogenate,plant_homogenate,,Brachiaria humidicola,Leaves; cultivar Pasto Humidicola,1,% of original homogenate,,remaining_growth,approximately,50,percent,,,,,,Acromyrmex landolti,Attine symbiotic fungus; species not resolved molecularly,Daily growth; Fig 4 through18 days; Fig 5 through16 days.,Bound/approximate growth response; graph not digitized,Fig 4 and PDF 6 narrative; not a chemical concentration or fitted potency.,Unknown chemical cause; plant-equivalent stock does not give actual extract/compound concentration. Preserve cultivar and isolate. Field garden mass may also reflect reduced harvesting/nutrition.,PDF 5–7 / printed 761–763; Figs 3–5 and results,https://doi.org/10.1093/jee/89.3.757,sources/lapointe1996.pdf,lapointe1996,,Homogenate dilution;500 g leaves blended with 500 mL water,,,lapointe1996_two_isolate_dilution_trial,2
F143,lapointe1996,Aqueous leaf homogenate,plant_homogenate,,Brachiaria humidicola,Leaves; cultivar Pasto Humidicola,100,% of original homogenate,,remaining_growth,<,10,percent,,,,,,Atta laevigata,Attine symbiotic fungus; species not resolved molecularly,Daily growth; Fig 4 through18 days; Fig 5 through16 days.,Bound/approximate growth response; graph not digitized,Fig 3 and PDF 6 narrative; not a chemical concentration or fitted potency.,Unknown chemical cause; plant-equivalent stock does not give actual extract/compound concentration. Preserve cultivar and isolate. Field garden mass may also reflect reduced harvesting/nutrition.,PDF 5–7 / printed 761–763; Figs 3–5 and results,https://doi.org/10.1093/jee/89.3.757,sources/lapointe1996.pdf,lapointe1996,,Homogenate dilution;500 g leaves blended with 500 mL water,,,lapointe1996_two_isolate_dilution_trial,2
F144,lapointe1996,Aqueous leaf homogenate,plant_homogenate,,Brachiaria humidicola,Leaves; cultivar Pasto Humidicola,1,% of original homogenate,,remaining_growth,approximately,50,percent,,,,,,Atta laevigata,Attine symbiotic fungus; species not resolved molecularly,Daily growth; Fig 4 through18 days; Fig 5 through16 days.,Bound/approximate growth response; graph not digitized,Fig 4 and PDF 6 narrative; not a chemical concentration or fitted potency.,Unknown chemical cause; plant-equivalent stock does not give actual extract/compound concentration. Preserve cultivar and isolate. Field garden mass may also reflect reduced harvesting/nutrition.,PDF 5–7 / printed 761–763; Figs 3–5 and results,https://doi.org/10.1093/jee/89.3.757,sources/lapointe1996.pdf,lapointe1996,,Homogenate dilution;500 g leaves blended with 500 mL water,,,lapointe1996_two_isolate_dilution_trial,2
F145,lapointe1996,Aqueous leaf homogenate,plant_homogenate,,Andropogon gayanus,Leaves; cultivar Carimagua1,100,% of original homogenate,,qualitative_growth,=,Growth comparable to control,text,,,,,,Acromyrmex landolti,Attine symbiotic fungus; species not resolved molecularly,Daily growth; Fig 4 through18 days; Fig 5 through16 days.,Qualitative candidate evidence; quantitative curve extraction pending,Fig 5 through day 16; prose PDF 6. Do not treat almost no growth as exact100% inhibition.,Unknown chemical cause; plant-equivalent stock does not give actual extract/compound concentration. Preserve cultivar and isolate. Field garden mass may also reflect reduced harvesting/nutrition.,PDF 5–7 / printed 761–763; Figs 3–5 and results,https://doi.org/10.1093/jee/89.3.757,sources/lapointe1996.pdf,lapointe1996,,Undiluted leaf supernatant used to make agar,,,lapointe1996_five_cultivar_trial,2
F146,lapointe1996,Aqueous leaf homogenate,plant_homogenate,,Brachiaria dictyoneura,Leaves; cultivar Llanero,100,% of original homogenate,,qualitative_growth,=,Intermediate growth; described as similar to control,text,,,,,,Acromyrmex landolti,Attine symbiotic fungus; species not resolved molecularly,Daily growth; Fig 4 through18 days; Fig 5 through16 days.,Qualitative candidate evidence; quantitative curve extraction pending,Fig 5 through day 16; prose PDF 6. Do not treat almost no growth as exact100% inhibition.,Unknown chemical cause; plant-equivalent stock does not give actual extract/compound concentration. Preserve cultivar and isolate. Field garden mass may also reflect reduced harvesting/nutrition.,PDF 5–7 / printed 761–763; Figs 3–5 and results,https://doi.org/10.1093/jee/89.3.757,sources/lapointe1996.pdf,lapointe1996,,Undiluted leaf supernatant used to make agar,,,lapointe1996_five_cultivar_trial,2
F147,lapointe1996,Aqueous leaf homogenate,plant_homogenate,,Brachiaria brizantha,Leaves; cultivar Marandú,100,% of original homogenate,,qualitative_growth,=,Almost no outgrowth from inoculum,text,,,,,,Acromyrmex landolti,Attine symbiotic fungus; species not resolved molecularly,Daily growth; Fig 4 through18 days; Fig 5 through16 days.,Qualitative candidate evidence; quantitative curve extraction pending,Fig 5 through day 16; prose PDF 6. Do not treat almost no growth as exact100% inhibition.,Unknown chemical cause; plant-equivalent stock does not give actual extract/compound concentration. Preserve cultivar and isolate. Field garden mass may also reflect reduced harvesting/nutrition.,PDF 5–7 / printed 761–763; Figs 3–5 and results,https://doi.org/10.1093/jee/89.3.757,sources/lapointe1996.pdf,lapointe1996,,Undiluted leaf supernatant used to make agar,,,lapointe1996_five_cultivar_trial,2
F148,lapointe1996,Aqueous leaf homogenate,plant_homogenate,,Brachiaria decumbens,Leaves; cultivar Basilisk,100,% of original homogenate,,qualitative_growth,=,Almost no outgrowth from inoculum,text,,,,,,Acromyrmex landolti,Attine symbiotic fungus; species not resolved molecularly,Daily growth; Fig 4 through18 days; Fig 5 through16 days.,Qualitative candidate evidence; quantitative curve extraction pending,Fig 5 through day 16; prose PDF 6. Do not treat almost no growth as exact100% inhibition.,Unknown chemical cause; plant-equivalent stock does not give actual extract/compound concentration. Preserve cultivar and isolate. Field garden mass may also reflect reduced harvesting/nutrition.,PDF 5–7 / printed 761–763; Figs 3–5 and results,https://doi.org/10.1093/jee/89.3.757,sources/lapointe1996.pdf,lapointe1996,,Undiluted leaf supernatant used to make agar,,,lapointe1996_five_cultivar_trial,2
F149,lapointe1996,Aqueous leaf homogenate,plant_homogenate,,Brachiaria humidicola,Leaves; cultivar Pasto Humidicola,100,% of original homogenate,,qualitative_growth,=,Reduced growth; some outgrowth present,text,,,,,,Acromyrmex landolti,Attine symbiotic fungus; species not resolved molecularly,Daily growth; Fig 4 through18 days; Fig 5 through16 days.,Qualitative candidate evidence; quantitative curve extraction pending,Fig 5 through day 16; prose PDF 6. Do not treat almost no growth as exact100% inhibition.,Unknown chemical cause; plant-equivalent stock does not give actual extract/compound concentration. Preserve cultivar and isolate. Field garden mass may also reflect reduced harvesting/nutrition.,PDF 5–7 / printed 761–763; Figs 3–5 and results,https://doi.org/10.1093/jee/89.3.757,sources/lapointe1996.pdf,lapointe1996,,Undiluted leaf supernatant used to make agar,,,lapointe1996_five_cultivar_trial,2
