# exploratory, not prespecified; post hoc, outside the frozen analysis plan at commit 98b5e09199a5eef0c46be452793e953f5a2af31e
level,structure_id,inchikey,inchikey_first_block,members,labels,tested,distinct_organisms,distinct_genera,distinct_families,distinct_references,lotus_rows
structure,HVYWMOMLDIMFJA-DPAQBDIFSA-N,HVYWMOMLDIMFJA-DPAQBDIFSA-N,HVYWMOMLDIMFJA,HVYWMOMLDIMFJA-DPAQBDIFSA-N,unknown,false,542,378,250,323,5385
structure,RBNPOMFGQQGHHO-UHFFFAOYSA-N,RBNPOMFGQQGHHO-UHFFFAOYSA-N,RBNPOMFGQQGHHO,RBNPOMFGQQGHHO-UHFFFAOYSA-N,unknown,false,17,16,16,20,298
structure,FFEARJCKVFRZRR-UHFFFAOYSA-N,FFEARJCKVFRZRR-UHFFFAOYSA-N,FFEARJCKVFRZRR,FFEARJCKVFRZRR-UHFFFAOYSA-N,unknown,false,21,20,20,24,283
structure,ZDXPYRJPNDTMRX-VKHMYHEASA-N,ZDXPYRJPNDTMRX-VKHMYHEASA-N,ZDXPYRJPNDTMRX,ZDXPYRJPNDTMRX-VKHMYHEASA-N,unknown,false,42,34,31,39,485
structure,YGSDEFSMJLZEOE-UHFFFAOYSA-N,YGSDEFSMJLZEOE-UHFFFAOYSA-N,YGSDEFSMJLZEOE,YGSDEFSMJLZEOE-UHFFFAOYSA-N,unknown,false,145,105,55,116,2209
structure,UNXHWFMMPAWVPI-QWWZWVQMSA-N,UNXHWFMMPAWVPI-QWWZWVQMSA-N,UNXHWFMMPAWVPI,UNXHWFMMPAWVPI-QWWZWVQMSA-N,unknown,false,12,12,9,14,180
structure,UNXHWFMMPAWVPI-ZXZARUISSA-N,UNXHWFMMPAWVPI-ZXZARUISSA-N,UNXHWFMMPAWVPI,UNXHWFMMPAWVPI-ZXZARUISSA-N,unknown,false,38,25,20,29,413
structure,KZSNJWFQEVHDMF-UHFFFAOYSA-N,KZSNJWFQEVHDMF-UHFFFAOYSA-N,KZSNJWFQEVHDMF,KZSNJWFQEVHDMF-UHFFFAOYSA-N,unknown,false,26,27,23,28,334
structure,ODHCTXKNWHHXJC-UHFFFAOYSA-N,ODHCTXKNWHHXJC-UHFFFAOYSA-N,ODHCTXKNWHHXJC,ODHCTXKNWHHXJC-UHFFFAOYSA-N,unknown,false,17,15,16,19,228
structure,KZJWDPNRJALLNS-VJSFXXLFSA-N,KZJWDPNRJALLNS-VJSFXXLFSA-N,KZJWDPNRJALLNS,KZJWDPNRJALLNS-VJSFXXLFSA-N,unknown,false,2773,1299,291,2493,31088
structure,DHMQDGOQFOQNFH-UHFFFAOYSA-N,DHMQDGOQFOQNFH-UHFFFAOYSA-N,DHMQDGOQFOQNFH,DHMQDGOQFOQNFH-UHFFFAOYSA-N,unknown,false,174,129,100,98,2116
structure,CDAISMWEOUEBRE-GPIVLXJGSA-N,CDAISMWEOUEBRE-GPIVLXJGSA-N,CDAISMWEOUEBRE,CDAISMWEOUEBRE-GPIVLXJGSA-N,unknown,false,45,31,32,38,457
structure,ZQPPMHVWECSIRJ-KTKRTIGZSA-N,ZQPPMHVWECSIRJ-KTKRTIGZSA-N,ZQPPMHVWECSIRJ,ZQPPMHVWECSIRJ-KTKRTIGZSA-N,unknown,false,647,417,206,396,7243
structure,INAPMGSXUVUWAF-UOTPTPDRSA-N,INAPMGSXUVUWAF-UOTPTPDRSA-N,INAPMGSXUVUWAF,INAPMGSXUVUWAF-UOTPTPDRSA-N,unknown,false,16,8,9,10,208
structure,HZAXFHJVJLSVMW-UHFFFAOYSA-N,HZAXFHJVJLSVMW-UHFFFAOYSA-N,HZAXFHJVJLSVMW,HZAXFHJVJLSVMW-UHFFFAOYSA-N,unknown,false,46,38,27,37,610
structure,HXEACLLIILLPRG-UHFFFAOYSA-N,HXEACLLIILLPRG-UHFFFAOYSA-N,HXEACLLIILLPRG,HXEACLLIILLPRG-UHFFFAOYSA-N,unknown,false,64,19,11,16,642
structure,VZCYOOQTPOCHFL-OWOJBTEDSA-N,VZCYOOQTPOCHFL-OWOJBTEDSA-N,VZCYOOQTPOCHFL,VZCYOOQTPOCHFL-OWOJBTEDSA-N,unknown,false,88,66,53,81,1076
structure,XSQUKJJJFZCRTK-UHFFFAOYSA-N,XSQUKJJJFZCRTK-UHFFFAOYSA-N,XSQUKJJJFZCRTK,XSQUKJJJFZCRTK-UHFFFAOYSA-N,unknown,false,21,17,19,25,325
structure,PVNIIMVLHYAWGP-UHFFFAOYSA-N,PVNIIMVLHYAWGP-UHFFFAOYSA-N,PVNIIMVLHYAWGP,PVNIIMVLHYAWGP-UHFFFAOYSA-N,unknown,false,58,48,38,59,921
structure,QZZGJDVWLFXDLK-UHFFFAOYSA-N,QZZGJDVWLFXDLK-UHFFFAOYSA-N,QZZGJDVWLFXDLK,QZZGJDVWLFXDLK-UHFFFAOYSA-N,unknown,false,125,96,68,91,1360
structure,JVTAAEKCZFNVCJ-UHFFFAOYSA-N,JVTAAEKCZFNVCJ-UHFFFAOYSA-N,JVTAAEKCZFNVCJ,JVTAAEKCZFNVCJ-UHFFFAOYSA-N,unknown,false,25,22,20,23,339
structure,KDYFGRWQOYBRFD-UHFFFAOYSA-N,KDYFGRWQOYBRFD-UHFFFAOYSA-N,KDYFGRWQOYBRFD,KDYFGRWQOYBRFD-UHFFFAOYSA-N,unknown,false,125,107,87,122,1686
structure,BJEPYKJPYRNKOW-UHFFFAOYSA-N,BJEPYKJPYRNKOW-UHFFFAOYSA-N,BJEPYKJPYRNKOW,BJEPYKJPYRNKOW-UHFFFAOYSA-N,unknown,false,83,58,52,72,1126
structure,MEFKEPWMEQBLKI-AIRLBKTGSA-O,MEFKEPWMEQBLKI-AIRLBKTGSA-O,MEFKEPWMEQBLKI,MEFKEPWMEQBLKI-AIRLBKTGSA-O,unknown,false,4,4,4,5,52
structure,VZXPDPZARILFQX-BYPYZUCNSA-N,VZXPDPZARILFQX-BYPYZUCNSA-N,VZXPDPZARILFQX,VZXPDPZARILFQX-BYPYZUCNSA-N,unknown,false,4,4,4,5,66
structure,BTCSSZJGUNDROE-UHFFFAOYSA-N,BTCSSZJGUNDROE-UHFFFAOYSA-N,BTCSSZJGUNDROE,BTCSSZJGUNDROE-UHFFFAOYSA-N,unknown,false,106,64,48,69,1320
structure,WHUUTDBJXJRKMK-VKHMYHEASA-N,WHUUTDBJXJRKMK-VKHMYHEASA-N,WHUUTDBJXJRKMK,WHUUTDBJXJRKMK-VKHMYHEASA-N,unknown,false,161,119,87,89,1743
structure,COLNVLDHVKWLRT-UHFFFAOYSA-N,COLNVLDHVKWLRT-UHFFFAOYSA-N,COLNVLDHVKWLRT,COLNVLDHVKWLRT-UHFFFAOYSA-N,unknown,false,29,25,26,31,376
structure,CZMRCDWAGMRECN-UGDNZRGBSA-N,CZMRCDWAGMRECN-UGDNZRGBSA-N,CZMRCDWAGMRECN,CZMRCDWAGMRECN-UGDNZRGBSA-N,unknown,false,345,255,123,263,4121
structure,JFCQEDHGNNZCLN-UHFFFAOYSA-N,JFCQEDHGNNZCLN-UHFFFAOYSA-N,JFCQEDHGNNZCLN,JFCQEDHGNNZCLN-UHFFFAOYSA-N,unknown,false,10,10,10,11,135
structure,ROHFNLRQFUQHCH-UHFFFAOYSA-N,ROHFNLRQFUQHCH-UHFFFAOYSA-N,ROHFNLRQFUQHCH,ROHFNLRQFUQHCH-UHFFFAOYSA-N,unknown,false,26,25,23,26,294
structure,QIQXTHQIDYTFRH-UHFFFAOYSA-N,QIQXTHQIDYTFRH-UHFFFAOYSA-N,QIQXTHQIDYTFRH,QIQXTHQIDYTFRH-UHFFFAOYSA-N,unknown,false,730,466,235,454,8488
structure,OYHQOLUKZRVURQ-HZJYTTRNSA-N,OYHQOLUKZRVURQ-HZJYTTRNSA-N,OYHQOLUKZRVURQ,OYHQOLUKZRVURQ-HZJYTTRNSA-N,unknown,false,621,400,185,395,7141
structure,AEMRFAOFKBGASW-UHFFFAOYSA-N,AEMRFAOFKBGASW-UHFFFAOYSA-N,AEMRFAOFKBGASW,AEMRFAOFKBGASW-UHFFFAOYSA-N,unknown,false,13,13,13,18,209
structure,MUPFEKGTMRGPLJ-ZQSKZDJDSA-N,MUPFEKGTMRGPLJ-ZQSKZDJDSA-N,MUPFEKGTMRGPLJ,MUPFEKGTMRGPLJ-ZQSKZDJDSA-N,unknown,false,90,67,41,54,1170
structure,MTCFGRXMJLQNBG-UHFFFAOYSA-N,MTCFGRXMJLQNBG-UHFFFAOYSA-N,MTCFGRXMJLQNBG,MTCFGRXMJLQNBG-UHFFFAOYSA-N,unknown,false,25,23,23,25,319
structure,DHCLVCXQIBBOPH-UHFFFAOYSA-N,DHCLVCXQIBBOPH-UHFFFAOYSA-N,DHCLVCXQIBBOPH,DHCLVCXQIBBOPH-UHFFFAOYSA-N,unknown,false,6,6,6,9,98
structure,ONIBWKKTOPOVIA-UHFFFAOYSA-N,ONIBWKKTOPOVIA-UHFFFAOYSA-N,ONIBWKKTOPOVIA,ONIBWKKTOPOVIA-UHFFFAOYSA-N,unknown,false,23,23,23,24,277
structure,NBIIXXVUZAFLBC-UHFFFAOYSA-N,NBIIXXVUZAFLBC-UHFFFAOYSA-N,NBIIXXVUZAFLBC,NBIIXXVUZAFLBC-UHFFFAOYSA-N,unknown,false,34,26,27,33,459
structure,IPCSVZSSVZVIGE-UHFFFAOYSA-N,IPCSVZSSVZVIGE-UHFFFAOYSA-N,IPCSVZSSVZVIGE,IPCSVZSSVZVIGE-UHFFFAOYSA-N,unknown,false,957,589,277,649,11633
structure,HDTRYLNUVZCQOY-LIZSDCNHSA-N,HDTRYLNUVZCQOY-LIZSDCNHSA-N,HDTRYLNUVZCQOY,HDTRYLNUVZCQOY-LIZSDCNHSA-N,unknown,false,38,26,27,35,422
structure,SGMJBNSHAZVGMC-STHAYSLISA-N,SGMJBNSHAZVGMC-STHAYSLISA-N,SGMJBNSHAZVGMC,SGMJBNSHAZVGMC-STHAYSLISA-N,unknown,false,2,2,2,3,46
structure,KRKNYBCHXYNGOX-UHFFFAOYSA-N,KRKNYBCHXYNGOX-UHFFFAOYSA-N,KRKNYBCHXYNGOX,KRKNYBCHXYNGOX-UHFFFAOYSA-N,unknown,false,106,80,64,104,1589
structure,HCXVJBMSMIARIN-PHZDYDNGSA-N,HCXVJBMSMIARIN-PHZDYDNGSA-N,HCXVJBMSMIARIN,HCXVJBMSMIARIN-PHZDYDNGSA-N,unknown,false,1438,826,244,1152,15092
structure,HWXBTNAVRSUOJR-UHFFFAOYSA-N,HWXBTNAVRSUOJR-UHFFFAOYSA-N,HWXBTNAVRSUOJR,HWXBTNAVRSUOJR-UHFFFAOYSA-N,unknown,false,3,3,3,3,32
structure,QNAYBMKLOCPYGJ-REOHCLBHSA-N,QNAYBMKLOCPYGJ-REOHCLBHSA-N,QNAYBMKLOCPYGJ,QNAYBMKLOCPYGJ-REOHCLBHSA-N,inactive,true,189,139,104,91,1964
structure,WQZGKKKJIJFFOK-GASJEMHNSA-N,WQZGKKKJIJFFOK-GASJEMHNSA-N,WQZGKKKJIJFFOK,WQZGKKKJIJFFOK-GASJEMHNSA-N,unknown,false,225,162,91,156,2688
structure,KPGXRSRHYNQIFN-UHFFFAOYSA-N,KPGXRSRHYNQIFN-UHFFFAOYSA-N,KPGXRSRHYNQIFN,KPGXRSRHYNQIFN-UHFFFAOYSA-N,unknown,false,20,19,20,23,305
structure,UCMIRNVEIXFBKS-UHFFFAOYSA-N,UCMIRNVEIXFBKS-UHFFFAOYSA-N,UCMIRNVEIXFBKS,UCMIRNVEIXFBKS-UHFFFAOYSA-N,unknown,false,47,29,27,44,673
structure,ATHGHQPFGPMSJY-UHFFFAOYSA-N,ATHGHQPFGPMSJY-UHFFFAOYSA-N,ATHGHQPFGPMSJY,ATHGHQPFGPMSJY-UHFFFAOYSA-N,unknown,false,85,56,40,56,1183
structure,OUYCCCASQSFEME-UHFFFAOYSA-N,OUYCCCASQSFEME-UHFFFAOYSA-N,OUYCCCASQSFEME,OUYCCCASQSFEME-UHFFFAOYSA-N,unknown,false,23,22,23,24,283
structure,DCXYFEDJOCDNAF-UHFFFAOYSA-N,DCXYFEDJOCDNAF-UHFFFAOYSA-N,DCXYFEDJOCDNAF,DCXYFEDJOCDNAF-UHFFFAOYSA-N,unknown,false,23,20,20,23,301
structure,KDXKERNSBIXSRK-UHFFFAOYSA-N,KDXKERNSBIXSRK-UHFFFAOYSA-N,KDXKERNSBIXSRK,KDXKERNSBIXSRK-UHFFFAOYSA-N,unknown,false,15,14,14,16,177
structure,MUBZPKHOEPUJKR-UHFFFAOYSA-N,MUBZPKHOEPUJKR-UHFFFAOYSA-N,MUBZPKHOEPUJKR,MUBZPKHOEPUJKR-UHFFFAOYSA-N,unknown,false,98,73,52,66,1112
structure,JXOHGGNKMLTUBP-HSUXUTPPSA-N,JXOHGGNKMLTUBP-HSUXUTPPSA-N,JXOHGGNKMLTUBP,JXOHGGNKMLTUBP-HSUXUTPPSA-N,unknown,false,87,56,44,73,1044
structure,SGNBVLSWZMBQTH-PODYLUTMSA-N,SGNBVLSWZMBQTH-PODYLUTMSA-N,SGNBVLSWZMBQTH,SGNBVLSWZMBQTH-PODYLUTMSA-N,unknown,false,507,331,156,344,5611
structure,POJWUDADGALRAB-UHFFFAOYSA-N,POJWUDADGALRAB-UHFFFAOYSA-N,POJWUDADGALRAB,POJWUDADGALRAB-UHFFFAOYSA-N,unknown,false,63,35,30,51,656
structure,VCWMRQDBPZKXKG-DXNLKLAMSA-N,VCWMRQDBPZKXKG-DXNLKLAMSA-N,VCWMRQDBPZKXKG,VCWMRQDBPZKXKG-DXNLKLAMSA-N,unknown,false,20,12,12,16,283
structure,WPYMKLBDIGXBTP-UHFFFAOYSA-N,WPYMKLBDIGXBTP-UHFFFAOYSA-N,WPYMKLBDIGXBTP,WPYMKLBDIGXBTP-UHFFFAOYSA-N,unknown,false,198,115,70,178,3033
structure,AWUCVROLDVIAJX-UHFFFAOYSA-N,AWUCVROLDVIAJX-UHFFFAOYSA-N,AWUCVROLDVIAJX,AWUCVROLDVIAJX-UHFFFAOYSA-N,unknown,false,8,9,10,14,182
structure,CKLJMWTZIZZHCS-UHFFFAOYSA-N,CKLJMWTZIZZHCS-UHFFFAOYSA-N,CKLJMWTZIZZHCS,CKLJMWTZIZZHCS-UHFFFAOYSA-N,unknown,false,21,19,20,21,267
structure,OIVLITBTBDPEFK-UHFFFAOYSA-N,OIVLITBTBDPEFK-UHFFFAOYSA-N,OIVLITBTBDPEFK,OIVLITBTBDPEFK-UHFFFAOYSA-N,unknown,false,7,7,6,8,102
structure,KIDHWZJUCRJVML-UHFFFAOYSA-N,KIDHWZJUCRJVML-UHFFFAOYSA-N,KIDHWZJUCRJVML,KIDHWZJUCRJVML-UHFFFAOYSA-N,unknown,false,105,72,50,70,1361
structure,TUNFSRHWOTWDNC-UHFFFAOYSA-N,TUNFSRHWOTWDNC-UHFFFAOYSA-N,TUNFSRHWOTWDNC,TUNFSRHWOTWDNC-UHFFFAOYSA-N,unknown,false,394,264,165,283,4711
structure,TWNIBLMWSKIRAT-VFUOTHLCSA-N,TWNIBLMWSKIRAT-VFUOTHLCSA-N,TWNIBLMWSKIRAT,TWNIBLMWSKIRAT-VFUOTHLCSA-N,unknown,false,13,5,5,9,166
structure,DZGWFCGJZKJUFP-UHFFFAOYSA-N,DZGWFCGJZKJUFP-UHFFFAOYSA-N,DZGWFCGJZKJUFP,DZGWFCGJZKJUFP-UHFFFAOYSA-N,unknown,false,146,79,38,86,1963
structure,UDMBCSSLTHHNCD-KQYNXXCUSA-N,UDMBCSSLTHHNCD-KQYNXXCUSA-N,UDMBCSSLTHHNCD,UDMBCSSLTHHNCD-KQYNXXCUSA-N,unknown,false,30,28,29,29,293
structure,ZDXPYRJPNDTMRX-UHFFFAOYSA-N,ZDXPYRJPNDTMRX-UHFFFAOYSA-N,ZDXPYRJPNDTMRX,ZDXPYRJPNDTMRX-UHFFFAOYSA-N,unknown,false,16,17,17,17,209
structure,SBJKKFFYIZUCET-UHFFFAOYSA-N,SBJKKFFYIZUCET-UHFFFAOYSA-N,SBJKKFFYIZUCET,SBJKKFFYIZUCET-UHFFFAOYSA-N,unknown,false,7,7,8,6,85
structure,AHLPHDHHMVZTML-UHFFFAOYSA-N,AHLPHDHHMVZTML-UHFFFAOYSA-N,AHLPHDHHMVZTML,AHLPHDHHMVZTML-UHFFFAOYSA-N,unknown,false,11,10,11,14,156
structure,PCMORTLOPMLEFB-ONEGZZNKSA-N,PCMORTLOPMLEFB-ONEGZZNKSA-N,PCMORTLOPMLEFB,PCMORTLOPMLEFB-ONEGZZNKSA-N,unknown,false,110,71,33,96,1537
structure,AVXURJPOCDRRFD-UHFFFAOYSA-N,AVXURJPOCDRRFD-UHFFFAOYSA-N,AVXURJPOCDRRFD,AVXURJPOCDRRFD-UHFFFAOYSA-N,unknown,false,12,5,4,8,130
structure,JRLGPAXAGHMNOL-LURJTMIESA-N,JRLGPAXAGHMNOL-LURJTMIESA-N,JRLGPAXAGHMNOL,JRLGPAXAGHMNOL-LURJTMIESA-N,unknown,false,6,6,6,6,66
structure,DMCPFOBLJMLSNX-UHFFFAOYSA-N,DMCPFOBLJMLSNX-UHFFFAOYSA-N,DMCPFOBLJMLSNX,DMCPFOBLJMLSNX-UHFFFAOYSA-N,unknown,false,16,10,5,21,372
structure,ODKSFYDXXFIFQN-UHFFFAOYSA-N,ODKSFYDXXFIFQN-UHFFFAOYSA-N,ODKSFYDXXFIFQN,ODKSFYDXXFIFQN-UHFFFAOYSA-N,unknown,false,18,18,19,21,230
structure,VZCCETWTMQHEPK-QNEBEIHSSA-N,VZCCETWTMQHEPK-QNEBEIHSSA-N,VZCCETWTMQHEPK,VZCCETWTMQHEPK-QNEBEIHSSA-N,unknown,false,152,78,49,40,1727
structure,QNAYBMKLOCPYGJ-UHFFFAOYSA-N,QNAYBMKLOCPYGJ-UHFFFAOYSA-N,QNAYBMKLOCPYGJ,QNAYBMKLOCPYGJ-UHFFFAOYSA-N,unknown,false,26,25,25,26,312
structure,FFFHZYDWPBMWHY-UHFFFAOYSA-N,FFFHZYDWPBMWHY-UHFFFAOYSA-N,FFFHZYDWPBMWHY,FFFHZYDWPBMWHY-UHFFFAOYSA-N,unknown,false,3,3,3,10,104
structure,WHUUTDBJXJRKMK-UHFFFAOYSA-N,WHUUTDBJXJRKMK-UHFFFAOYSA-N,WHUUTDBJXJRKMK,WHUUTDBJXJRKMK-UHFFFAOYSA-N,unknown,false,25,22,21,24,309
structure,UKAUYVFTDYCKQA-UHFFFAOYSA-N,UKAUYVFTDYCKQA-UHFFFAOYSA-N,UKAUYVFTDYCKQA,UKAUYVFTDYCKQA-UHFFFAOYSA-N,unknown,false,7,6,7,8,88
structure,ISAKRJDGNUQOIC-UHFFFAOYSA-N,ISAKRJDGNUQOIC-UHFFFAOYSA-N,ISAKRJDGNUQOIC,ISAKRJDGNUQOIC-UHFFFAOYSA-N,unknown,false,96,81,65,89,1266
structure,DTOSIQBPPRVQHS-PDBXOOCHSA-N,DTOSIQBPPRVQHS-PDBXOOCHSA-N,DTOSIQBPPRVQHS,DTOSIQBPPRVQHS-PDBXOOCHSA-N,unknown,false,455,292,139,247,5135
structure,UCUNFLYVYCGDHP-BYPYZUCNSA-N,UCUNFLYVYCGDHP-BYPYZUCNSA-N,UCUNFLYVYCGDHP,UCUNFLYVYCGDHP-BYPYZUCNSA-N,unknown,false,3,3,3,3,39
structure,OSELKOCHBMDKEJ-SISSHIJISA-N,OSELKOCHBMDKEJ-SISSHIJISA-N,OSELKOCHBMDKEJ,OSELKOCHBMDKEJ-SISSHIJISA-N,unknown,false,75,50,37,45,736
structure,LGJMUZUPVCAVPU-HRJGVYIJSA-N,LGJMUZUPVCAVPU-HRJGVYIJSA-N,LGJMUZUPVCAVPU,LGJMUZUPVCAVPU-HRJGVYIJSA-N,unknown,false,56,50,42,49,409
structure,OSELKOCHBMDKEJ-JUGJNGJRSA-N,OSELKOCHBMDKEJ-JUGJNGJRSA-N,OSELKOCHBMDKEJ,OSELKOCHBMDKEJ-JUGJNGJRSA-N,unknown,false,116,75,52,73,1063
structure,OILXMJHPFNGGTO-ZAUYPBDWSA-N,OILXMJHPFNGGTO-ZAUYPBDWSA-N,OILXMJHPFNGGTO,OILXMJHPFNGGTO-ZAUYPBDWSA-N,unknown,false,125,92,74,76,1021
structure,OSELKOCHBMDKEJ-WGMIZEQOSA-N,OSELKOCHBMDKEJ-WGMIZEQOSA-N,OSELKOCHBMDKEJ,OSELKOCHBMDKEJ-WGMIZEQOSA-N,unknown,false,109,79,52,79,1235
structure,IJSLGIMUXIRGLK-UNOJTMJMSA-N,IJSLGIMUXIRGLK-UNOJTMJMSA-N,IJSLGIMUXIRGLK,IJSLGIMUXIRGLK-UNOJTMJMSA-N,unknown,false,21,18,16,19,248
structure,ARYTXMNEANMLMU-ATEDBJNTSA-N,ARYTXMNEANMLMU-ATEDBJNTSA-N,ARYTXMNEANMLMU,ARYTXMNEANMLMU-ATEDBJNTSA-N,unknown,false,35,31,28,29,290
structure,FIGVVZUWCLSUEI-UHFFFAOYSA-N,FIGVVZUWCLSUEI-UHFFFAOYSA-N,FIGVVZUWCLSUEI,FIGVVZUWCLSUEI-UHFFFAOYSA-N,unknown,false,95,65,44,61,1003
structure,ODBLHEXUDAPZAU-UHFFFAOYSA-N,ODBLHEXUDAPZAU-UHFFFAOYSA-N,ODBLHEXUDAPZAU,ODBLHEXUDAPZAU-UHFFFAOYSA-N,unknown,false,18,18,20,18,239
structure,GTZCVFVGUGFEME-IWQZZHSRSA-N,GTZCVFVGUGFEME-IWQZZHSRSA-N,GTZCVFVGUGFEME,GTZCVFVGUGFEME-IWQZZHSRSA-N,unknown,false,25,17,13,17,280
structure,KDXKERNSBIXSRK-YFKPBYRVSA-N,KDXKERNSBIXSRK-YFKPBYRVSA-N,KDXKERNSBIXSRK,KDXKERNSBIXSRK-YFKPBYRVSA-N,unknown,false,148,109,79,79,1603
structure,XUJNEKJLAYXESH-UHFFFAOYSA-N,XUJNEKJLAYXESH-UHFFFAOYSA-N,XUJNEKJLAYXESH,XUJNEKJLAYXESH-UHFFFAOYSA-N,unknown,false,9,8,8,9,134
structure,HOWGUJZVBDQJKV-UHFFFAOYSA-N,HOWGUJZVBDQJKV-UHFFFAOYSA-N,HOWGUJZVBDQJKV,HOWGUJZVBDQJKV-UHFFFAOYSA-N,unknown,false,83,59,43,54,871
structure,ZJTJUVIJVLLGSP-UHFFFAOYSA-N,ZJTJUVIJVLLGSP-UHFFFAOYSA-N,ZJTJUVIJVLLGSP,ZJTJUVIJVLLGSP-UHFFFAOYSA-N,unknown,false,10,10,12,10,128
structure,QAIPRVGONGVQAS-DUXPYHPUSA-N,QAIPRVGONGVQAS-DUXPYHPUSA-N,QAIPRVGONGVQAS,QAIPRVGONGVQAS-DUXPYHPUSA-N,unknown,false,837,414,133,654,12138
structure,SUHOOTKUPISOBE-UHFFFAOYSA-N,SUHOOTKUPISOBE-UHFFFAOYSA-N,SUHOOTKUPISOBE,SUHOOTKUPISOBE-UHFFFAOYSA-N,unknown,false,13,13,13,15,186
structure,AGPKZVBTJJNPAG-WHFBIAKZSA-N,AGPKZVBTJJNPAG-WHFBIAKZSA-N,AGPKZVBTJJNPAG,AGPKZVBTJJNPAG-WHFBIAKZSA-N,unknown,false,126,99,72,67,1439
structure,MTCFGRXMJLQNBG-REOHCLBHSA-N,MTCFGRXMJLQNBG-REOHCLBHSA-N,MTCFGRXMJLQNBG,MTCFGRXMJLQNBG-REOHCLBHSA-N,unknown,false,138,102,70,73,1521
structure,BOTWFXYSPFMFNR-PYDDKJGSSA-N,BOTWFXYSPFMFNR-PYDDKJGSSA-N,BOTWFXYSPFMFNR,BOTWFXYSPFMFNR-PYDDKJGSSA-N,unknown,false,351,241,107,254,3427
structure,LEVWYRKDKASIDU-IMJSIDKUSA-N,LEVWYRKDKASIDU-IMJSIDKUSA-N,LEVWYRKDKASIDU,LEVWYRKDKASIDU-IMJSIDKUSA-N,unknown,false,29,24,20,21,317
structure,AAWZDTNXLSGCEK-LNVDRNJUSA-N,AAWZDTNXLSGCEK-LNVDRNJUSA-N,AAWZDTNXLSGCEK,AAWZDTNXLSGCEK-LNVDRNJUSA-N,unknown,false,51,35,26,38,533
structure,SNRUBQQJIBEYMU-UHFFFAOYSA-N,SNRUBQQJIBEYMU-UHFFFAOYSA-N,SNRUBQQJIBEYMU,SNRUBQQJIBEYMU-UHFFFAOYSA-N,unknown,false,81,54,43,54,841
structure,QZAYGJVTTNCVMB-UHFFFAOYSA-N,QZAYGJVTTNCVMB-UHFFFAOYSA-N,QZAYGJVTTNCVMB,QZAYGJVTTNCVMB-UHFFFAOYSA-N,inactive,true,40,32,34,41,569
structure,ZYURHZPYMFLWSH-UHFFFAOYSA-N,ZYURHZPYMFLWSH-UHFFFAOYSA-N,ZYURHZPYMFLWSH,ZYURHZPYMFLWSH-UHFFFAOYSA-N,unknown,false,86,59,44,57,937
structure,PCMORTLOPMLEFB-ARJAWSKDSA-N,PCMORTLOPMLEFB-ARJAWSKDSA-N,PCMORTLOPMLEFB,PCMORTLOPMLEFB-ARJAWSKDSA-N,unknown,false,8,7,3,5,108
structure,BJQWYEJQWHSSCJ-UHFFFAOYSA-N,BJQWYEJQWHSSCJ-UHFFFAOYSA-N,BJQWYEJQWHSSCJ,BJQWYEJQWHSSCJ-UHFFFAOYSA-N,unknown,false,141,82,51,81,1570
structure,TYFQFVWCELRYAO-UHFFFAOYSA-N,TYFQFVWCELRYAO-UHFFFAOYSA-N,TYFQFVWCELRYAO,TYFQFVWCELRYAO-UHFFFAOYSA-N,unknown,false,18,16,16,22,267
structure,UBQKCCHYAOITMY-UHFFFAOYSA-N,UBQKCCHYAOITMY-UHFFFAOYSA-N,UBQKCCHYAOITMY,UBQKCCHYAOITMY-UHFFFAOYSA-N,unknown,false,18,11,10,12,209
structure,QIVBCDIJIAJPQS-UHFFFAOYSA-N,QIVBCDIJIAJPQS-UHFFFAOYSA-N,QIVBCDIJIAJPQS,QIVBCDIJIAJPQS-UHFFFAOYSA-N,unknown,false,21,21,22,22,277
structure,UYUXSRADSPPKRZ-SKNVOMKLSA-N,UYUXSRADSPPKRZ-SKNVOMKLSA-N,UYUXSRADSPPKRZ,UYUXSRADSPPKRZ-SKNVOMKLSA-N,unknown,false,4,5,4,5,37
structure,PHOQVHQSTUBQQK-SQOUGZDYSA-N,PHOQVHQSTUBQQK-SQOUGZDYSA-N,PHOQVHQSTUBQQK,PHOQVHQSTUBQQK-SQOUGZDYSA-N,unknown,false,17,9,10,10,191
structure,XFNJVJPLKCPIBV-UHFFFAOYSA-N,XFNJVJPLKCPIBV-UHFFFAOYSA-N,XFNJVJPLKCPIBV,XFNJVJPLKCPIBV-UHFFFAOYSA-N,unknown,false,11,11,9,10,101
structure,VQHSOMBJVWLPSR-WUJBLJFYSA-N,VQHSOMBJVWLPSR-WUJBLJFYSA-N,VQHSOMBJVWLPSR,VQHSOMBJVWLPSR-WUJBLJFYSA-N,unknown,false,9,2,2,3,98
structure,BXRLWGXPSRYJDZ-VKHMYHEASA-N,BXRLWGXPSRYJDZ-VKHMYHEASA-N,BXRLWGXPSRYJDZ,BXRLWGXPSRYJDZ-VKHMYHEASA-N,unknown,false,15,7,7,9,166
structure,OUYCCCASQSFEME-QMMMGPOBSA-N,OUYCCCASQSFEME-QMMMGPOBSA-N,OUYCCCASQSFEME,OUYCCCASQSFEME-QMMMGPOBSA-N,unknown,false,157,119,87,92,1698
structure,CKLJMWTZIZZHCS-REOHCLBHSA-N,CKLJMWTZIZZHCS-REOHCLBHSA-N,CKLJMWTZIZZHCS,CKLJMWTZIZZHCS-REOHCLBHSA-N,unknown,false,135,99,70,70,1464
structure,FNAZRRHPUDJQCJ-UHFFFAOYSA-N,FNAZRRHPUDJQCJ-UHFFFAOYSA-N,FNAZRRHPUDJQCJ,FNAZRRHPUDJQCJ-UHFFFAOYSA-N,unknown,false,74,55,38,51,841
structure,HEBKCHPVOIAQTA-ZXFHETKHSA-N,HEBKCHPVOIAQTA-ZXFHETKHSA-N,HEBKCHPVOIAQTA,HEBKCHPVOIAQTA-ZXFHETKHSA-N,unknown,false,37,21,21,24,334
structure,IGGUPRCHHJZPBS-UHFFFAOYSA-N,IGGUPRCHHJZPBS-UHFFFAOYSA-N,IGGUPRCHHJZPBS,IGGUPRCHHJZPBS-UHFFFAOYSA-N,unknown,false,168,104,61,111,2046
structure,APJYDQYYACXCRM-UHFFFAOYSA-N,APJYDQYYACXCRM-UHFFFAOYSA-N,APJYDQYYACXCRM,APJYDQYYACXCRM-UHFFFAOYSA-N,unknown,false,66,44,32,53,909
structure,HNDVDQJCIGZPNO-UHFFFAOYSA-N,HNDVDQJCIGZPNO-UHFFFAOYSA-N,HNDVDQJCIGZPNO,HNDVDQJCIGZPNO-UHFFFAOYSA-N,unknown,false,12,10,10,11,168
structure,YCCMTCQQDULIFE-UHFFFAOYSA-N,YCCMTCQQDULIFE-UHFFFAOYSA-N,YCCMTCQQDULIFE,YCCMTCQQDULIFE-UHFFFAOYSA-N,unknown,false,4,4,4,4,44
structure,FJKROLUGYXJWQN-UHFFFAOYSA-N,FJKROLUGYXJWQN-UHFFFAOYSA-N,FJKROLUGYXJWQN,FJKROLUGYXJWQN-UHFFFAOYSA-N,unknown,false,609,339,142,496,8837
structure,LNTHITQWFMADLM-UHFFFAOYSA-N,LNTHITQWFMADLM-UHFFFAOYSA-N,LNTHITQWFMADLM,LNTHITQWFMADLM-UHFFFAOYSA-N,inactive,true,610,298,111,587,10888
structure,REFJWTPEDVJJIY-UHFFFAOYSA-N,REFJWTPEDVJJIY-UHFFFAOYSA-N,REFJWTPEDVJJIY,REFJWTPEDVJJIY-UHFFFAOYSA-N,unknown,false,2056,737,176,1332,30544
structure,KSEBMYQBYZTDHS-UHFFFAOYSA-N,KSEBMYQBYZTDHS-UHFFFAOYSA-N,KSEBMYQBYZTDHS,KSEBMYQBYZTDHS-UHFFFAOYSA-N,unknown,false,297,196,86,258,4723
structure,KSEBMYQBYZTDHS-HWKANZROSA-N,KSEBMYQBYZTDHS-HWKANZROSA-N,KSEBMYQBYZTDHS,KSEBMYQBYZTDHS-HWKANZROSA-N,unknown,false,552,333,118,514,7799
structure,KZNIFHPLKGYRTM-UHFFFAOYSA-N,KZNIFHPLKGYRTM-UHFFFAOYSA-N,KZNIFHPLKGYRTM,KZNIFHPLKGYRTM-UHFFFAOYSA-N,unknown,false,1158,503,143,813,17471
structure,IQPNAANSBPBGFQ-UHFFFAOYSA-N,IQPNAANSBPBGFQ-UHFFFAOYSA-N,IQPNAANSBPBGFQ,IQPNAANSBPBGFQ-UHFFFAOYSA-N,inactive,true,1306,526,129,836,19935
structure,SBHXYTNGIZCORC-ZDUSSCGKSA-N,SBHXYTNGIZCORC-ZDUSSCGKSA-N,SBHXYTNGIZCORC,SBHXYTNGIZCORC-ZDUSSCGKSA-N,unknown,false,214,130,50,155,2322
structure,FTVWIRXFELQLPI-ZDUSSCGKSA-N,FTVWIRXFELQLPI-ZDUSSCGKSA-N,FTVWIRXFELQLPI,FTVWIRXFELQLPI-ZDUSSCGKSA-N,unknown,false,174,114,52,112,1755
structure,WXTMDXOMEHJXQO-UHFFFAOYSA-N,WXTMDXOMEHJXQO-UHFFFAOYSA-N,WXTMDXOMEHJXQO,WXTMDXOMEHJXQO-UHFFFAOYSA-N,unknown,false,109,68,36,62,1441
structure,NGSWKAQJJWESNS-ZZXKWVIFSA-N,NGSWKAQJJWESNS-ZZXKWVIFSA-N,NGSWKAQJJWESNS,NGSWKAQJJWESNS-ZZXKWVIFSA-N,unknown,false,604,365,126,523,7849
structure,JMSVCTWVEWCHDZ-UHFFFAOYSA-N,JMSVCTWVEWCHDZ-UHFFFAOYSA-N,JMSVCTWVEWCHDZ,JMSVCTWVEWCHDZ-UHFFFAOYSA-N,unknown,false,282,187,82,210,4374
structure,NGSWKAQJJWESNS-UHFFFAOYSA-N,NGSWKAQJJWESNS-UHFFFAOYSA-N,NGSWKAQJJWESNS,NGSWKAQJJWESNS-UHFFFAOYSA-N,unknown,false,397,256,109,337,6164
structure,WKOLLVMJNQIZCI-UHFFFAOYSA-N,WKOLLVMJNQIZCI-UHFFFAOYSA-N,WKOLLVMJNQIZCI,WKOLLVMJNQIZCI-UHFFFAOYSA-N,unknown,false,521,329,123,454,8152
structure,IYRMWMYZSQPJKC-UHFFFAOYSA-N,IYRMWMYZSQPJKC-UHFFFAOYSA-N,IYRMWMYZSQPJKC,IYRMWMYZSQPJKC-UHFFFAOYSA-N,unknown,false,1413,563,159,847,20762
structure,XZTRGHMNLXAJPZ-DGBSRBSYSA-N,XZTRGHMNLXAJPZ-DGBSRBSYSA-N,XZTRGHMNLXAJPZ,XZTRGHMNLXAJPZ-DGBSRBSYSA-N,unknown,false,2,2,2,2,32
structure,JPUKWEQWGBDDQB-QSOFNFLRSA-N,JPUKWEQWGBDDQB-QSOFNFLRSA-N,JPUKWEQWGBDDQB,JPUKWEQWGBDDQB-QSOFNFLRSA-N,unknown,false,927,395,135,620,10939
structure,IKMDFBPHZNJCSN-UHFFFAOYSA-N,IKMDFBPHZNJCSN-UHFFFAOYSA-N,IKMDFBPHZNJCSN,IKMDFBPHZNJCSN-UHFFFAOYSA-N,unknown,false,517,179,84,229,8199
structure,OVSQVDMCBVZWGM-LVWULRLVSA-N,OVSQVDMCBVZWGM-LVWULRLVSA-N,OVSQVDMCBVZWGM,OVSQVDMCBVZWGM-LVWULRLVSA-N,unknown,false,969,410,119,557,11802
structure,PEFASEPMJYRQBW-HKWQTAEVSA-N,PEFASEPMJYRQBW-HKWQTAEVSA-N,PEFASEPMJYRQBW,PEFASEPMJYRQBW-HKWQTAEVSA-N,unknown,false,36,17,5,32,384
structure,IKGXIBQEEMLURG-NVPNHPEKSA-N,IKGXIBQEEMLURG-NVPNHPEKSA-N,IKGXIBQEEMLURG,IKGXIBQEEMLURG-NVPNHPEKSA-N,unknown,false,1125,518,139,887,14711
structure,FNTJVYCFNVUBOL-ZUGPOPFOSA-N,FNTJVYCFNVUBOL-ZUGPOPFOSA-N,FNTJVYCFNVUBOL,FNTJVYCFNVUBOL-ZUGPOPFOSA-N,unknown,false,19,15,11,17,149
structure,PEFASEPMJYRQBW-DQNJWZGDSA-N,PEFASEPMJYRQBW-DQNJWZGDSA-N,PEFASEPMJYRQBW,PEFASEPMJYRQBW-DQNJWZGDSA-N,unknown,false,6,6,4,6,41
structure,DUBCCGAQYVUYEU-ZUGPOPFOSA-N,DUBCCGAQYVUYEU-ZUGPOPFOSA-N,DUBCCGAQYVUYEU,DUBCCGAQYVUYEU-ZUGPOPFOSA-N,unknown,false,113,72,31,95,1358
structure,OPJZLUXFQFQYAI-GNPVFZCLSA-N,OPJZLUXFQFQYAI-GNPVFZCLSA-N,OPJZLUXFQFQYAI,OPJZLUXFQFQYAI-GNPVFZCLSA-N,unknown,false,38,32,23,33,242
structure,AIONOLUJZLIMTK-AWEZNQCLSA-N,AIONOLUJZLIMTK-AWEZNQCLSA-N,AIONOLUJZLIMTK,AIONOLUJZLIMTK-AWEZNQCLSA-N,unknown,false,72,43,19,30,955
structure,SGEWCQFRYRRZDC-VPRICQMDSA-N,SGEWCQFRYRRZDC-VPRICQMDSA-N,SGEWCQFRYRRZDC,SGEWCQFRYRRZDC-VPRICQMDSA-N,unknown,false,312,161,69,231,3374
structure,HFGSQOYIOKBQOW-ZSDYHTTISA-N,HFGSQOYIOKBQOW-ZSDYHTTISA-N,HFGSQOYIOKBQOW,HFGSQOYIOKBQOW-ZSDYHTTISA-N,unknown,false,139,82,38,133,1512
structure,WCGUUGGRBIKTOS-GPOJBZKASA-N,WCGUUGGRBIKTOS-GPOJBZKASA-N,WCGUUGGRBIKTOS,WCGUUGGRBIKTOS-GPOJBZKASA-N,unknown,false,836,419,117,772,9807
structure,RXGUTQNKCXHALN-BJMVGYQFSA-N,RXGUTQNKCXHALN-BJMVGYQFSA-N,RXGUTQNKCXHALN,RXGUTQNKCXHALN-BJMVGYQFSA-N,unknown,false,65,43,20,49,787
structure,NPJICTMALKLTFW-OFUAXYCQSA-N,NPJICTMALKLTFW-OFUAXYCQSA-N,NPJICTMALKLTFW,NPJICTMALKLTFW-OFUAXYCQSA-N,unknown,false,1179,681,174,1085,11793
structure,DUEINKIQNGZKPL-VYJAJWGXSA-N,DUEINKIQNGZKPL-VYJAJWGXSA-N,DUEINKIQNGZKPL,DUEINKIQNGZKPL-VYJAJWGXSA-N,unknown,false,19,12,5,18,200
structure,ZDTVOKFHNGKTNZ-UHFFFAOYSA-N,ZDTVOKFHNGKTNZ-UHFFFAOYSA-N,ZDTVOKFHNGKTNZ,ZDTVOKFHNGKTNZ-UHFFFAOYSA-N,unknown,false,2,1,1,1,12
structure,XVAVQANUJQBBFF-FUHWJXTLSA-N,XVAVQANUJQBBFF-FUHWJXTLSA-N,XVAVQANUJQBBFF,XVAVQANUJQBBFF-FUHWJXTLSA-N,unknown,false,4,3,2,3,29
structure,LEHOTFFKMJEONL-UHFFFAOYSA-N,LEHOTFFKMJEONL-UHFFFAOYSA-N,LEHOTFFKMJEONL,LEHOTFFKMJEONL-UHFFFAOYSA-N,unknown,false,22,13,12,18,271
structure,GTZCVFVGUGFEME-UHFFFAOYSA-N,GTZCVFVGUGFEME-UHFFFAOYSA-N,GTZCVFVGUGFEME,GTZCVFVGUGFEME-UHFFFAOYSA-N,unknown,false,13,12,8,9,147
structure,SRBFZHDQGSBBOR-SQOUGZDYSA-N,SRBFZHDQGSBBOR-SQOUGZDYSA-N,SRBFZHDQGSBBOR,SRBFZHDQGSBBOR-SQOUGZDYSA-N,unknown,false,2,2,2,2,26
structure,PCMORTLOPMLEFB-UHFFFAOYSA-N,PCMORTLOPMLEFB-UHFFFAOYSA-N,PCMORTLOPMLEFB,PCMORTLOPMLEFB-UHFFFAOYSA-N,unknown,false,51,32,18,44,901
structure,HDTRYLNUVZCQOY-WSWWMNSNSA-N,HDTRYLNUVZCQOY-WSWWMNSNSA-N,HDTRYLNUVZCQOY,HDTRYLNUVZCQOY-WSWWMNSNSA-N,unknown,false,4,3,3,3,35
structure,MEFKEPWMEQBLKI-UXKFHTAHSA-N,MEFKEPWMEQBLKI-UXKFHTAHSA-N,MEFKEPWMEQBLKI,MEFKEPWMEQBLKI-UXKFHTAHSA-N,unknown,false,1,1,1,1,8
structure,QQGLQYQXUKHWPX-UHFFFAOYSA-N,QQGLQYQXUKHWPX-UHFFFAOYSA-N,QQGLQYQXUKHWPX,QQGLQYQXUKHWPX-UHFFFAOYSA-N,unknown,false,16,6,4,8,172
structure,ZJUKTBDSGOFHSH-XSTWQCECSA-N,ZJUKTBDSGOFHSH-XSTWQCECSA-N,ZJUKTBDSGOFHSH,ZJUKTBDSGOFHSH-XSTWQCECSA-N,unknown,false,1,1,1,1,16
structure,ONIBWKKTOPOVIA-BYPYZUCNSA-N,ONIBWKKTOPOVIA-BYPYZUCNSA-N,ONIBWKKTOPOVIA,ONIBWKKTOPOVIA-BYPYZUCNSA-N,unknown,false,163,108,73,78,1796
structure,QIVBCDIJIAJPQS-VIFPVBQESA-N,QIVBCDIJIAJPQS-VIFPVBQESA-N,QIVBCDIJIAJPQS,QIVBCDIJIAJPQS-VIFPVBQESA-N,unknown,false,150,116,85,104,1675
structure,DCXYFEDJOCDNAF-REOHCLBHSA-N,DCXYFEDJOCDNAF-REOHCLBHSA-N,DCXYFEDJOCDNAF,DCXYFEDJOCDNAF-REOHCLBHSA-N,unknown,false,57,43,34,48,662
structure,SBJKKFFYIZUCET-JLAZNSOCSA-N,SBJKKFFYIZUCET-JLAZNSOCSA-N,SBJKKFFYIZUCET,SBJKKFFYIZUCET-JLAZNSOCSA-N,unknown,false,16,9,8,10,177
structure,KZSNJWFQEVHDMF-BYPYZUCNSA-N,KZSNJWFQEVHDMF-BYPYZUCNSA-N,KZSNJWFQEVHDMF,KZSNJWFQEVHDMF-BYPYZUCNSA-N,active,true,155,117,76,87,1737
structure,VZCYOOQTPOCHFL-UHFFFAOYSA-N,VZCYOOQTPOCHFL-UHFFFAOYSA-N,VZCYOOQTPOCHFL,VZCYOOQTPOCHFL-UHFFFAOYSA-N,unknown,false,24,23,20,27,359
structure,WQZGKKKJIJFFOK-ZSNZIGRDSA-N,WQZGKKKJIJFFOK-ZSNZIGRDSA-N,WQZGKKKJIJFFOK,WQZGKKKJIJFFOK-ZSNZIGRDSA-N,unknown,false,1,1,1,1,16
structure,WQZGKKKJIJFFOK-PHYPRBDBSA-N,WQZGKKKJIJFFOK-PHYPRBDBSA-N,WQZGKKKJIJFFOK,WQZGKKKJIJFFOK-PHYPRBDBSA-N,unknown,false,8,8,8,8,55
structure,AYFVYJQAPQTCCC-GBXIJSLDSA-N,AYFVYJQAPQTCCC-GBXIJSLDSA-N,AYFVYJQAPQTCCC,AYFVYJQAPQTCCC-GBXIJSLDSA-N,unknown,false,134,101,73,70,1474
structure,NBSCHQHZLSJFNQ-FPRJBGLDSA-N,NBSCHQHZLSJFNQ-FPRJBGLDSA-N,NBSCHQHZLSJFNQ,NBSCHQHZLSJFNQ-FPRJBGLDSA-N,unknown,false,2,2,2,2,20
structure,RGHNJXZEOKUKBD-UHFFFAOYSA-N,RGHNJXZEOKUKBD-UHFFFAOYSA-N,RGHNJXZEOKUKBD,RGHNJXZEOKUKBD-UHFFFAOYSA-N,unknown,false,3,3,4,6,50
structure,RFSUNEUAIZKAJO-KVTDHHQDSA-N,RFSUNEUAIZKAJO-KVTDHHQDSA-N,RFSUNEUAIZKAJO,RFSUNEUAIZKAJO-KVTDHHQDSA-N,unknown,false,1,1,1,1,16
structure,PEDCQBHIVMGVHV-UHFFFAOYSA-N,PEDCQBHIVMGVHV-UHFFFAOYSA-N,PEDCQBHIVMGVHV,PEDCQBHIVMGVHV-UHFFFAOYSA-N,unknown,false,59,49,40,61,755
structure,GTZCVFVGUGFEME-HNQUOIGGSA-N,GTZCVFVGUGFEME-HNQUOIGGSA-N,GTZCVFVGUGFEME,GTZCVFVGUGFEME-HNQUOIGGSA-N,unknown,false,23,17,14,18,187
structure,CDAISMWEOUEBRE-CDRYSYESSA-N,CDAISMWEOUEBRE-CDRYSYESSA-N,CDAISMWEOUEBRE,CDAISMWEOUEBRE-CDRYSYESSA-N,unknown,false,20,14,15,12,171
structure,AEMOLEFTQBMNLQ-DTEWXJGMSA-N,AEMOLEFTQBMNLQ-DTEWXJGMSA-N,AEMOLEFTQBMNLQ,AEMOLEFTQBMNLQ-DTEWXJGMSA-N,unknown,false,19,11,11,13,210
structure,FFEARJCKVFRZRR-BYPYZUCNSA-N,FFEARJCKVFRZRR-BYPYZUCNSA-N,FFEARJCKVFRZRR,FFEARJCKVFRZRR-BYPYZUCNSA-N,unknown,false,115,88,64,57,1287
structure,RWSXRVCMGQZWBV-WDSKDSINSA-N,RWSXRVCMGQZWBV-WDSKDSINSA-N,RWSXRVCMGQZWBV,RWSXRVCMGQZWBV-WDSKDSINSA-N,unknown,false,24,21,18,18,255
structure,DLRVVLDZNNYCBX-LDGFZSKTSA-N,DLRVVLDZNNYCBX-LDGFZSKTSA-N,DLRVVLDZNNYCBX,DLRVVLDZNNYCBX-LDGFZSKTSA-N,unknown,false,1,1,1,1,16
structure,UKAUYVFTDYCKQA-VKHMYHEASA-N,UKAUYVFTDYCKQA-VKHMYHEASA-N,UKAUYVFTDYCKQA,UKAUYVFTDYCKQA-VKHMYHEASA-N,unknown,false,18,11,10,13,178
structure,ODKSFYDXXFIFQN-BYPYZUCNSA-N,ODKSFYDXXFIFQN-BYPYZUCNSA-N,ODKSFYDXXFIFQN,ODKSFYDXXFIFQN-BYPYZUCNSA-N,unknown,false,157,114,76,76,1711
structure,RBNPOMFGQQGHHO-UWTATZPHSA-N,RBNPOMFGQQGHHO-UWTATZPHSA-N,RBNPOMFGQQGHHO,RBNPOMFGQQGHHO-UWTATZPHSA-N,unknown,false,9,10,9,10,90
structure,IAJILQKETJEXLJ-RSJOWCBRSA-N,IAJILQKETJEXLJ-RSJOWCBRSA-N,IAJILQKETJEXLJ,IAJILQKETJEXLJ-RSJOWCBRSA-N,unknown,false,7,7,7,6,86
structure,CZMRCDWAGMRECN-UHFFFAOYSA-N,CZMRCDWAGMRECN-UHFFFAOYSA-N,CZMRCDWAGMRECN,CZMRCDWAGMRECN-UHFFFAOYSA-N,unknown,false,17,12,12,17,135
structure,VFRROHXSMXFLSN-KVTDHHQDSA-N,VFRROHXSMXFLSN-KVTDHHQDSA-N,VFRROHXSMXFLSN,VFRROHXSMXFLSN-KVTDHHQDSA-N,unknown,false,2,2,2,2,10
structure,CDAISMWEOUEBRE-UHFFFAOYSA-N,CDAISMWEOUEBRE-UHFFFAOYSA-N,CDAISMWEOUEBRE,CDAISMWEOUEBRE-UHFFFAOYSA-N,unknown,false,102,81,55,86,1221
structure,GUBGYTABKSRVRQ-YOLKTULGSA-N,GUBGYTABKSRVRQ-YOLKTULGSA-N,GUBGYTABKSRVRQ,GUBGYTABKSRVRQ-YOLKTULGSA-N,unknown,false,1,1,1,1,16
structure,NMPZCCZXCOMSDQ-XVFCMESISA-N,NMPZCCZXCOMSDQ-XVFCMESISA-N,NMPZCCZXCOMSDQ,NMPZCCZXCOMSDQ-XVFCMESISA-N,unknown,false,2,2,2,2,30
structure,FEWJPZIEWOKRBE-JCYAYHJZSA-N,FEWJPZIEWOKRBE-JCYAYHJZSA-N,FEWJPZIEWOKRBE,FEWJPZIEWOKRBE-JCYAYHJZSA-N,unknown,false,10,11,10,9,72
structure,NCMVOABPESMRCP-UHFFFAOYSA-N,NCMVOABPESMRCP-UHFFFAOYSA-N,NCMVOABPESMRCP,NCMVOABPESMRCP-UHFFFAOYSA-N,unknown,false,7,7,7,7,33
structure,DEFJQIDDEAULHB-IMJSIDKUSA-N,DEFJQIDDEAULHB-IMJSIDKUSA-N,DEFJQIDDEAULHB,DEFJQIDDEAULHB-IMJSIDKUSA-N,unknown,false,1,1,1,1,16
structure,GYOZYWVXFNDGLU-XLPZGREQSA-N,GYOZYWVXFNDGLU-XLPZGREQSA-N,GYOZYWVXFNDGLU,GYOZYWVXFNDGLU-XLPZGREQSA-N,unknown,false,6,6,6,6,49
structure,XUYPXLNMDZIRQH-LURJTMIESA-N,XUYPXLNMDZIRQH-LURJTMIESA-N,XUYPXLNMDZIRQH,XUYPXLNMDZIRQH-LURJTMIESA-N,unknown,false,6,6,6,7,60
structure,CDOJPCSDOXYJJF-CBTAGEKQSA-N,CDOJPCSDOXYJJF-CBTAGEKQSA-N,CDOJPCSDOXYJJF,CDOJPCSDOXYJJF-CBTAGEKQSA-N,unknown,false,7,7,8,8,77
structure,MDCTVRUPVLZSPG-BQBZGAKWSA-N,MDCTVRUPVLZSPG-BQBZGAKWSA-N,MDCTVRUPVLZSPG,MDCTVRUPVLZSPG-BQBZGAKWSA-N,unknown,false,1,1,1,1,16
structure,GKHCBYYBLTXYEV-UJPOAAIJSA-N,GKHCBYYBLTXYEV-UJPOAAIJSA-N,GKHCBYYBLTXYEV,GKHCBYYBLTXYEV-UJPOAAIJSA-N,unknown,false,85,65,33,76,744
structure,AMBQHHVBBHTQBF-UOUCRYGSSA-N,AMBQHHVBBHTQBF-UOUCRYGSSA-N,AMBQHHVBBHTQBF,AMBQHHVBBHTQBF-UOUCRYGSSA-N,unknown,false,100,51,21,91,1418
structure,WNLRTRBMVRJNCN-UHFFFAOYSA-N,WNLRTRBMVRJNCN-UHFFFAOYSA-N,WNLRTRBMVRJNCN,WNLRTRBMVRJNCN-UHFFFAOYSA-N,unknown,false,12,11,10,14,158
structure,BOPGDPNILDQYTO-NNYOXOHSSA-N,BOPGDPNILDQYTO-NNYOXOHSSA-N,BOPGDPNILDQYTO,BOPGDPNILDQYTO-NNYOXOHSSA-N,unknown,false,4,4,4,4,44
structure,HJCMDXDYPOUFDY-WHFBIAKZSA-N,HJCMDXDYPOUFDY-WHFBIAKZSA-N,HJCMDXDYPOUFDY,HJCMDXDYPOUFDY-WHFBIAKZSA-N,unknown,false,1,1,1,1,16
structure,JZDHUJAFXGNDSB-WHFBIAKZSA-N,JZDHUJAFXGNDSB-WHFBIAKZSA-N,JZDHUJAFXGNDSB,JZDHUJAFXGNDSB-WHFBIAKZSA-N,unknown,false,1,1,1,1,16
structure,QGWNDRXFNXRZMB-UUOKFMHZSA-N,QGWNDRXFNXRZMB-UUOKFMHZSA-N,QGWNDRXFNXRZMB,QGWNDRXFNXRZMB-UUOKFMHZSA-N,unknown,false,5,5,5,6,59
structure,UGQMRVRMYYASKQ-KQYNXXCUSA-N,UGQMRVRMYYASKQ-KQYNXXCUSA-N,UGQMRVRMYYASKQ,UGQMRVRMYYASKQ-KQYNXXCUSA-N,unknown,false,39,35,37,38,360
structure,GHOKWGTUZJEAQD-UHFFFAOYSA-N,GHOKWGTUZJEAQD-UHFFFAOYSA-N,GHOKWGTUZJEAQD,GHOKWGTUZJEAQD-UHFFFAOYSA-N,unknown,false,12,12,13,11,126
structure,JVGVDSSUAVXRDY-UHFFFAOYSA-N,JVGVDSSUAVXRDY-UHFFFAOYSA-N,JVGVDSSUAVXRDY,JVGVDSSUAVXRDY-UHFFFAOYSA-N,unknown,false,7,7,6,8,64
structure,DSLZVSRJTYRBFB-LLEIAEIESA-N,DSLZVSRJTYRBFB-LLEIAEIESA-N,DSLZVSRJTYRBFB,DSLZVSRJTYRBFB-LLEIAEIESA-N,unknown,false,17,9,9,13,208
structure,BTNMPGBKDVTSJY-UHFFFAOYSA-N,BTNMPGBKDVTSJY-UHFFFAOYSA-N,BTNMPGBKDVTSJY,BTNMPGBKDVTSJY-UHFFFAOYSA-N,unknown,false,6,6,7,8,88
structure,RGHNJXZEOKUKBD-MGCNEYSASA-N,RGHNJXZEOKUKBD-MGCNEYSASA-N,RGHNJXZEOKUKBD,RGHNJXZEOKUKBD-MGCNEYSASA-N,unknown,false,11,4,5,5,111
structure,XFTRTWQBIOMVPK-RXMQYKEDSA-N,XFTRTWQBIOMVPK-RXMQYKEDSA-N,XFTRTWQBIOMVPK,XFTRTWQBIOMVPK-RXMQYKEDSA-N,unknown,false,12,4,3,5,113
structure,UASRYODFRYWBRC-UUOKFMHZSA-N,UASRYODFRYWBRC-UUOKFMHZSA-N,UASRYODFRYWBRC,UASRYODFRYWBRC-UUOKFMHZSA-N,unknown,false,3,3,3,3,38
structure,UOOOPKANIPLQPU-XVFCMESISA-N,UOOOPKANIPLQPU-XVFCMESISA-N,UOOOPKANIPLQPU,UOOOPKANIPLQPU-XVFCMESISA-N,unknown,false,5,5,5,5,51
structure,STTYIMSDIYISRG-WDSKDSINSA-N,STTYIMSDIYISRG-WDSKDSINSA-N,STTYIMSDIYISRG,STTYIMSDIYISRG-WDSKDSINSA-N,unknown,false,1,1,1,1,16
structure,XJLXINKUBYWONI-NNYOXOHSSA-N,XJLXINKUBYWONI-NNYOXOHSSA-N,XJLXINKUBYWONI,XJLXINKUBYWONI-NNYOXOHSSA-N,unknown,false,3,3,3,3,36
structure,VWWQXMAJTJZDQX-UYBVJOGSSA-N,VWWQXMAJTJZDQX-UYBVJOGSSA-N,VWWQXMAJTJZDQX,VWWQXMAJTJZDQX-UYBVJOGSSA-N,unknown,false,8,8,9,9,77
structure,HNDVDQJCIGZPNO-YFKPBYRVSA-N,HNDVDQJCIGZPNO-YFKPBYRVSA-N,HNDVDQJCIGZPNO,HNDVDQJCIGZPNO-YFKPBYRVSA-N,unknown,false,124,101,72,69,1772
structure,RQFCJASXJCIDSX-UUOKFMHZSA-N,RQFCJASXJCIDSX-UUOKFMHZSA-N,RQFCJASXJCIDSX,RQFCJASXJCIDSX-UUOKFMHZSA-N,unknown,false,17,16,16,17,171
structure,UBORTCNDUKBEOP-UUOKFMHZSA-N,UBORTCNDUKBEOP-UUOKFMHZSA-N,UBORTCNDUKBEOP,UBORTCNDUKBEOP-UUOKFMHZSA-N,unknown,false,17,12,13,17,188
structure,KOSRFJWDECSPRO-WDSKDSINSA-N,KOSRFJWDECSPRO-WDSKDSINSA-N,KOSRFJWDECSPRO,KOSRFJWDECSPRO-WDSKDSINSA-N,unknown,false,3,3,3,3,36
structure,BJEPYKJPYRNKOW-REOHCLBHSA-N,BJEPYKJPYRNKOW-REOHCLBHSA-N,BJEPYKJPYRNKOW,BJEPYKJPYRNKOW-REOHCLBHSA-N,unknown,false,34,30,31,35,326
structure,HSPSXROIMXIJQW-BQBZGAKWSA-N,HSPSXROIMXIJQW-BQBZGAKWSA-N,HSPSXROIMXIJQW,HSPSXROIMXIJQW-BQBZGAKWSA-N,unknown,false,1,1,1,1,16
structure,KFKWRHQBZQICHA-STQMWFEESA-N,KFKWRHQBZQICHA-STQMWFEESA-N,KFKWRHQBZQICHA,KFKWRHQBZQICHA-STQMWFEESA-N,unknown,false,2,2,2,2,22
structure,NUCLJNSWZCHRKL-UHFFFAOYSA-N,NUCLJNSWZCHRKL-UHFFFAOYSA-N,NUCLJNSWZCHRKL,NUCLJNSWZCHRKL-UHFFFAOYSA-N,unknown,false,6,6,6,8,86
structure,IQFYYKKMVGJFEH-XLPZGREQSA-N,IQFYYKKMVGJFEH-XLPZGREQSA-N,IQFYYKKMVGJFEH,IQFYYKKMVGJFEH-XLPZGREQSA-N,unknown,false,46,43,40,46,488
structure,UHDGCWIWMRVCDJ-XVFCMESISA-N,UHDGCWIWMRVCDJ-XVFCMESISA-N,UHDGCWIWMRVCDJ,UHDGCWIWMRVCDJ-XVFCMESISA-N,unknown,false,16,16,15,18,173
structure,CDAISMWEOUEBRE-GNIYUCBRSA-N,CDAISMWEOUEBRE-GNIYUCBRSA-N,CDAISMWEOUEBRE,CDAISMWEOUEBRE-GNIYUCBRSA-N,unknown,false,2,2,2,2,24
structure,FVTCRASFADXXNN-SCRDCRAPSA-N,FVTCRASFADXXNN-SCRDCRAPSA-N,FVTCRASFADXXNN,FVTCRASFADXXNN-SCRDCRAPSA-N,unknown,false,5,5,5,6,65
structure,PWKSKIMOESPYIA-BYPYZUCNSA-N,PWKSKIMOESPYIA-BYPYZUCNSA-N,PWKSKIMOESPYIA,PWKSKIMOESPYIA-BYPYZUCNSA-N,unknown,false,6,5,5,6,62
structure,DJJCXFVJDGTHFX-XVFCMESISA-N,DJJCXFVJDGTHFX-XVFCMESISA-N,DJJCXFVJDGTHFX,DJJCXFVJDGTHFX-XVFCMESISA-N,unknown,false,18,16,18,19,197
structure,FYSSBMZUBSBFJL-UHFFFAOYSA-N,FYSSBMZUBSBFJL-UHFFFAOYSA-N,FYSSBMZUBSBFJL,FYSSBMZUBSBFJL-UHFFFAOYSA-N,unknown,false,3,3,3,3,31
structure,XAEWTDMGFGHWFK-IMJSIDKUSA-N,XAEWTDMGFGHWFK-IMJSIDKUSA-N,XAEWTDMGFGHWFK,XAEWTDMGFGHWFK-IMJSIDKUSA-N,unknown,false,2,2,2,2,22
structure,IRLPACMLTUPBCL-KQYNXXCUSA-N,IRLPACMLTUPBCL-KQYNXXCUSA-N,IRLPACMLTUPBCL,IRLPACMLTUPBCL-KQYNXXCUSA-N,unknown,false,6,6,6,7,59
structure,XTWYTFMLZFPYCI-KQYNXXCUSA-N,XTWYTFMLZFPYCI-KQYNXXCUSA-N,XTWYTFMLZFPYCI,XTWYTFMLZFPYCI-KQYNXXCUSA-N,unknown,false,7,7,8,9,81
structure,DRTQHJPVMGBUCF-XVFCMESISA-N,DRTQHJPVMGBUCF-XVFCMESISA-N,DRTQHJPVMGBUCF,DRTQHJPVMGBUCF-XVFCMESISA-N,unknown,false,85,74,63,75,934
structure,RGHNJXZEOKUKBD-SQOUGZDYSA-N,RGHNJXZEOKUKBD-SQOUGZDYSA-N,RGHNJXZEOKUKBD,RGHNJXZEOKUKBD-SQOUGZDYSA-N,unknown,false,16,15,15,17,173
structure,DZTHIGRZJZPRDV-UHFFFAOYSA-N,DZTHIGRZJZPRDV-UHFFFAOYSA-N,DZTHIGRZJZPRDV,DZTHIGRZJZPRDV-UHFFFAOYSA-N,unknown,false,3,3,3,3,36
structure,IERHLVCPSMICTF-XVFCMESISA-N,IERHLVCPSMICTF-XVFCMESISA-N,IERHLVCPSMICTF,IERHLVCPSMICTF-XVFCMESISA-N,unknown,false,10,9,9,9,85
structure,WVIMUEUQJFPNDK-PEBGCTIMSA-N,WVIMUEUQJFPNDK-PEBGCTIMSA-N,WVIMUEUQJFPNDK,WVIMUEUQJFPNDK-PEBGCTIMSA-N,unknown,false,5,5,5,6,58
structure,OWBTYPJTUOEWEK-UHFFFAOYSA-N,OWBTYPJTUOEWEK-UHFFFAOYSA-N,OWBTYPJTUOEWEK,OWBTYPJTUOEWEK-UHFFFAOYSA-N,unknown,false,4,4,4,4,52
structure,HHLFWLYXYJOTON-UHFFFAOYSA-N,HHLFWLYXYJOTON-UHFFFAOYSA-N,HHLFWLYXYJOTON,HHLFWLYXYJOTON-UHFFFAOYSA-N,unknown,false,6,6,5,7,56
structure,GHVNFZFCNZKVNT-UHFFFAOYSA-N,GHVNFZFCNZKVNT-UHFFFAOYSA-N,GHVNFZFCNZKVNT,GHVNFZFCNZKVNT-UHFFFAOYSA-N,unknown,false,137,102,56,99,1532
structure,MPCAJMNYNOGXPB-SLPGGIOYSA-N,MPCAJMNYNOGXPB-SLPGGIOYSA-N,MPCAJMNYNOGXPB,MPCAJMNYNOGXPB-SLPGGIOYSA-N,unknown,false,4,3,3,4,52
structure,XSXIVVZCUAHUJO-UHFFFAOYSA-N,XSXIVVZCUAHUJO-UHFFFAOYSA-N,XSXIVVZCUAHUJO,XSXIVVZCUAHUJO-UHFFFAOYSA-N,unknown,false,1,1,1,1,16
structure,BDLLSHRIFPDGQB-AATRIKPKSA-N,BDLLSHRIFPDGQB-AATRIKPKSA-N,BDLLSHRIFPDGQB,BDLLSHRIFPDGQB-AATRIKPKSA-N,unknown,false,2,2,2,2,32
structure,QXKHYNVANLEOEG-UHFFFAOYSA-N,QXKHYNVANLEOEG-UHFFFAOYSA-N,QXKHYNVANLEOEG,QXKHYNVANLEOEG-UHFFFAOYSA-N,unknown,false,150,82,7,201,3759
structure,FUZZWVXGSFPDMH-UHFFFAOYSA-N,FUZZWVXGSFPDMH-UHFFFAOYSA-N,FUZZWVXGSFPDMH,FUZZWVXGSFPDMH-UHFFFAOYSA-N,unknown,false,71,58,42,56,842
structure,DSLZVSRJTYRBFB-DUHBMQHGSA-N,DSLZVSRJTYRBFB-DUHBMQHGSA-N,DSLZVSRJTYRBFB,DSLZVSRJTYRBFB-DUHBMQHGSA-N,unknown,false,13,5,5,7,136
structure,XNGIFLGASWRNHJ-UHFFFAOYSA-N,XNGIFLGASWRNHJ-UHFFFAOYSA-N,XNGIFLGASWRNHJ,XNGIFLGASWRNHJ-UHFFFAOYSA-N,unknown,false,16,13,13,15,201
structure,RRUDCFGSUDOHDG-UHFFFAOYSA-N,RRUDCFGSUDOHDG-UHFFFAOYSA-N,RRUDCFGSUDOHDG,RRUDCFGSUDOHDG-UHFFFAOYSA-N,unknown,false,2,2,2,2,31
structure,GUBGYTABKSRVRQ-QKKXKWKRSA-N,GUBGYTABKSRVRQ-QKKXKWKRSA-N,GUBGYTABKSRVRQ,GUBGYTABKSRVRQ-QKKXKWKRSA-N,unknown,false,6,6,7,5,56
structure,ODHCTXKNWHHXJC-VKHMYHEASA-N,ODHCTXKNWHHXJC-VKHMYHEASA-N,ODHCTXKNWHHXJC,ODHCTXKNWHHXJC-VKHMYHEASA-N,unknown,false,24,23,25,23,280
structure,LRQKBLKVPFOOQJ-YFKPBYRVSA-N,LRQKBLKVPFOOQJ-YFKPBYRVSA-N,LRQKBLKVPFOOQJ,LRQKBLKVPFOOQJ-YFKPBYRVSA-N,unknown,false,5,5,5,5,62
structure,AXFYFNCPONWUHW-UHFFFAOYSA-N,AXFYFNCPONWUHW-UHFFFAOYSA-N,AXFYFNCPONWUHW,AXFYFNCPONWUHW-UHFFFAOYSA-N,unknown,false,5,5,6,6,82
structure,XFTRTWQBIOMVPK-UHFFFAOYSA-N,XFTRTWQBIOMVPK-UHFFFAOYSA-N,XFTRTWQBIOMVPK,XFTRTWQBIOMVPK-UHFFFAOYSA-N,unknown,false,7,7,8,9,109
structure,ZIYVHBGGAOATLY-UHFFFAOYSA-N,ZIYVHBGGAOATLY-UHFFFAOYSA-N,ZIYVHBGGAOATLY,ZIYVHBGGAOATLY-UHFFFAOYSA-N,unknown,false,4,4,4,6,78
structure,ROHFNLRQFUQHCH-YFKPBYRVSA-N,ROHFNLRQFUQHCH-YFKPBYRVSA-N,ROHFNLRQFUQHCH,ROHFNLRQFUQHCH-YFKPBYRVSA-N,active,true,153,121,86,83,1684
structure,VKOBVWXKNCXXDE-UHFFFAOYSA-N,VKOBVWXKNCXXDE-UHFFFAOYSA-N,VKOBVWXKNCXXDE,VKOBVWXKNCXXDE-UHFFFAOYSA-N,unknown,false,266,155,88,140,2906
structure,HIWPGCMGAMJNRG-RTPHMHGBSA-N,HIWPGCMGAMJNRG-RTPHMHGBSA-N,HIWPGCMGAMJNRG,HIWPGCMGAMJNRG-RTPHMHGBSA-N,unknown,false,2,2,2,2,32
structure,YPFDHNVEDLHUCE-UHFFFAOYSA-N,YPFDHNVEDLHUCE-UHFFFAOYSA-N,YPFDHNVEDLHUCE,YPFDHNVEDLHUCE-UHFFFAOYSA-N,unknown,false,2,2,2,2,32
structure,BXWNKGSJHAJOGX-UHFFFAOYSA-N,BXWNKGSJHAJOGX-UHFFFAOYSA-N,BXWNKGSJHAJOGX,BXWNKGSJHAJOGX-UHFFFAOYSA-N,unknown,false,44,35,22,31,504
structure,VZCYOOQTPOCHFL-UPHRSURJSA-N,VZCYOOQTPOCHFL-UPHRSURJSA-N,VZCYOOQTPOCHFL,VZCYOOQTPOCHFL-UPHRSURJSA-N,unknown,false,14,13,12,13,141
structure,MWKFXSUHUHTGQN-UHFFFAOYSA-N,MWKFXSUHUHTGQN-UHFFFAOYSA-N,MWKFXSUHUHTGQN,MWKFXSUHUHTGQN-UHFFFAOYSA-N,unknown,false,52,35,18,37,576
structure,YIWUKEYIRIRTPP-UHFFFAOYSA-N,YIWUKEYIRIRTPP-UHFFFAOYSA-N,YIWUKEYIRIRTPP,YIWUKEYIRIRTPP-UHFFFAOYSA-N,unknown,false,23,18,15,21,284
structure,HEBKCHPVOIAQTA-SCDXWVJYSA-N,HEBKCHPVOIAQTA-SCDXWVJYSA-N,HEBKCHPVOIAQTA,HEBKCHPVOIAQTA-SCDXWVJYSA-N,unknown,false,24,20,18,18,292
structure,GUBGYTABKSRVRQ-CUHNMECISA-N,GUBGYTABKSRVRQ-CUHNMECISA-N,GUBGYTABKSRVRQ,GUBGYTABKSRVRQ-CUHNMECISA-N,unknown,false,5,4,5,5,74
structure,WVDDGKGOMKODPV-UHFFFAOYSA-N,WVDDGKGOMKODPV-UHFFFAOYSA-N,WVDDGKGOMKODPV,WVDDGKGOMKODPV-UHFFFAOYSA-N,unknown,false,149,109,64,110,1914
structure,FBPFZTCFMRRESA-JGWLITMVSA-N,FBPFZTCFMRRESA-JGWLITMVSA-N,FBPFZTCFMRRESA,FBPFZTCFMRRESA-JGWLITMVSA-N,unknown,false,78,50,39,45,901
structure,WZNJWVWKTVETCG-YFKPBYRVSA-N,WZNJWVWKTVETCG-YFKPBYRVSA-N,WZNJWVWKTVETCG,WZNJWVWKTVETCG-YFKPBYRVSA-N,unknown,false,4,4,2,6,103
structure,FEWJPZIEWOKRBE-UHFFFAOYSA-N,FEWJPZIEWOKRBE-UHFFFAOYSA-N,FEWJPZIEWOKRBE,FEWJPZIEWOKRBE-UHFFFAOYSA-N,unknown,false,17,16,13,16,204
structure,NPOAOTPXWNWTSH-UHFFFAOYSA-N,NPOAOTPXWNWTSH-UHFFFAOYSA-N,NPOAOTPXWNWTSH,NPOAOTPXWNWTSH-UHFFFAOYSA-N,unknown,false,17,9,8,12,218
structure,SNDPXSYFESPGGJ-UHFFFAOYSA-N,SNDPXSYFESPGGJ-UHFFFAOYSA-N,SNDPXSYFESPGGJ,SNDPXSYFESPGGJ-UHFFFAOYSA-N,unknown,false,2,2,2,2,26
structure,BJEPYKJPYRNKOW-UWTATZPHSA-N,BJEPYKJPYRNKOW-UWTATZPHSA-N,BJEPYKJPYRNKOW,BJEPYKJPYRNKOW-UWTATZPHSA-N,unknown,false,6,6,6,7,73
structure,POULHZVOKOAJMA-UHFFFAOYSA-N,POULHZVOKOAJMA-UHFFFAOYSA-N,POULHZVOKOAJMA,POULHZVOKOAJMA-UHFFFAOYSA-N,unknown,false,209,152,91,158,2561
structure,IZQSVPBOUDKVDZ-UHFFFAOYSA-N,IZQSVPBOUDKVDZ-UHFFFAOYSA-N,IZQSVPBOUDKVDZ,IZQSVPBOUDKVDZ-UHFFFAOYSA-N,unknown,false,436,233,69,282,6037
structure,CWVRJTMFETXNAD-JUHZACGLSA-N,CWVRJTMFETXNAD-JUHZACGLSA-N,CWVRJTMFETXNAD,CWVRJTMFETXNAD-JUHZACGLSA-N,inactive,true,728,323,93,584,11302
structure,PLAPMLGJVGLZOV-VPRICQMDSA-N,PLAPMLGJVGLZOV-VPRICQMDSA-N,PLAPMLGJVGLZOV,PLAPMLGJVGLZOV-VPRICQMDSA-N,unknown,false,216,110,49,153,2328
structure,XHCADAYNFIFUHF-TVKJYDDYSA-N,XHCADAYNFIFUHF-TVKJYDDYSA-N,XHCADAYNFIFUHF,XHCADAYNFIFUHF-TVKJYDDYSA-N,unknown,false,59,35,23,54,867
structure,MYXNWGACZJSMBT-VJXVFPJBSA-N,MYXNWGACZJSMBT-VJXVFPJBSA-N,MYXNWGACZJSMBT,MYXNWGACZJSMBT-VJXVFPJBSA-N,unknown,false,314,149,61,209,3460
structure,ODBRNZZJSYPIDI-VJXVFPJBSA-N,ODBRNZZJSYPIDI-VJXVFPJBSA-N,ODBRNZZJSYPIDI,ODBRNZZJSYPIDI-VJXVFPJBSA-N,unknown,false,295,123,51,186,3252
structure,FKIYLTVJPDLUDL-ANCDJDCVSA-N,FKIYLTVJPDLUDL-ANCDJDCVSA-N,FKIYLTVJPDLUDL,FKIYLTVJPDLUDL-ANCDJDCVSA-N,unknown,false,32,12,7,14,246
structure,PEFNSGRTCBGNAN-QNDFHXLGSA-N,PEFNSGRTCBGNAN-QNDFHXLGSA-N,PEFNSGRTCBGNAN,PEFNSGRTCBGNAN-QNDFHXLGSA-N,unknown,false,663,287,82,487,7631
structure,ILEDWLMCKZNDJK-UHFFFAOYSA-N,ILEDWLMCKZNDJK-UHFFFAOYSA-N,ILEDWLMCKZNDJK,ILEDWLMCKZNDJK-UHFFFAOYSA-N,unknown,false,223,94,33,153,3105
structure,FIAAVMJLAGNUKW-VQVVXJKKSA-N,FIAAVMJLAGNUKW-VQVVXJKKSA-N,FIAAVMJLAGNUKW,FIAAVMJLAGNUKW-VQVVXJKKSA-N,unknown,false,162,87,41,114,1643
structure,AUKMHZZVLPQAOX-UHFFFAOYSA-N,AUKMHZZVLPQAOX-UHFFFAOYSA-N,AUKMHZZVLPQAOX,AUKMHZZVLPQAOX-UHFFFAOYSA-N,unknown,false,9,7,4,13,176
structure,KZJWDPNRJALLNS-BSJPTTOTSA-N,KZJWDPNRJALLNS-BSJPTTOTSA-N,KZJWDPNRJALLNS,KZJWDPNRJALLNS-BSJPTTOTSA-N,unknown,false,126,101,64,112,724
structure,QPUYECUOLPXSFR-UHFFFAOYSA-N,QPUYECUOLPXSFR-UHFFFAOYSA-N,QPUYECUOLPXSFR,QPUYECUOLPXSFR-UHFFFAOYSA-N,unknown,false,7,7,6,7,102
structure,AJKVQEKCUACUMD-UHFFFAOYSA-N,AJKVQEKCUACUMD-UHFFFAOYSA-N,AJKVQEKCUACUMD,AJKVQEKCUACUMD-UHFFFAOYSA-N,unknown,false,5,3,3,3,54
structure,YOMSJEATGXXYPX-UHFFFAOYSA-N,YOMSJEATGXXYPX-UHFFFAOYSA-N,YOMSJEATGXXYPX,YOMSJEATGXXYPX-UHFFFAOYSA-N,unknown,false,38,29,18,30,463
structure,UHOVQNZJYSORNB-UHFFFAOYSA-N,UHOVQNZJYSORNB-UHFFFAOYSA-N,UHOVQNZJYSORNB,UHOVQNZJYSORNB-UHFFFAOYSA-N,unknown,false,17,10,9,9,162
structure,VSMOENVRRABVKN-UHFFFAOYSA-N,VSMOENVRRABVKN-UHFFFAOYSA-N,VSMOENVRRABVKN,VSMOENVRRABVKN-UHFFFAOYSA-N,unknown,false,207,94,33,155,2359
structure,ZWRUINPWMLAQRD-UHFFFAOYSA-N,ZWRUINPWMLAQRD-UHFFFAOYSA-N,ZWRUINPWMLAQRD,ZWRUINPWMLAQRD-UHFFFAOYSA-N,unknown,false,53,37,28,42,659
structure,QPRQEDXDYOZYLA-UHFFFAOYSA-N,QPRQEDXDYOZYLA-UHFFFAOYSA-N,QPRQEDXDYOZYLA,QPRQEDXDYOZYLA-UHFFFAOYSA-N,unknown,false,20,19,17,20,279
structure,PHTQWCKDNZKARW-UHFFFAOYSA-N,PHTQWCKDNZKARW-UHFFFAOYSA-N,PHTQWCKDNZKARW,PHTQWCKDNZKARW-UHFFFAOYSA-N,unknown,false,58,47,40,48,667
structure,QIMMUPPBPVKWKM-UHFFFAOYSA-N,QIMMUPPBPVKWKM-UHFFFAOYSA-N,QIMMUPPBPVKWKM,QIMMUPPBPVKWKM-UHFFFAOYSA-N,unknown,false,8,7,6,8,122
structure,CTQNGGLPUBDAKN-UHFFFAOYSA-N,CTQNGGLPUBDAKN-UHFFFAOYSA-N,CTQNGGLPUBDAKN,CTQNGGLPUBDAKN-UHFFFAOYSA-N,unknown,false,18,16,12,14,230
structure,HYBBIBNJHNGZAN-UHFFFAOYSA-N,HYBBIBNJHNGZAN-UHFFFAOYSA-N,HYBBIBNJHNGZAN,HYBBIBNJHNGZAN-UHFFFAOYSA-N,unknown,false,53,43,35,48,656
structure,DTUQWGWMVIHBKE-UHFFFAOYSA-N,DTUQWGWMVIHBKE-UHFFFAOYSA-N,DTUQWGWMVIHBKE,DTUQWGWMVIHBKE-UHFFFAOYSA-N,unknown,false,107,78,50,77,1250
structure,HUMNYLRZRPPJDN-UHFFFAOYSA-N,HUMNYLRZRPPJDN-UHFFFAOYSA-N,HUMNYLRZRPPJDN,HUMNYLRZRPPJDN-UHFFFAOYSA-N,unknown,false,221,130,65,165,2860
structure,WUOACPNHFRMFPN-UHFFFAOYSA-N,WUOACPNHFRMFPN-UHFFFAOYSA-N,WUOACPNHFRMFPN,WUOACPNHFRMFPN-UHFFFAOYSA-N,unknown,false,751,279,83,604,10074
structure,ZSIAUFGUXNUGDI-UHFFFAOYSA-N,ZSIAUFGUXNUGDI-UHFFFAOYSA-N,ZSIAUFGUXNUGDI,ZSIAUFGUXNUGDI-UHFFFAOYSA-N,unknown,false,175,111,56,115,2216
structure,YVBAUDVGOFCUSG-UHFFFAOYSA-N,YVBAUDVGOFCUSG-UHFFFAOYSA-N,YVBAUDVGOFCUSG,YVBAUDVGOFCUSG-UHFFFAOYSA-N,unknown,false,50,40,21,44,608
structure,NMRPBPVERJPACX-UHFFFAOYSA-N,NMRPBPVERJPACX-UHFFFAOYSA-N,NMRPBPVERJPACX,NMRPBPVERJPACX-UHFFFAOYSA-N,unknown,false,120,58,21,74,1281
structure,YKFLAYDHMOASIY-UHFFFAOYSA-N,YKFLAYDHMOASIY-UHFFFAOYSA-N,YKFLAYDHMOASIY,YKFLAYDHMOASIY-UHFFFAOYSA-N,unknown,false,642,227,60,578,9452
structure,HFPZCAJZSCWRBC-UHFFFAOYSA-N,HFPZCAJZSCWRBC-UHFFFAOYSA-N,HFPZCAJZSCWRBC,HFPZCAJZSCWRBC-UHFFFAOYSA-N,unknown,false,815,279,60,713,11719
structure,BSKHPKMHTQYZBB-UHFFFAOYSA-N,BSKHPKMHTQYZBB-UHFFFAOYSA-N,BSKHPKMHTQYZBB,BSKHPKMHTQYZBB-UHFFFAOYSA-N,unknown,false,7,5,5,5,86
structure,QNLZIZAQLLYXTC-UHFFFAOYSA-N,QNLZIZAQLLYXTC-UHFFFAOYSA-N,QNLZIZAQLLYXTC,QNLZIZAQLLYXTC-UHFFFAOYSA-N,unknown,false,2,2,2,2,32
structure,NTSLROIKFLNUIJ-UHFFFAOYSA-N,NTSLROIKFLNUIJ-UHFFFAOYSA-N,NTSLROIKFLNUIJ,NTSLROIKFLNUIJ-UHFFFAOYSA-N,unknown,false,4,3,3,3,44
structure,UFWIBTONFRDIAS-UHFFFAOYSA-N,UFWIBTONFRDIAS-UHFFFAOYSA-N,UFWIBTONFRDIAS,UFWIBTONFRDIAS-UHFFFAOYSA-N,unknown,false,74,44,27,45,905
structure,JUJWROOIHBZHMG-UHFFFAOYSA-N,JUJWROOIHBZHMG-UHFFFAOYSA-N,JUJWROOIHBZHMG,JUJWROOIHBZHMG-UHFFFAOYSA-N,unknown,false,21,17,13,15,233
structure,KBPLFHHGFOOTCA-UHFFFAOYSA-N,KBPLFHHGFOOTCA-UHFFFAOYSA-N,KBPLFHHGFOOTCA,KBPLFHHGFOOTCA-UHFFFAOYSA-N,unknown,false,124,82,40,100,1452
structure,MOMFXATYAINJML-UHFFFAOYSA-N,MOMFXATYAINJML-UHFFFAOYSA-N,MOMFXATYAINJML,MOMFXATYAINJML-UHFFFAOYSA-N,unknown,false,1,1,1,1,16
structure,YXFVVABEGXRONW-UHFFFAOYSA-N,YXFVVABEGXRONW-UHFFFAOYSA-N,YXFVVABEGXRONW,YXFVVABEGXRONW-UHFFFAOYSA-N,unknown,false,36,34,24,33,448
structure,XMGQYMWWDOXHJM-UHFFFAOYSA-N,XMGQYMWWDOXHJM-UHFFFAOYSA-N,XMGQYMWWDOXHJM,XMGQYMWWDOXHJM-UHFFFAOYSA-N,unknown,false,972,345,93,813,13307
structure,FXEIWOUGVRUQNK-UHFFFAOYSA-N,FXEIWOUGVRUQNK-UHFFFAOYSA-N,FXEIWOUGVRUQNK,FXEIWOUGVRUQNK-UHFFFAOYSA-N,unknown,false,23,19,14,19,245
structure,XNLICIUVMPYHGG-UHFFFAOYSA-N,XNLICIUVMPYHGG-UHFFFAOYSA-N,XNLICIUVMPYHGG,XNLICIUVMPYHGG-UHFFFAOYSA-N,unknown,false,19,13,13,13,178
structure,AMIMRNSIRUDHCM-UHFFFAOYSA-N,AMIMRNSIRUDHCM-UHFFFAOYSA-N,AMIMRNSIRUDHCM,AMIMRNSIRUDHCM-UHFFFAOYSA-N,unknown,false,14,13,11,12,182
structure,XSIFPSYPOVKYCO-UHFFFAOYSA-N,XSIFPSYPOVKYCO-UHFFFAOYSA-N,XSIFPSYPOVKYCO,XSIFPSYPOVKYCO-UHFFFAOYSA-N,unknown,false,3,3,3,4,64
structure,SYBYTAAJFKOIEJ-UHFFFAOYSA-N,SYBYTAAJFKOIEJ-UHFFFAOYSA-N,SYBYTAAJFKOIEJ,SYBYTAAJFKOIEJ-UHFFFAOYSA-N,unknown,false,5,5,6,5,70
structure,RMZHSBMIZBMVMN-UHFFFAOYSA-N,RMZHSBMIZBMVMN-UHFFFAOYSA-N,RMZHSBMIZBMVMN,RMZHSBMIZBMVMN-UHFFFAOYSA-N,unknown,false,19,16,11,15,169
structure,YYZUSRORWSJGET-UHFFFAOYSA-N,YYZUSRORWSJGET-UHFFFAOYSA-N,YYZUSRORWSJGET,YYZUSRORWSJGET-UHFFFAOYSA-N,unknown,false,23,19,14,19,297
structure,JOZKFWLRHCDGJA-UHFFFAOYSA-N,JOZKFWLRHCDGJA-UHFFFAOYSA-N,JOZKFWLRHCDGJA,JOZKFWLRHCDGJA-UHFFFAOYSA-N,unknown,false,74,41,22,56,896
structure,WFRBDWRZVBPBDO-UHFFFAOYSA-N,WFRBDWRZVBPBDO-UHFFFAOYSA-N,WFRBDWRZVBPBDO,WFRBDWRZVBPBDO-UHFFFAOYSA-N,unknown,false,1,1,1,1,14
structure,RPRPDTXKGSIXMD-UHFFFAOYSA-N,RPRPDTXKGSIXMD-UHFFFAOYSA-N,RPRPDTXKGSIXMD,RPRPDTXKGSIXMD-UHFFFAOYSA-N,unknown,false,5,5,5,5,64
structure,SESFRYSPDFLNCH-UHFFFAOYSA-N,SESFRYSPDFLNCH-UHFFFAOYSA-N,SESFRYSPDFLNCH,SESFRYSPDFLNCH-UHFFFAOYSA-N,unknown,false,87,52,30,71,1079
structure,ZXEKIIBDNHEJCQ-UHFFFAOYSA-N,ZXEKIIBDNHEJCQ-UHFFFAOYSA-N,ZXEKIIBDNHEJCQ,ZXEKIIBDNHEJCQ-UHFFFAOYSA-N,unknown,false,26,21,19,22,272
structure,SHZIWNPUGXLXDT-UHFFFAOYSA-N,SHZIWNPUGXLXDT-UHFFFAOYSA-N,SHZIWNPUGXLXDT,SHZIWNPUGXLXDT-UHFFFAOYSA-N,unknown,false,30,22,16,25,348
structure,QUKGYYKBILRGFE-UHFFFAOYSA-N,QUKGYYKBILRGFE-UHFFFAOYSA-N,QUKGYYKBILRGFE,QUKGYYKBILRGFE-UHFFFAOYSA-N,unknown,false,25,20,18,23,333
structure,WHBMMWSBFZVSSR-UHFFFAOYSA-N,WHBMMWSBFZVSSR-UHFFFAOYSA-N,WHBMMWSBFZVSSR,WHBMMWSBFZVSSR-UHFFFAOYSA-N,unknown,false,11,10,12,11,131
structure,OSWPMRLSEDHDFF-UHFFFAOYSA-N,OSWPMRLSEDHDFF-UHFFFAOYSA-N,OSWPMRLSEDHDFF,OSWPMRLSEDHDFF-UHFFFAOYSA-N,unknown,false,84,62,35,72,1140
structure,HPMGFDVTYHWBAG-UHFFFAOYSA-N,HPMGFDVTYHWBAG-UHFFFAOYSA-N,HPMGFDVTYHWBAG,HPMGFDVTYHWBAG-UHFFFAOYSA-N,unknown,false,3,3,3,3,35
structure,XAPCMTMQBXLDBB-UHFFFAOYSA-N,XAPCMTMQBXLDBB-UHFFFAOYSA-N,XAPCMTMQBXLDBB,XAPCMTMQBXLDBB-UHFFFAOYSA-N,unknown,false,27,16,14,19,266
structure,VONGZNXBKCOUHB-UHFFFAOYSA-N,VONGZNXBKCOUHB-UHFFFAOYSA-N,VONGZNXBKCOUHB,VONGZNXBKCOUHB-UHFFFAOYSA-N,unknown,false,4,3,3,4,56
structure,HLZKNKRTKFSKGZ-UHFFFAOYSA-N,HLZKNKRTKFSKGZ-UHFFFAOYSA-N,HLZKNKRTKFSKGZ,HLZKNKRTKFSKGZ-UHFFFAOYSA-N,unknown,false,29,23,16,23,323
structure,FERIUCNNQQJTOY-UHFFFAOYSA-N,FERIUCNNQQJTOY-UHFFFAOYSA-N,FERIUCNNQQJTOY,FERIUCNNQQJTOY-UHFFFAOYSA-N,unknown,false,56,44,33,43,617
structure,BXOURKNXQXLKRK-UHFFFAOYSA-N,BXOURKNXQXLKRK-UHFFFAOYSA-N,BXOURKNXQXLKRK,BXOURKNXQXLKRK-UHFFFAOYSA-N,unknown,false,22,17,13,18,216
structure,QPJVMBTYPHYUOC-UHFFFAOYSA-N,QPJVMBTYPHYUOC-UHFFFAOYSA-N,QPJVMBTYPHYUOC,QPJVMBTYPHYUOC-UHFFFAOYSA-N,unknown,false,46,34,28,42,589
structure,LFQSCWFLJHTTHZ-UHFFFAOYSA-N,LFQSCWFLJHTTHZ-UHFFFAOYSA-N,LFQSCWFLJHTTHZ,LFQSCWFLJHTTHZ-UHFFFAOYSA-N,unknown,false,86,53,35,57,878
structure,NCDCLPBOMHPFCV-UHFFFAOYSA-N,NCDCLPBOMHPFCV-UHFFFAOYSA-N,NCDCLPBOMHPFCV,NCDCLPBOMHPFCV-UHFFFAOYSA-N,unknown,false,18,14,12,15,167
structure,NVEQFIOZRFFVFW-RGCMKSIDSA-N,NVEQFIOZRFFVFW-RGCMKSIDSA-N,NVEQFIOZRFFVFW,NVEQFIOZRFFVFW-RGCMKSIDSA-N,unknown,false,525,242,53,439,5922
structure,CDOSHBSSFJOMGT-UHFFFAOYSA-N,CDOSHBSSFJOMGT-UHFFFAOYSA-N,CDOSHBSSFJOMGT,CDOSHBSSFJOMGT-UHFFFAOYSA-N,unknown,false,761,297,91,693,11046
structure,HIGQPQRQIQDZMP-DHZHZOJOSA-N,HIGQPQRQIQDZMP-DHZHZOJOSA-N,HIGQPQRQIQDZMP,HIGQPQRQIQDZMP-DHZHZOJOSA-N,unknown,false,181,88,33,165,2224
structure,ZYEMGPIYFIJGTP-UHFFFAOYSA-N,ZYEMGPIYFIJGTP-UHFFFAOYSA-N,ZYEMGPIYFIJGTP,ZYEMGPIYFIJGTP-UHFFFAOYSA-N,unknown,false,205,98,40,184,2954
structure,VLXDPFLIRFYIME-LUGNKYPNSA-N,VLXDPFLIRFYIME-LUGNKYPNSA-N,VLXDPFLIRFYIME,VLXDPFLIRFYIME-LUGNKYPNSA-N,unknown,false,295,163,48,234,3185
structure,HGBOYTHUEUWSSQ-UHFFFAOYSA-N,HGBOYTHUEUWSSQ-UHFFFAOYSA-N,HGBOYTHUEUWSSQ,HGBOYTHUEUWSSQ-UHFFFAOYSA-N,unknown,false,34,27,20,26,361
structure,OBNCKNCVKJNDBV-UHFFFAOYSA-N,OBNCKNCVKJNDBV-UHFFFAOYSA-N,OBNCKNCVKJNDBV,OBNCKNCVKJNDBV-UHFFFAOYSA-N,unknown,false,36,27,18,31,418
structure,YOVSPTNQHMDJAG-QLFBSQMISA-N,YOVSPTNQHMDJAG-QLFBSQMISA-N,YOVSPTNQHMDJAG,YOVSPTNQHMDJAG-QLFBSQMISA-N,unknown,false,230,126,40,182,2643
structure,ZTQSAGDEMFDKMZ-UHFFFAOYSA-N,ZTQSAGDEMFDKMZ-UHFFFAOYSA-N,ZTQSAGDEMFDKMZ,ZTQSAGDEMFDKMZ-UHFFFAOYSA-N,unknown,false,15,14,11,11,127
structure,MBNGWHIJMBWFHU-UHFFFAOYSA-N,MBNGWHIJMBWFHU-UHFFFAOYSA-N,MBNGWHIJMBWFHU,MBNGWHIJMBWFHU-UHFFFAOYSA-N,unknown,false,122,60,23,78,1650
structure,KZMACGJDUUWFCH-UHFFFAOYSA-O,KZMACGJDUUWFCH-UHFFFAOYSA-O,KZMACGJDUUWFCH,KZMACGJDUUWFCH-UHFFFAOYSA-O,unknown,false,23,9,7,10,385
structure,JKHRCGUTYDNCLE-UHFFFAOYSA-N,JKHRCGUTYDNCLE-UHFFFAOYSA-N,JKHRCGUTYDNCLE,JKHRCGUTYDNCLE-UHFFFAOYSA-N,unknown,false,75,31,20,26,523
structure,KZMACGJDUUWFCH-UHFFFAOYSA-N,KZMACGJDUUWFCH-UHFFFAOYSA-N,KZMACGJDUUWFCH,KZMACGJDUUWFCH-UHFFFAOYSA-N,unknown,false,15,4,3,5,117
structure,AFOLOMGWVXKIQL-UHFFFAOYSA-O,AFOLOMGWVXKIQL-UHFFFAOYSA-O,AFOLOMGWVXKIQL,AFOLOMGWVXKIQL-UHFFFAOYSA-O,unknown,false,6,5,5,7,93
structure,JKHRCGUTYDNCLE-UHFFFAOYSA-O,JKHRCGUTYDNCLE-UHFFFAOYSA-O,JKHRCGUTYDNCLE,JKHRCGUTYDNCLE-UHFFFAOYSA-O,unknown,false,88,35,22,30,1363
structure,AFOLOMGWVXKIQL-UHFFFAOYSA-N,AFOLOMGWVXKIQL-UHFFFAOYSA-N,AFOLOMGWVXKIQL,AFOLOMGWVXKIQL-UHFFFAOYSA-N,unknown,false,5,4,4,7,53
structure,VEVZSMAEJFVWIL-UHFFFAOYSA-O,VEVZSMAEJFVWIL-UHFFFAOYSA-O,VEVZSMAEJFVWIL,VEVZSMAEJFVWIL-UHFFFAOYSA-O,unknown,false,191,65,29,40,2216
structure,OTUCXMIQUNROBJ-KFGMVVDJSA-N,OTUCXMIQUNROBJ-KFGMVVDJSA-N,OTUCXMIQUNROBJ,OTUCXMIQUNROBJ-KFGMVVDJSA-N,unknown,false,3,3,3,4,32
structure,LCAWNFIFMLXZPQ-UHFFFAOYSA-N,LCAWNFIFMLXZPQ-UHFFFAOYSA-N,LCAWNFIFMLXZPQ,LCAWNFIFMLXZPQ-UHFFFAOYSA-N,unknown,false,60,17,6,25,1206
structure,GMYLPJSOUAYAGD-UGFNMZIJSA-N,GMYLPJSOUAYAGD-UGFNMZIJSA-N,GMYLPJSOUAYAGD,GMYLPJSOUAYAGD-UGFNMZIJSA-N,unknown,false,1,1,1,2,21
structure,AYMYWHCQALZEGT-ORCRQEGFSA-N,AYMYWHCQALZEGT-ORCRQEGFSA-N,AYMYWHCQALZEGT,AYMYWHCQALZEGT-ORCRQEGFSA-N,unknown,false,97,30,5,35,1016
structure,DDELFAUOHDSZJL-KINVIYQBSA-N,DDELFAUOHDSZJL-KINVIYQBSA-N,DDELFAUOHDSZJL,DDELFAUOHDSZJL-KINVIYQBSA-N,unknown,false,3,3,2,4,57
structure,JYXSWDCPHRTYGU-UHFFFAOYSA-N,JYXSWDCPHRTYGU-UHFFFAOYSA-N,JYXSWDCPHRTYGU,JYXSWDCPHRTYGU-UHFFFAOYSA-N,unknown,false,16,12,9,13,160
structure,OUMMPAFEQHTYIZ-UHFFFAOYSA-N,OUMMPAFEQHTYIZ-UHFFFAOYSA-N,OUMMPAFEQHTYIZ,OUMMPAFEQHTYIZ-UHFFFAOYSA-N,unknown,false,7,6,3,6,82
structure,UNWFAGYVJIJZNQ-KINVIYQBSA-N,UNWFAGYVJIJZNQ-KINVIYQBSA-N,UNWFAGYVJIJZNQ,UNWFAGYVJIJZNQ-KINVIYQBSA-N,unknown,false,1,1,1,1,14
structure,PVFGJHYLIHMCQD-UHFFFAOYSA-N,PVFGJHYLIHMCQD-UHFFFAOYSA-N,PVFGJHYLIHMCQD,PVFGJHYLIHMCQD-UHFFFAOYSA-N,unknown,false,51,17,4,18,784
structure,QBFLREGYLMFMCL-UHFFFAOYSA-N,QBFLREGYLMFMCL-UHFFFAOYSA-N,QBFLREGYLMFMCL,QBFLREGYLMFMCL-UHFFFAOYSA-N,unknown,false,1,1,1,1,14
structure,YPWHZCPMOQGCDQ-CXWQUDHASA-N,YPWHZCPMOQGCDQ-CXWQUDHASA-N,YPWHZCPMOQGCDQ,YPWHZCPMOQGCDQ-CXWQUDHASA-N,unknown,false,3,2,1,2,38
structure,VRYSUGWFYFXWLB-UHFFFAOYSA-N,VRYSUGWFYFXWLB-UHFFFAOYSA-N,VRYSUGWFYFXWLB,VRYSUGWFYFXWLB-UHFFFAOYSA-N,unknown,false,1,1,1,3,48
structure,WSHSQJSPOLYHLM-YMILTQATSA-N,WSHSQJSPOLYHLM-YMILTQATSA-N,WSHSQJSPOLYHLM,WSHSQJSPOLYHLM-YMILTQATSA-N,unknown,false,67,45,22,51,419
structure,DNDNWOWHUWNBCK-UHFFFAOYSA-N,DNDNWOWHUWNBCK-UHFFFAOYSA-N,DNDNWOWHUWNBCK,DNDNWOWHUWNBCK-UHFFFAOYSA-N,unknown,false,18,4,3,16,912
structure,GMMLNKINDDUDCF-UHFFFAOYSA-N,GMMLNKINDDUDCF-UHFFFAOYSA-N,GMMLNKINDDUDCF,GMMLNKINDDUDCF-UHFFFAOYSA-N,unknown,false,12,4,1,5,128
structure,SUHOQUVVVLNYQR-MRVPVSSYSA-N,SUHOQUVVVLNYQR-MRVPVSSYSA-N,SUHOQUVVVLNYQR,SUHOQUVVVLNYQR-MRVPVSSYSA-N,unknown,false,9,9,9,10,97
structure,PKKMITFKYRCCOL-UHFFFAOYSA-N,PKKMITFKYRCCOL-UHFFFAOYSA-N,PKKMITFKYRCCOL,PKKMITFKYRCCOL-UHFFFAOYSA-N,unknown,false,11,3,2,16,470
structure,COLNVLDHVKWLRT-QMMMGPOBSA-N,COLNVLDHVKWLRT-QMMMGPOBSA-N,COLNVLDHVKWLRT,COLNVLDHVKWLRT-QMMMGPOBSA-N,active,true,52,51,44,52,483
structure,WWNNZCOKKKDOPX-UHFFFAOYSA-N,WWNNZCOKKKDOPX-UHFFFAOYSA-N,WWNNZCOKKKDOPX,WWNNZCOKKKDOPX-UHFFFAOYSA-N,unknown,false,109,72,27,47,1812
structure,GPMDJOOLATZDQL-OTNWBXTQSA-N,GPMDJOOLATZDQL-OTNWBXTQSA-N,GPMDJOOLATZDQL,GPMDJOOLATZDQL-OTNWBXTQSA-N,unknown,false,1,1,1,2,32
structure,MCTZMXCUYPDYNE-AHHFARBASA-N,MCTZMXCUYPDYNE-AHHFARBASA-N,MCTZMXCUYPDYNE,MCTZMXCUYPDYNE-AHHFARBASA-N,unknown,false,7,5,5,8,68
structure,MBLYALXOUBKFNE-QBEDIBAASA-N,MBLYALXOUBKFNE-QBEDIBAASA-N,MBLYALXOUBKFNE,MBLYALXOUBKFNE-QBEDIBAASA-N,unknown,false,2,2,2,2,22
structure,OOGAQHVYHLPICD-UHFFFAOYSA-N,OOGAQHVYHLPICD-UHFFFAOYSA-N,OOGAQHVYHLPICD,OOGAQHVYHLPICD-UHFFFAOYSA-N,unknown,false,5,4,1,6,100
structure,ZLSPFPMOZWBGKH-UHFFFAOYSA-O,ZLSPFPMOZWBGKH-UHFFFAOYSA-O,ZLSPFPMOZWBGKH,ZLSPFPMOZWBGKH-UHFFFAOYSA-O,unknown,false,1,1,1,2,32
structure,OIRDTQYFTABQOQ-KQYNXXCUSA-N,OIRDTQYFTABQOQ-KQYNXXCUSA-N,OIRDTQYFTABQOQ,OIRDTQYFTABQOQ-KQYNXXCUSA-N,unknown,false,161,125,96,164,1827
structure,HUJXHFRXWWGYQH-UHFFFAOYSA-O,HUJXHFRXWWGYQH-UHFFFAOYSA-O,HUJXHFRXWWGYQH,HUJXHFRXWWGYQH-UHFFFAOYSA-O,unknown,false,11,6,2,16,467
structure,OXGUCUVFOIWWQJ-HQBVPOQASA-N,OXGUCUVFOIWWQJ-HQBVPOQASA-N,OXGUCUVFOIWWQJ,OXGUCUVFOIWWQJ-HQBVPOQASA-N,unknown,false,623,290,106,488,7491
structure,PFTAWBLQPZVEMU-UKRRQHHQSA-N,PFTAWBLQPZVEMU-UKRRQHHQSA-N,PFTAWBLQPZVEMU,PFTAWBLQPZVEMU-UKRRQHHQSA-N,unknown,false,477,277,101,557,8670
structure,SGTCGCCQZOUMJJ-YMILTQATSA-N,SGTCGCCQZOUMJJ-YMILTQATSA-N,SGTCGCCQZOUMJJ,SGTCGCCQZOUMJJ-YMILTQATSA-N,unknown,false,89,58,29,80,1070
structure,BCRXKWOQVFKZAG-UHFFFAOYSA-N,BCRXKWOQVFKZAG-UHFFFAOYSA-N,BCRXKWOQVFKZAG,BCRXKWOQVFKZAG-UHFFFAOYSA-N,unknown,false,5,3,2,8,192
structure,ZMPGJEYFRZCHQC-UHFFFAOYSA-N,ZMPGJEYFRZCHQC-UHFFFAOYSA-N,ZMPGJEYFRZCHQC,ZMPGJEYFRZCHQC-UHFFFAOYSA-N,unknown,false,1,1,1,2,32
structure,IIAGSABLXRZUSE-UHFFFAOYSA-N,IIAGSABLXRZUSE-UHFFFAOYSA-N,IIAGSABLXRZUSE,IIAGSABLXRZUSE-UHFFFAOYSA-N,unknown,false,4,2,1,7,192
structure,OVSQVDMCBVZWGM-QSOFNFLRSA-N,OVSQVDMCBVZWGM-QSOFNFLRSA-N,OVSQVDMCBVZWGM,OVSQVDMCBVZWGM-QSOFNFLRSA-N,inactive,true,391,253,100,360,3457
structure,XGRYRNQISNOEGY-UHFFFAOYSA-N,XGRYRNQISNOEGY-UHFFFAOYSA-N,XGRYRNQISNOEGY,XGRYRNQISNOEGY-UHFFFAOYSA-N,unknown,false,1,1,1,3,48
structure,SUHOQUVVVLNYQR-MRVPVSSYSA-O,SUHOQUVVVLNYQR-MRVPVSSYSA-O,SUHOQUVVVLNYQR,SUHOQUVVVLNYQR-MRVPVSSYSA-O,unknown,false,1,1,1,1,8
structure,PHYYADMVYQURSX-UHFFFAOYSA-N,PHYYADMVYQURSX-UHFFFAOYSA-N,PHYYADMVYQURSX,PHYYADMVYQURSX-UHFFFAOYSA-N,unknown,false,19,9,2,9,253
structure,AKIHYQWCLCDMMI-VMPITWQZSA-N,AKIHYQWCLCDMMI-VMPITWQZSA-N,AKIHYQWCLCDMMI,AKIHYQWCLCDMMI-VMPITWQZSA-N,unknown,false,1,1,1,1,16
structure,BAPAICNRGIBFJT-UHFFFAOYSA-O,BAPAICNRGIBFJT-UHFFFAOYSA-O,BAPAICNRGIBFJT,BAPAICNRGIBFJT-UHFFFAOYSA-O,unknown,false,1,1,1,2,32
structure,UKFVKXGKUQLPDS-ONEGZZNKSA-N,UKFVKXGKUQLPDS-ONEGZZNKSA-N,UKFVKXGKUQLPDS,UKFVKXGKUQLPDS-ONEGZZNKSA-N,unknown,false,1,1,1,1,16
structure,XFZJEEAOWLFHDH-NFJBMHMQSA-N,XFZJEEAOWLFHDH-NFJBMHMQSA-N,XFZJEEAOWLFHDH,XFZJEEAOWLFHDH-NFJBMHMQSA-N,unknown,false,131,93,53,130,2002
structure,TWBYWOBDOCUKOW-UHFFFAOYSA-N,TWBYWOBDOCUKOW-UHFFFAOYSA-N,TWBYWOBDOCUKOW,TWBYWOBDOCUKOW-UHFFFAOYSA-N,unknown,false,3,3,4,3,43
structure,XRKBRPFTFKKHEF-DGDBGZAXSA-N,XRKBRPFTFKKHEF-DGDBGZAXSA-N,XRKBRPFTFKKHEF,XRKBRPFTFKKHEF-DGDBGZAXSA-N,unknown,false,13,10,6,16,163
structure,GHOKWGTUZJEAQD-ZETCQYMHSA-N,GHOKWGTUZJEAQD-ZETCQYMHSA-N,GHOKWGTUZJEAQD,GHOKWGTUZJEAQD-ZETCQYMHSA-N,unknown,false,5,5,5,7,62
structure,MEFPHTVXBPLRLX-KHXSHCKASA-N,MEFPHTVXBPLRLX-KHXSHCKASA-N,MEFPHTVXBPLRLX,MEFPHTVXBPLRLX-KHXSHCKASA-N,unknown,false,3,2,1,2,23
structure,DKJLSDXXOAIWNM-IOSLPCCCSA-N,DKJLSDXXOAIWNM-IOSLPCCCSA-N,DKJLSDXXOAIWNM,DKJLSDXXOAIWNM-IOSLPCCCSA-N,unknown,false,1,1,1,1,16
structure,CQLRUIIRRZYHHS-LFXZADKFSA-N,CQLRUIIRRZYHHS-LFXZADKFSA-N,CQLRUIIRRZYHHS,CQLRUIIRRZYHHS-LFXZADKFSA-N,unknown,false,101,70,34,91,733
structure,GKUMMDFLKGFCKH-UHFFFAOYSA-N,GKUMMDFLKGFCKH-UHFFFAOYSA-N,GKUMMDFLKGFCKH,GKUMMDFLKGFCKH-UHFFFAOYSA-N,unknown,false,16,5,1,8,206
structure,HUCGRJSHMZWRQQ-UHFFFAOYSA-N,HUCGRJSHMZWRQQ-UHFFFAOYSA-N,HUCGRJSHMZWRQQ,HUCGRJSHMZWRQQ-UHFFFAOYSA-N,unknown,false,9,5,1,7,145
structure,LQZALQLZOQQFGM-UHFFFAOYSA-N,LQZALQLZOQQFGM-UHFFFAOYSA-N,LQZALQLZOQQFGM,LQZALQLZOQQFGM-UHFFFAOYSA-N,unknown,false,1,1,1,3,40
structure,UWQOGHWNWIJMNI-PYTIZSGZSA-N,UWQOGHWNWIJMNI-PYTIZSGZSA-N,UWQOGHWNWIJMNI,UWQOGHWNWIJMNI-PYTIZSGZSA-N,unknown,false,1,1,1,1,16
structure,NEJKEXUJCSYMCC-NUBQEMHQSA-N,NEJKEXUJCSYMCC-NUBQEMHQSA-N,NEJKEXUJCSYMCC,NEJKEXUJCSYMCC-NUBQEMHQSA-N,unknown,false,1,1,1,1,8
structure,UXXAEVMOIUAYQT-BDOJHUBJSA-N,UXXAEVMOIUAYQT-BDOJHUBJSA-N,UXXAEVMOIUAYQT,UXXAEVMOIUAYQT-BDOJHUBJSA-N,unknown,false,1,1,1,1,16
structure,UQZIYBXSHAGNOE-XNSRJBNMSA-N,UQZIYBXSHAGNOE-XNSRJBNMSA-N,UQZIYBXSHAGNOE,UQZIYBXSHAGNOE-XNSRJBNMSA-N,unknown,false,32,27,15,24,509
structure,HXEACLLIILLPRG-YFKPBYRVSA-N,HXEACLLIILLPRG-YFKPBYRVSA-N,HXEACLLIILLPRG,HXEACLLIILLPRG-YFKPBYRVSA-N,unknown,false,20,9,7,11,217
structure,BJHIKXHVCXFQLS-UYFOZJQFSA-N,BJHIKXHVCXFQLS-UYFOZJQFSA-N,BJHIKXHVCXFQLS,BJHIKXHVCXFQLS-UYFOZJQFSA-N,unknown,false,149,108,63,90,1800
structure,GZCGUPFRVQAUEE-SLPGGIOYSA-N,GZCGUPFRVQAUEE-SLPGGIOYSA-N,GZCGUPFRVQAUEE,GZCGUPFRVQAUEE-SLPGGIOYSA-N,unknown,false,204,149,77,137,2338
structure,LKDRXBCSQODPBY-VRPWFDPXSA-N,LKDRXBCSQODPBY-VRPWFDPXSA-N,LKDRXBCSQODPBY,LKDRXBCSQODPBY-VRPWFDPXSA-N,unknown,false,139,100,60,83,1739
structure,UQZIYBXSHAGNOE-JWLFEUNLSA-N,UQZIYBXSHAGNOE-JWLFEUNLSA-N,UQZIYBXSHAGNOE,UQZIYBXSHAGNOE-JWLFEUNLSA-N,unknown,false,27,23,12,20,458
structure,FLUADVWHMHPUCG-SWPIJASHSA-N,FLUADVWHMHPUCG-SWPIJASHSA-N,FLUADVWHMHPUCG,FLUADVWHMHPUCG-SWPIJASHSA-N,unknown,false,18,14,4,7,282
structure,DSCFFEYYQKSRSV-FEPQRWDDSA-N,DSCFFEYYQKSRSV-FEPQRWDDSA-N,DSCFFEYYQKSRSV,DSCFFEYYQKSRSV-FEPQRWDDSA-N,unknown,false,58,42,14,44,782
structure,ATDWJHOSZLOQDJ-LMKXGGCJSA-N,ATDWJHOSZLOQDJ-LMKXGGCJSA-N,ATDWJHOSZLOQDJ,ATDWJHOSZLOQDJ-LMKXGGCJSA-N,unknown,false,8,7,1,4,136
structure,WFSVEMFCPALUBB-GDYURJOXSA-N,WFSVEMFCPALUBB-GDYURJOXSA-N,WFSVEMFCPALUBB,WFSVEMFCPALUBB-GDYURJOXSA-N,unknown,false,9,8,2,4,131
structure,VCWMRQDBPZKXKG-SPBUTQSFSA-N,VCWMRQDBPZKXKG-SPBUTQSFSA-N,VCWMRQDBPZKXKG,VCWMRQDBPZKXKG-SPBUTQSFSA-N,unknown,false,10,10,4,5,77
structure,WFSVEMFCPALUBB-DVLBVPSGSA-N,WFSVEMFCPALUBB-DVLBVPSGSA-N,WFSVEMFCPALUBB,WFSVEMFCPALUBB-DVLBVPSGSA-N,unknown,false,7,7,1,2,116
structure,VCWMRQDBPZKXKG-ZNVDUFQESA-N,VCWMRQDBPZKXKG-ZNVDUFQESA-N,VCWMRQDBPZKXKG,VCWMRQDBPZKXKG-ZNVDUFQESA-N,unknown,false,10,10,4,5,154
structure,INAPMGSXUVUWAF-GCVPSNMTSA-N,INAPMGSXUVUWAF-GCVPSNMTSA-N,INAPMGSXUVUWAF,INAPMGSXUVUWAF-GCVPSNMTSA-N,unknown,false,6,5,2,2,74
structure,RNKMOGIPOMVCHO-UHFFFAOYSA-N,RNKMOGIPOMVCHO-UHFFFAOYSA-N,RNKMOGIPOMVCHO,RNKMOGIPOMVCHO-UHFFFAOYSA-N,unknown,false,5,5,1,2,66
structure,INAPMGSXUVUWAF-WWHKVMGRSA-N,INAPMGSXUVUWAF-WWHKVMGRSA-N,INAPMGSXUVUWAF,INAPMGSXUVUWAF-WWHKVMGRSA-N,unknown,false,4,4,1,1,52
structure,LRBQNJMCXXYXIU-QWKBTXIPSA-N,LRBQNJMCXXYXIU-QWKBTXIPSA-N,LRBQNJMCXXYXIU,LRBQNJMCXXYXIU-QWKBTXIPSA-N,unknown,false,6,5,1,2,78
structure,SLCKJKWFULXZBD-ZOTFFYTFSA-O,SLCKJKWFULXZBD-ZOTFFYTFSA-O,SLCKJKWFULXZBD,SLCKJKWFULXZBD-ZOTFFYTFSA-O,unknown,false,35,16,11,17,381
structure,RSQSQJNRHICNNH-NFMPGMCNSA-N,RSQSQJNRHICNNH-NFMPGMCNSA-N,RSQSQJNRHICNNH,RSQSQJNRHICNNH-NFMPGMCNSA-N,unknown,false,41,29,20,33,476
structure,AJMZUFBKADIAKC-SKTOPKGQSA-N,AJMZUFBKADIAKC-SKTOPKGQSA-N,AJMZUFBKADIAKC,AJMZUFBKADIAKC-SKTOPKGQSA-N,unknown,false,1,1,1,1,16
structure,CCVYRRGZDBSHFU-UHFFFAOYSA-N,CCVYRRGZDBSHFU-UHFFFAOYSA-N,CCVYRRGZDBSHFU,CCVYRRGZDBSHFU-UHFFFAOYSA-N,unknown,false,17,12,13,12,179
structure,XRKODJJSPSPDGM-UMMCILCDSA-N,XRKODJJSPSPDGM-UMMCILCDSA-N,XRKODJJSPSPDGM,XRKODJJSPSPDGM-UMMCILCDSA-N,unknown,false,1,1,1,1,16
structure,JLJLRLWOEMWYQK-OBDJNFEBSA-N,JLJLRLWOEMWYQK-OBDJNFEBSA-N,JLJLRLWOEMWYQK,JLJLRLWOEMWYQK-OBDJNFEBSA-N,unknown,false,69,44,27,49,718
structure,YBJHBAHKTGYVGT-ZKWXMUAHSA-N,YBJHBAHKTGYVGT-ZKWXMUAHSA-N,YBJHBAHKTGYVGT,YBJHBAHKTGYVGT-ZKWXMUAHSA-N,unknown,false,13,13,17,15,137
structure,VFLDPWHFBUODDF-FCXRPNKRSA-N,VFLDPWHFBUODDF-FCXRPNKRSA-N,VFLDPWHFBUODDF,VFLDPWHFBUODDF-FCXRPNKRSA-N,active,true,23,9,4,71,1002
structure,WLJVNTCWHIRURA-UHFFFAOYSA-N,WLJVNTCWHIRURA-UHFFFAOYSA-N,WLJVNTCWHIRURA,WLJVNTCWHIRURA-UHFFFAOYSA-N,unknown,false,4,4,4,5,50
structure,PQGCEDQWHSBAJP-TXICZTDVSA-N,PQGCEDQWHSBAJP-TXICZTDVSA-N,PQGCEDQWHSBAJP,PQGCEDQWHSBAJP-TXICZTDVSA-N,unknown,false,2,2,2,2,22
structure,HYVABZIGRDEKCD-UHFFFAOYSA-N,HYVABZIGRDEKCD-UHFFFAOYSA-N,HYVABZIGRDEKCD,HYVABZIGRDEKCD-UHFFFAOYSA-N,unknown,false,16,15,16,16,281
structure,DLRVVLDZNNYCBX-RTPHMHGBSA-N,DLRVVLDZNNYCBX-RTPHMHGBSA-N,DLRVVLDZNNYCBX,DLRVVLDZNNYCBX-RTPHMHGBSA-N,unknown,false,6,6,6,7,75
structure,BJRNKVDFDLYUGJ-RMPHRYRLSA-N,BJRNKVDFDLYUGJ-RMPHRYRLSA-N,BJRNKVDFDLYUGJ,BJRNKVDFDLYUGJ-RMPHRYRLSA-N,unknown,false,98,54,38,89,1233
structure,NOKPBJYHPHHWAN-REOHCLBHSA-N,NOKPBJYHPHHWAN-REOHCLBHSA-N,NOKPBJYHPHHWAN,NOKPBJYHPHHWAN-REOHCLBHSA-N,unknown,false,5,5,5,7,72
structure,GRSZFWQUAKGDAV-KQYNXXCUSA-N,GRSZFWQUAKGDAV-KQYNXXCUSA-N,GRSZFWQUAKGDAV,GRSZFWQUAKGDAV-KQYNXXCUSA-N,unknown,false,9,9,10,10,79
structure,IGMNYECMUMZDDF-UHFFFAOYSA-N,IGMNYECMUMZDDF-UHFFFAOYSA-N,IGMNYECMUMZDDF,IGMNYECMUMZDDF-UHFFFAOYSA-N,unknown,false,11,7,8,10,143
structure,UFIVEPVSAGBUSI-REOHCLBHSA-N,UFIVEPVSAGBUSI-REOHCLBHSA-N,UFIVEPVSAGBUSI,UFIVEPVSAGBUSI-REOHCLBHSA-N,unknown,false,4,4,3,5,48
structure,HXXFSFRBOHSIMQ-RWOPYEJCSA-N,HXXFSFRBOHSIMQ-RWOPYEJCSA-N,HXXFSFRBOHSIMQ,HXXFSFRBOHSIMQ-RWOPYEJCSA-N,unknown,false,3,2,2,2,30
structure,JYYFMIOPGOFNPK-AGRJPVHOSA-N,JYYFMIOPGOFNPK-AGRJPVHOSA-N,JYYFMIOPGOFNPK,JYYFMIOPGOFNPK-AGRJPVHOSA-N,unknown,false,11,8,7,7,112
structure,ZQSIJRDFPHDXIC-UHFFFAOYSA-N,ZQSIJRDFPHDXIC-UHFFFAOYSA-N,ZQSIJRDFPHDXIC,ZQSIJRDFPHDXIC-UHFFFAOYSA-N,inactive,true,127,57,14,163,2966
structure,PMOWTIHVNWZYFI-UHFFFAOYSA-N,PMOWTIHVNWZYFI-UHFFFAOYSA-N,PMOWTIHVNWZYFI,PMOWTIHVNWZYFI-UHFFFAOYSA-N,unknown,false,29,23,16,20,437
structure,CFFZDZCDUFSOFZ-UHFFFAOYSA-N,CFFZDZCDUFSOFZ-UHFFFAOYSA-N,CFFZDZCDUFSOFZ,CFFZDZCDUFSOFZ-UHFFFAOYSA-N,unknown,false,9,8,7,11,148
structure,QAIPRVGONGVQAS-UHFFFAOYSA-N,QAIPRVGONGVQAS-UHFFFAOYSA-N,QAIPRVGONGVQAS,QAIPRVGONGVQAS-UHFFFAOYSA-N,unknown,false,361,208,89,286,4763
structure,BTJIUGUIPKRLHP-UHFFFAOYSA-N,BTJIUGUIPKRLHP-UHFFFAOYSA-N,BTJIUGUIPKRLHP,BTJIUGUIPKRLHP-UHFFFAOYSA-N,unknown,false,5,5,5,5,51
structure,YCIMNLLNPGFGHC-UHFFFAOYSA-N,YCIMNLLNPGFGHC-UHFFFAOYSA-N,YCIMNLLNPGFGHC,YCIMNLLNPGFGHC-UHFFFAOYSA-N,unknown,false,43,31,23,36,522
structure,RODXRVNMMDRFIK-UHFFFAOYSA-N,RODXRVNMMDRFIK-UHFFFAOYSA-N,RODXRVNMMDRFIK,RODXRVNMMDRFIK-UHFFFAOYSA-N,unknown,false,803,365,79,674,12286
structure,FDGQSTZJBFJUBT-UHFFFAOYSA-N,FDGQSTZJBFJUBT-UHFFFAOYSA-N,FDGQSTZJBFJUBT,FDGQSTZJBFJUBT-UHFFFAOYSA-N,unknown,false,29,22,24,25,299
structure,DXDRHHKMWQZJHT-FPYGCLRLSA-N,DXDRHHKMWQZJHT-FPYGCLRLSA-N,DXDRHHKMWQZJHT,DXDRHHKMWQZJHT-FPYGCLRLSA-N,inactive,true,109,63,15,121,1707
structure,BITYXLXUCSKTJS-UHFFFAOYSA-N,BITYXLXUCSKTJS-UHFFFAOYSA-N,BITYXLXUCSKTJS,BITYXLXUCSKTJS-UHFFFAOYSA-N,unknown,false,15,7,7,7,154
structure,VGONTNSXDCQUGY-RRKCRQDMSA-N,VGONTNSXDCQUGY-RRKCRQDMSA-N,VGONTNSXDCQUGY,VGONTNSXDCQUGY-RRKCRQDMSA-N,unknown,false,14,13,14,16,129
structure,FTVWIRXFELQLPI-UHFFFAOYSA-N,FTVWIRXFELQLPI-UHFFFAOYSA-N,FTVWIRXFELQLPI,FTVWIRXFELQLPI-UHFFFAOYSA-N,unknown,false,103,43,28,60,1082
structure,GMSNIKWWOQHZGF-UHFFFAOYSA-N,GMSNIKWWOQHZGF-UHFFFAOYSA-N,GMSNIKWWOQHZGF,GMSNIKWWOQHZGF-UHFFFAOYSA-N,unknown,false,3,3,3,3,44
structure,ARGKVCXINMKCAZ-UZRWAPQLSA-N,ARGKVCXINMKCAZ-UZRWAPQLSA-N,ARGKVCXINMKCAZ,ARGKVCXINMKCAZ-UZRWAPQLSA-N,unknown,false,22,5,4,14,270
structure,DFPMSGMNTNDNHN-ZPHOTFPESA-N,DFPMSGMNTNDNHN-ZPHOTFPESA-N,DFPMSGMNTNDNHN,DFPMSGMNTNDNHN-ZPHOTFPESA-N,unknown,false,61,28,20,61,954
structure,JPXZQMKKFWMMGK-KQYNXXCUSA-N,JPXZQMKKFWMMGK-KQYNXXCUSA-N,JPXZQMKKFWMMGK,JPXZQMKKFWMMGK-KQYNXXCUSA-N,unknown,false,4,4,4,4,33
structure,UFJPAQSLHAGEBL-RRKCRQDMSA-N,UFJPAQSLHAGEBL-RRKCRQDMSA-N,UFJPAQSLHAGEBL,UFJPAQSLHAGEBL-RRKCRQDMSA-N,unknown,false,3,3,3,3,36
structure,LUKBXSAWLPMMSZ-UHFFFAOYSA-N,LUKBXSAWLPMMSZ-UHFFFAOYSA-N,LUKBXSAWLPMMSZ,LUKBXSAWLPMMSZ-UHFFFAOYSA-N,unknown,false,169,74,26,169,3910
structure,ZKHQWZAMYRWXGA-KQYNXXCUSA-N,ZKHQWZAMYRWXGA-KQYNXXCUSA-N,ZKHQWZAMYRWXGA,ZKHQWZAMYRWXGA-KQYNXXCUSA-N,unknown,false,8,8,9,10,81
structure,DOUMFZQKYFQNTF-ZZXKWVIFSA-N,DOUMFZQKYFQNTF-ZZXKWVIFSA-N,DOUMFZQKYFQNTF,DOUMFZQKYFQNTF-ZZXKWVIFSA-N,unknown,false,4,4,3,4,39
structure,LCTONWCANYUPML-UHFFFAOYSA-N,LCTONWCANYUPML-UHFFFAOYSA-N,LCTONWCANYUPML,LCTONWCANYUPML-UHFFFAOYSA-N,unknown,false,26,24,20,29,356
structure,BWLBGMIXKSTLSX-UHFFFAOYSA-N,BWLBGMIXKSTLSX-UHFFFAOYSA-N,BWLBGMIXKSTLSX,BWLBGMIXKSTLSX-UHFFFAOYSA-N,unknown,false,5,5,6,5,66
structure,IWYDHOAUDWTVEP-UHFFFAOYSA-N,IWYDHOAUDWTVEP-UHFFFAOYSA-N,IWYDHOAUDWTVEP,IWYDHOAUDWTVEP-UHFFFAOYSA-N,unknown,false,5,5,6,5,84
structure,KMOUJOKENFFTPU-QNDFHXLGSA-N,KMOUJOKENFFTPU-QNDFHXLGSA-N,KMOUJOKENFFTPU,KMOUJOKENFFTPU-QNDFHXLGSA-N,unknown,false,510,223,75,347,5773
structure,NGFMICBWJRZIBI-UJPOAAIJSA-N,NGFMICBWJRZIBI-UJPOAAIJSA-N,NGFMICBWJRZIBI,NGFMICBWJRZIBI-UJPOAAIJSA-N,unknown,false,70,13,12,53,1558
structure,OFOBLEOULBTSOW-UHFFFAOYSA-N,OFOBLEOULBTSOW-UHFFFAOYSA-N,OFOBLEOULBTSOW,OFOBLEOULBTSOW-UHFFFAOYSA-N,unknown,false,31,22,21,24,356
structure,JVTAAEKCZFNVCJ-UWTATZPHSA-N,JVTAAEKCZFNVCJ-UWTATZPHSA-N,JVTAAEKCZFNVCJ,JVTAAEKCZFNVCJ-UWTATZPHSA-N,unknown,false,17,17,16,15,145
structure,XQXPVVBIMDBYFF-UHFFFAOYSA-N,XQXPVVBIMDBYFF-UHFFFAOYSA-N,XQXPVVBIMDBYFF,XQXPVVBIMDBYFF-UHFFFAOYSA-N,unknown,false,61,46,36,51,806
structure,UKFXDFUAPNAMPJ-UHFFFAOYSA-N,UKFXDFUAPNAMPJ-UHFFFAOYSA-N,UKFXDFUAPNAMPJ,UKFXDFUAPNAMPJ-UHFFFAOYSA-N,unknown,false,5,5,5,5,66
structure,OZRNSSUDZOLUSN-LBPRGKRZSA-N,OZRNSSUDZOLUSN-LBPRGKRZSA-N,OZRNSSUDZOLUSN,OZRNSSUDZOLUSN-LBPRGKRZSA-N,unknown,false,4,4,4,5,37
structure,HCZKYJDFEPMADG-UHFFFAOYSA-N,HCZKYJDFEPMADG-UHFFFAOYSA-N,HCZKYJDFEPMADG,HCZKYJDFEPMADG-UHFFFAOYSA-N,unknown,false,3,3,3,3,33
structure,TYWMIZZBOVGFOV-UHFFFAOYSA-N,TYWMIZZBOVGFOV-UHFFFAOYSA-N,TYWMIZZBOVGFOV,TYWMIZZBOVGFOV-UHFFFAOYSA-N,unknown,false,42,35,25,34,466
structure,AGBQKNBQESQNJD-UHFFFAOYSA-N,AGBQKNBQESQNJD-UHFFFAOYSA-N,AGBQKNBQESQNJD,AGBQKNBQESQNJD-UHFFFAOYSA-N,unknown,false,3,3,4,3,38
structure,HNEGQIOMVPPMNR-NSCUHMNNSA-N,HNEGQIOMVPPMNR-NSCUHMNNSA-N,HNEGQIOMVPPMNR,HNEGQIOMVPPMNR-NSCUHMNNSA-N,unknown,false,4,4,4,5,48
structure,VAWYEUIPHLMNNF-OESPXIITSA-N,VAWYEUIPHLMNNF-OESPXIITSA-N,VAWYEUIPHLMNNF,VAWYEUIPHLMNNF-OESPXIITSA-N,unknown,false,15,11,6,10,108
structure,XKMLYUALXHKNFT-UUOKFMHZSA-N,XKMLYUALXHKNFT-UUOKFMHZSA-N,XKMLYUALXHKNFT,XKMLYUALXHKNFT-UUOKFMHZSA-N,unknown,false,6,6,6,6,47
structure,DOUMFZQKYFQNTF-WUTVXBCWSA-N,DOUMFZQKYFQNTF-WUTVXBCWSA-N,DOUMFZQKYFQNTF,DOUMFZQKYFQNTF-WUTVXBCWSA-N,unknown,false,184,64,24,139,3075
structure,RTATXGUCZHCSNG-QHWHWDPRSA-N,RTATXGUCZHCSNG-QHWHWDPRSA-N,RTATXGUCZHCSNG,RTATXGUCZHCSNG-QHWHWDPRSA-N,unknown,false,383,220,90,288,4333
structure,JQQBXPCJFAKSPG-SVYIMCMUSA-N,JQQBXPCJFAKSPG-SVYIMCMUSA-N,JQQBXPCJFAKSPG,JQQBXPCJFAKSPG-SVYIMCMUSA-N,unknown,false,67,27,18,62,921
structure,TUSDEZXZIZRFGC-XIGLUPEJSA-N,TUSDEZXZIZRFGC-XIGLUPEJSA-N,TUSDEZXZIZRFGC,TUSDEZXZIZRFGC-XIGLUPEJSA-N,unknown,false,60,27,13,72,986
structure,VFPFQHQNJCMNBZ-UHFFFAOYSA-N,VFPFQHQNJCMNBZ-UHFFFAOYSA-N,VFPFQHQNJCMNBZ,VFPFQHQNJCMNBZ-UHFFFAOYSA-N,inactive,true,54,33,19,52,760
structure,CABURBSWUISLOV-HWDWOUQNSA-N,CABURBSWUISLOV-HWDWOUQNSA-N,CABURBSWUISLOV,CABURBSWUISLOV-HWDWOUQNSA-N,unknown,false,1,1,1,1,5
structure,CABURBSWUISLOV-ZSQFHZLMSA-N,CABURBSWUISLOV-ZSQFHZLMSA-N,CABURBSWUISLOV,CABURBSWUISLOV-ZSQFHZLMSA-N,unknown,false,1,1,1,1,10
structure,AFSDNFLWKVMVRB-UHFFFAOYSA-N,AFSDNFLWKVMVRB-UHFFFAOYSA-N,AFSDNFLWKVMVRB,AFSDNFLWKVMVRB-UHFFFAOYSA-N,unknown,false,433,189,60,228,5864
structure,QHDQQESTGYADJU-YCFLMIGYSA-N,QHDQQESTGYADJU-YCFLMIGYSA-N,QHDQQESTGYADJU,QHDQQESTGYADJU-YCFLMIGYSA-N,unknown,false,1,1,1,1,5
structure,HPXOUFFMSLZOLE-WUQIJIJDSA-N,HPXOUFFMSLZOLE-WUQIJIJDSA-N,HPXOUFFMSLZOLE,HPXOUFFMSLZOLE-WUQIJIJDSA-N,unknown,false,1,1,1,1,5
structure,IJVZAWXMSBYNOA-QIQBJWHXSA-N,IJVZAWXMSBYNOA-QIQBJWHXSA-N,IJVZAWXMSBYNOA,IJVZAWXMSBYNOA-QIQBJWHXSA-N,unknown,false,1,1,1,1,10
structure,DVGGLGXQSFURLP-NEGKXOQXSA-N,DVGGLGXQSFURLP-NEGKXOQXSA-N,DVGGLGXQSFURLP,DVGGLGXQSFURLP-NEGKXOQXSA-N,unknown,false,3,2,2,2,16
structure,QGKZPGHRXANIDL-UHFFFAOYSA-N,QGKZPGHRXANIDL-UHFFFAOYSA-N,QGKZPGHRXANIDL,QGKZPGHRXANIDL-UHFFFAOYSA-N,unknown,false,1,1,1,1,10
structure,DCYOADKBABEMIQ-OWMUPTOHSA-N,DCYOADKBABEMIQ-OWMUPTOHSA-N,DCYOADKBABEMIQ,DCYOADKBABEMIQ-OWMUPTOHSA-N,unknown,false,186,99,44,136,1930
structure,MNIDWWPXTZZMMY-GZKZZBPGSA-N,MNIDWWPXTZZMMY-GZKZZBPGSA-N,MNIDWWPXTZZMMY,MNIDWWPXTZZMMY-GZKZZBPGSA-N,unknown,false,7,7,7,7,74
structure,YQHMWTPYORBCMF-UHFFFAOYSA-N,YQHMWTPYORBCMF-UHFFFAOYSA-N,YQHMWTPYORBCMF,YQHMWTPYORBCMF-UHFFFAOYSA-N,unknown,false,3,3,3,3,38
structure,SBZWTSHAFILOTE-KKUMJFAQSA-N,SBZWTSHAFILOTE-KKUMJFAQSA-N,SBZWTSHAFILOTE,SBZWTSHAFILOTE-KKUMJFAQSA-N,unknown,false,7,6,6,6,83
structure,CXQWRCVTCMQVQX-LSDHHAIUSA-N,CXQWRCVTCMQVQX-LSDHHAIUSA-N,CXQWRCVTCMQVQX,CXQWRCVTCMQVQX-LSDHHAIUSA-N,unknown,false,210,97,51,154,2341
structure,YQHMWTPYORBCMF-ZZXKWVIFSA-N,YQHMWTPYORBCMF-ZZXKWVIFSA-N,YQHMWTPYORBCMF,YQHMWTPYORBCMF-ZZXKWVIFSA-N,inactive,true,24,12,11,17,267
structure,PFTAWBLQPZVEMU-UHFFFAOYSA-N,PFTAWBLQPZVEMU-UHFFFAOYSA-N,PFTAWBLQPZVEMU,PFTAWBLQPZVEMU-UHFFFAOYSA-N,unknown,false,314,130,61,141,7510
structure,PADQINQHPQKXNL-GJZGRUSLSA-N,PADQINQHPQKXNL-GJZGRUSLSA-N,PADQINQHPQKXNL,PADQINQHPQKXNL-GJZGRUSLSA-N,unknown,false,26,19,15,20,240
structure,RMMQUGYNWLQNHP-YELRAYEVSA-N,RMMQUGYNWLQNHP-YELRAYEVSA-N,RMMQUGYNWLQNHP,RMMQUGYNWLQNHP-YELRAYEVSA-N,unknown,false,1,1,1,3,48
structure,XOLYVYHBERHQBZ-UHFFFAOYSA-N,XOLYVYHBERHQBZ-UHFFFAOYSA-N,XOLYVYHBERHQBZ,XOLYVYHBERHQBZ-UHFFFAOYSA-N,unknown,false,1,1,1,3,48
structure,BDJRBEYXGGNYIS-UHFFFAOYSA-N,BDJRBEYXGGNYIS-UHFFFAOYSA-N,BDJRBEYXGGNYIS,BDJRBEYXGGNYIS-UHFFFAOYSA-N,unknown,false,33,23,23,27,440
structure,XPCTZQVDEJYUGT-UHFFFAOYSA-N,XPCTZQVDEJYUGT-UHFFFAOYSA-N,XPCTZQVDEJYUGT,XPCTZQVDEJYUGT-UHFFFAOYSA-N,unknown,false,24,21,19,25,343
structure,JVZMODMXLQSGPI-MKBZWPJDSA-N,JVZMODMXLQSGPI-MKBZWPJDSA-N,JVZMODMXLQSGPI,JVZMODMXLQSGPI-MKBZWPJDSA-N,unknown,false,1,1,1,3,48
structure,KPQMCAKZRXOZLB-KOIHBYQTSA-N,KPQMCAKZRXOZLB-KOIHBYQTSA-N,KPQMCAKZRXOZLB,KPQMCAKZRXOZLB-KOIHBYQTSA-N,unknown,false,100,77,43,84,1112
structure,JJRYPZMXNLLZFH-URWSZGRFSA-N,JJRYPZMXNLLZFH-URWSZGRFSA-N,JJRYPZMXNLLZFH,JJRYPZMXNLLZFH-URWSZGRFSA-N,unknown,false,40,30,24,38,491
structure,CXMXRPHRNRROMY-UHFFFAOYSA-N,CXMXRPHRNRROMY-UHFFFAOYSA-N,CXMXRPHRNRROMY,CXMXRPHRNRROMY-UHFFFAOYSA-N,unknown,false,7,7,6,8,95
structure,DAUAQNGYDSHRET-UHFFFAOYSA-N,DAUAQNGYDSHRET-UHFFFAOYSA-N,DAUAQNGYDSHRET,DAUAQNGYDSHRET-UHFFFAOYSA-N,unknown,false,37,25,20,31,523
structure,XIVFQYWMMJWUCD-VSTJRZLJSA-N,XIVFQYWMMJWUCD-VSTJRZLJSA-N,XIVFQYWMMJWUCD,XIVFQYWMMJWUCD-VSTJRZLJSA-N,unknown,false,11,9,7,8,109
structure,IHCCAYCGZOLTEU-UHFFFAOYSA-N,IHCCAYCGZOLTEU-UHFFFAOYSA-N,IHCCAYCGZOLTEU,IHCCAYCGZOLTEU-UHFFFAOYSA-N,unknown,false,6,6,6,6,82
structure,LWBHHRRTOZQPDM-UHFFFAOYSA-N,LWBHHRRTOZQPDM-UHFFFAOYSA-N,LWBHHRRTOZQPDM,LWBHHRRTOZQPDM-UHFFFAOYSA-N,unknown,false,3,3,4,3,34
structure,FYVQCLGZFXHEGL-UHFFFAOYSA-N,FYVQCLGZFXHEGL-UHFFFAOYSA-N,FYVQCLGZFXHEGL,FYVQCLGZFXHEGL-UHFFFAOYSA-N,unknown,false,1,1,1,1,16
structure,TVIDDXQYHWJXFK-UHFFFAOYSA-N,TVIDDXQYHWJXFK-UHFFFAOYSA-N,TVIDDXQYHWJXFK,TVIDDXQYHWJXFK-UHFFFAOYSA-N,unknown,false,6,6,6,6,58
structure,SMNDYUVBFMFKNZ-UHFFFAOYSA-N,SMNDYUVBFMFKNZ-UHFFFAOYSA-N,SMNDYUVBFMFKNZ,SMNDYUVBFMFKNZ-UHFFFAOYSA-N,unknown,false,17,17,19,18,215
structure,QEICCHKVLICFMW-LFFYKJSYSA-N,QEICCHKVLICFMW-LFFYKJSYSA-N,QEICCHKVLICFMW,QEICCHKVLICFMW-LFFYKJSYSA-N,unknown,false,1,1,1,3,48
structure,OLNJUISKUQQNIM-UHFFFAOYSA-N,OLNJUISKUQQNIM-UHFFFAOYSA-N,OLNJUISKUQQNIM,OLNJUISKUQQNIM-UHFFFAOYSA-N,unknown,false,79,61,49,82,1237
structure,XRKBRPFTFKKHEF-UHFFFAOYSA-N,XRKBRPFTFKKHEF-UHFFFAOYSA-N,XRKBRPFTFKKHEF,XRKBRPFTFKKHEF-UHFFFAOYSA-N,unknown,false,4,3,2,4,39
structure,OEYIOHPDSNJKLS-UHFFFAOYSA-N,OEYIOHPDSNJKLS-UHFFFAOYSA-N,OEYIOHPDSNJKLS,OEYIOHPDSNJKLS-UHFFFAOYSA-N,unknown,false,122,88,58,64,1518
structure,SSWZIHDEYOORCA-UHFFFAOYSA-N,SSWZIHDEYOORCA-UHFFFAOYSA-N,SSWZIHDEYOORCA,SSWZIHDEYOORCA-UHFFFAOYSA-N,unknown,false,1,1,1,2,32
structure,XZYIQKMSOAQJCG-UHFFFAOYSA-N,XZYIQKMSOAQJCG-UHFFFAOYSA-N,XZYIQKMSOAQJCG,XZYIQKMSOAQJCG-UHFFFAOYSA-N,unknown,false,1,1,1,2,32
structure,XHSNXOZZHHJDDX-UHFFFAOYSA-O,XHSNXOZZHHJDDX-UHFFFAOYSA-O,XHSNXOZZHHJDDX,XHSNXOZZHHJDDX-UHFFFAOYSA-O,unknown,false,2,2,1,2,43
structure,HOPVGFKDVOOCHD-UHFFFAOYSA-N,HOPVGFKDVOOCHD-UHFFFAOYSA-N,HOPVGFKDVOOCHD,HOPVGFKDVOOCHD-UHFFFAOYSA-N,unknown,false,1,1,1,1,16
structure,XRKBRPFTFKKHEF-ONEGZZNKSA-N,XRKBRPFTFKKHEF-ONEGZZNKSA-N,XRKBRPFTFKKHEF,XRKBRPFTFKKHEF-ONEGZZNKSA-N,unknown,false,1,1,1,1,16
structure,CCRCUPLGCSFEDV-UHFFFAOYSA-N,CCRCUPLGCSFEDV-UHFFFAOYSA-N,CCRCUPLGCSFEDV,CCRCUPLGCSFEDV-UHFFFAOYSA-N,unknown,false,29,21,16,26,349
structure,NPNUFJAVOOONJE-GFUGXAQUSA-N,NPNUFJAVOOONJE-GFUGXAQUSA-N,NPNUFJAVOOONJE,NPNUFJAVOOONJE-GFUGXAQUSA-N,unknown,false,1190,433,91,983,15411
structure,CXENHBSYCFFKJS-VDQVFBMKSA-N,CXENHBSYCFFKJS-VDQVFBMKSA-N,CXENHBSYCFFKJS,CXENHBSYCFFKJS-VDQVFBMKSA-N,unknown,false,138,94,40,110,1451
structure,GRWFGVWFFZKLTI-UHFFFAOYSA-N,GRWFGVWFFZKLTI-UHFFFAOYSA-N,GRWFGVWFFZKLTI,GRWFGVWFFZKLTI-UHFFFAOYSA-N,unknown,false,1159,370,84,950,16720
structure,MOYAFQVGZZPNRA-UHFFFAOYSA-N,MOYAFQVGZZPNRA-UHFFFAOYSA-N,MOYAFQVGZZPNRA,MOYAFQVGZZPNRA-UHFFFAOYSA-N,unknown,false,568,217,58,471,7447
structure,IHPKGUQCSIINRJ-CSKARUKUSA-N,IHPKGUQCSIINRJ-CSKARUKUSA-N,IHPKGUQCSIINRJ,IHPKGUQCSIINRJ-CSKARUKUSA-N,unknown,false,397,190,51,315,4562
structure,OPFTUNCRGUEPRZ-QLFBSQMISA-N,OPFTUNCRGUEPRZ-QLFBSQMISA-N,OPFTUNCRGUEPRZ,OPFTUNCRGUEPRZ-QLFBSQMISA-N,unknown,false,397,177,60,263,4361
structure,WRHGORWNJGOVQY-KKUMJFAQSA-N,WRHGORWNJGOVQY-KKUMJFAQSA-N,WRHGORWNJGOVQY,WRHGORWNJGOVQY-KKUMJFAQSA-N,unknown,false,290,158,50,231,3031
structure,DGZBGCMPRYFWFF-UHFFFAOYSA-N,DGZBGCMPRYFWFF-UHFFFAOYSA-N,DGZBGCMPRYFWFF,DGZBGCMPRYFWFF-UHFFFAOYSA-N,unknown,false,9,8,8,9,105
structure,BQOFWKZOCNGFEC-UHFFFAOYSA-N,BQOFWKZOCNGFEC-UHFFFAOYSA-N,BQOFWKZOCNGFEC,BQOFWKZOCNGFEC-UHFFFAOYSA-N,unknown,false,322,125,39,232,3734
structure,GAIBLDCXCZKKJE-RXJOXMPGSA-N,GAIBLDCXCZKKJE-RXJOXMPGSA-N,GAIBLDCXCZKKJE,GAIBLDCXCZKKJE-RXJOXMPGSA-N,unknown,false,725,334,68,533,7086
structure,UAHWPYUMFXYFJY-UHFFFAOYSA-N,UAHWPYUMFXYFJY-UHFFFAOYSA-N,UAHWPYUMFXYFJY,UAHWPYUMFXYFJY-UHFFFAOYSA-N,unknown,false,940,325,77,808,14088
structure,RRAFCDWBNXTKKO-UHFFFAOYSA-N,RRAFCDWBNXTKKO-UHFFFAOYSA-N,RRAFCDWBNXTKKO,RRAFCDWBNXTKKO-UHFFFAOYSA-N,inactive,true,296,158,54,266,4356
structure,IHPKGUQCSIINRJ-NTMALXAHSA-N,IHPKGUQCSIINRJ-NTMALXAHSA-N,IHPKGUQCSIINRJ,IHPKGUQCSIINRJ-NTMALXAHSA-N,unknown,false,338,154,43,265,3925
structure,CRPUJAZIXJMDBK-UHFFFAOYSA-N,CRPUJAZIXJMDBK-UHFFFAOYSA-N,CRPUJAZIXJMDBK,CRPUJAZIXJMDBK-UHFFFAOYSA-N,unknown,false,683,211,52,548,9396
structure,RECUKUPTGUEGMW-UHFFFAOYSA-N,RECUKUPTGUEGMW-UHFFFAOYSA-N,RECUKUPTGUEGMW,RECUKUPTGUEGMW-UHFFFAOYSA-N,unknown,false,323,129,39,281,4763
structure,KQAZVFVOEIRWHN-YHMJZVADSA-N,KQAZVFVOEIRWHN-YHMJZVADSA-N,KQAZVFVOEIRWHN,KQAZVFVOEIRWHN-YHMJZVADSA-N,unknown,false,228,112,24,184,2654
structure,FAMPSKZZVDUYOS-HRGUGZIWSA-N,FAMPSKZZVDUYOS-HRGUGZIWSA-N,FAMPSKZZVDUYOS,FAMPSKZZVDUYOS-HRGUGZIWSA-N,unknown,false,715,313,66,581,8347
structure,OGLDWXZKYODSOB-UHFFFAOYSA-N,OGLDWXZKYODSOB-UHFFFAOYSA-N,OGLDWXZKYODSOB,OGLDWXZKYODSOB-UHFFFAOYSA-N,unknown,false,461,187,39,327,5612
structure,MGSRCZKZVOBKFT-UHFFFAOYSA-N,MGSRCZKZVOBKFT-UHFFFAOYSA-N,MGSRCZKZVOBKFT,MGSRCZKZVOBKFT-UHFFFAOYSA-N,unknown,false,369,148,42,344,5345
structure,FUCYIEXQVQJBKY-ZFWWWQNUSA-N,FUCYIEXQVQJBKY-ZFWWWQNUSA-N,FUCYIEXQVQJBKY,FUCYIEXQVQJBKY-ZFWWWQNUSA-N,unknown,false,558,247,70,459,6199
structure,XZRVRYFILCSYSP-OAHLLOKOSA-N,XZRVRYFILCSYSP-OAHLLOKOSA-N,XZRVRYFILCSYSP,XZRVRYFILCSYSP-OAHLLOKOSA-N,unknown,false,226,122,39,195,2620
structure,RHLVCLIPMVJYKS-UHFFFAOYSA-N,RHLVCLIPMVJYKS-UHFFFAOYSA-N,RHLVCLIPMVJYKS,RHLVCLIPMVJYKS-UHFFFAOYSA-N,unknown,false,52,38,23,47,576
structure,WRHGORWNJGOVQY-RBSFLKMASA-N,WRHGORWNJGOVQY-RBSFLKMASA-N,WRHGORWNJGOVQY,WRHGORWNJGOVQY-RBSFLKMASA-N,unknown,false,277,155,50,221,2979
structure,GAIBLDCXCZKKJE-ACWLMNNXSA-N,GAIBLDCXCZKKJE-ACWLMNNXSA-N,GAIBLDCXCZKKJE,GAIBLDCXCZKKJE-ACWLMNNXSA-N,unknown,false,625,275,61,447,6565
structure,CCRCUPLGCSFEDV-BQYQJAHWSA-N,CCRCUPLGCSFEDV-BQYQJAHWSA-N,CCRCUPLGCSFEDV,CCRCUPLGCSFEDV-BQYQJAHWSA-N,unknown,false,30,21,16,28,291
structure,WTARULDDTDQWMU-UHFFFAOYSA-N,WTARULDDTDQWMU-UHFFFAOYSA-N,WTARULDDTDQWMU,WTARULDDTDQWMU-UHFFFAOYSA-N,unknown,false,920,290,67,763,12975
structure,JSNRRGGBADWTMC-NTCAYCPXSA-N,JSNRRGGBADWTMC-NTCAYCPXSA-N,JSNRRGGBADWTMC,JSNRRGGBADWTMC-NTCAYCPXSA-N,unknown,false,206,136,46,164,2001
structure,WRYLYDPHFGVWKC-UHFFFAOYSA-N,WRYLYDPHFGVWKC-UHFFFAOYSA-N,WRYLYDPHFGVWKC,WRYLYDPHFGVWKC-UHFFFAOYSA-N,unknown,false,591,216,56,499,8593
structure,YHQGMYUVUMAZJR-UHFFFAOYSA-N,YHQGMYUVUMAZJR-UHFFFAOYSA-N,YHQGMYUVUMAZJR,YHQGMYUVUMAZJR-UHFFFAOYSA-N,unknown,false,433,172,46,363,5809
structure,NDVASEGYNIMXJL-RGURZIINSA-N,NDVASEGYNIMXJL-RGURZIINSA-N,NDVASEGYNIMXJL,NDVASEGYNIMXJL-RGURZIINSA-N,unknown,false,77,38,13,60,412
structure,NDVASEGYNIMXJL-YHMJZVADSA-N,NDVASEGYNIMXJL-YHMJZVADSA-N,NDVASEGYNIMXJL,NDVASEGYNIMXJL-YHMJZVADSA-N,unknown,false,85,40,13,63,862
structure,HGJXAVROWQLCTP-YABCKIEDSA-N,HGJXAVROWQLCTP-YABCKIEDSA-N,HGJXAVROWQLCTP,HGJXAVROWQLCTP-YABCKIEDSA-N,unknown,false,21,12,6,31,206
structure,WQRYALSJYYLFRY-YEMLDNLKSA-N,WQRYALSJYYLFRY-YEMLDNLKSA-N,WQRYALSJYYLFRY,WQRYALSJYYLFRY-YEMLDNLKSA-N,unknown,false,1,1,1,1,6
structure,WUTXIOAKRFKQHK-IOVBSTNJSA-N,WUTXIOAKRFKQHK-IOVBSTNJSA-N,WUTXIOAKRFKQHK,WUTXIOAKRFKQHK-IOVBSTNJSA-N,unknown,false,4,4,2,4,48
structure,WQRYALSJYYLFRY-YBDKOUSASA-N,WQRYALSJYYLFRY-YBDKOUSASA-N,WQRYALSJYYLFRY,WQRYALSJYYLFRY-YBDKOUSASA-N,unknown,false,8,6,4,3,66
structure,WRXVPTMENPZUIZ-MOVIZTNPSA-N,WRXVPTMENPZUIZ-MOVIZTNPSA-N,WRXVPTMENPZUIZ,WRXVPTMENPZUIZ-MOVIZTNPSA-N,unknown,false,18,13,12,18,166
structure,AEOBNVBHRFQADS-DNDPRTLXSA-N,AEOBNVBHRFQADS-DNDPRTLXSA-N,AEOBNVBHRFQADS,AEOBNVBHRFQADS-DNDPRTLXSA-N,unknown,false,12,10,9,12,70
structure,WRXVPTMENPZUIZ-QEZWUOJGSA-N,WRXVPTMENPZUIZ-QEZWUOJGSA-N,WRXVPTMENPZUIZ,WRXVPTMENPZUIZ-QEZWUOJGSA-N,unknown,false,7,7,7,8,72
structure,ADTDXVDMEDYCKB-BGNXXHQXSA-N,ADTDXVDMEDYCKB-BGNXXHQXSA-N,ADTDXVDMEDYCKB,ADTDXVDMEDYCKB-BGNXXHQXSA-N,unknown,false,1,1,1,1,12
structure,RTATXGUCZHCSNG-KYGWAIEOSA-N,RTATXGUCZHCSNG-KYGWAIEOSA-N,RTATXGUCZHCSNG,RTATXGUCZHCSNG-KYGWAIEOSA-N,unknown,false,24,22,16,23,194
structure,ZFMSMUAANRJZFM-UHFFFAOYSA-N,ZFMSMUAANRJZFM-UHFFFAOYSA-N,ZFMSMUAANRJZFM,ZFMSMUAANRJZFM-UHFFFAOYSA-N,unknown,false,124,76,29,136,2191
structure,RRBYUSWBLVXTQN-UHFFFAOYSA-N,RRBYUSWBLVXTQN-UHFFFAOYSA-N,RRBYUSWBLVXTQN,RRBYUSWBLVXTQN-UHFFFAOYSA-N,unknown,false,111,50,20,82,1164
structure,HROZLGRKFUCIJJ-UHFFFAOYSA-N,HROZLGRKFUCIJJ-UHFFFAOYSA-N,HROZLGRKFUCIJJ,HROZLGRKFUCIJJ-UHFFFAOYSA-N,unknown,false,11,8,7,10,103
structure,NDVASEGYNIMXJL-UHFFFAOYSA-N,NDVASEGYNIMXJL-UHFFFAOYSA-N,NDVASEGYNIMXJL,NDVASEGYNIMXJL-UHFFFAOYSA-N,unknown,false,528,200,45,416,6554
structure,BFPYWIDHMRZLRN-SLHNCBLASA-N,BFPYWIDHMRZLRN-SLHNCBLASA-N,BFPYWIDHMRZLRN,BFPYWIDHMRZLRN-SLHNCBLASA-N,unknown,false,127,32,5,52,1231
structure,GJYKUZUTZNTBEC-UHFFFAOYSA-N,GJYKUZUTZNTBEC-UHFFFAOYSA-N,GJYKUZUTZNTBEC,GJYKUZUTZNTBEC-UHFFFAOYSA-N,unknown,false,43,23,10,22,416
structure,ITYNGVSTWVVPIC-LRUBOHGLSA-N,ITYNGVSTWVVPIC-LRUBOHGLSA-N,ITYNGVSTWVVPIC,ITYNGVSTWVVPIC-LRUBOHGLSA-N,unknown,false,79,19,7,23,796
structure,DUNCVNHORHNONW-UHFFFAOYSA-N,DUNCVNHORHNONW-UHFFFAOYSA-N,DUNCVNHORHNONW,DUNCVNHORHNONW-UHFFFAOYSA-N,unknown,false,11,11,9,10,132
structure,MXDMETWAEGIFOE-CABCVRRESA-N,MXDMETWAEGIFOE-CABCVRRESA-N,MXDMETWAEGIFOE,MXDMETWAEGIFOE-CABCVRRESA-N,unknown,false,145,72,32,88,1572
structure,PUECEVJMPDNNHT-UHFFFAOYSA-N,PUECEVJMPDNNHT-UHFFFAOYSA-N,PUECEVJMPDNNHT,PUECEVJMPDNNHT-UHFFFAOYSA-N,unknown,false,39,9,2,25,510
structure,VSJGJMKGNMDJCI-ZASXJUAOSA-N,VSJGJMKGNMDJCI-ZASXJUAOSA-N,VSJGJMKGNMDJCI,VSJGJMKGNMDJCI-ZASXJUAOSA-N,unknown,false,112,51,13,92,1178
structure,BCQNFYWIPQQTGS-UBYXKGFDSA-N,BCQNFYWIPQQTGS-UBYXKGFDSA-N,BCQNFYWIPQQTGS,BCQNFYWIPQQTGS-UBYXKGFDSA-N,unknown,false,5,2,2,4,58
structure,MQYXUWHLBZFQQO-QGTGJCAVSA-N,MQYXUWHLBZFQQO-QGTGJCAVSA-N,MQYXUWHLBZFQQO,MQYXUWHLBZFQQO-QGTGJCAVSA-N,unknown,false,1029,546,135,790,11178
structure,VYRIGRQQKUZPEX-UHFFFAOYSA-N,VYRIGRQQKUZPEX-UHFFFAOYSA-N,VYRIGRQQKUZPEX,VYRIGRQQKUZPEX-UHFFFAOYSA-N,unknown,false,64,13,2,38,852
structure,XMHIUKTWLZUKEX-UHFFFAOYSA-N,XMHIUKTWLZUKEX-UHFFFAOYSA-N,XMHIUKTWLZUKEX,XMHIUKTWLZUKEX-UHFFFAOYSA-N,unknown,false,85,69,46,68,947
structure,TUHVEAJXIMEOSA-UHFFFAOYSA-N,TUHVEAJXIMEOSA-UHFFFAOYSA-N,TUHVEAJXIMEOSA,TUHVEAJXIMEOSA-UHFFFAOYSA-N,unknown,false,24,17,13,13,259
structure,WQZGKKKJIJFFOK-SVZMEOIVSA-N,WQZGKKKJIJFFOK-SVZMEOIVSA-N,WQZGKKKJIJFFOK,WQZGKKKJIJFFOK-SVZMEOIVSA-N,unknown,false,52,42,32,44,625
structure,UFYGCFHQAXXBCF-UHFFFAOYSA-N,UFYGCFHQAXXBCF-UHFFFAOYSA-N,UFYGCFHQAXXBCF,UFYGCFHQAXXBCF-UHFFFAOYSA-N,unknown,false,5,4,4,5,52
structure,UQBOJOOOTLPNST-UHFFFAOYSA-N,UQBOJOOOTLPNST-UHFFFAOYSA-N,UQBOJOOOTLPNST,UQBOJOOOTLPNST-UHFFFAOYSA-N,unknown,false,3,3,3,3,28
structure,ZWLPBLYKEWSWPD-UHFFFAOYSA-N,ZWLPBLYKEWSWPD-UHFFFAOYSA-N,ZWLPBLYKEWSWPD,ZWLPBLYKEWSWPD-UHFFFAOYSA-N,unknown,false,3,3,3,3,32
structure,JVTAAEKCZFNVCJ-REOHCLBHSA-N,JVTAAEKCZFNVCJ-REOHCLBHSA-N,JVTAAEKCZFNVCJ,JVTAAEKCZFNVCJ-REOHCLBHSA-N,unknown,false,9,9,9,10,92
structure,ALRHLSYJTWAHJZ-UHFFFAOYSA-N,ALRHLSYJTWAHJZ-UHFFFAOYSA-N,ALRHLSYJTWAHJZ,ALRHLSYJTWAHJZ-UHFFFAOYSA-N,unknown,false,8,8,10,8,90
structure,VBUYCZFBVCCYFD-JJYYJPOSSA-N,VBUYCZFBVCCYFD-JJYYJPOSSA-N,VBUYCZFBVCCYFD,VBUYCZFBVCCYFD-JJYYJPOSSA-N,unknown,false,5,5,5,5,61
structure,AQTKXCPRNZDOJU-SYHAXYEDSA-N,AQTKXCPRNZDOJU-SYHAXYEDSA-N,AQTKXCPRNZDOJU,AQTKXCPRNZDOJU-SYHAXYEDSA-N,unknown,false,1,1,1,1,16
structure,RKCAIXNGYQCCAL-UHFFFAOYSA-N,RKCAIXNGYQCCAL-UHFFFAOYSA-N,RKCAIXNGYQCCAL,RKCAIXNGYQCCAL-UHFFFAOYSA-N,unknown,false,2,2,2,2,22
structure,ZIIAJIWLQUVGHB-UHFFFAOYSA-N,ZIIAJIWLQUVGHB-UHFFFAOYSA-N,ZIIAJIWLQUVGHB,ZIIAJIWLQUVGHB-UHFFFAOYSA-N,unknown,false,181,67,15,141,2104
structure,OVSQVDMCBVZWGM-DTGCRPNFSA-N,OVSQVDMCBVZWGM-DTGCRPNFSA-N,OVSQVDMCBVZWGM,OVSQVDMCBVZWGM-DTGCRPNFSA-N,unknown,false,725,303,97,569,9131
structure,IODGQWWTJYDCLN-UHFFFAOYSA-N,IODGQWWTJYDCLN-UHFFFAOYSA-N,IODGQWWTJYDCLN,IODGQWWTJYDCLN-UHFFFAOYSA-N,unknown,false,10,5,3,12,244
structure,SAMBWAJRKKEEOR-UHFFFAOYSA-N,SAMBWAJRKKEEOR-UHFFFAOYSA-N,SAMBWAJRKKEEOR,SAMBWAJRKKEEOR-UHFFFAOYSA-N,unknown,false,61,33,11,49,856
structure,OHOBPOYHROOXEI-JWMUNMLDSA-N,OHOBPOYHROOXEI-JWMUNMLDSA-N,OHOBPOYHROOXEI,OHOBPOYHROOXEI-JWMUNMLDSA-N,unknown,false,23,20,17,21,219
structure,KRFBMPVGAYGGJE-UHFFFAOYSA-N,KRFBMPVGAYGGJE-UHFFFAOYSA-N,KRFBMPVGAYGGJE,KRFBMPVGAYGGJE-UHFFFAOYSA-N,unknown,false,57,30,13,49,893
structure,KBGKQZVCLWKUDQ-QNDFHXLGSA-N,KBGKQZVCLWKUDQ-QNDFHXLGSA-N,KBGKQZVCLWKUDQ,KBGKQZVCLWKUDQ-QNDFHXLGSA-N,unknown,false,44,32,22,34,309
structure,VSUOKLTVXQRUSG-UHFFFAOYSA-N,VSUOKLTVXQRUSG-UHFFFAOYSA-N,VSUOKLTVXQRUSG,VSUOKLTVXQRUSG-UHFFFAOYSA-N,unknown,false,17,14,8,15,192
structure,GLZPCOQZEFWAFX-JXMROGBWSA-N,GLZPCOQZEFWAFX-JXMROGBWSA-N,GLZPCOQZEFWAFX,GLZPCOQZEFWAFX-JXMROGBWSA-N,unknown,false,323,160,61,313,4512
structure,KGEKLUUHTZCSIP-UHFFFAOYSA-N,KGEKLUUHTZCSIP-UHFFFAOYSA-N,KGEKLUUHTZCSIP,KGEKLUUHTZCSIP-UHFFFAOYSA-N,unknown,false,296,114,37,229,3716
structure,BOPIMTNSYWYZOC-VNHYZAJKSA-N,BOPIMTNSYWYZOC-VNHYZAJKSA-N,BOPIMTNSYWYZOC,BOPIMTNSYWYZOC-VNHYZAJKSA-N,unknown,false,236,110,41,195,2836
structure,HIGQPQRQIQDZMP-FLIBITNWSA-N,HIGQPQRQIQDZMP-FLIBITNWSA-N,HIGQPQRQIQDZMP,HIGQPQRQIQDZMP-FLIBITNWSA-N,unknown,false,85,53,20,72,953
structure,BQSLMQNYHVFRDT-LSDHHAIUSA-N,BQSLMQNYHVFRDT-LSDHHAIUSA-N,BQSLMQNYHVFRDT,BQSLMQNYHVFRDT-LSDHHAIUSA-N,unknown,false,141,82,23,103,1538
structure,YIRAHEODBQONHI-ZQNQSHIBSA-N,YIRAHEODBQONHI-ZQNQSHIBSA-N,YIRAHEODBQONHI,YIRAHEODBQONHI-ZQNQSHIBSA-N,unknown,false,181,86,27,144,1791
structure,FSRZGYRCMPZNJF-KHMAMNHCSA-N,FSRZGYRCMPZNJF-KHMAMNHCSA-N,FSRZGYRCMPZNJF,FSRZGYRCMPZNJF-KHMAMNHCSA-N,unknown,false,158,84,30,119,1753
structure,HLPIHRDZBHXTFJ-UHFFFAOYSA-N,HLPIHRDZBHXTFJ-UHFFFAOYSA-N,HLPIHRDZBHXTFJ,HLPIHRDZBHXTFJ-UHFFFAOYSA-N,unknown,false,5,5,5,5,58
structure,GLZPCOQZEFWAFX-YFHOEESVSA-N,GLZPCOQZEFWAFX-YFHOEESVSA-N,GLZPCOQZEFWAFX,GLZPCOQZEFWAFX-YFHOEESVSA-N,unknown,false,208,103,47,172,2597
structure,ULDHMXUKGWMISQ-VIFPVBQESA-N,ULDHMXUKGWMISQ-VIFPVBQESA-N,ULDHMXUKGWMISQ,ULDHMXUKGWMISQ-VIFPVBQESA-N,unknown,false,151,77,29,125,1044
structure,PGTJIOWQJWHTJJ-STQMWFEESA-N,PGTJIOWQJWHTJJ-STQMWFEESA-N,PGTJIOWQJWHTJJ,PGTJIOWQJWHTJJ-STQMWFEESA-N,unknown,false,167,93,41,122,1781
structure,WHWDWIHXSPCOKZ-UHFFFAOYSA-N,WHWDWIHXSPCOKZ-UHFFFAOYSA-N,WHWDWIHXSPCOKZ,WHWDWIHXSPCOKZ-UHFFFAOYSA-N,unknown,false,36,26,17,28,335
structure,FRMCCTDTYSRUBE-JYKNGBAOSA-N,FRMCCTDTYSRUBE-JYKNGBAOSA-N,FRMCCTDTYSRUBE,FRMCCTDTYSRUBE-JYKNGBAOSA-N,unknown,false,407,197,44,330,4284
structure,WBYWAXJHAXSJNI-VOTSOKGWSA-N,WBYWAXJHAXSJNI-VOTSOKGWSA-N,WBYWAXJHAXSJNI,WBYWAXJHAXSJNI-VOTSOKGWSA-N,inactive,true,231,147,86,190,2714
structure,DSSYKIVIOFKYAU-UHFFFAOYSA-N,DSSYKIVIOFKYAU-UHFFFAOYSA-N,DSSYKIVIOFKYAU,DSSYKIVIOFKYAU-UHFFFAOYSA-N,unknown,false,397,126,33,364,5882
structure,DTGKSKDOIYIVQL-UHFFFAOYSA-N,DTGKSKDOIYIVQL-UHFFFAOYSA-N,DTGKSKDOIYIVQL,DTGKSKDOIYIVQL-UHFFFAOYSA-N,unknown,false,244,85,28,143,2196
structure,LHXDLQBQYFFVNW-UHFFFAOYSA-N,LHXDLQBQYFFVNW-UHFFFAOYSA-N,LHXDLQBQYFFVNW,LHXDLQBQYFFVNW-UHFFFAOYSA-N,unknown,false,77,52,19,73,995
structure,PSQYTAPXSHCGMF-BQYQJAHWSA-N,PSQYTAPXSHCGMF-BQYQJAHWSA-N,PSQYTAPXSHCGMF,PSQYTAPXSHCGMF-BQYQJAHWSA-N,unknown,false,107,83,41,88,1266
structure,JARKCYVAAOWBJS-UHFFFAOYSA-N,JARKCYVAAOWBJS-UHFFFAOYSA-N,JARKCYVAAOWBJS,JARKCYVAAOWBJS-UHFFFAOYSA-N,unknown,false,127,88,46,99,1626
structure,ADIDQIZBYUABQK-RWMBFGLXSA-N,ADIDQIZBYUABQK-RWMBFGLXSA-N,ADIDQIZBYUABQK,ADIDQIZBYUABQK-RWMBFGLXSA-N,unknown,false,54,43,25,48,611
structure,RUVINXPYWBROJD-ONEGZZNKSA-N,RUVINXPYWBROJD-ONEGZZNKSA-N,RUVINXPYWBROJD,RUVINXPYWBROJD-ONEGZZNKSA-N,inactive,true,90,68,30,108,1609
structure,JSNRRGGBADWTMC-QINSGFPZSA-N,JSNRRGGBADWTMC-QINSGFPZSA-N,JSNRRGGBADWTMC,JSNRRGGBADWTMC-QINSGFPZSA-N,unknown,false,67,44,15,48,667
structure,BQZSFXARLMHSGX-UHFFFAOYSA-N,BQZSFXARLMHSGX-UHFFFAOYSA-N,BQZSFXARLMHSGX,BQZSFXARLMHSGX-UHFFFAOYSA-N,unknown,false,22,13,5,12,180
structure,UWKAYLJWKGQEPM-UHFFFAOYSA-N,UWKAYLJWKGQEPM-UHFFFAOYSA-N,UWKAYLJWKGQEPM,UWKAYLJWKGQEPM-UHFFFAOYSA-N,unknown,false,119,56,18,110,1560
structure,POIARNZEYGURDG-FNORWQNLSA-N,POIARNZEYGURDG-FNORWQNLSA-N,POIARNZEYGURDG,POIARNZEYGURDG-FNORWQNLSA-N,unknown,false,44,29,13,35,534
structure,WBYWAXJHAXSJNI-SREVYHEPSA-N,WBYWAXJHAXSJNI-SREVYHEPSA-N,WBYWAXJHAXSJNI,WBYWAXJHAXSJNI-SREVYHEPSA-N,unknown,false,12,9,7,12,134
structure,XMRKUJJDDKYUHV-SDFJSLCBSA-N,XMRKUJJDDKYUHV-SDFJSLCBSA-N,XMRKUJJDDKYUHV,XMRKUJJDDKYUHV-SDFJSLCBSA-N,unknown,false,40,26,15,24,332
structure,DUCIYIHTTCVNJA-UHFFFAOYSA-N,DUCIYIHTTCVNJA-UHFFFAOYSA-N,DUCIYIHTTCVNJA,DUCIYIHTTCVNJA-UHFFFAOYSA-N,unknown,false,121,71,21,90,693
structure,XMRKUJJDDKYUHV-ZCGSDFCLSA-N,XMRKUJJDDKYUHV-ZCGSDFCLSA-N,XMRKUJJDDKYUHV,XMRKUJJDDKYUHV-ZCGSDFCLSA-N,unknown,false,24,21,14,17,113
structure,FRMCCTDTYSRUBE-BGPZULBFSA-N,FRMCCTDTYSRUBE-BGPZULBFSA-N,FRMCCTDTYSRUBE,FRMCCTDTYSRUBE-BGPZULBFSA-N,unknown,false,501,217,44,393,5334
structure,YLYBTZIQSIBWLI-UHFFFAOYSA-N,YLYBTZIQSIBWLI-UHFFFAOYSA-N,YLYBTZIQSIBWLI,YLYBTZIQSIBWLI-UHFFFAOYSA-N,unknown,false,38,21,13,29,400
structure,XUEHVOLRMXNRKQ-KHMAMNHCSA-N,XUEHVOLRMXNRKQ-KHMAMNHCSA-N,XUEHVOLRMXNRKQ,XUEHVOLRMXNRKQ-KHMAMNHCSA-N,unknown,false,199,111,36,142,2077
structure,YGHRJJRRZDOVPD-UHFFFAOYSA-N,YGHRJJRRZDOVPD-UHFFFAOYSA-N,YGHRJJRRZDOVPD,YGHRJJRRZDOVPD-UHFFFAOYSA-N,unknown,false,30,21,18,24,326
structure,FQTLCLSUCSAZDY-GOFCXVBSSA-N,FQTLCLSUCSAZDY-GOFCXVBSSA-N,FQTLCLSUCSAZDY,FQTLCLSUCSAZDY-GOFCXVBSSA-N,unknown,false,154,105,38,130,1670
structure,GFJIQNADMLPFOW-VNHYZAJKSA-N,GFJIQNADMLPFOW-VNHYZAJKSA-N,GFJIQNADMLPFOW,GFJIQNADMLPFOW-VNHYZAJKSA-N,unknown,false,121,76,27,113,1402
structure,XZRVRYFILCSYSP-HNNXBMFYSA-N,XZRVRYFILCSYSP-HNNXBMFYSA-N,XZRVRYFILCSYSP,XZRVRYFILCSYSP-HNNXBMFYSA-N,unknown,false,163,104,30,153,1059
structure,XCYJPXQACVEIOS-UHFFFAOYSA-N,XCYJPXQACVEIOS-UHFFFAOYSA-N,XCYJPXQACVEIOS,XCYJPXQACVEIOS-UHFFFAOYSA-N,unknown,false,16,14,6,12,180
structure,QMVPMAAFGQKVCJ-UHFFFAOYSA-N,QMVPMAAFGQKVCJ-UHFFFAOYSA-N,QMVPMAAFGQKVCJ,QMVPMAAFGQKVCJ-UHFFFAOYSA-N,unknown,false,197,87,42,144,2494
structure,AOGQPLXWSUTHQB-UHFFFAOYSA-N,AOGQPLXWSUTHQB-UHFFFAOYSA-N,AOGQPLXWSUTHQB,AOGQPLXWSUTHQB-UHFFFAOYSA-N,unknown,false,47,35,24,33,498
structure,PPBRXRYQALVLMV-UHFFFAOYSA-N,PPBRXRYQALVLMV-UHFFFAOYSA-N,PPBRXRYQALVLMV,PPBRXRYQALVLMV-UHFFFAOYSA-N,unknown,false,15,12,13,13,163
structure,DKPFZGUDAPQIHT-UHFFFAOYSA-N,DKPFZGUDAPQIHT-UHFFFAOYSA-N,DKPFZGUDAPQIHT,DKPFZGUDAPQIHT-UHFFFAOYSA-N,unknown,false,26,22,18,22,310
structure,LUVOQVJUOOZWCS-UHFFFAOYSA-N,LUVOQVJUOOZWCS-UHFFFAOYSA-N,LUVOQVJUOOZWCS,LUVOQVJUOOZWCS-UHFFFAOYSA-N,unknown,false,1,1,1,1,14
structure,YMBFCQPIMVLNIU-SOUVJXGZSA-N,YMBFCQPIMVLNIU-SOUVJXGZSA-N,YMBFCQPIMVLNIU,YMBFCQPIMVLNIU-SOUVJXGZSA-N,unknown,false,66,39,20,47,673
structure,SQIFACVGCPWBQZ-UHFFFAOYSA-N,SQIFACVGCPWBQZ-UHFFFAOYSA-N,SQIFACVGCPWBQZ,SQIFACVGCPWBQZ-UHFFFAOYSA-N,unknown,false,37,16,8,24,431
structure,RGZSQWQPBWRIAQ-YSSOQSIOSA-N,RGZSQWQPBWRIAQ-YSSOQSIOSA-N,RGZSQWQPBWRIAQ,RGZSQWQPBWRIAQ-YSSOQSIOSA-N,unknown,false,46,34,16,40,549
structure,MLFHJEHSLIIPHL-UHFFFAOYSA-N,MLFHJEHSLIIPHL-UHFFFAOYSA-N,MLFHJEHSLIIPHL,MLFHJEHSLIIPHL-UHFFFAOYSA-N,unknown,false,16,14,13,14,176
structure,COGPRPSWSKLKTF-CBBWQLFWSA-N,COGPRPSWSKLKTF-CBBWQLFWSA-N,COGPRPSWSKLKTF,COGPRPSWSKLKTF-CBBWQLFWSA-N,unknown,false,78,54,34,62,826
structure,YMBFCQPIMVLNIU-KKUMJFAQSA-N,YMBFCQPIMVLNIU-KKUMJFAQSA-N,YMBFCQPIMVLNIU,YMBFCQPIMVLNIU-KKUMJFAQSA-N,unknown,false,39,30,19,29,348
structure,VMYXUZSZMNBRCN-UHFFFAOYSA-N,VMYXUZSZMNBRCN-UHFFFAOYSA-N,VMYXUZSZMNBRCN,VMYXUZSZMNBRCN-UHFFFAOYSA-N,unknown,false,115,76,23,103,1387
structure,LHYHMMRYTDARSZ-ZQDZILKHSA-N,LHYHMMRYTDARSZ-ZQDZILKHSA-N,LHYHMMRYTDARSZ,LHYHMMRYTDARSZ-ZQDZILKHSA-N,unknown,false,114,76,32,95,1341
structure,MTZQAGJQAFMTAQ-UHFFFAOYSA-N,MTZQAGJQAFMTAQ-UHFFFAOYSA-N,MTZQAGJQAFMTAQ,MTZQAGJQAFMTAQ-UHFFFAOYSA-N,unknown,false,18,16,15,16,226
structure,XUPYJHCZDLZNFP-UHFFFAOYSA-N,XUPYJHCZDLZNFP-UHFFFAOYSA-N,XUPYJHCZDLZNFP,XUPYJHCZDLZNFP-UHFFFAOYSA-N,unknown,false,18,14,13,13,157
structure,XDMOPVQNPWVPSX-UHFFFAOYSA-N,XDMOPVQNPWVPSX-UHFFFAOYSA-N,XDMOPVQNPWVPSX,XDMOPVQNPWVPSX-UHFFFAOYSA-N,unknown,false,74,50,33,57,736
structure,LHYHMMRYTDARSZ-BYNSBNAKSA-N,LHYHMMRYTDARSZ-BYNSBNAKSA-N,LHYHMMRYTDARSZ,LHYHMMRYTDARSZ-BYNSBNAKSA-N,unknown,false,227,143,49,202,2463
structure,XEKOWRVHYACXOJ-UHFFFAOYSA-N,XEKOWRVHYACXOJ-UHFFFAOYSA-N,XEKOWRVHYACXOJ,XEKOWRVHYACXOJ-UHFFFAOYSA-N,unknown,false,67,47,39,50,702
structure,WVHJBVPYIIBODU-UHFFFAOYSA-N,WVHJBVPYIIBODU-UHFFFAOYSA-N,WVHJBVPYIIBODU,WVHJBVPYIIBODU-UHFFFAOYSA-N,unknown,false,9,6,4,6,104
structure,FNTJVYCFNVUBOL-UHFFFAOYSA-N,FNTJVYCFNVUBOL-UHFFFAOYSA-N,FNTJVYCFNVUBOL,FNTJVYCFNVUBOL-UHFFFAOYSA-N,unknown,false,7,6,5,8,102
structure,ORHBXUUXSCNDEV-UHFFFAOYSA-N,ORHBXUUXSCNDEV-UHFFFAOYSA-N,ORHBXUUXSCNDEV,ORHBXUUXSCNDEV-UHFFFAOYSA-N,unknown,false,403,183,49,375,6395
structure,NNRLDGQZIVUQTE-UHFFFAOYSA-N,NNRLDGQZIVUQTE-UHFFFAOYSA-N,NNRLDGQZIVUQTE,NNRLDGQZIVUQTE-UHFFFAOYSA-N,unknown,false,23,17,11,16,232
structure,NPNUFJAVOOONJE-FLFDDASRSA-N,NPNUFJAVOOONJE-FLFDDASRSA-N,NPNUFJAVOOONJE,NPNUFJAVOOONJE-FLFDDASRSA-N,unknown,false,62,45,18,41,521
structure,WRHGORWNJGOVQY-ZNMIVQPWSA-N,WRHGORWNJGOVQY-ZNMIVQPWSA-N,WRHGORWNJGOVQY,WRHGORWNJGOVQY-ZNMIVQPWSA-N,unknown,false,163,95,30,132,1730
structure,RDOXTESZEPMUJZ-UHFFFAOYSA-N,RDOXTESZEPMUJZ-UHFFFAOYSA-N,RDOXTESZEPMUJZ,RDOXTESZEPMUJZ-UHFFFAOYSA-N,unknown,false,14,13,14,12,164
structure,APAPGJJZPJQKJJ-QINSGFPZSA-N,APAPGJJZPJQKJJ-QINSGFPZSA-N,APAPGJJZPJQKJJ,APAPGJJZPJQKJJ-QINSGFPZSA-N,unknown,false,10,6,3,7,102
structure,WTEVQBCEXWBHNA-YFHOEESVSA-N,WTEVQBCEXWBHNA-YFHOEESVSA-N,WTEVQBCEXWBHNA,WTEVQBCEXWBHNA-YFHOEESVSA-N,unknown,false,152,73,31,157,2052
structure,VLXDPFLIRFYIME-UHFFFAOYSA-N,VLXDPFLIRFYIME-UHFFFAOYSA-N,VLXDPFLIRFYIME,VLXDPFLIRFYIME-UHFFFAOYSA-N,unknown,false,97,34,18,46,950
structure,IRAQOCYXUMOFCW-OSFYFWSMSA-N,IRAQOCYXUMOFCW-OSFYFWSMSA-N,IRAQOCYXUMOFCW,IRAQOCYXUMOFCW-OSFYFWSMSA-N,unknown,false,74,41,23,51,708
structure,YMBFCQPIMVLNIU-UHFFFAOYSA-N,YMBFCQPIMVLNIU-UHFFFAOYSA-N,YMBFCQPIMVLNIU,YMBFCQPIMVLNIU-UHFFFAOYSA-N,unknown,false,81,44,22,57,1011
structure,IRAQOCYXUMOFCW-UKTARXLSSA-N,IRAQOCYXUMOFCW-UKTARXLSSA-N,IRAQOCYXUMOFCW,IRAQOCYXUMOFCW-UKTARXLSSA-N,unknown,false,37,26,17,32,405
structure,CRPUJAZIXJMDBK-DTWKUNHWSA-N,CRPUJAZIXJMDBK-DTWKUNHWSA-N,CRPUJAZIXJMDBK,CRPUJAZIXJMDBK-DTWKUNHWSA-N,unknown,false,40,26,15,33,466
structure,RXBQNMWIQKOSCS-UHFFFAOYSA-N,RXBQNMWIQKOSCS-UHFFFAOYSA-N,RXBQNMWIQKOSCS,RXBQNMWIQKOSCS-UHFFFAOYSA-N,unknown,false,156,64,24,105,1872
structure,OZQAPQSEYFAMCY-QLFBSQMISA-N,OZQAPQSEYFAMCY-QLFBSQMISA-N,OZQAPQSEYFAMCY,OZQAPQSEYFAMCY-QLFBSQMISA-N,unknown,false,133,77,36,99,1496
structure,DSSYKIVIOFKYAU-XCBNKYQSSA-N,DSSYKIVIOFKYAU-XCBNKYQSSA-N,DSSYKIVIOFKYAU,DSSYKIVIOFKYAU-XCBNKYQSSA-N,unknown,false,52,26,11,49,460
structure,DTGKSKDOIYIVQL-OYNCUSHFSA-N,DTGKSKDOIYIVQL-OYNCUSHFSA-N,DTGKSKDOIYIVQL,DTGKSKDOIYIVQL-OYNCUSHFSA-N,unknown,false,73,39,17,74,888
structure,LFJQCDVYDGGFCH-UHFFFAOYSA-N,LFJQCDVYDGGFCH-UHFFFAOYSA-N,LFJQCDVYDGGFCH,LFJQCDVYDGGFCH-UHFFFAOYSA-N,unknown,false,325,136,39,257,3869
structure,IHPKGUQCSIINRJ-UHFFFAOYSA-N,IHPKGUQCSIINRJ-UHFFFAOYSA-N,IHPKGUQCSIINRJ,IHPKGUQCSIINRJ-UHFFFAOYSA-N,unknown,false,92,54,25,65,1010
structure,USDOQCCMRDNVAH-KKUMJFAQSA-N,USDOQCCMRDNVAH-KKUMJFAQSA-N,USDOQCCMRDNVAH,USDOQCCMRDNVAH-KKUMJFAQSA-N,unknown,false,43,32,13,38,360
structure,LGNSZMLHOYDATP-UHFFFAOYSA-N,LGNSZMLHOYDATP-UHFFFAOYSA-N,LGNSZMLHOYDATP,LGNSZMLHOYDATP-UHFFFAOYSA-N,unknown,false,10,11,9,10,119
structure,DTGKSKDOIYIVQL-HHCGNCNQSA-N,DTGKSKDOIYIVQL-HHCGNCNQSA-N,DTGKSKDOIYIVQL,DTGKSKDOIYIVQL-HHCGNCNQSA-N,unknown,false,334,124,37,268,4265
structure,DJYWGTBEZVORGE-CVWWDKSYSA-N,DJYWGTBEZVORGE-CVWWDKSYSA-N,DJYWGTBEZVORGE,DJYWGTBEZVORGE-CVWWDKSYSA-N,unknown,false,3,3,3,3,30
structure,XMGQYMWWDOXHJM-JTQLQIEISA-N,XMGQYMWWDOXHJM-JTQLQIEISA-N,XMGQYMWWDOXHJM,XMGQYMWWDOXHJM-JTQLQIEISA-N,unknown,false,205,114,44,156,1914
structure,WTEVQBCEXWBHNA-UHFFFAOYSA-N,WTEVQBCEXWBHNA-UHFFFAOYSA-N,WTEVQBCEXWBHNA,WTEVQBCEXWBHNA-UHFFFAOYSA-N,unknown,false,81,37,21,60,1180
structure,FAMPSKZZVDUYOS-YRWGZVKJSA-N,FAMPSKZZVDUYOS-YRWGZVKJSA-N,FAMPSKZZVDUYOS,FAMPSKZZVDUYOS-YRWGZVKJSA-N,unknown,false,32,24,11,22,315
structure,WXQGPFZDVCRBME-QEJZJMRPSA-N,WXQGPFZDVCRBME-QEJZJMRPSA-N,WXQGPFZDVCRBME,WXQGPFZDVCRBME-QEJZJMRPSA-N,unknown,false,38,27,15,37,440
structure,PHWISBHSBNDZDX-LSDHHAIUSA-N,PHWISBHSBNDZDX-LSDHHAIUSA-N,PHWISBHSBNDZDX,PHWISBHSBNDZDX-LSDHHAIUSA-N,unknown,false,63,43,14,57,769
structure,RMKQBFUAKZOVPQ-APIJFGDWSA-N,RMKQBFUAKZOVPQ-APIJFGDWSA-N,RMKQBFUAKZOVPQ,RMKQBFUAKZOVPQ-APIJFGDWSA-N,unknown,false,21,15,11,16,255
structure,WLNGPDPILFYWKF-OAHLLOKOSA-N,WLNGPDPILFYWKF-OAHLLOKOSA-N,WLNGPDPILFYWKF,WLNGPDPILFYWKF-OAHLLOKOSA-N,unknown,false,27,23,18,24,313
structure,WQZGKKKJIJFFOK-QTVWNMPRSA-N,WQZGKKKJIJFFOK-QTVWNMPRSA-N,WQZGKKKJIJFFOK,WQZGKKKJIJFFOK-QTVWNMPRSA-N,unknown,false,20,19,18,16,217
structure,GZCGUPFRVQAUEE-KCDKBNATSA-N,GZCGUPFRVQAUEE-KCDKBNATSA-N,GZCGUPFRVQAUEE,GZCGUPFRVQAUEE-KCDKBNATSA-N,unknown,false,57,48,38,50,583
structure,GZCGUPFRVQAUEE-KVTDHHQDSA-N,GZCGUPFRVQAUEE-KVTDHHQDSA-N,GZCGUPFRVQAUEE,GZCGUPFRVQAUEE-KVTDHHQDSA-N,unknown,false,22,18,17,16,200
structure,FBPFZTCFMRRESA-KVTDHHQDSA-N,FBPFZTCFMRRESA-KVTDHHQDSA-N,FBPFZTCFMRRESA,FBPFZTCFMRRESA-KVTDHHQDSA-N,unknown,false,180,131,75,116,1833
structure,AEMOLEFTQBMNLQ-YMDCURPLSA-N,AEMOLEFTQBMNLQ-YMDCURPLSA-N,AEMOLEFTQBMNLQ,AEMOLEFTQBMNLQ-YMDCURPLSA-N,unknown,false,6,7,7,5,65
structure,PYMYPHUHKUWMLA-VAYJURFESA-N,PYMYPHUHKUWMLA-VAYJURFESA-N,PYMYPHUHKUWMLA,PYMYPHUHKUWMLA-VAYJURFESA-N,unknown,false,10,10,7,9,78
structure,JLIDBLDQVAYHNE-YKALOCIXSA-N,JLIDBLDQVAYHNE-YKALOCIXSA-N,JLIDBLDQVAYHNE,JLIDBLDQVAYHNE-YKALOCIXSA-N,unknown,false,65,55,36,75,682
structure,JLIDBLDQVAYHNE-KDSIFHRYSA-N,JLIDBLDQVAYHNE-KDSIFHRYSA-N,JLIDBLDQVAYHNE,JLIDBLDQVAYHNE-KDSIFHRYSA-N,unknown,false,72,59,41,53,1043
structure,IAIHUHQCLTYTSF-MRTMQBJTSA-N,IAIHUHQCLTYTSF-MRTMQBJTSA-N,IAIHUHQCLTYTSF,IAIHUHQCLTYTSF-MRTMQBJTSA-N,unknown,false,37,22,10,20,380
structure,ONVABDHFQKWOSV-HPUSYDDDSA-N,ONVABDHFQKWOSV-HPUSYDDDSA-N,ONVABDHFQKWOSV,ONVABDHFQKWOSV-HPUSYDDDSA-N,unknown,false,35,28,18,32,362
structure,IQDXAJNQKSIPGB-WAYIDIRISA-N,IQDXAJNQKSIPGB-WAYIDIRISA-N,IQDXAJNQKSIPGB,IQDXAJNQKSIPGB-WAYIDIRISA-N,unknown,false,6,4,3,4,30
structure,KKOXKGNSUHTUBV-GJZGRUSLSA-N,KKOXKGNSUHTUBV-GJZGRUSLSA-N,KKOXKGNSUHTUBV,KKOXKGNSUHTUBV-GJZGRUSLSA-N,unknown,false,6,4,4,4,74
structure,FQTLCLSUCSAZDY-ATGUSINASA-N,FQTLCLSUCSAZDY-ATGUSINASA-N,FQTLCLSUCSAZDY,FQTLCLSUCSAZDY-ATGUSINASA-N,unknown,false,69,44,15,51,417
structure,OINNEUNVOZHBOX-QIRCYJPOSA-N,OINNEUNVOZHBOX-QIRCYJPOSA-N,OINNEUNVOZHBOX,OINNEUNVOZHBOX-QIRCYJPOSA-N,unknown,false,18,13,14,14,141
structure,VPDZRSSKICPUEY-JEPMYXAXSA-N,VPDZRSSKICPUEY-JEPMYXAXSA-N,VPDZRSSKICPUEY,VPDZRSSKICPUEY-JEPMYXAXSA-N,unknown,false,300,157,48,206,2775
structure,JCAIWDXKLCEQEO-KSAZJLBOSA-N,JCAIWDXKLCEQEO-KSAZJLBOSA-N,JCAIWDXKLCEQEO,JCAIWDXKLCEQEO-KSAZJLBOSA-N,unknown,false,5,5,5,5,63
structure,VWFJDQUYCIWHTN-YFVJMOTDSA-N,VWFJDQUYCIWHTN-YFVJMOTDSA-N,VWFJDQUYCIWHTN,VWFJDQUYCIWHTN-YFVJMOTDSA-N,unknown,false,16,12,13,15,139
structure,CDOSHBSSFJOMGT-JTQLQIEISA-N,CDOSHBSSFJOMGT-JTQLQIEISA-N,CDOSHBSSFJOMGT,CDOSHBSSFJOMGT-JTQLQIEISA-N,unknown,false,69,41,27,42,628
structure,ZAZVCYBIABTSJR-AJMKIUIDSA-N,ZAZVCYBIABTSJR-AJMKIUIDSA-N,ZAZVCYBIABTSJR,ZAZVCYBIABTSJR-AJMKIUIDSA-N,unknown,false,2,2,2,2,20
structure,WGTRJVCFDUCKCM-ASEORRQLSA-N,WGTRJVCFDUCKCM-ASEORRQLSA-N,WGTRJVCFDUCKCM,WGTRJVCFDUCKCM-ASEORRQLSA-N,unknown,false,13,10,7,9,126
structure,GVVPGTZRZFNKDS-JXMROGBWSA-N,GVVPGTZRZFNKDS-JXMROGBWSA-N,GVVPGTZRZFNKDS,GVVPGTZRZFNKDS-JXMROGBWSA-N,unknown,false,19,12,12,14,166
structure,VRDGFDINTZFVNN-QLFBSQMISA-N,VRDGFDINTZFVNN-QLFBSQMISA-N,VRDGFDINTZFVNN,VRDGFDINTZFVNN-QLFBSQMISA-N,unknown,false,1,1,1,1,12
structure,ZOEGQXCAXOUFHN-DDKHUQCISA-N,ZOEGQXCAXOUFHN-DDKHUQCISA-N,ZOEGQXCAXOUFHN,ZOEGQXCAXOUFHN-DDKHUQCISA-N,unknown,false,18,9,4,19,111
structure,CXTMLIMZRPKULL-DDKHUQCISA-N,CXTMLIMZRPKULL-DDKHUQCISA-N,CXTMLIMZRPKULL,CXTMLIMZRPKULL-DDKHUQCISA-N,unknown,false,18,10,4,18,206
structure,MWGXQVSTMXPXIW-VKNJAWFRSA-N,MWGXQVSTMXPXIW-VKNJAWFRSA-N,MWGXQVSTMXPXIW,MWGXQVSTMXPXIW-VKNJAWFRSA-N,unknown,false,1,1,1,1,7
structure,SUSQOBVLVYHIEX-UHFFFAOYSA-N,SUSQOBVLVYHIEX-UHFFFAOYSA-N,SUSQOBVLVYHIEX,SUSQOBVLVYHIEX-UHFFFAOYSA-N,unknown,false,35,22,17,19,353
structure,WBYWAXJHAXSJNI-UHFFFAOYSA-N,WBYWAXJHAXSJNI-UHFFFAOYSA-N,WBYWAXJHAXSJNI,WBYWAXJHAXSJNI-UHFFFAOYSA-N,unknown,false,169,108,69,134,2151
structure,RTWFLPZWHKDFBK-LPUQOGTASA-N,RTWFLPZWHKDFBK-LPUQOGTASA-N,RTWFLPZWHKDFBK,RTWFLPZWHKDFBK-LPUQOGTASA-N,unknown,false,1,1,1,1,16
structure,ZNJFBWYDHIGLCU-HWKXXFMVSA-N,ZNJFBWYDHIGLCU-HWKXXFMVSA-N,ZNJFBWYDHIGLCU,ZNJFBWYDHIGLCU-HWKXXFMVSA-N,unknown,false,20,16,13,27,338
structure,XSPNTRJDTKNMDO-UHFFFAOYSA-N,XSPNTRJDTKNMDO-UHFFFAOYSA-N,XSPNTRJDTKNMDO,XSPNTRJDTKNMDO-UHFFFAOYSA-N,unknown,false,1,1,1,1,16
structure,GEZJVEGHJRPQEX-BZNQNGANSA-N,GEZJVEGHJRPQEX-BZNQNGANSA-N,GEZJVEGHJRPQEX,GEZJVEGHJRPQEX-BZNQNGANSA-N,unknown,false,2,2,2,2,26
structure,SQUOCHQOQMZGQP-REOHCLBHSA-N,SQUOCHQOQMZGQP-REOHCLBHSA-N,SQUOCHQOQMZGQP,SQUOCHQOQMZGQP-REOHCLBHSA-N,unknown,false,1,1,1,1,16
structure,SUVMJBTUFCVSAD-UHFFFAOYSA-N,SUVMJBTUFCVSAD-UHFFFAOYSA-N,SUVMJBTUFCVSAD,SUVMJBTUFCVSAD-UHFFFAOYSA-N,unknown,false,6,3,1,10,130
structure,PHZOWSSBXJXFOR-GLVDENFASA-N,PHZOWSSBXJXFOR-GLVDENFASA-N,PHZOWSSBXJXFOR,PHZOWSSBXJXFOR-GLVDENFASA-N,unknown,false,1,1,1,1,16
structure,FGXYYCWDPYDAOS-UHFFFAOYSA-N,FGXYYCWDPYDAOS-UHFFFAOYSA-N,FGXYYCWDPYDAOS,FGXYYCWDPYDAOS-UHFFFAOYSA-N,unknown,false,2,2,1,2,48
structure,ILGMGHZPXRDCCS-UHFFFAOYSA-N,ILGMGHZPXRDCCS-UHFFFAOYSA-N,ILGMGHZPXRDCCS,ILGMGHZPXRDCCS-UHFFFAOYSA-N,unknown,false,6,6,6,7,100
structure,IVYPNXXAYMYVSP-UHFFFAOYSA-N,IVYPNXXAYMYVSP-UHFFFAOYSA-N,IVYPNXXAYMYVSP,IVYPNXXAYMYVSP-UHFFFAOYSA-N,unknown,false,10,7,5,11,123
structure,XMIIGOLPHOKFCH-UHFFFAOYSA-N,XMIIGOLPHOKFCH-UHFFFAOYSA-N,XMIIGOLPHOKFCH,XMIIGOLPHOKFCH-UHFFFAOYSA-N,unknown,false,47,21,20,22,457
structure,CWOJBEDMJKZKAB-JZYAIQKZSA-N,CWOJBEDMJKZKAB-JZYAIQKZSA-N,CWOJBEDMJKZKAB,CWOJBEDMJKZKAB-JZYAIQKZSA-N,unknown,false,2,2,2,4,60
structure,SYTYLPHCLSSCOJ-UHFFFAOYSA-N,SYTYLPHCLSSCOJ-UHFFFAOYSA-N,SYTYLPHCLSSCOJ,SYTYLPHCLSSCOJ-UHFFFAOYSA-N,unknown,false,87,54,21,72,1107
structure,FLURSKCCKANNKS-UHFFFAOYSA-N,FLURSKCCKANNKS-UHFFFAOYSA-N,FLURSKCCKANNKS,FLURSKCCKANNKS-UHFFFAOYSA-N,unknown,false,1,1,1,1,16
structure,SFSJZXMDTNDWIX-UHFFFAOYSA-N,SFSJZXMDTNDWIX-UHFFFAOYSA-N,SFSJZXMDTNDWIX,SFSJZXMDTNDWIX-UHFFFAOYSA-N,unknown,false,1,1,1,1,16
structure,BFBMDZOSZQDEKW-UHFFFAOYSA-N,BFBMDZOSZQDEKW-UHFFFAOYSA-N,BFBMDZOSZQDEKW,BFBMDZOSZQDEKW-UHFFFAOYSA-N,unknown,false,2,2,1,2,32
structure,RFMWHKQIFOKKGC-UHFFFAOYSA-N,RFMWHKQIFOKKGC-UHFFFAOYSA-N,RFMWHKQIFOKKGC,RFMWHKQIFOKKGC-UHFFFAOYSA-N,unknown,false,1,1,1,1,16
structure,XYOSMXFVURVKBE-UHFFFAOYSA-N,XYOSMXFVURVKBE-UHFFFAOYSA-N,XYOSMXFVURVKBE,XYOSMXFVURVKBE-UHFFFAOYSA-N,unknown,false,1,1,1,1,16
structure,PMTMAFAPLCGXGK-JMTMCXQRSA-N,PMTMAFAPLCGXGK-JMTMCXQRSA-N,PMTMAFAPLCGXGK,PMTMAFAPLCGXGK-JMTMCXQRSA-N,unknown,false,2,2,2,2,23
structure,SXFSQZDSUWACKX-UHFFFAOYSA-N,SXFSQZDSUWACKX-UHFFFAOYSA-N,SXFSQZDSUWACKX,SXFSQZDSUWACKX-UHFFFAOYSA-N,unknown,false,3,3,3,5,58
structure,IYODIJVWGPRBGQ-UHFFFAOYSA-N,IYODIJVWGPRBGQ-UHFFFAOYSA-N,IYODIJVWGPRBGQ,IYODIJVWGPRBGQ-UHFFFAOYSA-N,unknown,false,4,2,1,7,120
structure,GJXGLYODFWLYHO-PNNKGAHQSA-N,GJXGLYODFWLYHO-PNNKGAHQSA-N,GJXGLYODFWLYHO,GJXGLYODFWLYHO-PNNKGAHQSA-N,unknown,false,1,1,1,1,16
structure,ZYGHJZDHTFUPRJ-UHFFFAOYSA-N,ZYGHJZDHTFUPRJ-UHFFFAOYSA-N,ZYGHJZDHTFUPRJ,ZYGHJZDHTFUPRJ-UHFFFAOYSA-N,unknown,false,136,81,48,124,1878
structure,SEOVTRFCIGRIMH-UHFFFAOYSA-N,SEOVTRFCIGRIMH-UHFFFAOYSA-N,SEOVTRFCIGRIMH,SEOVTRFCIGRIMH-UHFFFAOYSA-N,unknown,false,79,55,43,92,1466
structure,IMQUXUBOZWPMFX-UHFFFAOYSA-N,IMQUXUBOZWPMFX-UHFFFAOYSA-N,IMQUXUBOZWPMFX,IMQUXUBOZWPMFX-UHFFFAOYSA-N,unknown,false,1,1,1,1,16
structure,ZNEJWXHAVJTYSO-RUSIJVCESA-N,ZNEJWXHAVJTYSO-RUSIJVCESA-N,ZNEJWXHAVJTYSO,ZNEJWXHAVJTYSO-RUSIJVCESA-N,unknown,false,2,2,2,2,30
structure,HKIBRYCZLMJRFT-UHFFFAOYSA-N,HKIBRYCZLMJRFT-UHFFFAOYSA-N,HKIBRYCZLMJRFT,HKIBRYCZLMJRFT-UHFFFAOYSA-N,unknown,false,1,1,1,2,32
structure,KMAKOBLIOCQGJP-UHFFFAOYSA-N,KMAKOBLIOCQGJP-UHFFFAOYSA-N,KMAKOBLIOCQGJP,KMAKOBLIOCQGJP-UHFFFAOYSA-N,unknown,false,42,36,28,41,642
structure,KOWMJRJXZMEZLD-UHFFFAOYSA-N,KOWMJRJXZMEZLD-UHFFFAOYSA-N,KOWMJRJXZMEZLD,KOWMJRJXZMEZLD-UHFFFAOYSA-N,unknown,false,126,76,50,71,1215
structure,DDELFAUOHDSZJL-CPGGTDLHSA-N,DDELFAUOHDSZJL-CPGGTDLHSA-N,DDELFAUOHDSZJL,DDELFAUOHDSZJL-CPGGTDLHSA-N,unknown,false,7,6,4,6,82
structure,FHYQIQMSODIFCP-ZZXKWVIFSA-N,FHYQIQMSODIFCP-ZZXKWVIFSA-N,FHYQIQMSODIFCP,FHYQIQMSODIFCP-ZZXKWVIFSA-N,unknown,false,1,1,1,1,16
structure,WXIACXAKMZPXKX-AJZPPWIDSA-N,WXIACXAKMZPXKX-AJZPPWIDSA-N,WXIACXAKMZPXKX,WXIACXAKMZPXKX-AJZPPWIDSA-N,unknown,false,1,1,1,1,16
structure,OVRNDRQMDRJTHS-FMDGEEDCSA-N,OVRNDRQMDRJTHS-FMDGEEDCSA-N,OVRNDRQMDRJTHS,OVRNDRQMDRJTHS-FMDGEEDCSA-N,unknown,false,2,2,2,3,34
structure,IIAGSABLXRZUSE-UFRBAHOGSA-N,IIAGSABLXRZUSE-UFRBAHOGSA-N,IIAGSABLXRZUSE,IIAGSABLXRZUSE-UFRBAHOGSA-N,unknown,false,3,3,3,4,58
structure,DNDNWOWHUWNBCK-NMIPTCLMSA-N,DNDNWOWHUWNBCK-NMIPTCLMSA-N,DNDNWOWHUWNBCK,DNDNWOWHUWNBCK-NMIPTCLMSA-N,unknown,false,2,2,1,3,48
structure,JXYGLMATGAAIBU-UHFFFAOYSA-N,JXYGLMATGAAIBU-UHFFFAOYSA-N,JXYGLMATGAAIBU,JXYGLMATGAAIBU-UHFFFAOYSA-N,unknown,false,1,1,1,2,32
structure,SJHVRBSHKTUXLG-LFHLZQBKSA-N,SJHVRBSHKTUXLG-LFHLZQBKSA-N,SJHVRBSHKTUXLG,SJHVRBSHKTUXLG-LFHLZQBKSA-N,unknown,false,1,1,1,1,16
structure,FSNCEEGOMTYXKY-UHFFFAOYSA-N,FSNCEEGOMTYXKY-UHFFFAOYSA-N,FSNCEEGOMTYXKY,FSNCEEGOMTYXKY-UHFFFAOYSA-N,unknown,false,2,2,2,3,54
structure,DYRUQHNXUJVUOG-XBXARRHUSA-N,DYRUQHNXUJVUOG-XBXARRHUSA-N,DYRUQHNXUJVUOG,DYRUQHNXUJVUOG-XBXARRHUSA-N,unknown,false,1,1,1,1,16
structure,KDEUQTJCZQGNJS-XBXARRHUSA-N,KDEUQTJCZQGNJS-XBXARRHUSA-N,KDEUQTJCZQGNJS,KDEUQTJCZQGNJS-XBXARRHUSA-N,unknown,false,1,1,1,1,16
structure,MKYUCBXUUSZMQB-MKZMYESJSA-N,MKYUCBXUUSZMQB-MKZMYESJSA-N,MKYUCBXUUSZMQB,MKYUCBXUUSZMQB-MKZMYESJSA-N,unknown,false,6,6,6,6,66
structure,QLBZIZLLMNWTHG-UHFFFAOYSA-N,QLBZIZLLMNWTHG-UHFFFAOYSA-N,QLBZIZLLMNWTHG,QLBZIZLLMNWTHG-UHFFFAOYSA-N,unknown,false,1,1,1,1,16
structure,SFLMUHDGSQZDOW-FAOXUISGSA-N,SFLMUHDGSQZDOW-FAOXUISGSA-N,SFLMUHDGSQZDOW,SFLMUHDGSQZDOW-FAOXUISGSA-N,unknown,false,74,50,33,72,797
structure,OQZPHKHJQADXAS-CKMVWSRUSA-N,OQZPHKHJQADXAS-CKMVWSRUSA-N,OQZPHKHJQADXAS,OQZPHKHJQADXAS-CKMVWSRUSA-N,unknown,false,1,1,1,1,16
structure,PKKMITFKYRCCOL-CMZRPVNOSA-N,PKKMITFKYRCCOL-CMZRPVNOSA-N,PKKMITFKYRCCOL,PKKMITFKYRCCOL-CMZRPVNOSA-N,unknown,false,2,2,2,3,38
structure,LRLNKLFTNOIZNI-LYXBDTNHSA-N,LRLNKLFTNOIZNI-LYXBDTNHSA-N,LRLNKLFTNOIZNI,LRLNKLFTNOIZNI-LYXBDTNHSA-N,unknown,false,1,1,1,1,16
structure,MHXCIKYXNYCMHY-SXGZJXTBSA-N,MHXCIKYXNYCMHY-SXGZJXTBSA-N,MHXCIKYXNYCMHY,MHXCIKYXNYCMHY-SXGZJXTBSA-N,unknown,false,20,15,12,21,222
structure,VDMHTGWQLREBFW-ZZXKWVIFSA-N,VDMHTGWQLREBFW-ZZXKWVIFSA-N,VDMHTGWQLREBFW,VDMHTGWQLREBFW-ZZXKWVIFSA-N,unknown,false,1,1,1,1,16
structure,HVFBFUUUEIXKJL-INOXDZRUSA-N,HVFBFUUUEIXKJL-INOXDZRUSA-N,HVFBFUUUEIXKJL,HVFBFUUUEIXKJL-INOXDZRUSA-N,unknown,false,1,1,1,1,16
structure,MHXCIKYXNYCMHY-AUSJPIAWSA-N,MHXCIKYXNYCMHY-AUSJPIAWSA-N,MHXCIKYXNYCMHY,MHXCIKYXNYCMHY-AUSJPIAWSA-N,unknown,false,133,92,55,69,1831
structure,PUZLVBQOZIVDKI-UHFFFAOYSA-N,PUZLVBQOZIVDKI-UHFFFAOYSA-N,PUZLVBQOZIVDKI,PUZLVBQOZIVDKI-UHFFFAOYSA-N,unknown,false,1,1,1,1,16
structure,QRXRWDDFTQIZAV-UHFFFAOYSA-N,QRXRWDDFTQIZAV-UHFFFAOYSA-N,QRXRWDDFTQIZAV,QRXRWDDFTQIZAV-UHFFFAOYSA-N,unknown,false,1,1,1,1,16
structure,KVKJZZMEYYZNDI-CKMVWSRUSA-N,KVKJZZMEYYZNDI-CKMVWSRUSA-N,KVKJZZMEYYZNDI,KVKJZZMEYYZNDI-CKMVWSRUSA-N,unknown,false,1,1,1,1,16
structure,GKUMMDFLKGFCKH-AHMUMSBHSA-N,GKUMMDFLKGFCKH-AHMUMSBHSA-N,GKUMMDFLKGFCKH,GKUMMDFLKGFCKH-AHMUMSBHSA-N,unknown,false,4,2,1,2,30
structure,YTBSYETUWUMLBZ-IUYQGCFVSA-N,YTBSYETUWUMLBZ-IUYQGCFVSA-N,YTBSYETUWUMLBZ,YTBSYETUWUMLBZ-IUYQGCFVSA-N,unknown,false,6,6,7,5,63
structure,GLYJVQDYLFAUFC-UHFFFAOYSA-N,GLYJVQDYLFAUFC-UHFFFAOYSA-N,GLYJVQDYLFAUFC,GLYJVQDYLFAUFC-UHFFFAOYSA-N,unknown,false,2,2,2,2,22
structure,GAHLHXRCZDVQSW-UHFFFAOYSA-N,GAHLHXRCZDVQSW-UHFFFAOYSA-N,GAHLHXRCZDVQSW,GAHLHXRCZDVQSW-UHFFFAOYSA-N,unknown,false,1,1,1,1,16
structure,YKDYCKHEKOEVJM-UHFFFAOYSA-N,YKDYCKHEKOEVJM-UHFFFAOYSA-N,YKDYCKHEKOEVJM,YKDYCKHEKOEVJM-UHFFFAOYSA-N,unknown,false,1,1,1,1,16
structure,ZAKICGFSIJSCSF-LPUQOGTASA-N,ZAKICGFSIJSCSF-LPUQOGTASA-N,ZAKICGFSIJSCSF,ZAKICGFSIJSCSF-LPUQOGTASA-N,unknown,false,2,2,2,2,28
structure,LQZALQLZOQQFGM-MMLSCURJSA-N,LQZALQLZOQQFGM-MMLSCURJSA-N,LQZALQLZOQQFGM,LQZALQLZOQQFGM-MMLSCURJSA-N,unknown,false,1,1,1,1,16
structure,MEFPHTVXBPLRLX-CBEPRAPJSA-N,MEFPHTVXBPLRLX-CBEPRAPJSA-N,MEFPHTVXBPLRLX,MEFPHTVXBPLRLX-CBEPRAPJSA-N,unknown,false,2,2,2,2,28
structure,NYHBQMYGNKIUIF-UUOKFMHZSA-N,NYHBQMYGNKIUIF-UUOKFMHZSA-N,NYHBQMYGNKIUIF,NYHBQMYGNKIUIF-UUOKFMHZSA-N,unknown,false,32,29,28,29,323
structure,GYYOKOIBHIWNHE-UHFFFAOYSA-N,GYYOKOIBHIWNHE-UHFFFAOYSA-N,GYYOKOIBHIWNHE,GYYOKOIBHIWNHE-UHFFFAOYSA-N,unknown,false,1,1,1,1,16
structure,CAAULPUQFIIOTL-UHFFFAOYSA-N,CAAULPUQFIIOTL-UHFFFAOYSA-N,CAAULPUQFIIOTL,CAAULPUQFIIOTL-UHFFFAOYSA-N,unknown,false,14,7,8,8,154
structure,XVGBKWQWYRNGDG-UHFFFAOYSA-N,XVGBKWQWYRNGDG-UHFFFAOYSA-N,XVGBKWQWYRNGDG,XVGBKWQWYRNGDG-UHFFFAOYSA-N,unknown,false,1,1,1,1,16
structure,TWYBESPQJGNNCX-OAHLLOKOSA-N,TWYBESPQJGNNCX-OAHLLOKOSA-N,TWYBESPQJGNNCX,TWYBESPQJGNNCX-OAHLLOKOSA-N,unknown,false,1,1,1,1,16
structure,HUCGRJSHMZWRQQ-PWGYDFSISA-N,HUCGRJSHMZWRQQ-PWGYDFSISA-N,HUCGRJSHMZWRQQ,HUCGRJSHMZWRQQ-PWGYDFSISA-N,unknown,false,3,2,1,2,30
structure,DDGLFRJITJFPDK-ZZXKWVIFSA-N,DDGLFRJITJFPDK-ZZXKWVIFSA-N,DDGLFRJITJFPDK,DDGLFRJITJFPDK-ZZXKWVIFSA-N,unknown,false,1,1,1,1,16
structure,FBFJELLIZHWAOM-UHFFFAOYSA-N,FBFJELLIZHWAOM-UHFFFAOYSA-N,FBFJELLIZHWAOM,FBFJELLIZHWAOM-UHFFFAOYSA-N,unknown,false,1,1,1,1,16
structure,QJVXKWHHAMZTBY-GCPOEHJPSA-N,QJVXKWHHAMZTBY-GCPOEHJPSA-N,QJVXKWHHAMZTBY,QJVXKWHHAMZTBY-GCPOEHJPSA-N,unknown,false,144,85,45,178,1965
structure,WVKDDHFUHISZRK-OAHLLOKOSA-N,WVKDDHFUHISZRK-OAHLLOKOSA-N,WVKDDHFUHISZRK,WVKDDHFUHISZRK-OAHLLOKOSA-N,unknown,false,1,1,1,1,16
structure,MDIUMSLCYIJBQC-YPKPFQOOSA-N,MDIUMSLCYIJBQC-YPKPFQOOSA-N,MDIUMSLCYIJBQC,MDIUMSLCYIJBQC-YPKPFQOOSA-N,unknown,false,1,1,1,1,16
structure,NEMIGFQIONIZCH-UHFFFAOYSA-N,NEMIGFQIONIZCH-UHFFFAOYSA-N,NEMIGFQIONIZCH,NEMIGFQIONIZCH-UHFFFAOYSA-N,unknown,false,1,1,1,1,16
structure,UPGLJTCDRBIZKP-KYOSRNDESA-N,UPGLJTCDRBIZKP-KYOSRNDESA-N,UPGLJTCDRBIZKP,UPGLJTCDRBIZKP-KYOSRNDESA-N,unknown,false,11,10,7,10,110
structure,GXEGJTGWYVZSNR-JEKCHIPQSA-N,GXEGJTGWYVZSNR-JEKCHIPQSA-N,GXEGJTGWYVZSNR,GXEGJTGWYVZSNR-JEKCHIPQSA-N,unknown,false,4,4,3,4,42
structure,CRCRWSPYNRCZFN-UHFFFAOYSA-N,CRCRWSPYNRCZFN-UHFFFAOYSA-N,CRCRWSPYNRCZFN,CRCRWSPYNRCZFN-UHFFFAOYSA-N,unknown,false,33,14,2,19,263
structure,VADSVXSGIFBZLI-IBEHDNSVSA-N,VADSVXSGIFBZLI-IBEHDNSVSA-N,VADSVXSGIFBZLI,VADSVXSGIFBZLI-IBEHDNSVSA-N,unknown,false,23,22,9,24,177
structure,DKZBBWMURDFHNE-NSCUHMNNSA-N,DKZBBWMURDFHNE-NSCUHMNNSA-N,DKZBBWMURDFHNE,DKZBBWMURDFHNE-NSCUHMNNSA-N,unknown,false,112,78,46,99,1100
structure,FTFPXINQVCVDEY-UHFFFAOYSA-N,FTFPXINQVCVDEY-UHFFFAOYSA-N,FTFPXINQVCVDEY,FTFPXINQVCVDEY-UHFFFAOYSA-N,unknown,false,6,4,3,3,62
structure,VRELCUVYUBGICK-UHFFFAOYSA-N,VRELCUVYUBGICK-UHFFFAOYSA-N,VRELCUVYUBGICK,VRELCUVYUBGICK-UHFFFAOYSA-N,unknown,false,1,1,1,1,18
structure,WGFNRTMBWBECCH-QFBILLFUSA-N,WGFNRTMBWBECCH-QFBILLFUSA-N,WGFNRTMBWBECCH,WGFNRTMBWBECCH-QFBILLFUSA-N,unknown,false,1,1,1,1,6
structure,VRELCUVYUBGICK-BJMVGYQFSA-N,VRELCUVYUBGICK-BJMVGYQFSA-N,VRELCUVYUBGICK,VRELCUVYUBGICK-BJMVGYQFSA-N,unknown,false,1,1,1,1,6
structure,DKZBBWMURDFHNE-UHFFFAOYSA-N,DKZBBWMURDFHNE-UHFFFAOYSA-N,DKZBBWMURDFHNE,DKZBBWMURDFHNE-UHFFFAOYSA-N,unknown,false,96,66,47,80,1160
structure,MWOOGOJBHIARFG-UHFFFAOYSA-N,MWOOGOJBHIARFG-UHFFFAOYSA-N,MWOOGOJBHIARFG,MWOOGOJBHIARFG-UHFFFAOYSA-N,unknown,false,247,156,70,253,4042
structure,NMNZUBDWSACNNK-URLMMPGGSA-N,NMNZUBDWSACNNK-URLMMPGGSA-N,NMNZUBDWSACNNK,NMNZUBDWSACNNK-URLMMPGGSA-N,unknown,false,1,1,1,1,6
structure,SCZVLDHREVKTSH-UHFFFAOYSA-N,SCZVLDHREVKTSH-UHFFFAOYSA-N,SCZVLDHREVKTSH,SCZVLDHREVKTSH-UHFFFAOYSA-N,unknown,false,249,150,52,211,3370
structure,KICKMJLVAFILTB-CONSDPRKSA-N,KICKMJLVAFILTB-CONSDPRKSA-N,KICKMJLVAFILTB,KICKMJLVAFILTB-CONSDPRKSA-N,unknown,false,1,1,1,1,6
structure,MIJYXULNPSFWEK-GTOFXWBISA-N,MIJYXULNPSFWEK-GTOFXWBISA-N,MIJYXULNPSFWEK,MIJYXULNPSFWEK-GTOFXWBISA-N,unknown,false,801,421,110,767,9270
structure,UXGVMFHEKMGWMA-UHFFFAOYSA-N,UXGVMFHEKMGWMA-UHFFFAOYSA-N,UXGVMFHEKMGWMA,UXGVMFHEKMGWMA-UHFFFAOYSA-N,unknown,false,1,1,1,1,12
structure,UYGQRNGRAZQGAB-MUAVYFROSA-N,UYGQRNGRAZQGAB-MUAVYFROSA-N,UYGQRNGRAZQGAB,UYGQRNGRAZQGAB-MUAVYFROSA-N,unknown,false,1,1,1,1,6
structure,IHJFUBOOWFHEMB-UHFFFAOYSA-N,IHJFUBOOWFHEMB-UHFFFAOYSA-N,IHJFUBOOWFHEMB,IHJFUBOOWFHEMB-UHFFFAOYSA-N,unknown,false,4,3,3,3,40
structure,FZWAPOLATYIVKF-UHFFFAOYSA-N,FZWAPOLATYIVKF-UHFFFAOYSA-N,FZWAPOLATYIVKF,FZWAPOLATYIVKF-UHFFFAOYSA-N,unknown,false,1,1,1,1,12
structure,VQGNXLGTEYJCKS-UHFFFAOYSA-N,VQGNXLGTEYJCKS-UHFFFAOYSA-N,VQGNXLGTEYJCKS,VQGNXLGTEYJCKS-UHFFFAOYSA-N,unknown,false,1,1,1,1,12
structure,KETPSFSOGFKJJY-UHFFFAOYSA-N,KETPSFSOGFKJJY-UHFFFAOYSA-N,KETPSFSOGFKJJY,KETPSFSOGFKJJY-UHFFFAOYSA-N,unknown,false,8,7,5,7,97
structure,FEUZDFRCUJDPQF-ZAQUEYBZSA-N,FEUZDFRCUJDPQF-ZAQUEYBZSA-N,FEUZDFRCUJDPQF,FEUZDFRCUJDPQF-ZAQUEYBZSA-N,unknown,false,1,1,1,1,6
structure,BEYRARVOHDHKTG-UHFFFAOYSA-N,BEYRARVOHDHKTG-UHFFFAOYSA-N,BEYRARVOHDHKTG,BEYRARVOHDHKTG-UHFFFAOYSA-N,unknown,false,4,3,2,3,32
structure,TZPBMNKOLMSJPF-BZNQNGANSA-N,TZPBMNKOLMSJPF-BZNQNGANSA-N,TZPBMNKOLMSJPF,TZPBMNKOLMSJPF-BZNQNGANSA-N,unknown,false,6,6,2,2,63
structure,QCIGTAPXKGNROR-GDYWFKHXSA-N,QCIGTAPXKGNROR-GDYWFKHXSA-N,QCIGTAPXKGNROR,QCIGTAPXKGNROR-GDYWFKHXSA-N,unknown,false,3,3,2,1,42
structure,JYFOSWJYZIVJPO-UHFFFAOYSA-N,JYFOSWJYZIVJPO-UHFFFAOYSA-N,JYFOSWJYZIVJPO,JYFOSWJYZIVJPO-UHFFFAOYSA-N,unknown,false,13,12,6,3,151
structure,CPPDWYIPKSSNNM-UHFFFAOYSA-N,CPPDWYIPKSSNNM-UHFFFAOYSA-N,CPPDWYIPKSSNNM,CPPDWYIPKSSNNM-UHFFFAOYSA-N,unknown,false,2,2,2,2,28
structure,IEHDJWSAXBGJIP-RYUDHWBXSA-N,IEHDJWSAXBGJIP-RYUDHWBXSA-N,IEHDJWSAXBGJIP,IEHDJWSAXBGJIP-RYUDHWBXSA-N,unknown,false,2,2,2,2,22
structure,QJKMCQRFHJRIPU-XDTLVQLUSA-N,QJKMCQRFHJRIPU-XDTLVQLUSA-N,QJKMCQRFHJRIPU,QJKMCQRFHJRIPU-XDTLVQLUSA-N,unknown,false,1,1,1,1,16
structure,PUEDDPCUCPRQNY-ZYUZMQFOSA-O,PUEDDPCUCPRQNY-ZYUZMQFOSA-O,PUEDDPCUCPRQNY,PUEDDPCUCPRQNY-ZYUZMQFOSA-O,unknown,false,4,4,4,3,47
structure,HRAXJWRHSUTMCS-UHFFFAOYSA-N,HRAXJWRHSUTMCS-UHFFFAOYSA-N,HRAXJWRHSUTMCS,HRAXJWRHSUTMCS-UHFFFAOYSA-N,unknown,false,2,2,2,2,26
structure,IMMPMHKLUUZKAZ-WMZOPIPTSA-N,IMMPMHKLUUZKAZ-WMZOPIPTSA-N,IMMPMHKLUUZKAZ,IMMPMHKLUUZKAZ-WMZOPIPTSA-N,unknown,false,1,1,1,1,16
structure,OYKAXBUWOIRLGF-VMBRNALUSA-N,OYKAXBUWOIRLGF-VMBRNALUSA-N,OYKAXBUWOIRLGF,OYKAXBUWOIRLGF-VMBRNALUSA-N,unknown,false,2,2,2,2,32
structure,PBUXMVYWOSKHMF-WDSKDSINSA-N,PBUXMVYWOSKHMF-WDSKDSINSA-N,PBUXMVYWOSKHMF,PBUXMVYWOSKHMF-WDSKDSINSA-N,unknown,false,1,1,1,1,16
structure,KGVHCTWYMPWEGN-FSPLSTOPSA-N,KGVHCTWYMPWEGN-FSPLSTOPSA-N,KGVHCTWYMPWEGN,KGVHCTWYMPWEGN-FSPLSTOPSA-N,unknown,false,2,2,2,2,28
structure,TYUPZTIJMKMYHL-ZRDIBKRKSA-N,TYUPZTIJMKMYHL-ZRDIBKRKSA-N,TYUPZTIJMKMYHL,TYUPZTIJMKMYHL-ZRDIBKRKSA-N,unknown,false,1,1,1,1,16
structure,IDKLJIUIJUVJNR-JSEKUSAISA-N,IDKLJIUIJUVJNR-JSEKUSAISA-N,IDKLJIUIJUVJNR,IDKLJIUIJUVJNR-JSEKUSAISA-N,unknown,false,2,2,2,2,28
structure,OMSJCIOTCFHSIT-KNUOEEMSSA-N,OMSJCIOTCFHSIT-KNUOEEMSSA-N,OMSJCIOTCFHSIT,OMSJCIOTCFHSIT-KNUOEEMSSA-N,unknown,false,1,1,1,2,32
structure,OGGRSJFVXREKOR-CIUDSAMLSA-N,OGGRSJFVXREKOR-CIUDSAMLSA-N,OGGRSJFVXREKOR,OGGRSJFVXREKOR-CIUDSAMLSA-N,unknown,false,1,1,1,1,16
structure,DGUIKAVSMBLZCL-MKSLXUROSA-N,DGUIKAVSMBLZCL-MKSLXUROSA-N,DGUIKAVSMBLZCL,DGUIKAVSMBLZCL-MKSLXUROSA-N,unknown,false,1,1,1,1,16
structure,LFUCRBSGQMAKCO-UHFFFAOYSA-N,LFUCRBSGQMAKCO-UHFFFAOYSA-N,LFUCRBSGQMAKCO,LFUCRBSGQMAKCO-UHFFFAOYSA-N,unknown,false,2,2,2,2,28
structure,XMJFVIGTHMOGNZ-AHMUMSBHSA-N,XMJFVIGTHMOGNZ-AHMUMSBHSA-N,XMJFVIGTHMOGNZ,XMJFVIGTHMOGNZ-AHMUMSBHSA-N,unknown,false,14,4,1,4,158
structure,NPAGDVCDWIYMMC-IZPLOLCNSA-N,NPAGDVCDWIYMMC-IZPLOLCNSA-N,NPAGDVCDWIYMMC,NPAGDVCDWIYMMC-IZPLOLCNSA-N,unknown,false,1,1,1,1,16
structure,PPQRSMGDOHLTBE-UWVGGRQHSA-N,PPQRSMGDOHLTBE-UWVGGRQHSA-N,PPQRSMGDOHLTBE,PPQRSMGDOHLTBE-UWVGGRQHSA-N,unknown,false,1,1,1,1,16
structure,LELAOEBVZLPXAZ-UHFFFAOYSA-N,LELAOEBVZLPXAZ-UHFFFAOYSA-N,LELAOEBVZLPXAZ,LELAOEBVZLPXAZ-UHFFFAOYSA-N,unknown,false,1,1,1,1,16
structure,TWFZGCMQGLPBSX-UHFFFAOYSA-N,TWFZGCMQGLPBSX-UHFFFAOYSA-N,TWFZGCMQGLPBSX,TWFZGCMQGLPBSX-UHFFFAOYSA-N,active,true,3,3,3,3,42
structure,VOXZDWNPVJITMN-WKUFJEKOSA-N,VOXZDWNPVJITMN-WKUFJEKOSA-N,VOXZDWNPVJITMN,VOXZDWNPVJITMN-WKUFJEKOSA-N,unknown,false,1,1,1,1,16
structure,PYSODLWHFWCFLV-VJBFNVCUSA-N,PYSODLWHFWCFLV-VJBFNVCUSA-N,PYSODLWHFWCFLV,PYSODLWHFWCFLV-VJBFNVCUSA-N,unknown,false,2,2,2,2,22
structure,OBFAPCIUSYHFIE-UHFFFAOYSA-N,OBFAPCIUSYHFIE-UHFFFAOYSA-N,OBFAPCIUSYHFIE,OBFAPCIUSYHFIE-UHFFFAOYSA-N,unknown,false,2,2,2,2,22
structure,ZSOICJZJSRWNHX-ACZMJKKPSA-N,ZSOICJZJSRWNHX-ACZMJKKPSA-N,ZSOICJZJSRWNHX,ZSOICJZJSRWNHX-ACZMJKKPSA-N,unknown,false,1,1,1,1,16
structure,JBCLFWXMTIKCCB-VIFPVBQESA-N,JBCLFWXMTIKCCB-VIFPVBQESA-N,JBCLFWXMTIKCCB,JBCLFWXMTIKCCB-VIFPVBQESA-N,unknown,false,1,1,1,1,16
structure,TVWOTZQAXZHSLO-UHFFFAOYSA-N,TVWOTZQAXZHSLO-UHFFFAOYSA-N,TVWOTZQAXZHSLO,TVWOTZQAXZHSLO-UHFFFAOYSA-N,unknown,false,1,1,1,1,16
structure,PROQIPRRNZUXQM-ZXXIGWHRSA-N,PROQIPRRNZUXQM-ZXXIGWHRSA-N,PROQIPRRNZUXQM,PROQIPRRNZUXQM-ZXXIGWHRSA-N,unknown,false,5,5,5,5,53
structure,SYAWGTIVOGUZMM-ILYOTBPNSA-N,SYAWGTIVOGUZMM-ILYOTBPNSA-N,SYAWGTIVOGUZMM,SYAWGTIVOGUZMM-ILYOTBPNSA-N,unknown,false,1,1,1,1,16
structure,YVOCTABTPCVYNG-UHFFFAOYSA-N,YVOCTABTPCVYNG-UHFFFAOYSA-N,YVOCTABTPCVYNG,YVOCTABTPCVYNG-UHFFFAOYSA-N,unknown,false,1,1,1,1,16
structure,YGJTUEISKATQSM-USWFWKISSA-N,YGJTUEISKATQSM-USWFWKISSA-N,YGJTUEISKATQSM,YGJTUEISKATQSM-USWFWKISSA-N,unknown,false,1,1,1,1,16
structure,OXVUXGFZHDKYLS-BLIWDXROSA-N,OXVUXGFZHDKYLS-BLIWDXROSA-N,OXVUXGFZHDKYLS,OXVUXGFZHDKYLS-BLIWDXROSA-N,unknown,false,117,65,23,104,1230
structure,FVWJYYTZTCVBKE-ROUWMTJPSA-N,FVWJYYTZTCVBKE-ROUWMTJPSA-N,FVWJYYTZTCVBKE,FVWJYYTZTCVBKE-ROUWMTJPSA-N,unknown,false,305,153,74,221,3764
structure,PFCVZKFJHRCLCC-PGOIBATFSA-N,PFCVZKFJHRCLCC-PGOIBATFSA-N,PFCVZKFJHRCLCC,PFCVZKFJHRCLCC-PGOIBATFSA-N,unknown,false,26,21,13,25,297
structure,ZZTYPLSBNNGEIS-OPAXANQDSA-N,ZZTYPLSBNNGEIS-OPAXANQDSA-N,ZZTYPLSBNNGEIS,ZZTYPLSBNNGEIS-OPAXANQDSA-N,unknown,false,69,52,23,66,754
structure,QGJZLNKBHJESQX-FZFNOLFKSA-N,QGJZLNKBHJESQX-FZFNOLFKSA-N,QGJZLNKBHJESQX,QGJZLNKBHJESQX-FZFNOLFKSA-N,inactive,true,478,245,95,422,5605
structure,YYGNTYWPHWGJRM-AAJYLUCBSA-N,YYGNTYWPHWGJRM-AAJYLUCBSA-N,YYGNTYWPHWGJRM,YYGNTYWPHWGJRM-AAJYLUCBSA-N,unknown,false,275,206,88,242,2658
structure,CWLQUGTUXBXTLF-YFKPBYRVSA-N,CWLQUGTUXBXTLF-YFKPBYRVSA-N,CWLQUGTUXBXTLF,CWLQUGTUXBXTLF-YFKPBYRVSA-N,unknown,false,17,8,6,7,139
structure,OEYUUCWCJJESQQ-UHFFFAOYSA-N,OEYUUCWCJJESQQ-UHFFFAOYSA-N,OEYUUCWCJJESQQ,OEYUUCWCJJESQQ-UHFFFAOYSA-N,unknown,false,1,1,1,1,10
structure,UMLJBUDQQKWIRA-UHFFFAOYSA-N,UMLJBUDQQKWIRA-UHFFFAOYSA-N,UMLJBUDQQKWIRA,UMLJBUDQQKWIRA-UHFFFAOYSA-N,unknown,false,1,1,1,1,5
structure,DFQIEWAIVQDQOB-UHFFFAOYSA-N,DFQIEWAIVQDQOB-UHFFFAOYSA-N,DFQIEWAIVQDQOB,DFQIEWAIVQDQOB-UHFFFAOYSA-N,unknown,false,1,1,1,1,15
structure,QIDSVRONUDDBDA-UHFFFAOYSA-N,QIDSVRONUDDBDA-UHFFFAOYSA-N,QIDSVRONUDDBDA,QIDSVRONUDDBDA-UHFFFAOYSA-N,unknown,false,1,1,1,1,15
structure,JWVDZXNFGDETQE-UHFFFAOYSA-N,JWVDZXNFGDETQE-UHFFFAOYSA-N,JWVDZXNFGDETQE,JWVDZXNFGDETQE-UHFFFAOYSA-N,unknown,false,2,2,2,2,30
structure,BDHQMRXFDYJGII-UHFFFAOYSA-N,BDHQMRXFDYJGII-UHFFFAOYSA-N,BDHQMRXFDYJGII,BDHQMRXFDYJGII-UHFFFAOYSA-N,unknown,false,20,9,11,16,343
structure,FMIPNAUMSPFTHK-BRJRFNKRSA-N,FMIPNAUMSPFTHK-BRJRFNKRSA-N,FMIPNAUMSPFTHK,FMIPNAUMSPFTHK-BRJRFNKRSA-N,unknown,false,1,1,1,1,5
structure,BDHQMRXFDYJGII-UEBIAWITSA-N,BDHQMRXFDYJGII-UEBIAWITSA-N,BDHQMRXFDYJGII,BDHQMRXFDYJGII-UEBIAWITSA-N,unknown,false,139,82,49,101,1698
structure,YYGNTYWPHWGJRM-UHFFFAOYSA-N,YYGNTYWPHWGJRM-UHFFFAOYSA-N,YYGNTYWPHWGJRM,YYGNTYWPHWGJRM-UHFFFAOYSA-N,unknown,false,152,121,45,127,1638
structure,HAUKPNFAKZOCFZ-UHFFFAOYSA-N,HAUKPNFAKZOCFZ-UHFFFAOYSA-N,HAUKPNFAKZOCFZ,HAUKPNFAKZOCFZ-UHFFFAOYSA-N,unknown,false,1,1,1,1,10
structure,ITIIGCZVLUSYJQ-UHFFFAOYSA-N,ITIIGCZVLUSYJQ-UHFFFAOYSA-N,ITIIGCZVLUSYJQ,ITIIGCZVLUSYJQ-UHFFFAOYSA-N,unknown,false,1,1,1,1,15
structure,OKILVWSNJYSCMZ-IUNBOQICSA-N,OKILVWSNJYSCMZ-IUNBOQICSA-N,OKILVWSNJYSCMZ,OKILVWSNJYSCMZ-IUNBOQICSA-N,unknown,false,1,1,1,1,10
structure,XGDYIFMUMMUAEP-UHFFFAOYSA-N,XGDYIFMUMMUAEP-UHFFFAOYSA-N,XGDYIFMUMMUAEP,XGDYIFMUMMUAEP-UHFFFAOYSA-N,unknown,false,1,1,1,1,5
structure,GVJHHUAWPYXKBD-IEOSBIPESA-N,GVJHHUAWPYXKBD-IEOSBIPESA-N,GVJHHUAWPYXKBD,GVJHHUAWPYXKBD-IEOSBIPESA-N,unknown,false,141,116,69,97,1495
structure,UOGDZQUHDFHJKP-UHFFFAOYSA-N,UOGDZQUHDFHJKP-UHFFFAOYSA-N,UOGDZQUHDFHJKP,UOGDZQUHDFHJKP-UHFFFAOYSA-N,unknown,false,1,1,1,1,15
structure,FMIPNAUMSPFTHK-AKGZTFGVSA-N,FMIPNAUMSPFTHK-AKGZTFGVSA-N,FMIPNAUMSPFTHK,FMIPNAUMSPFTHK-AKGZTFGVSA-N,unknown,false,5,5,5,5,40
structure,OKILVWSNJYSCMZ-UHFFFAOYSA-N,OKILVWSNJYSCMZ-UHFFFAOYSA-N,OKILVWSNJYSCMZ,OKILVWSNJYSCMZ-UHFFFAOYSA-N,unknown,false,2,2,1,2,22
structure,DURQHBVGHHDPCG-PNGLFDDVSA-N,DURQHBVGHHDPCG-PNGLFDDVSA-N,DURQHBVGHHDPCG,DURQHBVGHHDPCG-PNGLFDDVSA-N,unknown,false,1,1,1,1,10
structure,AGADWTLPIPELIS-UHFFFAOYSA-N,AGADWTLPIPELIS-UHFFFAOYSA-N,AGADWTLPIPELIS,AGADWTLPIPELIS-UHFFFAOYSA-N,unknown,false,1,1,1,1,5
structure,RTLAWGKPNSUEKO-UHFFFAOYSA-N,RTLAWGKPNSUEKO-UHFFFAOYSA-N,RTLAWGKPNSUEKO,RTLAWGKPNSUEKO-UHFFFAOYSA-N,unknown,false,1,1,1,1,5
structure,XOGWZXDYWBNENT-UHFFFAOYSA-N,XOGWZXDYWBNENT-UHFFFAOYSA-N,XOGWZXDYWBNENT,XOGWZXDYWBNENT-UHFFFAOYSA-N,unknown,false,1,1,1,1,5
structure,YCCILVSKPBXVIP-UHFFFAOYSA-N,YCCILVSKPBXVIP-UHFFFAOYSA-N,YCCILVSKPBXVIP,YCCILVSKPBXVIP-UHFFFAOYSA-N,unknown,false,128,84,69,163,2383
structure,JUUBCHWRXWPFFH-UHFFFAOYSA-N,JUUBCHWRXWPFFH-UHFFFAOYSA-N,JUUBCHWRXWPFFH,JUUBCHWRXWPFFH-UHFFFAOYSA-N,unknown,false,26,18,13,52,793
structure,COLNPBLCBNGSQE-SNVBAGLBSA-N,COLNPBLCBNGSQE-SNVBAGLBSA-N,COLNPBLCBNGSQE,COLNPBLCBNGSQE-SNVBAGLBSA-N,unknown,false,3,2,2,1,14
structure,BWJLBVFLYBXUBY-SNVBAGLBSA-N,BWJLBVFLYBXUBY-SNVBAGLBSA-N,BWJLBVFLYBXUBY,BWJLBVFLYBXUBY-SNVBAGLBSA-N,unknown,false,3,2,2,1,14
structure,IKGXIBQEEMLURG-UHFFFAOYSA-N,IKGXIBQEEMLURG-UHFFFAOYSA-N,IKGXIBQEEMLURG,IKGXIBQEEMLURG-UHFFFAOYSA-N,unknown,false,270,122,53,125,2985
structure,BDHQMRXFDYJGII-FJEFULPVSA-N,BDHQMRXFDYJGII-FJEFULPVSA-N,BDHQMRXFDYJGII,BDHQMRXFDYJGII-FJEFULPVSA-N,unknown,false,1,1,1,1,12
structure,DTOSIQBPPRVQHS-IUQGRGSQSA-N,DTOSIQBPPRVQHS-IUQGRGSQSA-N,DTOSIQBPPRVQHS,DTOSIQBPPRVQHS-IUQGRGSQSA-N,unknown,false,246,167,74,143,1509
structure,SECPZKHBENQXJG-FPLPWBNLSA-N,SECPZKHBENQXJG-FPLPWBNLSA-N,SECPZKHBENQXJG,SECPZKHBENQXJG-FPLPWBNLSA-N,unknown,false,246,169,108,111,2735
structure,WWZKQHOCKIZLMA-UHFFFAOYSA-N,WWZKQHOCKIZLMA-UHFFFAOYSA-N,WWZKQHOCKIZLMA,WWZKQHOCKIZLMA-UHFFFAOYSA-N,unknown,false,89,71,45,80,1158
structure,ZZIALNLLNHEQPJ-UHFFFAOYSA-N,ZZIALNLLNHEQPJ-UHFFFAOYSA-N,ZZIALNLLNHEQPJ,ZZIALNLLNHEQPJ-UHFFFAOYSA-N,unknown,false,39,20,8,42,971
structure,WIRRQLQRDSREEG-UHFFFAOYSA-N,WIRRQLQRDSREEG-UHFFFAOYSA-N,WIRRQLQRDSREEG,WIRRQLQRDSREEG-UHFFFAOYSA-N,unknown,false,12,7,3,11,250
structure,UYLGYRGJFUJKFM-LAFCKDTASA-N,UYLGYRGJFUJKFM-LAFCKDTASA-N,UYLGYRGJFUJKFM,UYLGYRGJFUJKFM-LAFCKDTASA-N,unknown,false,7,6,3,5,35
structure,MQKLGUOASGICKG-UHFFFAOYSA-N,MQKLGUOASGICKG-UHFFFAOYSA-N,MQKLGUOASGICKG,MQKLGUOASGICKG-UHFFFAOYSA-N,unknown,false,4,4,1,4,71
structure,ZEJXENDZTYVXDP-CSJHBIPPSA-N,ZEJXENDZTYVXDP-CSJHBIPPSA-N,ZEJXENDZTYVXDP,ZEJXENDZTYVXDP-CSJHBIPPSA-N,unknown,false,17,16,12,18,224
structure,RLTNQOUWXZXZCS-VMMUDTPISA-N,RLTNQOUWXZXZCS-VMMUDTPISA-N,RLTNQOUWXZXZCS,RLTNQOUWXZXZCS-VMMUDTPISA-N,unknown,false,5,4,4,4,37
structure,UYVBMGULWGRDQT-VLYLGZBPSA-N,UYVBMGULWGRDQT-VLYLGZBPSA-N,UYVBMGULWGRDQT,UYVBMGULWGRDQT-VLYLGZBPSA-N,unknown,false,2,2,2,2,22
structure,KGNGTSCIQCLKEH-SYCVNHKBSA-N,KGNGTSCIQCLKEH-SYCVNHKBSA-N,KGNGTSCIQCLKEH,KGNGTSCIQCLKEH-SYCVNHKBSA-N,unknown,false,3,2,2,10,210
structure,JJWYIMQKLTVAGZ-SYCVNHKBSA-N,JJWYIMQKLTVAGZ-SYCVNHKBSA-N,JJWYIMQKLTVAGZ,JJWYIMQKLTVAGZ-SYCVNHKBSA-N,unknown,false,2,1,1,4,105
structure,JIJYZALGIIQXKE-MRXNPFEDSA-N,JIJYZALGIIQXKE-MRXNPFEDSA-N,JIJYZALGIIQXKE,JIJYZALGIIQXKE-MRXNPFEDSA-N,unknown,false,1,1,1,1,7
structure,FSHPJPOJLGCQOJ-GOSISDBHSA-N,FSHPJPOJLGCQOJ-GOSISDBHSA-N,FSHPJPOJLGCQOJ,FSHPJPOJLGCQOJ-GOSISDBHSA-N,unknown,false,5,3,1,6,46
structure,LOLNVJIGYUJCIY-UHFFFAOYSA-N,LOLNVJIGYUJCIY-UHFFFAOYSA-N,LOLNVJIGYUJCIY,LOLNVJIGYUJCIY-UHFFFAOYSA-N,unknown,false,1,1,1,1,14
structure,MERHMOCEIBOOMA-CQSZACIVSA-N,MERHMOCEIBOOMA-CQSZACIVSA-N,MERHMOCEIBOOMA,MERHMOCEIBOOMA-CQSZACIVSA-N,unknown,false,3,1,1,4,31
structure,TZBJGXHYKVUXJN-UHFFFAOYSA-N,TZBJGXHYKVUXJN-UHFFFAOYSA-N,TZBJGXHYKVUXJN,TZBJGXHYKVUXJN-UHFFFAOYSA-N,inactive,true,321,99,24,271,7600
structure,LDKAMVCGTURXMH-CJFMBICVSA-N,LDKAMVCGTURXMH-CJFMBICVSA-N,LDKAMVCGTURXMH,LDKAMVCGTURXMH-CJFMBICVSA-N,unknown,false,12,3,1,14,167
structure,HOGHBEDTLGAJAS-CJFMBICVSA-N,HOGHBEDTLGAJAS-CJFMBICVSA-N,HOGHBEDTLGAJAS,HOGHBEDTLGAJAS-CJFMBICVSA-N,unknown,false,2,2,1,2,13
structure,GUVOWHHQZUZCIH-MRXNPFEDSA-N,GUVOWHHQZUZCIH-MRXNPFEDSA-N,GUVOWHHQZUZCIH,GUVOWHHQZUZCIH-MRXNPFEDSA-N,unknown,false,1,1,1,1,7
structure,QISUKJAAXYVLMA-CYBMUJFWSA-N,QISUKJAAXYVLMA-CYBMUJFWSA-N,QISUKJAAXYVLMA,QISUKJAAXYVLMA-CYBMUJFWSA-N,unknown,false,1,1,1,1,7
structure,VNIOZYSNZVSDPU-CQSZACIVSA-N,VNIOZYSNZVSDPU-CQSZACIVSA-N,VNIOZYSNZVSDPU,VNIOZYSNZVSDPU-CQSZACIVSA-N,unknown,false,1,1,1,1,14
structure,OFWYIUYVHYPQNX-UZLBHIALSA-N,OFWYIUYVHYPQNX-UZLBHIALSA-N,OFWYIUYVHYPQNX,OFWYIUYVHYPQNX-UZLBHIALSA-N,unknown,false,2,1,1,2,15
structure,VNIOZYSNZVSDPU-JFOHCBSWSA-N,VNIOZYSNZVSDPU-JFOHCBSWSA-N,VNIOZYSNZVSDPU,VNIOZYSNZVSDPU-JFOHCBSWSA-N,unknown,false,1,1,1,1,7
structure,ZCTNPCRBEWXCGP-UHFFFAOYSA-N,ZCTNPCRBEWXCGP-UHFFFAOYSA-N,ZCTNPCRBEWXCGP,ZCTNPCRBEWXCGP-UHFFFAOYSA-N,unknown,false,7,4,2,6,110
structure,RWDSADRZXTYPMY-UHFFFAOYSA-N,RWDSADRZXTYPMY-UHFFFAOYSA-N,RWDSADRZXTYPMY,RWDSADRZXTYPMY-UHFFFAOYSA-N,unknown,false,5,4,1,7,95
structure,YABIJLLNNFURIJ-UHFFFAOYSA-N,YABIJLLNNFURIJ-UHFFFAOYSA-N,YABIJLLNNFURIJ,YABIJLLNNFURIJ-UHFFFAOYSA-N,unknown,false,6,5,3,11,143
structure,GSSOWCUOWLMMRJ-UHFFFAOYSA-N,GSSOWCUOWLMMRJ-UHFFFAOYSA-N,GSSOWCUOWLMMRJ,GSSOWCUOWLMMRJ-UHFFFAOYSA-N,unknown,false,31,14,3,34,616
structure,UFCGXNZEVGKUQA-WTDSWWLTSA-N,UFCGXNZEVGKUQA-WTDSWWLTSA-N,UFCGXNZEVGKUQA,UFCGXNZEVGKUQA-WTDSWWLTSA-N,unknown,false,1,1,1,1,7
structure,VODZWHSRITUHNI-LLVKDONJSA-N,VODZWHSRITUHNI-LLVKDONJSA-N,VODZWHSRITUHNI,VODZWHSRITUHNI-LLVKDONJSA-N,unknown,false,7,5,1,5,39
structure,VPCRIHAWNUNORJ-RKOWFGTASA-N,VPCRIHAWNUNORJ-RKOWFGTASA-N,VPCRIHAWNUNORJ,VPCRIHAWNUNORJ-RKOWFGTASA-N,unknown,false,1,1,1,1,7
structure,ZAAKSBRPXNODLV-JWQCQUIFSA-N,ZAAKSBRPXNODLV-JWQCQUIFSA-N,ZAAKSBRPXNODLV,ZAAKSBRPXNODLV-JWQCQUIFSA-N,unknown,false,1,1,1,1,7
structure,MMPVAPMCVABQPS-UHFFFAOYSA-N,MMPVAPMCVABQPS-UHFFFAOYSA-N,MMPVAPMCVABQPS,MMPVAPMCVABQPS-UHFFFAOYSA-N,unknown,false,19,6,4,16,590
structure,AWLFGFDTGPLHKG-CYBMUJFWSA-N,AWLFGFDTGPLHKG-CYBMUJFWSA-N,AWLFGFDTGPLHKG,AWLFGFDTGPLHKG-CYBMUJFWSA-N,unknown,false,3,1,1,4,47
structure,MMEMQPVSEZVECO-UHFFFAOYSA-N,MMEMQPVSEZVECO-UHFFFAOYSA-N,MMEMQPVSEZVECO,MMEMQPVSEZVECO-UHFFFAOYSA-N,unknown,false,1,1,1,1,14
structure,UFCGXNZEVGKUQA-UHFFFAOYSA-N,UFCGXNZEVGKUQA-UHFFFAOYSA-N,UFCGXNZEVGKUQA,UFCGXNZEVGKUQA-UHFFFAOYSA-N,unknown,false,1,1,1,1,14
structure,YBSZKJGFDYIZGI-LRDDRELGSA-N,YBSZKJGFDYIZGI-LRDDRELGSA-N,YBSZKJGFDYIZGI,YBSZKJGFDYIZGI-LRDDRELGSA-N,unknown,false,1,1,1,1,7
structure,KGNGTSCIQCLKEH-UHFFFAOYSA-N,KGNGTSCIQCLKEH-UHFFFAOYSA-N,KGNGTSCIQCLKEH,KGNGTSCIQCLKEH-UHFFFAOYSA-N,unknown,false,1,1,1,1,16
structure,ZKSZEJFBGODIJW-GMDXDWKASA-N,ZKSZEJFBGODIJW-GMDXDWKASA-N,ZKSZEJFBGODIJW,ZKSZEJFBGODIJW-GMDXDWKASA-N,unknown,false,62,28,17,45,842
structure,ZKSZEJFBGODIJW-YOVYLDAJSA-N,ZKSZEJFBGODIJW-YOVYLDAJSA-N,ZKSZEJFBGODIJW,ZKSZEJFBGODIJW-YOVYLDAJSA-N,unknown,false,71,22,12,34,636
structure,YYYCJNDALLBNEG-GNRUMFBNSA-N,YYYCJNDALLBNEG-GNRUMFBNSA-N,YYYCJNDALLBNEG,YYYCJNDALLBNEG-GNRUMFBNSA-N,unknown,false,5,3,3,3,48
structure,YYYCJNDALLBNEG-XXVXCGOISA-N,YYYCJNDALLBNEG-XXVXCGOISA-N,YYYCJNDALLBNEG,YYYCJNDALLBNEG-XXVXCGOISA-N,unknown,false,1,1,1,1,8
structure,KCUZCRLRQVRBBV-UHFFFAOYSA-N,KCUZCRLRQVRBBV-UHFFFAOYSA-N,KCUZCRLRQVRBBV,KCUZCRLRQVRBBV-UHFFFAOYSA-N,unknown,false,12,4,1,20,372
structure,CJZBXHPHEBCWLV-JTQLQIEISA-N,CJZBXHPHEBCWLV-JTQLQIEISA-N,CJZBXHPHEBCWLV,CJZBXHPHEBCWLV-JTQLQIEISA-N,unknown,false,10,6,2,7,73
structure,WBOWBLGZAXVREM-GFCCVEGCSA-N,WBOWBLGZAXVREM-GFCCVEGCSA-N,WBOWBLGZAXVREM,WBOWBLGZAXVREM-GFCCVEGCSA-N,unknown,false,1,1,1,1,8
structure,LWTDZKXXJRRKDG-KXBFYZLASA-N,LWTDZKXXJRRKDG-KXBFYZLASA-N,LWTDZKXXJRRKDG,LWTDZKXXJRRKDG-KXBFYZLASA-N,unknown,false,11,4,1,20,247
structure,QMXOFBXZEKTJIK-LSDHHAIUSA-N,QMXOFBXZEKTJIK-LSDHHAIUSA-N,QMXOFBXZEKTJIK,QMXOFBXZEKTJIK-LSDHHAIUSA-N,unknown,false,4,3,1,3,42
structure,QMXOFBXZEKTJIK-GJZGRUSLSA-N,QMXOFBXZEKTJIK-GJZGRUSLSA-N,QMXOFBXZEKTJIK,QMXOFBXZEKTJIK-GJZGRUSLSA-N,unknown,false,1,1,1,1,8
structure,OFWYIUYVHYPQNX-JXFKEZNVSA-N,OFWYIUYVHYPQNX-JXFKEZNVSA-N,OFWYIUYVHYPQNX,OFWYIUYVHYPQNX-JXFKEZNVSA-N,unknown,false,23,6,1,21,351
structure,AWLFGFDTGPLHKG-UHFFFAOYSA-N,AWLFGFDTGPLHKG-UHFFFAOYSA-N,AWLFGFDTGPLHKG,AWLFGFDTGPLHKG-UHFFFAOYSA-N,unknown,false,4,2,1,4,118
structure,LWTDZKXXJRRKDG-DNVCBOLYSA-N,LWTDZKXXJRRKDG-DNVCBOLYSA-N,LWTDZKXXJRRKDG,LWTDZKXXJRRKDG-DNVCBOLYSA-N,unknown,false,3,2,1,3,21
structure,VXWBAOPTFLXYTN-GFCCVEGCSA-N,VXWBAOPTFLXYTN-GFCCVEGCSA-N,VXWBAOPTFLXYTN,VXWBAOPTFLXYTN-GFCCVEGCSA-N,unknown,false,1,1,1,1,16
structure,YSINCDVRUMTOPK-UHFFFAOYSA-N,YSINCDVRUMTOPK-UHFFFAOYSA-N,YSINCDVRUMTOPK,YSINCDVRUMTOPK-UHFFFAOYSA-N,unknown,false,20,14,4,17,250
structure,UUJBHSNXZMGYBT-ZDUSSCGKSA-N,UUJBHSNXZMGYBT-ZDUSSCGKSA-N,UUJBHSNXZMGYBT,UUJBHSNXZMGYBT-ZDUSSCGKSA-N,unknown,false,4,2,1,3,25
structure,TUTSVLUUGMNALO-UHFFFAOYSA-N,TUTSVLUUGMNALO-UHFFFAOYSA-N,TUTSVLUUGMNALO,TUTSVLUUGMNALO-UHFFFAOYSA-N,unknown,false,2,2,1,2,67
structure,ODMIEGVTNZNSLD-WFASDCNBSA-N,ODMIEGVTNZNSLD-WFASDCNBSA-N,ODMIEGVTNZNSLD,ODMIEGVTNZNSLD-WFASDCNBSA-N,unknown,false,9,7,1,9,92
structure,ODMIEGVTNZNSLD-IUODEOHRSA-N,ODMIEGVTNZNSLD-IUODEOHRSA-N,ODMIEGVTNZNSLD,ODMIEGVTNZNSLD-IUODEOHRSA-N,unknown,false,2,2,1,2,28
structure,LPBAKOAUSJMTEN-AZUAARDMSA-N,LPBAKOAUSJMTEN-AZUAARDMSA-N,LPBAKOAUSJMTEN,LPBAKOAUSJMTEN-AZUAARDMSA-N,unknown,false,1,1,1,1,8
structure,WBOWBLGZAXVREM-LBPRGKRZSA-N,WBOWBLGZAXVREM-LBPRGKRZSA-N,WBOWBLGZAXVREM,WBOWBLGZAXVREM-LBPRGKRZSA-N,unknown,false,1,1,1,1,8
structure,WNHXBLZBOWXNQO-SNVBAGLBSA-N,WNHXBLZBOWXNQO-SNVBAGLBSA-N,WNHXBLZBOWXNQO,WNHXBLZBOWXNQO-SNVBAGLBSA-N,unknown,false,13,12,3,11,109
structure,JIJYZALGIIQXKE-INIZCTEOSA-N,JIJYZALGIIQXKE-INIZCTEOSA-N,JIJYZALGIIQXKE,JIJYZALGIIQXKE-INIZCTEOSA-N,unknown,false,1,1,1,1,8
structure,FPIRLBKNQNOVET-UHFFFAOYSA-N,FPIRLBKNQNOVET-UHFFFAOYSA-N,FPIRLBKNQNOVET,FPIRLBKNQNOVET-UHFFFAOYSA-N,unknown,false,1,1,1,1,16
structure,FYEZJIXULOZDRT-ONEGZZNKSA-N,FYEZJIXULOZDRT-ONEGZZNKSA-N,FYEZJIXULOZDRT,FYEZJIXULOZDRT-ONEGZZNKSA-N,unknown,false,3,3,2,3,35
structure,LCXGTSCVCJANHX-AATRIKPKSA-N,LCXGTSCVCJANHX-AATRIKPKSA-N,LCXGTSCVCJANHX,LCXGTSCVCJANHX-AATRIKPKSA-N,unknown,false,4,4,4,5,65
structure,RFCVXVPWSPOMFJ-STQMWFEESA-N,RFCVXVPWSPOMFJ-STQMWFEESA-N,RFCVXVPWSPOMFJ,RFCVXVPWSPOMFJ-STQMWFEESA-N,unknown,false,1,1,1,1,16
structure,FYEZJIXULOZDRT-UHFFFAOYSA-N,FYEZJIXULOZDRT-UHFFFAOYSA-N,FYEZJIXULOZDRT,FYEZJIXULOZDRT-UHFFFAOYSA-N,unknown,false,8,7,6,7,44
structure,MKYUCBXUUSZMQB-OUFYTKNASA-N,MKYUCBXUUSZMQB-OUFYTKNASA-N,MKYUCBXUUSZMQB,MKYUCBXUUSZMQB-OUFYTKNASA-N,unknown,false,3,3,4,3,32
structure,FITCDKVKQIBVRK-UHFFFAOYSA-N,FITCDKVKQIBVRK-UHFFFAOYSA-N,FITCDKVKQIBVRK,FITCDKVKQIBVRK-UHFFFAOYSA-N,unknown,false,5,5,5,6,64
structure,NQYMUJFPNPYYIG-UHFFFAOYSA-N,NQYMUJFPNPYYIG-UHFFFAOYSA-N,NQYMUJFPNPYYIG,NQYMUJFPNPYYIG-UHFFFAOYSA-N,unknown,false,1,1,1,1,16
structure,WLPJMCCYDZFCBL-HTMUFORZSA-N,WLPJMCCYDZFCBL-HTMUFORZSA-N,WLPJMCCYDZFCBL,WLPJMCCYDZFCBL-HTMUFORZSA-N,unknown,false,2,2,2,2,10
structure,GXLQUHPXGLZNGE-UHFFFAOYSA-N,GXLQUHPXGLZNGE-UHFFFAOYSA-N,GXLQUHPXGLZNGE,GXLQUHPXGLZNGE-UHFFFAOYSA-N,unknown,false,7,5,5,6,72
structure,KBPHJBAIARWVSC-RGZFRNHPSA-N,KBPHJBAIARWVSC-RGZFRNHPSA-N,KBPHJBAIARWVSC,KBPHJBAIARWVSC-RGZFRNHPSA-N,unknown,false,237,143,97,108,2910
structure,ZRLAOEYZSKXGSL-RZRNQMRLSA-N,ZRLAOEYZSKXGSL-RZRNQMRLSA-N,ZRLAOEYZSKXGSL,ZRLAOEYZSKXGSL-RZRNQMRLSA-N,unknown,false,1,1,1,1,8
structure,QUZHZFAQJATMCA-QAZQWDDOSA-N,QUZHZFAQJATMCA-QAZQWDDOSA-N,QUZHZFAQJATMCA,QUZHZFAQJATMCA-QAZQWDDOSA-N,unknown,false,9,8,9,9,67
structure,HUXSMOZWPXDRTN-SDHKEVEOSA-N,HUXSMOZWPXDRTN-SDHKEVEOSA-N,HUXSMOZWPXDRTN,HUXSMOZWPXDRTN-SDHKEVEOSA-N,unknown,false,7,5,5,5,64
structure,KTVLKWLYWMXIHT-ONEGZZNKSA-N,KTVLKWLYWMXIHT-ONEGZZNKSA-N,KTVLKWLYWMXIHT,KTVLKWLYWMXIHT-ONEGZZNKSA-N,unknown,false,2,2,1,2,32
structure,QPHXPNUXTNHJOF-XNFUJFQVSA-N,QPHXPNUXTNHJOF-XNFUJFQVSA-N,QPHXPNUXTNHJOF,QPHXPNUXTNHJOF-XNFUJFQVSA-N,unknown,false,23,16,12,15,168
structure,DUDGAPSRYCQPBG-UFFNRZRYSA-N,DUDGAPSRYCQPBG-UFFNRZRYSA-N,DUDGAPSRYCQPBG,DUDGAPSRYCQPBG-UFFNRZRYSA-N,unknown,false,8,4,2,7,63
structure,VYKLRWGPNUVKNC-IRIVYCKASA-N,VYKLRWGPNUVKNC-IRIVYCKASA-N,VYKLRWGPNUVKNC,VYKLRWGPNUVKNC-IRIVYCKASA-N,unknown,false,13,9,5,8,73
structure,JYXSWDCPHRTYGU-RVCYDTIBSA-N,JYXSWDCPHRTYGU-RVCYDTIBSA-N,JYXSWDCPHRTYGU,JYXSWDCPHRTYGU-RVCYDTIBSA-N,unknown,false,43,34,22,34,338
structure,KDYAPQVYJXUQNY-OPHDRXFHSA-N,KDYAPQVYJXUQNY-OPHDRXFHSA-N,KDYAPQVYJXUQNY,KDYAPQVYJXUQNY-OPHDRXFHSA-N,unknown,false,9,9,8,8,57
structure,NFGIENSPALNOON-UHFFFAOYSA-N,NFGIENSPALNOON-UHFFFAOYSA-N,NFGIENSPALNOON,NFGIENSPALNOON-UHFFFAOYSA-N,unknown,false,7,5,2,7,100
structure,LDAXOIIEQDPAJA-YPAVVWTQSA-N,LDAXOIIEQDPAJA-YPAVVWTQSA-N,LDAXOIIEQDPAJA,LDAXOIIEQDPAJA-YPAVVWTQSA-N,unknown,false,3,2,2,2,34
structure,LDQFLSUQYHBXSX-HPPMYKKZSA-N,LDQFLSUQYHBXSX-HPPMYKKZSA-N,LDQFLSUQYHBXSX,LDQFLSUQYHBXSX-HPPMYKKZSA-N,unknown,false,12,9,7,2,137
structure,PUPKKEQDLNREIM-UHFFFAOYSA-N,PUPKKEQDLNREIM-UHFFFAOYSA-N,PUPKKEQDLNREIM,PUPKKEQDLNREIM-UHFFFAOYSA-N,unknown,false,28,15,10,23,488
structure,CBFCDTFDPHXCNY-UHFFFAOYSA-N,CBFCDTFDPHXCNY-UHFFFAOYSA-N,CBFCDTFDPHXCNY,CBFCDTFDPHXCNY-UHFFFAOYSA-N,unknown,false,82,61,38,57,937
structure,KCDXJAYRVLXPFO-UHFFFAOYSA-N,KCDXJAYRVLXPFO-UHFFFAOYSA-N,KCDXJAYRVLXPFO,KCDXJAYRVLXPFO-UHFFFAOYSA-N,unknown,false,120,86,52,120,1834
structure,OTUCXMIQUNROBJ-JFNZIVIESA-N,OTUCXMIQUNROBJ-JFNZIVIESA-N,OTUCXMIQUNROBJ,OTUCXMIQUNROBJ-JFNZIVIESA-N,unknown,false,20,18,11,19,134
structure,RGHHSNMVTDWUBI-UHFFFAOYSA-N,RGHHSNMVTDWUBI-UHFFFAOYSA-N,RGHHSNMVTDWUBI,RGHHSNMVTDWUBI-UHFFFAOYSA-N,unknown,false,263,178,97,249,3945
structure,WFOFKRKDDKGRIK-UHFFFAOYSA-N,WFOFKRKDDKGRIK-UHFFFAOYSA-N,WFOFKRKDDKGRIK,WFOFKRKDDKGRIK-UHFFFAOYSA-N,unknown,false,1,1,1,1,16
structure,DNIAPMSPPWPWGF-UHFFFAOYSA-N,DNIAPMSPPWPWGF-UHFFFAOYSA-N,DNIAPMSPPWPWGF,DNIAPMSPPWPWGF-UHFFFAOYSA-N,unknown,false,5,5,5,5,51
structure,QWIZNVHXZXRPDR-WSCXOGSTSA-N,QWIZNVHXZXRPDR-WSCXOGSTSA-N,QWIZNVHXZXRPDR,QWIZNVHXZXRPDR-WSCXOGSTSA-N,unknown,false,3,3,3,3,40
structure,BLHCMGRVFXRYRN-UHFFFAOYSA-N,BLHCMGRVFXRYRN-UHFFFAOYSA-N,BLHCMGRVFXRYRN,BLHCMGRVFXRYRN-UHFFFAOYSA-N,unknown,false,3,3,3,3,29
structure,SJZRECIVHVDYJC-UHFFFAOYSA-N,SJZRECIVHVDYJC-UHFFFAOYSA-N,SJZRECIVHVDYJC,SJZRECIVHVDYJC-UHFFFAOYSA-N,unknown,false,11,4,4,4,106
structure,LXNHXLLTXMVWPM-UHFFFAOYSA-N,LXNHXLLTXMVWPM-UHFFFAOYSA-N,LXNHXLLTXMVWPM,LXNHXLLTXMVWPM-UHFFFAOYSA-N,unknown,false,14,13,14,12,102
structure,NPNAJGCZQBQWQZ-NSCUHMNNSA-N,NPNAJGCZQBQWQZ-NSCUHMNNSA-N,NPNAJGCZQBQWQZ,NPNAJGCZQBQWQZ-NSCUHMNNSA-N,unknown,false,1,1,1,1,8
structure,ZCKDCRKBURQZPT-UHFFFAOYSA-N,ZCKDCRKBURQZPT-UHFFFAOYSA-N,ZCKDCRKBURQZPT,ZCKDCRKBURQZPT-UHFFFAOYSA-N,unknown,false,1,1,1,1,16
structure,ZCKDCRKBURQZPT-OWOJBTEDSA-N,ZCKDCRKBURQZPT-OWOJBTEDSA-N,ZCKDCRKBURQZPT,ZCKDCRKBURQZPT-OWOJBTEDSA-N,unknown,false,1,1,1,1,8
structure,NPNAJGCZQBQWQZ-UHFFFAOYSA-N,NPNAJGCZQBQWQZ-UHFFFAOYSA-N,NPNAJGCZQBQWQZ,NPNAJGCZQBQWQZ-UHFFFAOYSA-N,unknown,false,1,1,1,1,16
structure,XMWHRVNVKDKBRG-UHNVWZDZSA-N,XMWHRVNVKDKBRG-UHNVWZDZSA-N,XMWHRVNVKDKBRG,XMWHRVNVKDKBRG-UHNVWZDZSA-N,unknown,false,5,5,5,5,68
structure,HTJXTKBIUVFUAR-DZCCRPTESA-N,HTJXTKBIUVFUAR-DZCCRPTESA-N,HTJXTKBIUVFUAR,HTJXTKBIUVFUAR-DZCCRPTESA-N,unknown,false,1,1,1,1,16
structure,SFRQRNJMIIUYDI-UHNVWZDZSA-N,SFRQRNJMIIUYDI-UHNVWZDZSA-N,SFRQRNJMIIUYDI,SFRQRNJMIIUYDI-UHNVWZDZSA-N,unknown,false,3,3,3,3,40
structure,AJPADPZSRRUGHI-RFZPGFLSSA-N,AJPADPZSRRUGHI-RFZPGFLSSA-N,AJPADPZSRRUGHI,AJPADPZSRRUGHI-RFZPGFLSSA-N,unknown,false,4,4,5,4,52
structure,HTJXTKBIUVFUAR-XHIBXCGHSA-N,HTJXTKBIUVFUAR-XHIBXCGHSA-N,HTJXTKBIUVFUAR,HTJXTKBIUVFUAR-XHIBXCGHSA-N,unknown,false,1,1,1,1,8
structure,YFAUKWZNPVBCFF-OIOYKEMMSA-N,YFAUKWZNPVBCFF-OIOYKEMMSA-N,YFAUKWZNPVBCFF,YFAUKWZNPVBCFF-OIOYKEMMSA-N,unknown,false,1,1,1,1,16
structure,YFAUKWZNPVBCFF-XHIBXCGHSA-N,YFAUKWZNPVBCFF-XHIBXCGHSA-N,YFAUKWZNPVBCFF,YFAUKWZNPVBCFF-XHIBXCGHSA-N,unknown,false,3,3,3,3,30
structure,KLAOKWJLUQKWIF-UHFFFAOYSA-N,KLAOKWJLUQKWIF-UHFFFAOYSA-N,KLAOKWJLUQKWIF,KLAOKWJLUQKWIF-UHFFFAOYSA-N,unknown,false,104,43,5,95,1709
structure,QCDYOIZVELGOLZ-UHFFFAOYSA-N,QCDYOIZVELGOLZ-UHFFFAOYSA-N,QCDYOIZVELGOLZ,QCDYOIZVELGOLZ-UHFFFAOYSA-N,unknown,false,155,50,11,133,2799
structure,VKOSQMWSWLZQPA-UHFFFAOYSA-N,VKOSQMWSWLZQPA-UHFFFAOYSA-N,VKOSQMWSWLZQPA,VKOSQMWSWLZQPA-UHFFFAOYSA-N,unknown,false,90,30,6,66,1309
structure,UUQJTIHOVGMQIH-UHFFFAOYSA-N,UUQJTIHOVGMQIH-UHFFFAOYSA-N,UUQJTIHOVGMQIH,UUQJTIHOVGMQIH-UHFFFAOYSA-N,unknown,false,50,18,3,34,686
structure,DANYIYRPLHHOCZ-UHFFFAOYSA-N,DANYIYRPLHHOCZ-UHFFFAOYSA-N,DANYIYRPLHHOCZ,DANYIYRPLHHOCZ-UHFFFAOYSA-N,unknown,false,220,98,43,164,2945
structure,LXEVSYZNYDZSOB-UHFFFAOYSA-N,LXEVSYZNYDZSOB-UHFFFAOYSA-N,LXEVSYZNYDZSOB,LXEVSYZNYDZSOB-UHFFFAOYSA-N,unknown,false,58,25,11,39,818
structure,XZMJYQJEDADTPS-FTVHLUNLSA-N,XZMJYQJEDADTPS-FTVHLUNLSA-N,XZMJYQJEDADTPS,XZMJYQJEDADTPS-FTVHLUNLSA-N,unknown,false,3,3,2,4,24
structure,JPMYFOBNRRGFNO-UHFFFAOYSA-N,JPMYFOBNRRGFNO-UHFFFAOYSA-N,JPMYFOBNRRGFNO,JPMYFOBNRRGFNO-UHFFFAOYSA-N,unknown,false,194,92,35,154,2392
structure,QDLAGTHXVHQKRE-UHFFFAOYSA-N,QDLAGTHXVHQKRE-UHFFFAOYSA-N,QDLAGTHXVHQKRE,QDLAGTHXVHQKRE-UHFFFAOYSA-N,unknown,false,21,19,18,22,277
structure,XVFMGWDSJLBXDZ-UHFFFAOYSA-N,XVFMGWDSJLBXDZ-UHFFFAOYSA-N,XVFMGWDSJLBXDZ,XVFMGWDSJLBXDZ-UHFFFAOYSA-N,unknown,false,40,25,12,13,220
structure,XFDQJKDGGOEYPI-UHFFFAOYSA-N,XFDQJKDGGOEYPI-UHFFFAOYSA-N,XFDQJKDGGOEYPI,XFDQJKDGGOEYPI-UHFFFAOYSA-N,unknown,false,4,4,4,4,27
structure,RDFLLVCQYHQOBU-ZOTFFYTFSA-O,RDFLLVCQYHQOBU-ZOTFFYTFSA-O,RDFLLVCQYHQOBU,RDFLLVCQYHQOBU-ZOTFFYTFSA-O,unknown,false,132,38,19,28,1534
structure,XVFMGWDSJLBXDZ-UHFFFAOYSA-O,XVFMGWDSJLBXDZ-UHFFFAOYSA-O,XVFMGWDSJLBXDZ,XVFMGWDSJLBXDZ-UHFFFAOYSA-O,unknown,false,55,33,17,22,536
structure,RKWHWFONKJEUEF-GQUPQBGVSA-O,RKWHWFONKJEUEF-GQUPQBGVSA-O,RKWHWFONKJEUEF,RKWHWFONKJEUEF-GQUPQBGVSA-O,unknown,false,290,100,51,164,2799
structure,ABVCUBUIXWJYSE-UNJWAJPSSA-O,ABVCUBUIXWJYSE-UNJWAJPSSA-O,ABVCUBUIXWJYSE,ABVCUBUIXWJYSE-UNJWAJPSSA-O,unknown,false,12,9,7,10,314
structure,XFDQJKDGGOEYPI-UHFFFAOYSA-O,XFDQJKDGGOEYPI-UHFFFAOYSA-O,XFDQJKDGGOEYPI,XFDQJKDGGOEYPI-UHFFFAOYSA-O,unknown,false,4,4,4,4,35
structure,ABVCUBUIXWJYSE-GQUPQBGVSA-O,ABVCUBUIXWJYSE-GQUPQBGVSA-O,ABVCUBUIXWJYSE,ABVCUBUIXWJYSE-GQUPQBGVSA-O,unknown,false,19,15,12,18,225
structure,DVEHRCKXTZYDME-ZOTFFYTFSA-N,DVEHRCKXTZYDME-ZOTFFYTFSA-N,DVEHRCKXTZYDME,DVEHRCKXTZYDME-ZOTFFYTFSA-N,unknown,false,2,2,2,2,15
structure,HGXBRUKMWQGOIE-AFHBHXEDSA-N,HGXBRUKMWQGOIE-AFHBHXEDSA-N,HGXBRUKMWQGOIE,HGXBRUKMWQGOIE-AFHBHXEDSA-N,unknown,false,265,167,75,202,3418
structure,PUETUDUXMCLALY-AXUFJWGNSA-N,PUETUDUXMCLALY-AXUFJWGNSA-N,PUETUDUXMCLALY,PUETUDUXMCLALY-AXUFJWGNSA-N,unknown,false,110,75,43,7,2206
structure,MATGKVZWFZHCLI-LSDHHAIUSA-N,MATGKVZWFZHCLI-LSDHHAIUSA-N,MATGKVZWFZHCLI,MATGKVZWFZHCLI-LSDHHAIUSA-N,unknown,false,183,112,53,91,3189
structure,PUETUDUXMCLALY-HOTGVXAUSA-N,PUETUDUXMCLALY-HOTGVXAUSA-N,PUETUDUXMCLALY,PUETUDUXMCLALY-HOTGVXAUSA-N,unknown,false,128,92,55,48,1435
structure,PUPKKEQDLNREIM-KWMNMNHLSA-N,PUPKKEQDLNREIM-KWMNMNHLSA-N,PUPKKEQDLNREIM,PUPKKEQDLNREIM-KWMNMNHLSA-N,unknown,false,2,2,1,1,14
structure,DQBVFTJNUYZVQL-CLFUFSEMSA-N,DQBVFTJNUYZVQL-CLFUFSEMSA-N,DQBVFTJNUYZVQL,DQBVFTJNUYZVQL-CLFUFSEMSA-N,unknown,false,8,5,2,4,55
structure,JYXSWDCPHRTYGU-VYARGGPUSA-N,JYXSWDCPHRTYGU-VYARGGPUSA-N,JYXSWDCPHRTYGU,JYXSWDCPHRTYGU-VYARGGPUSA-N,unknown,false,7,4,3,4,61
structure,SVQKJHRWPYLYKM-IFHXNFKFSA-N,SVQKJHRWPYLYKM-IFHXNFKFSA-N,SVQKJHRWPYLYKM,SVQKJHRWPYLYKM-IFHXNFKFSA-N,unknown,false,2,2,1,1,28
structure,XOUMRQRJVFZBHB-BEAAOXLFSA-N,XOUMRQRJVFZBHB-BEAAOXLFSA-N,XOUMRQRJVFZBHB,XOUMRQRJVFZBHB-BEAAOXLFSA-N,unknown,false,2,2,1,1,28
structure,PUPKKEQDLNREIM-QNSQPKOQSA-N,PUPKKEQDLNREIM-QNSQPKOQSA-N,PUPKKEQDLNREIM,PUPKKEQDLNREIM-QNSQPKOQSA-N,unknown,false,81,53,35,58,767
structure,WLPJMCCYDZFCBL-UHFFFAOYSA-N,WLPJMCCYDZFCBL-UHFFFAOYSA-N,WLPJMCCYDZFCBL,WLPJMCCYDZFCBL-UHFFFAOYSA-N,unknown,false,2,2,1,1,28
structure,CVAUKYVPQCYVDV-IPDRLXFSSA-O,CVAUKYVPQCYVDV-IPDRLXFSSA-O,CVAUKYVPQCYVDV,CVAUKYVPQCYVDV-IPDRLXFSSA-O,unknown,false,1,1,1,1,16
structure,QPUCGPFRKWVURQ-SLWMWEMUSA-O,QPUCGPFRKWVURQ-SLWMWEMUSA-O,QPUCGPFRKWVURQ,QPUCGPFRKWVURQ-SLWMWEMUSA-O,unknown,false,1,1,1,1,16
structure,ABJDYMVXHLYTHZ-DULZENQLSA-O,ABJDYMVXHLYTHZ-DULZENQLSA-O,ABJDYMVXHLYTHZ,ABJDYMVXHLYTHZ-DULZENQLSA-O,unknown,false,1,1,1,1,16
structure,MRYLLGRTCPVXBO-CKUBBGCWSA-O,MRYLLGRTCPVXBO-CKUBBGCWSA-O,MRYLLGRTCPVXBO,MRYLLGRTCPVXBO-CKUBBGCWSA-O,unknown,false,1,1,1,1,16
structure,OPWPCWHMCUWCGG-VTRYSJNRSA-O,OPWPCWHMCUWCGG-VTRYSJNRSA-O,OPWPCWHMCUWCGG,OPWPCWHMCUWCGG-VTRYSJNRSA-O,unknown,false,1,1,1,1,16
structure,HKRACDHMWOGFKJ-BPVIEZTISA-O,HKRACDHMWOGFKJ-BPVIEZTISA-O,HKRACDHMWOGFKJ,HKRACDHMWOGFKJ-BPVIEZTISA-O,unknown,false,1,1,1,1,16
structure,JYXSWDCPHRTYGU-HMZYCSBUSA-N,JYXSWDCPHRTYGU-HMZYCSBUSA-N,JYXSWDCPHRTYGU,JYXSWDCPHRTYGU-HMZYCSBUSA-N,unknown,false,2,3,2,2,18
structure,OLBLWNPOURNBCY-QFEPKXLGSA-O,OLBLWNPOURNBCY-QFEPKXLGSA-O,OLBLWNPOURNBCY,OLBLWNPOURNBCY-QFEPKXLGSA-O,unknown,false,2,2,2,2,26
structure,NXTHTMNXJOEVLR-JHBYNAJCSA-O,NXTHTMNXJOEVLR-JHBYNAJCSA-O,NXTHTMNXJOEVLR,NXTHTMNXJOEVLR-JHBYNAJCSA-O,unknown,false,1,1,1,1,16
structure,JKGXHHXZZLNEGD-XUYFGVRGSA-O,JKGXHHXZZLNEGD-XUYFGVRGSA-O,JKGXHHXZZLNEGD,JKGXHHXZZLNEGD-XUYFGVRGSA-O,unknown,false,1,1,1,1,16
structure,RTEDIEITOBJPNI-MMKMIGCXSA-N,RTEDIEITOBJPNI-MMKMIGCXSA-N,RTEDIEITOBJPNI,RTEDIEITOBJPNI-MMKMIGCXSA-N,unknown,false,5,4,3,4,28
structure,XFZJEEAOWLFHDH-VUGKQVTMSA-N,XFZJEEAOWLFHDH-VUGKQVTMSA-N,XFZJEEAOWLFHDH,XFZJEEAOWLFHDH-VUGKQVTMSA-N,unknown,false,58,47,30,25,696
structure,ZYDDITZPGFXQSD-QKFRQTJPSA-N,ZYDDITZPGFXQSD-QKFRQTJPSA-N,ZYDDITZPGFXQSD,ZYDDITZPGFXQSD-QKFRQTJPSA-N,unknown,false,3,3,3,3,19
structure,ZYDDITZPGFXQSD-SMSOEIQDSA-N,ZYDDITZPGFXQSD-SMSOEIQDSA-N,ZYDDITZPGFXQSD,ZYDDITZPGFXQSD-SMSOEIQDSA-N,unknown,false,6,4,3,7,45
structure,XFZJEEAOWLFHDH-UKWJTHFESA-N,XFZJEEAOWLFHDH-UKWJTHFESA-N,XFZJEEAOWLFHDH,XFZJEEAOWLFHDH-UKWJTHFESA-N,unknown,false,84,60,37,50,1042
structure,XFZJEEAOWLFHDH-AVFWISQGSA-N,XFZJEEAOWLFHDH-AVFWISQGSA-N,XFZJEEAOWLFHDH,XFZJEEAOWLFHDH-AVFWISQGSA-N,active,true,109,76,45,93,1625
structure,XMOCLSLCDHWDHP-IUODEOHRSA-N,XMOCLSLCDHWDHP-IUODEOHRSA-N,XMOCLSLCDHWDHP,XMOCLSLCDHWDHP-IUODEOHRSA-N,unknown,false,201,103,57,162,3233
structure,RSQSQJNRHICNNH-UHFFFAOYSA-N,RSQSQJNRHICNNH-UHFFFAOYSA-N,RSQSQJNRHICNNH,RSQSQJNRHICNNH-UHFFFAOYSA-N,unknown,false,34,23,18,32,412
structure,JLJLRLWOEMWYQK-UHFFFAOYSA-N,JLJLRLWOEMWYQK-UHFFFAOYSA-N,JLJLRLWOEMWYQK,JLJLRLWOEMWYQK-UHFFFAOYSA-N,unknown,false,55,30,21,49,919
structure,HHDWSDSMWJQURA-MHKXYFPYSA-N,HHDWSDSMWJQURA-MHKXYFPYSA-N,HHDWSDSMWJQURA,HHDWSDSMWJQURA-MHKXYFPYSA-N,unknown,false,7,7,6,7,97
structure,IGZIQAJJXGRAJF-TXZPEUJSSA-N,IGZIQAJJXGRAJF-TXZPEUJSSA-N,IGZIQAJJXGRAJF,IGZIQAJJXGRAJF-TXZPEUJSSA-N,unknown,false,11,9,7,11,160
structure,QQRSSHFHXYSOMF-CXXOJBQZSA-N,QQRSSHFHXYSOMF-CXXOJBQZSA-N,QQRSSHFHXYSOMF,QQRSSHFHXYSOMF-CXXOJBQZSA-N,unknown,false,23,14,10,14,199
structure,QYXZQZMPZUEEML-SQLMURCQSA-N,QYXZQZMPZUEEML-SQLMURCQSA-N,QYXZQZMPZUEEML,QYXZQZMPZUEEML-SQLMURCQSA-N,unknown,false,10,10,8,8,121
structure,XOUJCIPAKFLTCI-POPXMCHDSA-N,XOUJCIPAKFLTCI-POPXMCHDSA-N,XOUJCIPAKFLTCI,XOUJCIPAKFLTCI-POPXMCHDSA-N,unknown,false,21,16,11,14,223
structure,VNCQCPQAMDQEBY-YTJHIPEWSA-N,VNCQCPQAMDQEBY-YTJHIPEWSA-N,VNCQCPQAMDQEBY,VNCQCPQAMDQEBY-YTJHIPEWSA-N,unknown,false,55,33,20,39,611
structure,OXFPYCSNYOFUCH-KQBHUUJHSA-N,OXFPYCSNYOFUCH-KQBHUUJHSA-N,OXFPYCSNYOFUCH,OXFPYCSNYOFUCH-KQBHUUJHSA-N,unknown,false,56,37,23,40,604
structure,CZEMYYICWZPENF-VOLTXKGXSA-N,CZEMYYICWZPENF-VOLTXKGXSA-N,CZEMYYICWZPENF,CZEMYYICWZPENF-VOLTXKGXSA-N,unknown,false,35,23,15,23,348
structure,UYRCHWLYXIQJKK-HMRRIYTKSA-N,UYRCHWLYXIQJKK-HMRRIYTKSA-N,UYRCHWLYXIQJKK,UYRCHWLYXIQJKK-HMRRIYTKSA-N,unknown,false,10,6,4,5,75
structure,JZBLVVPDEDCVQA-SQLMURCQSA-N,JZBLVVPDEDCVQA-SQLMURCQSA-N,JZBLVVPDEDCVQA,JZBLVVPDEDCVQA-SQLMURCQSA-N,unknown,false,8,7,6,6,89
structure,VULBVRDXWYKFMW-KXHHBJJGSA-N,VULBVRDXWYKFMW-KXHHBJJGSA-N,VULBVRDXWYKFMW,VULBVRDXWYKFMW-KXHHBJJGSA-N,unknown,false,5,4,3,4,60
structure,MXCOJKLBLFWFNI-VBFYFJBNSA-N,MXCOJKLBLFWFNI-VBFYFJBNSA-N,MXCOJKLBLFWFNI,MXCOJKLBLFWFNI-VBFYFJBNSA-N,unknown,false,18,15,12,13,187
structure,KSBJAONOPKRVRR-YTJHIPEWSA-N,KSBJAONOPKRVRR-YTJHIPEWSA-N,KSBJAONOPKRVRR,KSBJAONOPKRVRR-YTJHIPEWSA-N,unknown,false,37,26,15,27,406
structure,UJFQJDAESQJXTG-UFUZVNNQSA-N,UJFQJDAESQJXTG-UFUZVNNQSA-N,UJFQJDAESQJXTG,UJFQJDAESQJXTG-UFUZVNNQSA-N,unknown,false,16,14,10,13,198
structure,AUKMHZZVLPQAOX-CDNFTCFOSA-N,AUKMHZZVLPQAOX-CDNFTCFOSA-N,AUKMHZZVLPQAOX,AUKMHZZVLPQAOX-CDNFTCFOSA-N,unknown,false,17,15,8,17,242
structure,GAQSCLQIDHHPEE-ARCJWRNYSA-N,GAQSCLQIDHHPEE-ARCJWRNYSA-N,GAQSCLQIDHHPEE,GAQSCLQIDHHPEE-ARCJWRNYSA-N,unknown,false,5,4,2,3,60
structure,JLIDBLDQVAYHNE-UHFFFAOYSA-N,JLIDBLDQVAYHNE-UHFFFAOYSA-N,JLIDBLDQVAYHNE,JLIDBLDQVAYHNE-UHFFFAOYSA-N,unknown,false,27,19,15,24,319
structure,VXBLCLVRWCLEOX-BFYSZXNBSA-N,VXBLCLVRWCLEOX-BFYSZXNBSA-N,VXBLCLVRWCLEOX,VXBLCLVRWCLEOX-BFYSZXNBSA-N,unknown,false,10,10,6,10,122
structure,PPFRJNLKWADOTL-GKJCXMALSA-N,PPFRJNLKWADOTL-GKJCXMALSA-N,PPFRJNLKWADOTL,PPFRJNLKWADOTL-GKJCXMALSA-N,unknown,false,1,1,1,1,8
structure,VYUIKSFYFRVQLF-YLNAYWRASA-N,VYUIKSFYFRVQLF-YLNAYWRASA-N,VYUIKSFYFRVQLF,VYUIKSFYFRVQLF-YLNAYWRASA-N,unknown,false,46,35,21,46,654
structure,YCYJLHFHRKUCQX-QDWYQEIHSA-N,YCYJLHFHRKUCQX-QDWYQEIHSA-N,YCYJLHFHRKUCQX,YCYJLHFHRKUCQX-QDWYQEIHSA-N,unknown,false,2,2,1,2,18
structure,VYUIKSFYFRVQLF-CTTIOTNNSA-N,VYUIKSFYFRVQLF-CTTIOTNNSA-N,VYUIKSFYFRVQLF,VYUIKSFYFRVQLF-CTTIOTNNSA-N,unknown,false,1,1,1,1,8
structure,YCYJLHFHRKUCQX-BMZRZCTKSA-N,YCYJLHFHRKUCQX-BMZRZCTKSA-N,YCYJLHFHRKUCQX,YCYJLHFHRKUCQX-BMZRZCTKSA-N,unknown,false,1,1,1,1,8
structure,PPFRJNLKWADOTL-WOGJWQOOSA-N,PPFRJNLKWADOTL-WOGJWQOOSA-N,PPFRJNLKWADOTL,PPFRJNLKWADOTL-WOGJWQOOSA-N,unknown,false,3,3,2,6,64
structure,VXBLCLVRWCLEOX-YCUHDEBWSA-N,VXBLCLVRWCLEOX-YCUHDEBWSA-N,VXBLCLVRWCLEOX,VXBLCLVRWCLEOX-YCUHDEBWSA-N,unknown,false,1,1,1,1,8
structure,WPHVOXMMNSLJSF-DAWJDVIISA-N,WPHVOXMMNSLJSF-DAWJDVIISA-N,WPHVOXMMNSLJSF,WPHVOXMMNSLJSF-DAWJDVIISA-N,unknown,false,3,3,3,3,26
structure,IXVMHGVQKLDRKH-VRESXRICSA-N,IXVMHGVQKLDRKH-VRESXRICSA-N,IXVMHGVQKLDRKH,IXVMHGVQKLDRKH-VRESXRICSA-N,unknown,false,15,11,8,11,152
structure,SBSXXCCMIWEPEE-UFZNHOCZSA-N,SBSXXCCMIWEPEE-UFZNHOCZSA-N,SBSXXCCMIWEPEE,SBSXXCCMIWEPEE-UFZNHOCZSA-N,unknown,false,1,1,1,1,8
structure,WPHVOXMMNSLJSF-ZCAQSPICSA-N,WPHVOXMMNSLJSF-ZCAQSPICSA-N,WPHVOXMMNSLJSF,WPHVOXMMNSLJSF-ZCAQSPICSA-N,unknown,false,1,1,1,1,8
structure,VYUIKSFYFRVQLF-PPNKFNBRSA-N,VYUIKSFYFRVQLF-PPNKFNBRSA-N,VYUIKSFYFRVQLF,VYUIKSFYFRVQLF-PPNKFNBRSA-N,unknown,false,5,3,2,3,32
structure,VXBLCLVRWCLEOX-FUVVQBHTSA-N,VXBLCLVRWCLEOX-FUVVQBHTSA-N,VXBLCLVRWCLEOX,VXBLCLVRWCLEOX-FUVVQBHTSA-N,unknown,false,1,1,1,1,8
structure,IXVMHGVQKLDRKH-KNBKMWSGSA-N,IXVMHGVQKLDRKH-KNBKMWSGSA-N,IXVMHGVQKLDRKH,IXVMHGVQKLDRKH-KNBKMWSGSA-N,unknown,false,35,22,15,33,451
structure,WPHVOXMMNSLJSF-YBDHLFMFSA-N,WPHVOXMMNSLJSF-YBDHLFMFSA-N,WPHVOXMMNSLJSF,WPHVOXMMNSLJSF-YBDHLFMFSA-N,unknown,false,1,1,1,1,8
structure,WPHVOXMMNSLJSF-GUOPQYDVSA-N,WPHVOXMMNSLJSF-GUOPQYDVSA-N,WPHVOXMMNSLJSF,WPHVOXMMNSLJSF-GUOPQYDVSA-N,unknown,false,2,2,2,2,24
structure,YOQAQNKGFOLRGT-UXXABWCISA-N,YOQAQNKGFOLRGT-UXXABWCISA-N,YOQAQNKGFOLRGT,YOQAQNKGFOLRGT-UXXABWCISA-N,unknown,false,32,18,3,31,402
structure,VNGUCOGHCJHFID-FLZFTVBESA-N,VNGUCOGHCJHFID-FLZFTVBESA-N,VNGUCOGHCJHFID,VNGUCOGHCJHFID-FLZFTVBESA-N,unknown,false,6,5,1,9,140
structure,ICFXJOAKQGDRCT-ZIHMWMKCSA-N,ICFXJOAKQGDRCT-ZIHMWMKCSA-N,ICFXJOAKQGDRCT,ICFXJOAKQGDRCT-ZIHMWMKCSA-N,unknown,false,52,43,27,46,338
structure,YOQAQNKGFOLRGT-RGIWYROCSA-N,YOQAQNKGFOLRGT-RGIWYROCSA-N,YOQAQNKGFOLRGT,YOQAQNKGFOLRGT-RGIWYROCSA-N,unknown,false,9,7,1,7,90
structure,URRZRRQMNMZIAP-ZVAMACQUSA-N,URRZRRQMNMZIAP-ZVAMACQUSA-N,URRZRRQMNMZIAP,URRZRRQMNMZIAP-ZVAMACQUSA-N,unknown,false,1,1,1,1,8
structure,IPZBDVYNLAGJFF-KSSUOHJISA-N,IPZBDVYNLAGJFF-KSSUOHJISA-N,IPZBDVYNLAGJFF,IPZBDVYNLAGJFF-KSSUOHJISA-N,unknown,false,1,1,1,1,8
structure,UKMCCFHULJHJNS-RVFLFKIDSA-N,UKMCCFHULJHJNS-RVFLFKIDSA-N,UKMCCFHULJHJNS,UKMCCFHULJHJNS-RVFLFKIDSA-N,unknown,false,17,15,11,14,132
structure,XFFOMNJIDRDDLQ-UHFFFAOYSA-N,XFFOMNJIDRDDLQ-UHFFFAOYSA-N,XFFOMNJIDRDDLQ,XFFOMNJIDRDDLQ-UHFFFAOYSA-N,unknown,false,17,4,1,27,649
structure,RYHSERHDCIACPJ-SQDTVNEGSA-N,RYHSERHDCIACPJ-SQDTVNEGSA-N,RYHSERHDCIACPJ,RYHSERHDCIACPJ-SQDTVNEGSA-N,unknown,false,4,2,1,3,56
structure,LNXVDAWSKJIGHT-UYTXMRSUSA-N,LNXVDAWSKJIGHT-UYTXMRSUSA-N,LNXVDAWSKJIGHT,LNXVDAWSKJIGHT-UYTXMRSUSA-N,unknown,false,1,1,1,1,5
structure,YSIMPAVIBIIDOC-LSZNWXSRSA-N,YSIMPAVIBIIDOC-LSZNWXSRSA-N,YSIMPAVIBIIDOC,YSIMPAVIBIIDOC-LSZNWXSRSA-N,unknown,false,1,1,1,1,5
structure,GOBAQYCCUYZMJY-MXYUXXKOSA-N,GOBAQYCCUYZMJY-MXYUXXKOSA-N,GOBAQYCCUYZMJY,GOBAQYCCUYZMJY-MXYUXXKOSA-N,unknown,false,4,2,1,5,87
structure,MJJWBJFYYRAYKU-PPQKLOTCSA-N,MJJWBJFYYRAYKU-PPQKLOTCSA-N,MJJWBJFYYRAYKU,MJJWBJFYYRAYKU-PPQKLOTCSA-N,unknown,false,3,2,1,5,25
structure,RYHSERHDCIACPJ-UWIQDFHRSA-N,RYHSERHDCIACPJ-UWIQDFHRSA-N,RYHSERHDCIACPJ,RYHSERHDCIACPJ-UWIQDFHRSA-N,unknown,false,1,1,1,1,5
structure,LNXVDAWSKJIGHT-GVBUVJCYSA-N,LNXVDAWSKJIGHT-GVBUVJCYSA-N,LNXVDAWSKJIGHT,LNXVDAWSKJIGHT-GVBUVJCYSA-N,unknown,false,1,1,1,1,10
structure,XUJNEKJLAYXESH-REOHCLBHSA-N,XUJNEKJLAYXESH-REOHCLBHSA-N,XUJNEKJLAYXESH,XUJNEKJLAYXESH-REOHCLBHSA-N,unknown,false,31,26,21,27,327
structure,XKNUDVRSFJJTNT-UHFFFAOYSA-N,XKNUDVRSFJJTNT-UHFFFAOYSA-N,XKNUDVRSFJJTNT,XKNUDVRSFJJTNT-UHFFFAOYSA-N,unknown,false,1,1,1,1,16
structure,AOYJXBVIPWAMOG-PKNBQFBNSA-N,AOYJXBVIPWAMOG-PKNBQFBNSA-N,AOYJXBVIPWAMOG,AOYJXBVIPWAMOG-PKNBQFBNSA-N,unknown,false,1,1,1,1,16
structure,AOYJXBVIPWAMOG-UHFFFAOYSA-N,AOYJXBVIPWAMOG-UHFFFAOYSA-N,AOYJXBVIPWAMOG,AOYJXBVIPWAMOG-UHFFFAOYSA-N,unknown,false,1,1,1,1,16
structure,XKNUDVRSFJJTNT-CSKARUKUSA-N,XKNUDVRSFJJTNT-CSKARUKUSA-N,XKNUDVRSFJJTNT,XKNUDVRSFJJTNT-CSKARUKUSA-N,unknown,false,1,1,1,1,16
structure,GRUGZHAOXOPASC-UHFFFAOYSA-N,GRUGZHAOXOPASC-UHFFFAOYSA-N,GRUGZHAOXOPASC,GRUGZHAOXOPASC-UHFFFAOYSA-N,unknown,false,1,1,1,1,24
structure,OKIIWFXZWJTTLY-JTQLQIEISA-N,OKIIWFXZWJTTLY-JTQLQIEISA-N,OKIIWFXZWJTTLY,OKIIWFXZWJTTLY-JTQLQIEISA-N,unknown,false,1,1,1,1,16
structure,GYYOKOIBHIWNHE-SECBINFHSA-N,GYYOKOIBHIWNHE-SECBINFHSA-N,GYYOKOIBHIWNHE,GYYOKOIBHIWNHE-SECBINFHSA-N,unknown,false,1,1,1,1,16
structure,IEZWLIJBCDCGEU-UHFFFAOYSA-N,IEZWLIJBCDCGEU-UHFFFAOYSA-N,IEZWLIJBCDCGEU,IEZWLIJBCDCGEU-UHFFFAOYSA-N,unknown,false,1,1,1,1,24
structure,MJGXIOUQXYXGLP-UHFFFAOYSA-N,MJGXIOUQXYXGLP-UHFFFAOYSA-N,MJGXIOUQXYXGLP,MJGXIOUQXYXGLP-UHFFFAOYSA-N,unknown,false,1,1,1,1,24
structure,FEKMFSGDBKSRNR-LLVKDONJSA-N,FEKMFSGDBKSRNR-LLVKDONJSA-N,FEKMFSGDBKSRNR,FEKMFSGDBKSRNR-LLVKDONJSA-N,unknown,false,1,1,1,1,16
structure,XVGBKWQWYRNGDG-JTQLQIEISA-N,XVGBKWQWYRNGDG-JTQLQIEISA-N,XVGBKWQWYRNGDG,XVGBKWQWYRNGDG-JTQLQIEISA-N,unknown,false,1,1,1,1,16
structure,MPJMAJLPWRBNBU-UHFFFAOYSA-N,MPJMAJLPWRBNBU-UHFFFAOYSA-N,MPJMAJLPWRBNBU,MPJMAJLPWRBNBU-UHFFFAOYSA-N,unknown,false,1,1,1,1,24
structure,NBXNZQFZGOQQPE-MRVPVSSYSA-N,NBXNZQFZGOQQPE-MRVPVSSYSA-N,NBXNZQFZGOQQPE,NBXNZQFZGOQQPE-MRVPVSSYSA-N,unknown,false,1,1,1,1,16
structure,QDZNKMGEHAHOTA-UHFFFAOYSA-N,QDZNKMGEHAHOTA-UHFFFAOYSA-N,QDZNKMGEHAHOTA,QDZNKMGEHAHOTA-UHFFFAOYSA-N,unknown,false,1,1,1,1,24
structure,TWAIOPPFLZEXCO-UHFFFAOYSA-N,TWAIOPPFLZEXCO-UHFFFAOYSA-N,TWAIOPPFLZEXCO,TWAIOPPFLZEXCO-UHFFFAOYSA-N,unknown,false,1,1,1,1,24
structure,WLOKFRZXOVZGIN-QMMMGPOBSA-N,WLOKFRZXOVZGIN-QMMMGPOBSA-N,WLOKFRZXOVZGIN,WLOKFRZXOVZGIN-QMMMGPOBSA-N,unknown,false,1,1,1,1,16
structure,FZNWJRXTACKOPU-SSDOTTSWSA-N,FZNWJRXTACKOPU-SSDOTTSWSA-N,FZNWJRXTACKOPU,FZNWJRXTACKOPU-SSDOTTSWSA-N,unknown,false,1,1,1,1,16
structure,MHYITDUVXNMMNZ-SECBINFHSA-N,MHYITDUVXNMMNZ-SECBINFHSA-N,MHYITDUVXNMMNZ,MHYITDUVXNMMNZ-SECBINFHSA-N,unknown,false,1,1,1,1,16
structure,PWAKELUEEHWVFQ-LBPRGKRZSA-N,PWAKELUEEHWVFQ-LBPRGKRZSA-N,PWAKELUEEHWVFQ,PWAKELUEEHWVFQ-LBPRGKRZSA-N,unknown,false,1,1,1,1,16
structure,MDZKJHQSJHYOHJ-HFYZCPLSSA-N,MDZKJHQSJHYOHJ-HFYZCPLSSA-N,MDZKJHQSJHYOHJ,MDZKJHQSJHYOHJ-HFYZCPLSSA-N,unknown,false,24,14,7,19,212
structure,MIJYXULNPSFWEK-LXLHWSNGSA-N,MIJYXULNPSFWEK-LXLHWSNGSA-N,MIJYXULNPSFWEK,MIJYXULNPSFWEK-LXLHWSNGSA-N,unknown,false,102,69,43,78,951
structure,MDZKJHQSJHYOHJ-LLICELPBSA-N,MDZKJHQSJHYOHJ-LLICELPBSA-N,MDZKJHQSJHYOHJ,MDZKJHQSJHYOHJ-LLICELPBSA-N,unknown,false,137,85,41,133,1661
structure,HCXVJBMSMIARIN-BGDBIVFESA-N,HCXVJBMSMIARIN-BGDBIVFESA-N,HCXVJBMSMIARIN,HCXVJBMSMIARIN-BGDBIVFESA-N,unknown,false,203,137,76,144,1728
structure,MDZKJHQSJHYOHJ-RMUAHEEJSA-N,MDZKJHQSJHYOHJ-RMUAHEEJSA-N,MDZKJHQSJHYOHJ,MDZKJHQSJHYOHJ-RMUAHEEJSA-N,unknown,false,16,16,10,15,164
structure,RKWHWFONKJEUEF-GQUPQBGVSA-N,RKWHWFONKJEUEF-GQUPQBGVSA-N,RKWHWFONKJEUEF,RKWHWFONKJEUEF-GQUPQBGVSA-N,unknown,false,235,73,41,105,1552
structure,LOPAXYRUFHKGFO-GQUPQBGVSA-N,LOPAXYRUFHKGFO-GQUPQBGVSA-N,LOPAXYRUFHKGFO,LOPAXYRUFHKGFO-GQUPQBGVSA-N,unknown,false,10,8,5,8,116
structure,XIIACXXCJBZLHS-PEVLUNPASA-N,XIIACXXCJBZLHS-PEVLUNPASA-N,XIIACXXCJBZLHS,XIIACXXCJBZLHS-PEVLUNPASA-N,unknown,false,31,18,13,25,484
structure,MIJYXULNPSFWEK-KDQGZELNSA-N,MIJYXULNPSFWEK-KDQGZELNSA-N,MIJYXULNPSFWEK,MIJYXULNPSFWEK-KDQGZELNSA-N,unknown,false,36,26,21,33,378
structure,WCGUUGGRBIKTOS-XHINXETDSA-N,WCGUUGGRBIKTOS-XHINXETDSA-N,WCGUUGGRBIKTOS,WCGUUGGRBIKTOS-XHINXETDSA-N,unknown,false,24,18,14,24,228
structure,JLDIWYKSFMPIDW-UHFFFAOYSA-N,JLDIWYKSFMPIDW-UHFFFAOYSA-N,JLDIWYKSFMPIDW,JLDIWYKSFMPIDW-UHFFFAOYSA-N,unknown,false,2,2,2,2,38
structure,JQOHSPBYKPYMTF-COBYOQRRSA-N,JQOHSPBYKPYMTF-COBYOQRRSA-N,JQOHSPBYKPYMTF,JQOHSPBYKPYMTF-COBYOQRRSA-N,unknown,false,2,2,2,3,26
structure,BTFJIXJJCSYFAL-UHFFFAOYSA-N,BTFJIXJJCSYFAL-UHFFFAOYSA-N,BTFJIXJJCSYFAL,BTFJIXJJCSYFAL-UHFFFAOYSA-N,unknown,false,27,26,19,24,344
structure,GGDUSUKUCOFETL-UHFFFAOYSA-N,GGDUSUKUCOFETL-UHFFFAOYSA-N,GGDUSUKUCOFETL,GGDUSUKUCOFETL-UHFFFAOYSA-N,unknown,false,1,1,1,1,24
structure,QWAHFQISKZTEOO-JMSASQQJSA-N,QWAHFQISKZTEOO-JMSASQQJSA-N,QWAHFQISKZTEOO,QWAHFQISKZTEOO-JMSASQQJSA-N,unknown,false,2,2,2,2,21
structure,OVBKVWSHXDCSTK-UHFFFAOYSA-N,OVBKVWSHXDCSTK-UHFFFAOYSA-N,OVBKVWSHXDCSTK,OVBKVWSHXDCSTK-UHFFFAOYSA-N,unknown,false,2,2,2,2,38
structure,XPLYAIRFUUIGPK-TVTJTFRUSA-N,XPLYAIRFUUIGPK-TVTJTFRUSA-N,XPLYAIRFUUIGPK,XPLYAIRFUUIGPK-TVTJTFRUSA-N,unknown,false,2,2,2,2,21
structure,GLDOVTGHNKAZLK-UHFFFAOYSA-N,GLDOVTGHNKAZLK-UHFFFAOYSA-N,GLDOVTGHNKAZLK,GLDOVTGHNKAZLK-UHFFFAOYSA-N,unknown,false,49,34,21,29,526
structure,IBPVZXPSTLXWCG-UHFFFAOYSA-N,IBPVZXPSTLXWCG-UHFFFAOYSA-N,IBPVZXPSTLXWCG,IBPVZXPSTLXWCG-UHFFFAOYSA-N,unknown,false,3,3,3,3,44
structure,HBMXPBLBFQDRGX-UHFFFAOYSA-N,HBMXPBLBFQDRGX-UHFFFAOYSA-N,HBMXPBLBFQDRGX,HBMXPBLBFQDRGX-UHFFFAOYSA-N,unknown,false,1,1,1,1,24
structure,MSUOLNSQHLHDAS-QHCPKHFHSA-N,MSUOLNSQHLHDAS-QHCPKHFHSA-N,MSUOLNSQHLHDAS,MSUOLNSQHLHDAS-QHCPKHFHSA-N,unknown,false,1,1,1,1,16
structure,VLHZUYUOEGBBJB-UHFFFAOYSA-N,VLHZUYUOEGBBJB-UHFFFAOYSA-N,VLHZUYUOEGBBJB,VLHZUYUOEGBBJB-UHFFFAOYSA-N,unknown,false,2,2,2,2,38
structure,ICAIHSUWWZJGHD-UHFFFAOYSA-N,ICAIHSUWWZJGHD-UHFFFAOYSA-N,ICAIHSUWWZJGHD,ICAIHSUWWZJGHD-UHFFFAOYSA-N,unknown,false,36,29,19,30,368
structure,UGAGPNKCDRTDHP-UHFFFAOYSA-N,UGAGPNKCDRTDHP-UHFFFAOYSA-N,UGAGPNKCDRTDHP,UGAGPNKCDRTDHP-UHFFFAOYSA-N,unknown,false,7,7,6,9,102
structure,HVWZNSXGOXRKIK-UHFFFAOYSA-N,HVWZNSXGOXRKIK-UHFFFAOYSA-N,HVWZNSXGOXRKIK,HVWZNSXGOXRKIK-UHFFFAOYSA-N,unknown,false,1,1,1,1,24
structure,NPTAQBFHUNRJAR-UHFFFAOYSA-N,NPTAQBFHUNRJAR-UHFFFAOYSA-N,NPTAQBFHUNRJAR,NPTAQBFHUNRJAR-UHFFFAOYSA-N,unknown,false,1,1,1,1,24
structure,PMFMJXPRNJUYMB-RCWTZXSCSA-N,PMFMJXPRNJUYMB-RCWTZXSCSA-N,PMFMJXPRNJUYMB,PMFMJXPRNJUYMB-RCWTZXSCSA-N,unknown,false,2,2,2,2,20
structure,PMFMJXPRNJUYMB-GWOFURMSSA-N,PMFMJXPRNJUYMB-GWOFURMSSA-N,PMFMJXPRNJUYMB,PMFMJXPRNJUYMB-GWOFURMSSA-N,unknown,false,2,2,2,2,10
structure,CWNIQCOMWQROPA-RMPJHFDMSA-N,CWNIQCOMWQROPA-RMPJHFDMSA-N,CWNIQCOMWQROPA,CWNIQCOMWQROPA-RMPJHFDMSA-N,unknown,false,1,1,1,1,16
structure,CSDGLNFYKPCMSZ-UHFFFAOYSA-N,CSDGLNFYKPCMSZ-UHFFFAOYSA-N,CSDGLNFYKPCMSZ,CSDGLNFYKPCMSZ-UHFFFAOYSA-N,unknown,false,4,3,1,3,82
structure,YFXWTVLDSKSYLW-NSCUHMNNSA-N,YFXWTVLDSKSYLW-NSCUHMNNSA-N,YFXWTVLDSKSYLW,YFXWTVLDSKSYLW-NSCUHMNNSA-N,unknown,false,5,5,3,3,43
structure,SVOZVFTXNDIEBH-NWALNABHSA-N,SVOZVFTXNDIEBH-NWALNABHSA-N,SVOZVFTXNDIEBH,SVOZVFTXNDIEBH-NWALNABHSA-N,unknown,false,1,1,1,1,16
structure,YFXWTVLDSKSYLW-UHFFFAOYSA-N,YFXWTVLDSKSYLW-UHFFFAOYSA-N,YFXWTVLDSKSYLW,YFXWTVLDSKSYLW-UHFFFAOYSA-N,unknown,false,5,5,3,3,70
structure,UKFVKXGKUQLPDS-NWALNABHSA-N,UKFVKXGKUQLPDS-NWALNABHSA-N,UKFVKXGKUQLPDS,UKFVKXGKUQLPDS-NWALNABHSA-N,unknown,false,1,1,1,1,8
structure,BURKMBCVRAOKIE-UHFFFAOYSA-N,BURKMBCVRAOKIE-UHFFFAOYSA-N,BURKMBCVRAOKIE,BURKMBCVRAOKIE-UHFFFAOYSA-N,unknown,false,1,1,1,1,16
structure,SEIUOPPGQAMYGB-JXMROGBWSA-N,SEIUOPPGQAMYGB-JXMROGBWSA-N,SEIUOPPGQAMYGB,SEIUOPPGQAMYGB-JXMROGBWSA-N,unknown,false,1,1,1,1,16
structure,DNDNWOWHUWNBCK-JZYAIQKZSA-N,DNDNWOWHUWNBCK-JZYAIQKZSA-N,DNDNWOWHUWNBCK,DNDNWOWHUWNBCK-JZYAIQKZSA-N,unknown,false,23,10,4,14,361
structure,VIFUUCKOHMULOK-PNQBHLATSA-N,VIFUUCKOHMULOK-PNQBHLATSA-N,VIFUUCKOHMULOK,VIFUUCKOHMULOK-PNQBHLATSA-N,unknown,false,1,1,1,1,16
structure,FGSKBDHSKRORJJ-XRJCJLGXSA-N,FGSKBDHSKRORJJ-XRJCJLGXSA-N,FGSKBDHSKRORJJ,FGSKBDHSKRORJJ-XRJCJLGXSA-N,unknown,false,1,1,1,1,16
structure,GVJMTMMPLOGKCG-UHFFFAOYSA-N,GVJMTMMPLOGKCG-UHFFFAOYSA-N,GVJMTMMPLOGKCG,GVJMTMMPLOGKCG-UHFFFAOYSA-N,unknown,false,1,1,1,1,16
structure,DNDNWOWHUWNBCK-PIAXYHQTSA-N,DNDNWOWHUWNBCK-PIAXYHQTSA-N,DNDNWOWHUWNBCK,DNDNWOWHUWNBCK-PIAXYHQTSA-N,unknown,false,25,10,3,13,200
structure,QXAUTQFAWKKNLM-UHFFFAOYSA-N,QXAUTQFAWKKNLM-UHFFFAOYSA-N,QXAUTQFAWKKNLM,QXAUTQFAWKKNLM-UHFFFAOYSA-N,unknown,false,21,18,14,15,225
structure,IIAGSABLXRZUSE-KYKLFQSUSA-N,IIAGSABLXRZUSE-KYKLFQSUSA-N,IIAGSABLXRZUSE,IIAGSABLXRZUSE-KYKLFQSUSA-N,unknown,false,14,7,3,8,146
structure,VQCJUVLBCCMWJY-JSGCOSHPSA-N,VQCJUVLBCCMWJY-JSGCOSHPSA-N,VQCJUVLBCCMWJY,VQCJUVLBCCMWJY-JSGCOSHPSA-N,unknown,false,1,1,1,1,16
structure,QQHJDPROMQRDLA-UHFFFAOYSA-N,QQHJDPROMQRDLA-UHFFFAOYSA-N,QQHJDPROMQRDLA,QQHJDPROMQRDLA-UHFFFAOYSA-N,unknown,false,7,7,7,7,80
structure,LUUFSCNUZAYHAT-UHFFFAOYSA-N,LUUFSCNUZAYHAT-UHFFFAOYSA-N,LUUFSCNUZAYHAT,LUUFSCNUZAYHAT-UHFFFAOYSA-N,unknown,false,1,1,1,1,24
structure,MLYHCZZKHHLZSJ-PQZOIKATSA-N,MLYHCZZKHHLZSJ-PQZOIKATSA-N,MLYHCZZKHHLZSJ,MLYHCZZKHHLZSJ-PQZOIKATSA-N,unknown,false,1,1,1,1,16
structure,XUSRQFSIUJWCKT-UHFFFAOYSA-N,XUSRQFSIUJWCKT-UHFFFAOYSA-N,XUSRQFSIUJWCKT,XUSRQFSIUJWCKT-UHFFFAOYSA-N,unknown,false,1,1,1,1,16
structure,VJZBXAQGWLMYMS-HNNXBMFYSA-N,VJZBXAQGWLMYMS-HNNXBMFYSA-N,VJZBXAQGWLMYMS,VJZBXAQGWLMYMS-HNNXBMFYSA-N,unknown,false,1,1,1,1,16
structure,GJBXIPOYHVMPQJ-UHFFFAOYSA-N,GJBXIPOYHVMPQJ-UHFFFAOYSA-N,GJBXIPOYHVMPQJ,GJBXIPOYHVMPQJ-UHFFFAOYSA-N,unknown,false,1,1,1,1,24
structure,HDMPRVPFPXXMCE-VGLFAYCPSA-N,HDMPRVPFPXXMCE-VGLFAYCPSA-N,HDMPRVPFPXXMCE,HDMPRVPFPXXMCE-VGLFAYCPSA-N,unknown,false,1,1,1,1,16
structure,LQUHZVLTTWMBTO-UHFFFAOYSA-N,LQUHZVLTTWMBTO-UHFFFAOYSA-N,LQUHZVLTTWMBTO,LQUHZVLTTWMBTO-UHFFFAOYSA-N,unknown,false,2,2,2,2,30
structure,SBLKVIQSIHEQOF-OWOJBTEDSA-N,SBLKVIQSIHEQOF-OWOJBTEDSA-N,SBLKVIQSIHEQOF,SBLKVIQSIHEQOF-OWOJBTEDSA-N,unknown,false,1,1,1,1,16
structure,XUSRQFSIUJWCKT-UPHRSURJSA-N,XUSRQFSIUJWCKT-UPHRSURJSA-N,XUSRQFSIUJWCKT,XUSRQFSIUJWCKT-UPHRSURJSA-N,unknown,false,1,1,1,1,16
structure,KPBOLLJJMHIJPH-PQZOIKATSA-N,KPBOLLJJMHIJPH-PQZOIKATSA-N,KPBOLLJJMHIJPH,KPBOLLJJMHIJPH-PQZOIKATSA-N,unknown,false,1,1,1,1,16
structure,LQUHZVLTTWMBTO-UPHRSURJSA-N,LQUHZVLTTWMBTO-UPHRSURJSA-N,LQUHZVLTTWMBTO,LQUHZVLTTWMBTO-UPHRSURJSA-N,unknown,false,1,1,1,1,16
structure,UANZCTRZDQLPDX-PQZOIKATSA-N,UANZCTRZDQLPDX-PQZOIKATSA-N,UANZCTRZDQLPDX,UANZCTRZDQLPDX-PQZOIKATSA-N,unknown,false,1,1,1,1,16
structure,RKSTWDZUIGHKJJ-INIZCTEOSA-N,RKSTWDZUIGHKJJ-INIZCTEOSA-N,RKSTWDZUIGHKJJ,RKSTWDZUIGHKJJ-INIZCTEOSA-N,unknown,false,1,1,1,1,16
structure,SBLKVIQSIHEQOF-UHFFFAOYSA-N,SBLKVIQSIHEQOF-UHFFFAOYSA-N,SBLKVIQSIHEQOF,SBLKVIQSIHEQOF-UHFFFAOYSA-N,unknown,false,1,1,1,1,16
structure,KPBOLLJJMHIJPH-UHFFFAOYSA-N,KPBOLLJJMHIJPH-UHFFFAOYSA-N,KPBOLLJJMHIJPH,KPBOLLJJMHIJPH-UHFFFAOYSA-N,unknown,false,1,1,1,1,16
structure,MLYHCZZKHHLZSJ-UHFFFAOYSA-N,MLYHCZZKHHLZSJ-UHFFFAOYSA-N,MLYHCZZKHHLZSJ,MLYHCZZKHHLZSJ-UHFFFAOYSA-N,unknown,false,1,1,1,1,16
structure,UANZCTRZDQLPDX-UHFFFAOYSA-N,UANZCTRZDQLPDX-UHFFFAOYSA-N,UANZCTRZDQLPDX,UANZCTRZDQLPDX-UHFFFAOYSA-N,unknown,false,1,1,1,1,16
structure,XXIKKMLIDXLAIK-RFKFVWFBSA-N,XXIKKMLIDXLAIK-RFKFVWFBSA-N,XXIKKMLIDXLAIK,XXIKKMLIDXLAIK-RFKFVWFBSA-N,unknown,false,7,7,1,11,118
structure,MDQUFNTVPFAZDI-MEZLHGDWSA-N,MDQUFNTVPFAZDI-MEZLHGDWSA-N,MDQUFNTVPFAZDI,MDQUFNTVPFAZDI-MEZLHGDWSA-N,unknown,false,1,1,1,1,6
structure,XZSOANLYLXCHQM-MOBHZLNTSA-N,XZSOANLYLXCHQM-MOBHZLNTSA-N,XZSOANLYLXCHQM,XZSOANLYLXCHQM-MOBHZLNTSA-N,unknown,false,2,2,1,3,20
structure,JFZWEEGAFRZPEY-TXQBVQDDSA-N,JFZWEEGAFRZPEY-TXQBVQDDSA-N,JFZWEEGAFRZPEY,JFZWEEGAFRZPEY-TXQBVQDDSA-N,unknown,false,1,1,1,1,6
structure,NZLGSHIHKTYCHX-BKBYZJAPSA-N,NZLGSHIHKTYCHX-BKBYZJAPSA-N,NZLGSHIHKTYCHX,NZLGSHIHKTYCHX-BKBYZJAPSA-N,unknown,false,1,1,1,2,12
structure,DSZHGIOAMQFBEO-IDKAVECDSA-N,DSZHGIOAMQFBEO-IDKAVECDSA-N,DSZHGIOAMQFBEO,DSZHGIOAMQFBEO-IDKAVECDSA-N,unknown,false,1,1,1,2,12
structure,XCCTYIAWTASOJW-UHFFFAOYSA-N,XCCTYIAWTASOJW-UHFFFAOYSA-N,XCCTYIAWTASOJW,XCCTYIAWTASOJW-UHFFFAOYSA-N,unknown,false,1,1,1,2,16
structure,FQANCGQCBCUSMI-PGRLXCGISA-N,FQANCGQCBCUSMI-PGRLXCGISA-N,FQANCGQCBCUSMI,FQANCGQCBCUSMI-PGRLXCGISA-N,unknown,false,1,1,1,1,16
structure,HSCJRCZFDFQWRP-ZBPKVOKESA-N,HSCJRCZFDFQWRP-ZBPKVOKESA-N,HSCJRCZFDFQWRP,HSCJRCZFDFQWRP-ZBPKVOKESA-N,unknown,false,3,3,3,3,34
structure,PQGCEDQWHSBAJP-STGXQOJASA-N,PQGCEDQWHSBAJP-STGXQOJASA-N,PQGCEDQWHSBAJP,PQGCEDQWHSBAJP-STGXQOJASA-N,unknown,false,1,1,1,1,16
structure,DJJCXFVJDGTHFX-VXUIKNBNSA-N,DJJCXFVJDGTHFX-VXUIKNBNSA-N,DJJCXFVJDGTHFX,DJJCXFVJDGTHFX-VXUIKNBNSA-N,unknown,false,2,2,2,2,20
structure,HLKXYZVTANABHZ-REOHCLBHSA-N,HLKXYZVTANABHZ-REOHCLBHSA-N,HLKXYZVTANABHZ,HLKXYZVTANABHZ-REOHCLBHSA-N,unknown,false,3,3,3,3,38
structure,PXQPEWDEAKTCGB-UHFFFAOYSA-N,PXQPEWDEAKTCGB-UHFFFAOYSA-N,PXQPEWDEAKTCGB,PXQPEWDEAKTCGB-UHFFFAOYSA-N,unknown,false,18,11,9,12,193
structure,LIJIPBYXIXTNLE-UHFFFAOYSA-N,LIJIPBYXIXTNLE-UHFFFAOYSA-N,LIJIPBYXIXTNLE,LIJIPBYXIXTNLE-UHFFFAOYSA-N,unknown,false,6,5,2,6,74
structure,HBCGVLQXOOVNBP-UHFFFAOYSA-N,HBCGVLQXOOVNBP-UHFFFAOYSA-N,HBCGVLQXOOVNBP,HBCGVLQXOOVNBP-UHFFFAOYSA-N,unknown,false,2,2,1,3,52
structure,QJVXKWHHAMZTBY-NUUCXFROSA-N,QJVXKWHHAMZTBY-NUUCXFROSA-N,QJVXKWHHAMZTBY,QJVXKWHHAMZTBY-NUUCXFROSA-N,unknown,false,25,17,15,21,250
structure,FDECXSCMWXHRNU-FOXWYSRTSA-N,FDECXSCMWXHRNU-FOXWYSRTSA-N,FDECXSCMWXHRNU,FDECXSCMWXHRNU-FOXWYSRTSA-N,unknown,false,1,1,1,1,16
structure,YVLXSHWZFBDIEL-SRDSWEMOSA-N,YVLXSHWZFBDIEL-SRDSWEMOSA-N,YVLXSHWZFBDIEL,YVLXSHWZFBDIEL-SRDSWEMOSA-N,unknown,false,1,1,1,1,16
structure,FDECXSCMWXHRNU-UHFFFAOYSA-N,FDECXSCMWXHRNU-UHFFFAOYSA-N,FDECXSCMWXHRNU,FDECXSCMWXHRNU-UHFFFAOYSA-N,unknown,false,1,1,1,1,16
structure,YVLXSHWZFBDIEL-UHFFFAOYSA-N,YVLXSHWZFBDIEL-UHFFFAOYSA-N,YVLXSHWZFBDIEL,YVLXSHWZFBDIEL-UHFFFAOYSA-N,unknown,false,1,1,1,1,16
structure,KYOFIJXMVNQYFC-XJZKHKOHSA-N,KYOFIJXMVNQYFC-XJZKHKOHSA-N,KYOFIJXMVNQYFC,KYOFIJXMVNQYFC-XJZKHKOHSA-N,unknown,false,27,25,22,26,209
structure,WGOAIFKCEHANND-BYVQRJCNSA-N,WGOAIFKCEHANND-BYVQRJCNSA-N,WGOAIFKCEHANND,WGOAIFKCEHANND-BYVQRJCNSA-N,unknown,false,1,1,1,1,12
structure,RNETYSXHFSDFMM-UHFFFAOYSA-N,RNETYSXHFSDFMM-UHFFFAOYSA-N,RNETYSXHFSDFMM,RNETYSXHFSDFMM-UHFFFAOYSA-N,unknown,false,1,1,1,1,5
structure,ZWXPNDUTGNVQEU-STEPOWRLSA-N,ZWXPNDUTGNVQEU-STEPOWRLSA-N,ZWXPNDUTGNVQEU,ZWXPNDUTGNVQEU-STEPOWRLSA-N,unknown,false,13,12,3,15,146
structure,LSLCJRYTIZGMGR-YIGGRTFZSA-N,LSLCJRYTIZGMGR-YIGGRTFZSA-N,LSLCJRYTIZGMGR,LSLCJRYTIZGMGR-YIGGRTFZSA-N,unknown,false,1,1,1,1,12
structure,DXLFKVGWUIBOJK-MENKIJNDSA-N,DXLFKVGWUIBOJK-MENKIJNDSA-N,DXLFKVGWUIBOJK,DXLFKVGWUIBOJK-MENKIJNDSA-N,unknown,false,1,1,1,1,12
structure,RNETYSXHFSDFMM-VRUJEOEASA-N,RNETYSXHFSDFMM-VRUJEOEASA-N,RNETYSXHFSDFMM,RNETYSXHFSDFMM-VRUJEOEASA-N,unknown,false,6,5,3,6,66
structure,ZWXPNDUTGNVQEU-KBMWVASHSA-N,ZWXPNDUTGNVQEU-KBMWVASHSA-N,ZWXPNDUTGNVQEU,ZWXPNDUTGNVQEU-KBMWVASHSA-N,unknown,false,1,1,1,1,6
structure,AOVNJUKMQOLLCG-CHMWRIJWSA-N,AOVNJUKMQOLLCG-CHMWRIJWSA-N,AOVNJUKMQOLLCG,AOVNJUKMQOLLCG-CHMWRIJWSA-N,unknown,false,1,1,1,1,6
structure,RNETYSXHFSDFMM-GPWRYVIMSA-N,RNETYSXHFSDFMM-GPWRYVIMSA-N,RNETYSXHFSDFMM,RNETYSXHFSDFMM-GPWRYVIMSA-N,unknown,false,5,4,3,5,30
structure,RNETYSXHFSDFMM-QTPVUCHESA-N,RNETYSXHFSDFMM-QTPVUCHESA-N,RNETYSXHFSDFMM,RNETYSXHFSDFMM-QTPVUCHESA-N,unknown,false,1,1,1,1,12
structure,RUVUHIUYGJBLGI-XJZKHKOHSA-N,RUVUHIUYGJBLGI-XJZKHKOHSA-N,RUVUHIUYGJBLGI,RUVUHIUYGJBLGI-XJZKHKOHSA-N,unknown,false,154,119,63,143,1503
structure,AOVNJUKMQOLLCG-STEPOWRLSA-N,AOVNJUKMQOLLCG-STEPOWRLSA-N,AOVNJUKMQOLLCG,AOVNJUKMQOLLCG-STEPOWRLSA-N,unknown,false,11,9,3,11,114
structure,RNETYSXHFSDFMM-MXDOMYPLSA-N,RNETYSXHFSDFMM-MXDOMYPLSA-N,RNETYSXHFSDFMM,RNETYSXHFSDFMM-MXDOMYPLSA-N,unknown,false,1,1,1,1,6
structure,HATOUTDTQNFTCP-FWAIKWLASA-N,HATOUTDTQNFTCP-FWAIKWLASA-N,HATOUTDTQNFTCP,HATOUTDTQNFTCP-FWAIKWLASA-N,unknown,false,4,2,1,14,100
structure,SEHVRKPXIDOTRX-UHFFFAOYSA-N,SEHVRKPXIDOTRX-UHFFFAOYSA-N,SEHVRKPXIDOTRX,SEHVRKPXIDOTRX-UHFFFAOYSA-N,unknown,false,7,2,1,13,242
structure,HGFWVFTZYRJFRI-LJBAAKLNSA-N,HGFWVFTZYRJFRI-LJBAAKLNSA-N,HGFWVFTZYRJFRI,HGFWVFTZYRJFRI-LJBAAKLNSA-N,unknown,false,4,2,1,5,96
structure,YSIMPAVIBIIDOC-SNAWJCMRSA-N,YSIMPAVIBIIDOC-SNAWJCMRSA-N,YSIMPAVIBIIDOC,YSIMPAVIBIIDOC-SNAWJCMRSA-N,unknown,false,3,1,1,3,70
structure,KBAPHKOHTBBCTO-SDHKVNBFSA-N,KBAPHKOHTBBCTO-SDHKVNBFSA-N,KBAPHKOHTBBCTO,KBAPHKOHTBBCTO-SDHKVNBFSA-N,unknown,false,8,2,1,13,238
structure,LNXVDAWSKJIGHT-VZUCSPMQSA-N,LNXVDAWSKJIGHT-VZUCSPMQSA-N,LNXVDAWSKJIGHT,LNXVDAWSKJIGHT-VZUCSPMQSA-N,unknown,false,3,1,1,3,70
structure,JHRGMTAPZSUYRD-KYJUHHDHSA-N,JHRGMTAPZSUYRD-KYJUHHDHSA-N,JHRGMTAPZSUYRD,JHRGMTAPZSUYRD-KYJUHHDHSA-N,unknown,false,3,1,1,1,30
structure,NVONLTGCBHODBW-LOYHVIPDSA-N,NVONLTGCBHODBW-LOYHVIPDSA-N,NVONLTGCBHODBW,NVONLTGCBHODBW-LOYHVIPDSA-N,unknown,false,5,2,1,3,50
structure,NVONLTGCBHODBW-KYJUHHDHSA-N,NVONLTGCBHODBW-KYJUHHDHSA-N,NVONLTGCBHODBW,NVONLTGCBHODBW-KYJUHHDHSA-N,unknown,false,1,1,1,1,5
structure,SCNZCLDHJJSZBK-ROLQACJLSA-N,SCNZCLDHJJSZBK-ROLQACJLSA-N,SCNZCLDHJJSZBK,SCNZCLDHJJSZBK-ROLQACJLSA-N,unknown,false,8,2,1,6,112
structure,MGISFAXYYUFOCQ-UHFFFAOYSA-N,MGISFAXYYUFOCQ-UHFFFAOYSA-N,MGISFAXYYUFOCQ,MGISFAXYYUFOCQ-UHFFFAOYSA-N,unknown,false,3,1,1,2,40
structure,BSEWSLOUHTTXHH-LOYHVIPDSA-N,BSEWSLOUHTTXHH-LOYHVIPDSA-N,BSEWSLOUHTTXHH,BSEWSLOUHTTXHH-LOYHVIPDSA-N,unknown,false,4,2,1,3,65
structure,JHRGMTAPZSUYRD-XZWHSSHBSA-N,JHRGMTAPZSUYRD-XZWHSSHBSA-N,JHRGMTAPZSUYRD,JHRGMTAPZSUYRD-XZWHSSHBSA-N,unknown,false,1,1,1,1,5
structure,FHRIMKTUWXMHKX-LOYHVIPDSA-N,FHRIMKTUWXMHKX-LOYHVIPDSA-N,FHRIMKTUWXMHKX,FHRIMKTUWXMHKX-LOYHVIPDSA-N,unknown,false,1,1,1,1,5
structure,FHRIMKTUWXMHKX-IHLOFXLRSA-N,FHRIMKTUWXMHKX-IHLOFXLRSA-N,FHRIMKTUWXMHKX,FHRIMKTUWXMHKX-IHLOFXLRSA-N,unknown,false,1,1,1,1,5
structure,CUPIFLSTSCNJKQ-LNFIHJIRSA-N,CUPIFLSTSCNJKQ-LNFIHJIRSA-N,CUPIFLSTSCNJKQ,CUPIFLSTSCNJKQ-LNFIHJIRSA-N,unknown,false,1,1,1,1,5
structure,HGFWVFTZYRJFRI-DRPISQTGSA-N,HGFWVFTZYRJFRI-DRPISQTGSA-N,HGFWVFTZYRJFRI,HGFWVFTZYRJFRI-DRPISQTGSA-N,unknown,false,1,1,1,1,5
structure,SEHVRKPXIDOTRX-BQAGTUHJSA-N,SEHVRKPXIDOTRX-BQAGTUHJSA-N,SEHVRKPXIDOTRX,SEHVRKPXIDOTRX-BQAGTUHJSA-N,unknown,false,1,1,1,1,5
structure,ROUXXXDUAXDTMT-BATGZJOISA-N,ROUXXXDUAXDTMT-BATGZJOISA-N,ROUXXXDUAXDTMT,ROUXXXDUAXDTMT-BATGZJOISA-N,unknown,false,1,1,1,1,5
structure,HBBREQHKOYBPEC-LDLOPFEMSA-N,HBBREQHKOYBPEC-LDLOPFEMSA-N,HBBREQHKOYBPEC,HBBREQHKOYBPEC-LDLOPFEMSA-N,unknown,false,1,1,1,1,5
structure,GOBAQYCCUYZMJY-MHBGUMEYSA-N,GOBAQYCCUYZMJY-MHBGUMEYSA-N,GOBAQYCCUYZMJY,GOBAQYCCUYZMJY-MHBGUMEYSA-N,unknown,false,1,1,1,1,5
structure,SMHBZVSVLIBGGO-UHFFFAOYSA-N,SMHBZVSVLIBGGO-UHFFFAOYSA-N,SMHBZVSVLIBGGO,SMHBZVSVLIBGGO-UHFFFAOYSA-N,unknown,false,5,2,1,7,127
structure,CTQZLJNGGADYPZ-AATRIKPKSA-N,CTQZLJNGGADYPZ-AATRIKPKSA-N,CTQZLJNGGADYPZ,CTQZLJNGGADYPZ-AATRIKPKSA-N,unknown,false,1,1,1,1,10
structure,DXRMPQWVXOWYBT-KDXMTYKHSA-N,DXRMPQWVXOWYBT-KDXMTYKHSA-N,DXRMPQWVXOWYBT,DXRMPQWVXOWYBT-KDXMTYKHSA-N,unknown,false,1,1,1,1,5
structure,KBAPHKOHTBBCTO-JZHBEADGSA-N,KBAPHKOHTBBCTO-JZHBEADGSA-N,KBAPHKOHTBBCTO,KBAPHKOHTBBCTO-JZHBEADGSA-N,unknown,false,10,2,1,7,102
structure,NDLJVFLWWMLBIO-UHFFFAOYSA-N,NDLJVFLWWMLBIO-UHFFFAOYSA-N,NDLJVFLWWMLBIO,NDLJVFLWWMLBIO-UHFFFAOYSA-N,unknown,false,2,2,1,2,36
structure,NWALYIKBPXGTJR-UHFFFAOYSA-N,NWALYIKBPXGTJR-UHFFFAOYSA-N,NWALYIKBPXGTJR,NWALYIKBPXGTJR-UHFFFAOYSA-N,unknown,false,1,1,1,1,16
structure,GOVXKUCVZUROAN-UHFFFAOYSA-N,GOVXKUCVZUROAN-UHFFFAOYSA-N,GOVXKUCVZUROAN,GOVXKUCVZUROAN-UHFFFAOYSA-N,unknown,false,4,3,1,3,60
structure,DJDFPSQNQFBWJR-UHFFFAOYSA-N,DJDFPSQNQFBWJR-UHFFFAOYSA-N,DJDFPSQNQFBWJR,DJDFPSQNQFBWJR-UHFFFAOYSA-N,unknown,false,4,4,2,3,60
structure,CPZYZLPKCIMJGW-UHFFFAOYSA-N,CPZYZLPKCIMJGW-UHFFFAOYSA-N,CPZYZLPKCIMJGW,CPZYZLPKCIMJGW-UHFFFAOYSA-N,unknown,false,6,4,2,5,90
structure,LCEXEHIIKDGIGK-UHFFFAOYSA-N,LCEXEHIIKDGIGK-UHFFFAOYSA-N,LCEXEHIIKDGIGK,LCEXEHIIKDGIGK-UHFFFAOYSA-N,unknown,false,1,1,1,1,12
structure,VTXWULOWVRFQDB-UHFFFAOYSA-N,VTXWULOWVRFQDB-UHFFFAOYSA-N,VTXWULOWVRFQDB,VTXWULOWVRFQDB-UHFFFAOYSA-N,unknown,false,1,1,1,1,12
structure,GHGKPLPBPGYSOO-FBZNIEFRSA-N,GHGKPLPBPGYSOO-FBZNIEFRSA-N,GHGKPLPBPGYSOO,GHGKPLPBPGYSOO-FBZNIEFRSA-N,unknown,false,83,42,32,49,933
structure,QXDHYSHOINNEAZ-HSIBUNQISA-N,QXDHYSHOINNEAZ-HSIBUNQISA-N,QXDHYSHOINNEAZ,QXDHYSHOINNEAZ-HSIBUNQISA-N,unknown,false,8,6,6,8,103
structure,YYLFLRIUDMIWTD-VEVYEIKRSA-N,YYLFLRIUDMIWTD-VEVYEIKRSA-N,YYLFLRIUDMIWTD,YYLFLRIUDMIWTD-VEVYEIKRSA-N,unknown,false,3,3,3,3,23
structure,SGNBVLSWZMBQTH-ZRUUVFCLSA-N,SGNBVLSWZMBQTH-ZRUUVFCLSA-N,SGNBVLSWZMBQTH,SGNBVLSWZMBQTH-ZRUUVFCLSA-N,unknown,false,94,68,52,56,697
structure,ONNNLYSDSXGHFE-UHFFFAOYSA-N,ONNNLYSDSXGHFE-UHFFFAOYSA-N,ONNNLYSDSXGHFE,ONNNLYSDSXGHFE-UHFFFAOYSA-N,unknown,false,1,1,1,1,10
structure,INDVLXYUCBVVKW-PXBBAZSNSA-N,INDVLXYUCBVVKW-PXBBAZSNSA-N,INDVLXYUCBVVKW,INDVLXYUCBVVKW-PXBBAZSNSA-N,unknown,false,175,118,91,110,1616
structure,NJBMGUDGYKNMIJ-ACRWALKSSA-N,NJBMGUDGYKNMIJ-ACRWALKSSA-N,NJBMGUDGYKNMIJ,NJBMGUDGYKNMIJ-ACRWALKSSA-N,unknown,false,1,1,1,1,12
structure,ABTDMVGTVHLKEM-LVVCFWQASA-N,ABTDMVGTVHLKEM-LVVCFWQASA-N,ABTDMVGTVHLKEM,ABTDMVGTVHLKEM-LVVCFWQASA-N,unknown,false,1,1,1,1,12
structure,ONNNLYSDSXGHFE-OGANXIJSSA-N,ONNNLYSDSXGHFE-OGANXIJSSA-N,ONNNLYSDSXGHFE,ONNNLYSDSXGHFE-OGANXIJSSA-N,unknown,false,1,1,1,1,12
structure,JSPGKOBNHWTKNT-CEERICPQSA-N,JSPGKOBNHWTKNT-CEERICPQSA-N,JSPGKOBNHWTKNT,JSPGKOBNHWTKNT-CEERICPQSA-N,unknown,false,1,1,1,1,12
structure,OQMUOVSEPOBWMK-UHFFFAOYSA-N,OQMUOVSEPOBWMK-UHFFFAOYSA-N,OQMUOVSEPOBWMK,OQMUOVSEPOBWMK-UHFFFAOYSA-N,unknown,false,2,2,1,2,12
structure,CYTZKEPGJPIHGB-DFDCBQTQSA-N,CYTZKEPGJPIHGB-DFDCBQTQSA-N,CYTZKEPGJPIHGB,CYTZKEPGJPIHGB-DFDCBQTQSA-N,unknown,false,1,1,1,1,10
structure,YNZRNENZMVIPBX-SCLBUMFYSA-N,YNZRNENZMVIPBX-SCLBUMFYSA-N,YNZRNENZMVIPBX,YNZRNENZMVIPBX-SCLBUMFYSA-N,unknown,false,4,4,3,4,58
structure,CYPKCRFYMBXYBU-NJSRRFNUSA-N,CYPKCRFYMBXYBU-NJSRRFNUSA-N,CYPKCRFYMBXYBU,CYPKCRFYMBXYBU-NJSRRFNUSA-N,unknown,false,4,4,2,7,48
structure,HFRZSVYKDDZRQY-AATRIKPKSA-N,HFRZSVYKDDZRQY-AATRIKPKSA-N,HFRZSVYKDDZRQY,HFRZSVYKDDZRQY-AATRIKPKSA-N,unknown,false,8,5,5,6,122
structure,KENJIKRHUJUWFQ-UHFFFAOYSA-N,KENJIKRHUJUWFQ-UHFFFAOYSA-N,KENJIKRHUJUWFQ,KENJIKRHUJUWFQ-UHFFFAOYSA-N,unknown,false,1,1,1,1,12
structure,OKILVWSNJYSCMZ-OKISJRQVSA-N,OKILVWSNJYSCMZ-OKISJRQVSA-N,OKILVWSNJYSCMZ,OKILVWSNJYSCMZ-OKISJRQVSA-N,unknown,false,1,1,1,1,10
structure,HUNLTIZKNQDZEI-UHFFFAOYSA-N,HUNLTIZKNQDZEI-UHFFFAOYSA-N,HUNLTIZKNQDZEI,HUNLTIZKNQDZEI-UHFFFAOYSA-N,unknown,false,6,2,2,3,52
structure,MMNYKQIDRZNIKT-UHFFFAOYSA-N,MMNYKQIDRZNIKT-UHFFFAOYSA-N,MMNYKQIDRZNIKT,MMNYKQIDRZNIKT-UHFFFAOYSA-N,unknown,false,13,8,9,10,155
structure,USNLWGSHMJHWQY-FBIYPSPZSA-N,USNLWGSHMJHWQY-FBIYPSPZSA-N,USNLWGSHMJHWQY,USNLWGSHMJHWQY-FBIYPSPZSA-N,unknown,false,3,2,1,1,29
structure,YGBZFOQXPOGACY-ONIUZDBUSA-N,YGBZFOQXPOGACY-ONIUZDBUSA-N,YGBZFOQXPOGACY,YGBZFOQXPOGACY-ONIUZDBUSA-N,unknown,false,8,6,5,6,55
structure,YGBZFOQXPOGACY-CUDHKJQZSA-N,YGBZFOQXPOGACY-CUDHKJQZSA-N,YGBZFOQXPOGACY,YGBZFOQXPOGACY-CUDHKJQZSA-N,unknown,false,1,1,1,1,10
structure,SWIIQEZMLWUBRB-CWNDDPNYSA-N,SWIIQEZMLWUBRB-CWNDDPNYSA-N,SWIIQEZMLWUBRB,SWIIQEZMLWUBRB-CWNDDPNYSA-N,unknown,false,3,2,1,1,29
structure,FNUGEBYFFAEPRS-KSFYIVLOSA-N,FNUGEBYFFAEPRS-KSFYIVLOSA-N,FNUGEBYFFAEPRS,FNUGEBYFFAEPRS-KSFYIVLOSA-N,unknown,false,3,2,1,1,24
structure,XUSYGBPHQBWGAD-PJSUUKDQSA-N,XUSYGBPHQBWGAD-PJSUUKDQSA-N,XUSYGBPHQBWGAD,XUSYGBPHQBWGAD-PJSUUKDQSA-N,unknown,false,21,8,2,44,622
structure,YGBZFOQXPOGACY-UXNJRRTJSA-N,YGBZFOQXPOGACY-UXNJRRTJSA-N,YGBZFOQXPOGACY,YGBZFOQXPOGACY-UXNJRRTJSA-N,unknown,false,1,1,1,1,10
structure,AALLCALQGXXWNA-NXLUFJALSA-N,AALLCALQGXXWNA-NXLUFJALSA-N,AALLCALQGXXWNA,AALLCALQGXXWNA-NXLUFJALSA-N,unknown,false,3,3,2,2,8
structure,FNDYJRBJAVGLKR-UJONSFQJSA-N,FNDYJRBJAVGLKR-UJONSFQJSA-N,FNDYJRBJAVGLKR,FNDYJRBJAVGLKR-UJONSFQJSA-N,unknown,false,2,2,1,1,5
structure,RIXNFYQZWDGQAE-DFHVBEEKSA-N,RIXNFYQZWDGQAE-DFHVBEEKSA-N,RIXNFYQZWDGQAE,RIXNFYQZWDGQAE-DFHVBEEKSA-N,inactive,true,71,45,25,56,597
structure,AALLCALQGXXWNA-QJNFORGASA-N,AALLCALQGXXWNA-QJNFORGASA-N,AALLCALQGXXWNA,AALLCALQGXXWNA-QJNFORGASA-N,unknown,false,14,10,6,20,96
structure,LXEQIOGTMDLLEC-UHFFFAOYSA-N,LXEQIOGTMDLLEC-UHFFFAOYSA-N,LXEQIOGTMDLLEC,LXEQIOGTMDLLEC-UHFFFAOYSA-N,unknown,false,21,19,13,18,218
structure,FMIPNAUMSPFTHK-UHNVWZDZSA-N,FMIPNAUMSPFTHK-UHNVWZDZSA-N,FMIPNAUMSPFTHK,FMIPNAUMSPFTHK-UHNVWZDZSA-N,unknown,false,17,11,8,11,139
structure,DBCAVZSSFGIHQZ-YLAYQGCQSA-N,DBCAVZSSFGIHQZ-YLAYQGCQSA-N,DBCAVZSSFGIHQZ,DBCAVZSSFGIHQZ-YLAYQGCQSA-N,unknown,false,77,43,23,57,800
structure,NOEGNKMFWQHSLB-UHFFFAOYSA-N,NOEGNKMFWQHSLB-UHFFFAOYSA-N,NOEGNKMFWQHSLB,NOEGNKMFWQHSLB-UHFFFAOYSA-N,unknown,false,55,49,36,54,672
structure,GGGUGZHBAOMSFJ-GADYQYKKSA-N,GGGUGZHBAOMSFJ-GADYQYKKSA-N,GGGUGZHBAOMSFJ,GGGUGZHBAOMSFJ-GADYQYKKSA-N,unknown,false,219,123,54,148,2236
structure,KHMPUQOQGWYVMN-DTTCCOOLSA-N,KHMPUQOQGWYVMN-DTTCCOOLSA-N,KHMPUQOQGWYVMN,KHMPUQOQGWYVMN-DTTCCOOLSA-N,unknown,false,2,2,1,1,5
structure,DBCAVZSSFGIHQZ-KGSLAXPJSA-N,DBCAVZSSFGIHQZ-KGSLAXPJSA-N,DBCAVZSSFGIHQZ,DBCAVZSSFGIHQZ-KGSLAXPJSA-N,unknown,false,63,33,21,44,335
structure,VTZCFEUQVQTSSV-LVNUYWAMSA-N,VTZCFEUQVQTSSV-LVNUYWAMSA-N,VTZCFEUQVQTSSV,VTZCFEUQVQTSSV-LVNUYWAMSA-N,unknown,false,9,9,7,7,44
structure,ZEBMIDMKSMCBNW-ZULIBDNHSA-N,ZEBMIDMKSMCBNW-ZULIBDNHSA-N,ZEBMIDMKSMCBNW,ZEBMIDMKSMCBNW-ZULIBDNHSA-N,unknown,false,3,3,2,2,10
structure,UROPGAQBZGIPQC-VUHMTIHWSA-N,UROPGAQBZGIPQC-VUHMTIHWSA-N,UROPGAQBZGIPQC,UROPGAQBZGIPQC-VUHMTIHWSA-N,unknown,false,26,17,4,23,240
structure,ABGLVXROVAEWNL-WDSKDSINSA-N,ABGLVXROVAEWNL-WDSKDSINSA-N,ABGLVXROVAEWNL,ABGLVXROVAEWNL-WDSKDSINSA-N,unknown,false,5,1,1,1,25
structure,ABGLVXROVAEWNL-PHDIDXHHSA-N,ABGLVXROVAEWNL-PHDIDXHHSA-N,ABGLVXROVAEWNL,ABGLVXROVAEWNL-PHDIDXHHSA-N,unknown,false,5,1,1,1,50
structure,GFZFUVWXGQWUGX-DGEKEWMVSA-N,GFZFUVWXGQWUGX-DGEKEWMVSA-N,GFZFUVWXGQWUGX,GFZFUVWXGQWUGX-DGEKEWMVSA-N,unknown,false,10,7,3,8,72
structure,FOWPKLFOIDTRMY-YXPGJMBHSA-N,FOWPKLFOIDTRMY-YXPGJMBHSA-N,FOWPKLFOIDTRMY,FOWPKLFOIDTRMY-YXPGJMBHSA-N,unknown,false,6,3,1,3,32
structure,AEOWOANMUIQUTM-KKCPLASZSA-N,AEOWOANMUIQUTM-KKCPLASZSA-N,AEOWOANMUIQUTM,AEOWOANMUIQUTM-KKCPLASZSA-N,unknown,false,1,1,1,1,5
structure,HFHKILYRHVHVSY-SXZJZTJASA-N,HFHKILYRHVHVSY-SXZJZTJASA-N,HFHKILYRHVHVSY,HFHKILYRHVHVSY-SXZJZTJASA-N,unknown,false,1,1,1,1,5
structure,JBJFEZZTGSSGBP-JRCIOFDCSA-N,JBJFEZZTGSSGBP-JRCIOFDCSA-N,JBJFEZZTGSSGBP,JBJFEZZTGSSGBP-JRCIOFDCSA-N,unknown,false,1,1,1,1,5
structure,YFQFTWJCXMZRGA-IFQXULJGSA-N,YFQFTWJCXMZRGA-IFQXULJGSA-N,YFQFTWJCXMZRGA,YFQFTWJCXMZRGA-IFQXULJGSA-N,unknown,false,1,1,1,1,5
structure,SKGHMIPXASYQPA-JRCIOFDCSA-N,SKGHMIPXASYQPA-JRCIOFDCSA-N,SKGHMIPXASYQPA,SKGHMIPXASYQPA-JRCIOFDCSA-N,unknown,false,1,1,1,1,5
structure,JBJFEZZTGSSGBP-OFZPJRNZSA-N,JBJFEZZTGSSGBP-OFZPJRNZSA-N,JBJFEZZTGSSGBP,JBJFEZZTGSSGBP-OFZPJRNZSA-N,unknown,false,1,1,1,1,5
structure,AEOWOANMUIQUTM-RXXWRWFHSA-N,AEOWOANMUIQUTM-RXXWRWFHSA-N,AEOWOANMUIQUTM,AEOWOANMUIQUTM-RXXWRWFHSA-N,unknown,false,1,1,1,1,5
structure,AFMCJUGPIJIAOB-JGPFYOFESA-N,AFMCJUGPIJIAOB-JGPFYOFESA-N,AFMCJUGPIJIAOB,AFMCJUGPIJIAOB-JGPFYOFESA-N,unknown,false,1,1,1,1,7
structure,QMNCIZZUXQVCBL-OFMMPJDCSA-N,QMNCIZZUXQVCBL-OFMMPJDCSA-N,QMNCIZZUXQVCBL,QMNCIZZUXQVCBL-OFMMPJDCSA-N,unknown,false,1,1,1,1,7
structure,SLWSWKGGZQCLDU-WHHQMRSUSA-N,SLWSWKGGZQCLDU-WHHQMRSUSA-N,SLWSWKGGZQCLDU,SLWSWKGGZQCLDU-WHHQMRSUSA-N,unknown,false,1,1,1,3,21
structure,AKVKZWDTBCHBPM-QOAWLURISA-N,AKVKZWDTBCHBPM-QOAWLURISA-N,AKVKZWDTBCHBPM,AKVKZWDTBCHBPM-QOAWLURISA-N,unknown,false,1,1,1,1,8
structure,YLBMNMLHAAOXAL-FNJIZZFPSA-N,YLBMNMLHAAOXAL-FNJIZZFPSA-N,YLBMNMLHAAOXAL,YLBMNMLHAAOXAL-FNJIZZFPSA-N,unknown,false,1,1,1,1,8
structure,ONAAMCDHQSWPDU-VGLIEXRSSA-N,ONAAMCDHQSWPDU-VGLIEXRSSA-N,ONAAMCDHQSWPDU,ONAAMCDHQSWPDU-VGLIEXRSSA-N,unknown,false,2,2,1,2,15
structure,BDXOBRBVLUHIOI-LZISNZTBSA-N,BDXOBRBVLUHIOI-LZISNZTBSA-N,BDXOBRBVLUHIOI,BDXOBRBVLUHIOI-LZISNZTBSA-N,unknown,false,1,1,1,1,8
structure,KZZZWBMBZSCEKF-TYZGZODGSA-N,KZZZWBMBZSCEKF-TYZGZODGSA-N,KZZZWBMBZSCEKF,KZZZWBMBZSCEKF-TYZGZODGSA-N,unknown,false,1,1,1,1,8
structure,QEBAXZCXAFWBDK-VJHQJNOJSA-N,QEBAXZCXAFWBDK-VJHQJNOJSA-N,QEBAXZCXAFWBDK,QEBAXZCXAFWBDK-VJHQJNOJSA-N,unknown,false,4,3,4,4,31
structure,PGPIOJSFSMAPBR-SQZNAXJSSA-N,PGPIOJSFSMAPBR-SQZNAXJSSA-N,PGPIOJSFSMAPBR,PGPIOJSFSMAPBR-SQZNAXJSSA-N,unknown,false,1,1,1,1,8
structure,RNXCGPIFSGPWOB-GTNWKTSESA-N,RNXCGPIFSGPWOB-GTNWKTSESA-N,RNXCGPIFSGPWOB,RNXCGPIFSGPWOB-GTNWKTSESA-N,unknown,false,1,1,1,1,8
structure,RSMKYRDCCSNYFM-AAGDOFLISA-N,RSMKYRDCCSNYFM-AAGDOFLISA-N,RSMKYRDCCSNYFM,RSMKYRDCCSNYFM-AAGDOFLISA-N,unknown,false,32,25,19,24,378
structure,MMNYKQIDRZNIKT-VSADUBDNSA-N,MMNYKQIDRZNIKT-VSADUBDNSA-N,MMNYKQIDRZNIKT,MMNYKQIDRZNIKT-VSADUBDNSA-N,unknown,false,42,29,25,40,581
structure,IEAZXYJYELWPEQ-XIZANSJMSA-N,IEAZXYJYELWPEQ-XIZANSJMSA-N,IEAZXYJYELWPEQ,IEAZXYJYELWPEQ-XIZANSJMSA-N,unknown,false,1,1,1,1,8
structure,KFTORKYFJLPLES-YWMCNHAWSA-N,KFTORKYFJLPLES-YWMCNHAWSA-N,KFTORKYFJLPLES,KFTORKYFJLPLES-YWMCNHAWSA-N,unknown,false,1,1,1,1,8
structure,PZFJZXLQLMUQCS-NOPOZDCLSA-N,PZFJZXLQLMUQCS-NOPOZDCLSA-N,PZFJZXLQLMUQCS,PZFJZXLQLMUQCS-NOPOZDCLSA-N,unknown,false,1,1,1,1,8
structure,PZFJZXLQLMUQCS-DLOZNBDNSA-N,PZFJZXLQLMUQCS-DLOZNBDNSA-N,PZFJZXLQLMUQCS,PZFJZXLQLMUQCS-DLOZNBDNSA-N,unknown,false,2,2,2,2,14
structure,ZISNJVSNMDLLAY-CGQLKCSASA-N,ZISNJVSNMDLLAY-CGQLKCSASA-N,ZISNJVSNMDLLAY,ZISNJVSNMDLLAY-CGQLKCSASA-N,unknown,false,1,1,1,1,8
structure,ATSVMNCIUVPBNE-QWAVUHLESA-N,ATSVMNCIUVPBNE-QWAVUHLESA-N,ATSVMNCIUVPBNE,ATSVMNCIUVPBNE-QWAVUHLESA-N,unknown,false,2,2,2,2,14
structure,MPSMORKTRDBZSB-UIVJQZJXSA-N,MPSMORKTRDBZSB-UIVJQZJXSA-N,MPSMORKTRDBZSB,MPSMORKTRDBZSB-UIVJQZJXSA-N,unknown,false,1,1,1,1,8
structure,KZZZWBMBZSCEKF-NEVXJAAESA-N,KZZZWBMBZSCEKF-NEVXJAAESA-N,KZZZWBMBZSCEKF,KZZZWBMBZSCEKF-NEVXJAAESA-N,unknown,false,1,1,1,1,8
structure,PMXQGXSNFUWYMT-XFAUPDQCSA-N,PMXQGXSNFUWYMT-XFAUPDQCSA-N,PMXQGXSNFUWYMT,PMXQGXSNFUWYMT-XFAUPDQCSA-N,unknown,false,1,1,1,1,8
structure,HUNLTIZKNQDZEI-PGFZVWMDSA-N,HUNLTIZKNQDZEI-PGFZVWMDSA-N,HUNLTIZKNQDZEI,HUNLTIZKNQDZEI-PGFZVWMDSA-N,unknown,false,65,45,31,53,739
structure,LPZCCMIISIBREI-JXMPMKKESA-N,LPZCCMIISIBREI-JXMPMKKESA-N,LPZCCMIISIBREI,LPZCCMIISIBREI-JXMPMKKESA-N,unknown,false,40,30,24,35,492
structure,QZHIABMWLYKDJA-CFPCDSOASA-N,QZHIABMWLYKDJA-CFPCDSOASA-N,QZHIABMWLYKDJA,QZHIABMWLYKDJA-CFPCDSOASA-N,unknown,false,4,4,4,4,28
structure,KRMCRDNDVNGZDL-CSGRPQDZSA-N,KRMCRDNDVNGZDL-CSGRPQDZSA-N,KRMCRDNDVNGZDL,KRMCRDNDVNGZDL-CSGRPQDZSA-N,unknown,false,1,1,1,1,16
structure,CECKUKLQLNTQAZ-HYFUQYQGSA-N,CECKUKLQLNTQAZ-HYFUQYQGSA-N,CECKUKLQLNTQAZ,CECKUKLQLNTQAZ-HYFUQYQGSA-N,unknown,false,1,1,1,1,8
structure,JYXSWDCPHRTYGU-QHWHWDPRSA-N,JYXSWDCPHRTYGU-QHWHWDPRSA-N,JYXSWDCPHRTYGU,JYXSWDCPHRTYGU-QHWHWDPRSA-N,unknown,false,4,3,2,3,23
structure,PUPKKEQDLNREIM-RPSBXBBBSA-N,PUPKKEQDLNREIM-RPSBXBBBSA-N,PUPKKEQDLNREIM,PUPKKEQDLNREIM-RPSBXBBBSA-N,unknown,false,5,4,4,4,34
structure,OTUCXMIQUNROBJ-NVPNHPEKSA-N,OTUCXMIQUNROBJ-NVPNHPEKSA-N,OTUCXMIQUNROBJ,OTUCXMIQUNROBJ-NVPNHPEKSA-N,unknown,false,15,11,8,9,129
structure,ASAOSMVQLGTAQO-UHFFFAOYSA-N,ASAOSMVQLGTAQO-UHFFFAOYSA-N,ASAOSMVQLGTAQO,ASAOSMVQLGTAQO-UHFFFAOYSA-N,unknown,false,4,2,2,2,29
structure,LZERJKGWTQYMBB-UHFFFAOYSA-N,LZERJKGWTQYMBB-UHFFFAOYSA-N,LZERJKGWTQYMBB,LZERJKGWTQYMBB-UHFFFAOYSA-N,unknown,false,107,56,28,83,1731
structure,IMEYGBIXGJLUIS-UHFFFAOYSA-N,IMEYGBIXGJLUIS-UHFFFAOYSA-N,IMEYGBIXGJLUIS,IMEYGBIXGJLUIS-UHFFFAOYSA-N,unknown,false,72,21,6,56,895
structure,UWARRXZVZDFPQU-UHFFFAOYSA-N,UWARRXZVZDFPQU-UHFFFAOYSA-N,UWARRXZVZDFPQU,UWARRXZVZDFPQU-UHFFFAOYSA-N,unknown,false,33,19,7,22,432
structure,QEWSAPKRFOFQIU-UHFFFAOYSA-N,QEWSAPKRFOFQIU-UHFFFAOYSA-N,QEWSAPKRFOFQIU,QEWSAPKRFOFQIU-UHFFFAOYSA-N,unknown,false,93,30,6,56,1567
structure,DOFJNFPSMUCECH-UHFFFAOYSA-N,DOFJNFPSMUCECH-UHFFFAOYSA-N,DOFJNFPSMUCECH,DOFJNFPSMUCECH-UHFFFAOYSA-N,unknown,false,44,16,5,34,830
structure,DDWGQQADOIMFOI-HDUOPWTPSA-N,DDWGQQADOIMFOI-HDUOPWTPSA-N,DDWGQQADOIMFOI,DDWGQQADOIMFOI-HDUOPWTPSA-N,unknown,false,1,1,1,1,16
structure,ZOSQFDVXNQFKBY-OAOVJFGZSA-N,ZOSQFDVXNQFKBY-OAOVJFGZSA-N,ZOSQFDVXNQFKBY,ZOSQFDVXNQFKBY-OAOVJFGZSA-N,unknown,false,1,1,1,1,16
structure,YSYKRGRSMLTJNL-JSDFYWKGSA-N,YSYKRGRSMLTJNL-JSDFYWKGSA-N,YSYKRGRSMLTJNL,YSYKRGRSMLTJNL-JSDFYWKGSA-N,unknown,false,1,1,1,1,16
structure,CGLAZNJYDWVCGA-JTQLQIEISA-N,CGLAZNJYDWVCGA-JTQLQIEISA-N,CGLAZNJYDWVCGA,CGLAZNJYDWVCGA-JTQLQIEISA-N,unknown,false,1,1,1,1,6
structure,OKXRQISDRKEMCB-HNNXBMFYSA-N,OKXRQISDRKEMCB-HNNXBMFYSA-N,OKXRQISDRKEMCB,OKXRQISDRKEMCB-HNNXBMFYSA-N,unknown,false,6,5,2,4,33
structure,OMGQCYHSAPWXMS-UHFFFAOYSA-N,OMGQCYHSAPWXMS-UHFFFAOYSA-N,OMGQCYHSAPWXMS,OMGQCYHSAPWXMS-UHFFFAOYSA-N,unknown,false,2,2,2,2,22
structure,GGLXDYDRZKRTDI-UHFFFAOYSA-N,GGLXDYDRZKRTDI-UHFFFAOYSA-N,GGLXDYDRZKRTDI,GGLXDYDRZKRTDI-UHFFFAOYSA-N,unknown,false,2,2,2,2,22
structure,KDAMTLGCZPUMAR-UHFFFAOYSA-N,KDAMTLGCZPUMAR-UHFFFAOYSA-N,KDAMTLGCZPUMAR,KDAMTLGCZPUMAR-UHFFFAOYSA-N,unknown,false,1,1,1,1,12
structure,XJMPAUZQVRGFRE-DUMNYRKASA-N,XJMPAUZQVRGFRE-DUMNYRKASA-N,XJMPAUZQVRGFRE,XJMPAUZQVRGFRE-DUMNYRKASA-N,unknown,false,19,15,4,13,213
structure,OPUOJUNLPSQCAF-NSVCACQWSA-N,OPUOJUNLPSQCAF-NSVCACQWSA-N,OPUOJUNLPSQCAF,OPUOJUNLPSQCAF-NSVCACQWSA-N,unknown,false,2,2,1,1,30
structure,IBFYXTRXDNAPMM-BVTMAQQCSA-N,IBFYXTRXDNAPMM-BVTMAQQCSA-N,IBFYXTRXDNAPMM,IBFYXTRXDNAPMM-BVTMAQQCSA-N,unknown,false,39,28,14,57,673
structure,YSOBQIMODQOGKQ-HOZAMIDDSA-N,YSOBQIMODQOGKQ-HOZAMIDDSA-N,YSOBQIMODQOGKQ,YSOBQIMODQOGKQ-HOZAMIDDSA-N,unknown,false,30,14,6,20,303
structure,IBFYXTRXDNAPMM-LXPWSASLSA-N,IBFYXTRXDNAPMM-LXPWSASLSA-N,IBFYXTRXDNAPMM,IBFYXTRXDNAPMM-LXPWSASLSA-N,unknown,false,7,7,2,6,78
structure,OPUOJUNLPSQCAF-UGYNEOJLSA-N,OPUOJUNLPSQCAF-UGYNEOJLSA-N,OPUOJUNLPSQCAF,OPUOJUNLPSQCAF-UGYNEOJLSA-N,unknown,false,2,2,1,1,10
structure,XJMPAUZQVRGFRE-KYMQPQHFSA-N,XJMPAUZQVRGFRE-KYMQPQHFSA-N,XJMPAUZQVRGFRE,XJMPAUZQVRGFRE-KYMQPQHFSA-N,unknown,false,5,5,1,4,57
structure,XJMPAUZQVRGFRE-SCHFUKFYSA-N,XJMPAUZQVRGFRE-SCHFUKFYSA-N,XJMPAUZQVRGFRE,XJMPAUZQVRGFRE-SCHFUKFYSA-N,unknown,false,6,6,1,5,70
structure,WSGPLSDARZNMCW-FCVLBCLDSA-N,WSGPLSDARZNMCW-FCVLBCLDSA-N,WSGPLSDARZNMCW,WSGPLSDARZNMCW-FCVLBCLDSA-N,unknown,false,28,19,7,25,250
structure,XJMPAUZQVRGFRE-AYDWLWLASA-N,XJMPAUZQVRGFRE-AYDWLWLASA-N,XJMPAUZQVRGFRE,XJMPAUZQVRGFRE-AYDWLWLASA-N,unknown,false,16,12,2,26,170
structure,WSGPLSDARZNMCW-LPGRTNKPSA-N,WSGPLSDARZNMCW-LPGRTNKPSA-N,WSGPLSDARZNMCW,WSGPLSDARZNMCW-LPGRTNKPSA-N,unknown,false,23,20,4,24,229
structure,XJMPAUZQVRGFRE-ZYEJEXACSA-N,XJMPAUZQVRGFRE-ZYEJEXACSA-N,XJMPAUZQVRGFRE,XJMPAUZQVRGFRE-ZYEJEXACSA-N,unknown,false,15,11,2,22,272
structure,BNYWADFAGBPZJB-IUSLWFBYSA-N,BNYWADFAGBPZJB-IUSLWFBYSA-N,BNYWADFAGBPZJB,BNYWADFAGBPZJB-IUSLWFBYSA-N,unknown,false,1,1,1,1,7
structure,JFQBNOIJWROZGE-VBRACAIISA-N,JFQBNOIJWROZGE-VBRACAIISA-N,JFQBNOIJWROZGE,JFQBNOIJWROZGE-VBRACAIISA-N,unknown,false,10,4,2,4,96
structure,DKTDHUGOEJFFSN-BIENJYKASA-N,DKTDHUGOEJFFSN-BIENJYKASA-N,DKTDHUGOEJFFSN,DKTDHUGOEJFFSN-BIENJYKASA-N,unknown,false,6,6,6,6,64
structure,DKTDHUGOEJFFSN-PJIJBLCYSA-N,DKTDHUGOEJFFSN-PJIJBLCYSA-N,DKTDHUGOEJFFSN,DKTDHUGOEJFFSN-PJIJBLCYSA-N,unknown,false,9,7,6,8,96
structure,GTTYAWQXJCCLMS-SMYCZFAKSA-N,GTTYAWQXJCCLMS-SMYCZFAKSA-N,GTTYAWQXJCCLMS,GTTYAWQXJCCLMS-SMYCZFAKSA-N,unknown,false,1,1,1,1,5
structure,HOACHHFCSGSFJK-SMYCZFAKSA-N,HOACHHFCSGSFJK-SMYCZFAKSA-N,HOACHHFCSGSFJK,HOACHHFCSGSFJK-SMYCZFAKSA-N,unknown,false,1,1,1,1,5
structure,QBABZGKLNBXUTN-ANXZYFOCSA-N,QBABZGKLNBXUTN-ANXZYFOCSA-N,QBABZGKLNBXUTN,QBABZGKLNBXUTN-ANXZYFOCSA-N,unknown,false,1,1,1,1,5
structure,FHQUKAJSXNCFAA-ZFMNYDKASA-N,FHQUKAJSXNCFAA-ZFMNYDKASA-N,FHQUKAJSXNCFAA,FHQUKAJSXNCFAA-ZFMNYDKASA-N,unknown,false,2,2,2,2,12
structure,FJPYRUGHOSNUPA-NXXWWENFSA-N,FJPYRUGHOSNUPA-NXXWWENFSA-N,FJPYRUGHOSNUPA,FJPYRUGHOSNUPA-NXXWWENFSA-N,unknown,false,1,1,1,1,7
structure,LNECUDALXOQOBS-PXNNQKQISA-N,LNECUDALXOQOBS-PXNNQKQISA-N,LNECUDALXOQOBS,LNECUDALXOQOBS-PXNNQKQISA-N,unknown,false,1,1,1,1,7
structure,PYHKARJNNRSAIE-NKOSUPTBSA-N,PYHKARJNNRSAIE-NKOSUPTBSA-N,PYHKARJNNRSAIE,PYHKARJNNRSAIE-NKOSUPTBSA-N,unknown,false,1,1,1,1,7
structure,HAFUQUBCICCDGS-OVKYWLESSA-N,HAFUQUBCICCDGS-OVKYWLESSA-N,HAFUQUBCICCDGS,HAFUQUBCICCDGS-OVKYWLESSA-N,unknown,false,1,1,1,1,8
structure,LCQKMIMLBQEMSB-VMWKOPFVSA-N,LCQKMIMLBQEMSB-VMWKOPFVSA-N,LCQKMIMLBQEMSB,LCQKMIMLBQEMSB-VMWKOPFVSA-N,unknown,false,1,1,1,1,8
structure,PLIAJTPGFVBAQI-HRHVLVCKSA-N,PLIAJTPGFVBAQI-HRHVLVCKSA-N,PLIAJTPGFVBAQI,PLIAJTPGFVBAQI-HRHVLVCKSA-N,unknown,false,1,1,1,1,8
structure,HAFUQUBCICCDGS-HRHVLVCKSA-N,HAFUQUBCICCDGS-HRHVLVCKSA-N,HAFUQUBCICCDGS,HAFUQUBCICCDGS-HRHVLVCKSA-N,unknown,false,1,1,1,1,8
structure,PLIAJTPGFVBAQI-HTXGQIKESA-N,PLIAJTPGFVBAQI-HTXGQIKESA-N,PLIAJTPGFVBAQI,PLIAJTPGFVBAQI-HTXGQIKESA-N,unknown,false,1,1,1,1,8
structure,RWSSUUKUVKNZLZ-AWWNFJCHSA-N,RWSSUUKUVKNZLZ-AWWNFJCHSA-N,RWSSUUKUVKNZLZ,RWSSUUKUVKNZLZ-AWWNFJCHSA-N,unknown,false,1,1,1,2,16
structure,URLKVGACTZHFEX-FCYQBUEGSA-N,URLKVGACTZHFEX-FCYQBUEGSA-N,URLKVGACTZHFEX,URLKVGACTZHFEX-FCYQBUEGSA-N,unknown,false,1,1,1,1,8
structure,FMIMFCRXYXVFTA-UHFFFAOYSA-N,FMIMFCRXYXVFTA-UHFFFAOYSA-N,FMIMFCRXYXVFTA,FMIMFCRXYXVFTA-UHFFFAOYSA-N,unknown,false,7,5,6,6,32
structure,KLHSKTMVSOWVLD-UHFFFAOYSA-N,KLHSKTMVSOWVLD-UHFFFAOYSA-N,KLHSKTMVSOWVLD,KLHSKTMVSOWVLD-UHFFFAOYSA-N,unknown,false,4,3,3,3,30
structure,MIJYXULNPSFWEK-UHFFFAOYSA-N,MIJYXULNPSFWEK-UHFFFAOYSA-N,MIJYXULNPSFWEK,MIJYXULNPSFWEK-UHFFFAOYSA-N,unknown,false,247,110,58,134,3243
structure,PAIBKVQNJKUVCE-UHFFFAOYSA-N,PAIBKVQNJKUVCE-UHFFFAOYSA-N,PAIBKVQNJKUVCE,PAIBKVQNJKUVCE-UHFFFAOYSA-N,unknown,false,1,1,1,1,10
structure,WCGUUGGRBIKTOS-UHFFFAOYSA-N,WCGUUGGRBIKTOS-UHFFFAOYSA-N,WCGUUGGRBIKTOS,WCGUUGGRBIKTOS-UHFFFAOYSA-N,unknown,false,113,70,43,88,864
structure,HDYANYHVCAPMJV-BGMZMYTISA-N,HDYANYHVCAPMJV-BGMZMYTISA-N,HDYANYHVCAPMJV,HDYANYHVCAPMJV-BGMZMYTISA-N,unknown,false,1,1,1,1,16
structure,DUISZFLWBAPRBR-OXUWNYNTSA-N,DUISZFLWBAPRBR-OXUWNYNTSA-N,DUISZFLWBAPRBR,DUISZFLWBAPRBR-OXUWNYNTSA-N,unknown,false,2,2,2,2,32
structure,NAODYPMFJILTIP-WRIWZNEVSA-N,NAODYPMFJILTIP-WRIWZNEVSA-N,NAODYPMFJILTIP,NAODYPMFJILTIP-WRIWZNEVSA-N,unknown,false,1,1,1,1,16
structure,BBGCWPNVOJCQCG-SDBHATRESA-N,BBGCWPNVOJCQCG-SDBHATRESA-N,BBGCWPNVOJCQCG,BBGCWPNVOJCQCG-SDBHATRESA-N,unknown,false,2,2,2,2,16
structure,PHZVBJISZSHIRV-PXDPMPQASA-N,PHZVBJISZSHIRV-PXDPMPQASA-N,PHZVBJISZSHIRV,PHZVBJISZSHIRV-PXDPMPQASA-N,unknown,false,1,1,1,1,16
structure,XXFACTAYGKKOQB-ZETCQYMHSA-N,XXFACTAYGKKOQB-ZETCQYMHSA-N,XXFACTAYGKKOQB,XXFACTAYGKKOQB-ZETCQYMHSA-N,unknown,false,3,3,3,3,21
structure,VYRAJOITMBSQSE-HNVSNYHQSA-N,VYRAJOITMBSQSE-HNVSNYHQSA-N,VYRAJOITMBSQSE,VYRAJOITMBSQSE-HNVSNYHQSA-N,unknown,false,1,1,1,2,24
structure,HTDHRCLVWUEXIS-QEJLLAEFSA-N,HTDHRCLVWUEXIS-QEJLLAEFSA-N,HTDHRCLVWUEXIS,HTDHRCLVWUEXIS-QEJLLAEFSA-N,unknown,false,1,1,1,1,16
structure,MVMBTNNVZQRZQT-UPHATXTLSA-N,MVMBTNNVZQRZQT-UPHATXTLSA-N,MVMBTNNVZQRZQT,MVMBTNNVZQRZQT-UPHATXTLSA-N,unknown,false,1,1,1,1,16
structure,DBVVQDGIJAUEAZ-LIOLZPPRSA-N,DBVVQDGIJAUEAZ-LIOLZPPRSA-N,DBVVQDGIJAUEAZ,DBVVQDGIJAUEAZ-LIOLZPPRSA-N,unknown,false,1,1,1,1,16
structure,IJOPWQAWCGNMBI-IJKURQBASA-N,IJOPWQAWCGNMBI-IJKURQBASA-N,IJOPWQAWCGNMBI,IJOPWQAWCGNMBI-IJKURQBASA-N,unknown,false,1,1,1,1,16
structure,KDIRTCPHKDPWMQ-MUZWZVNPSA-N,KDIRTCPHKDPWMQ-MUZWZVNPSA-N,KDIRTCPHKDPWMQ,KDIRTCPHKDPWMQ-MUZWZVNPSA-N,unknown,false,1,1,1,1,16
structure,XEHLLUQVSRLWMH-MZYWCHDMSA-N,XEHLLUQVSRLWMH-MZYWCHDMSA-N,XEHLLUQVSRLWMH,XEHLLUQVSRLWMH-MZYWCHDMSA-N,unknown,false,1,1,1,1,16
structure,DTPCZPXFOQSQNC-MMHCNIRFSA-N,DTPCZPXFOQSQNC-MMHCNIRFSA-N,DTPCZPXFOQSQNC,DTPCZPXFOQSQNC-MMHCNIRFSA-N,unknown,false,1,1,1,1,16
structure,XXFACTAYGKKOQB-SSDOTTSWSA-N,XXFACTAYGKKOQB-SSDOTTSWSA-N,XXFACTAYGKKOQB,XXFACTAYGKKOQB-SSDOTTSWSA-N,unknown,false,9,9,7,8,121
structure,FNGFDRHLEQKDDQ-CDMWDEQPSA-N,FNGFDRHLEQKDDQ-CDMWDEQPSA-N,FNGFDRHLEQKDDQ,FNGFDRHLEQKDDQ-CDMWDEQPSA-N,unknown,false,1,1,1,1,7
structure,CQHCJXYZMUYPIT-GBVPUKILSA-N,CQHCJXYZMUYPIT-GBVPUKILSA-N,CQHCJXYZMUYPIT,CQHCJXYZMUYPIT-GBVPUKILSA-N,unknown,false,1,1,1,1,14
structure,VAOWMWFEZLPVAY-ZGWBENQPSA-N,VAOWMWFEZLPVAY-ZGWBENQPSA-N,VAOWMWFEZLPVAY,VAOWMWFEZLPVAY-ZGWBENQPSA-N,unknown,false,1,1,1,1,7
structure,FNGFDRHLEQKDDQ-DHHLVEFRSA-N,FNGFDRHLEQKDDQ-DHHLVEFRSA-N,FNGFDRHLEQKDDQ,FNGFDRHLEQKDDQ-DHHLVEFRSA-N,unknown,false,1,1,1,1,14
structure,RUVUHIUYGJBLGI-UHFFFAOYSA-N,RUVUHIUYGJBLGI-UHFFFAOYSA-N,RUVUHIUYGJBLGI,RUVUHIUYGJBLGI-UHFFFAOYSA-N,unknown,false,36,27,16,26,339
structure,KZJWDPNRJALLNS-UHFFFAOYSA-N,KZJWDPNRJALLNS-UHFFFAOYSA-N,KZJWDPNRJALLNS,KZJWDPNRJALLNS-UHFFFAOYSA-N,unknown,false,1075,406,145,562,22134
structure,FPIRLBKNQNOVET-IVGZAAIESA-N,FPIRLBKNQNOVET-IVGZAAIESA-N,FPIRLBKNQNOVET,FPIRLBKNQNOVET-IVGZAAIESA-N,unknown,false,1,1,1,1,16
structure,GLJAEZNTDWDEPX-RUSAUJBJSA-N,GLJAEZNTDWDEPX-RUSAUJBJSA-N,GLJAEZNTDWDEPX,GLJAEZNTDWDEPX-RUSAUJBJSA-N,unknown,false,1,1,1,1,6
structure,JNOBKBGUTMPMPS-SMFJDMQNSA-N,JNOBKBGUTMPMPS-SMFJDMQNSA-N,JNOBKBGUTMPMPS,JNOBKBGUTMPMPS-SMFJDMQNSA-N,unknown,false,1,1,1,1,6
structure,QZRKNNXRNBTODR-YQALUOGVSA-N,QZRKNNXRNBTODR-YQALUOGVSA-N,QZRKNNXRNBTODR,QZRKNNXRNBTODR-YQALUOGVSA-N,unknown,false,1,1,1,2,18
structure,CVFJGIAXQXTQLB-VHGCGKSWSA-N,CVFJGIAXQXTQLB-VHGCGKSWSA-N,CVFJGIAXQXTQLB,CVFJGIAXQXTQLB-VHGCGKSWSA-N,unknown,false,1,1,1,1,6
structure,FOYFJRGETORFTE-IINVYNELSA-N,FOYFJRGETORFTE-IINVYNELSA-N,FOYFJRGETORFTE,FOYFJRGETORFTE-IINVYNELSA-N,unknown,false,1,1,1,1,6
structure,JNOBKBGUTMPMPS-XDQOZGBTSA-N,JNOBKBGUTMPMPS-XDQOZGBTSA-N,JNOBKBGUTMPMPS,JNOBKBGUTMPMPS-XDQOZGBTSA-N,unknown,false,1,1,1,1,6
structure,BASCBPSXFTXREB-COIISXCISA-N,BASCBPSXFTXREB-COIISXCISA-N,BASCBPSXFTXREB,BASCBPSXFTXREB-COIISXCISA-N,unknown,false,1,1,1,1,12
structure,WUVMCCRKWLRPJP-OKZVCGLCSA-N,WUVMCCRKWLRPJP-OKZVCGLCSA-N,WUVMCCRKWLRPJP,WUVMCCRKWLRPJP-OKZVCGLCSA-N,unknown,false,1,1,1,1,12
structure,FOYFJRGETORFTE-HBVUFRJMSA-N,FOYFJRGETORFTE-HBVUFRJMSA-N,FOYFJRGETORFTE,FOYFJRGETORFTE-HBVUFRJMSA-N,unknown,false,1,1,1,1,6
structure,TUGUXROTUBROTM-VZNMWSRNSA-N,TUGUXROTUBROTM-VZNMWSRNSA-N,TUGUXROTUBROTM,TUGUXROTUBROTM-VZNMWSRNSA-N,unknown,false,1,1,1,1,12
structure,XWYOUQPUQIUTMW-HHHUOAJASA-N,XWYOUQPUQIUTMW-HHHUOAJASA-N,XWYOUQPUQIUTMW,XWYOUQPUQIUTMW-HHHUOAJASA-N,unknown,false,1,1,1,1,6
structure,GOBAQYCCUYZMJY-IXAQGVHISA-N,GOBAQYCCUYZMJY-IXAQGVHISA-N,GOBAQYCCUYZMJY,GOBAQYCCUYZMJY-IXAQGVHISA-N,unknown,false,1,1,1,1,5
structure,LNWIREADZWQAFH-RTNZXRMLSA-N,LNWIREADZWQAFH-RTNZXRMLSA-N,LNWIREADZWQAFH,LNWIREADZWQAFH-RTNZXRMLSA-N,unknown,false,1,1,1,1,5
structure,LNWIREADZWQAFH-AATRIKPKSA-N,LNWIREADZWQAFH-AATRIKPKSA-N,LNWIREADZWQAFH,LNWIREADZWQAFH-AATRIKPKSA-N,unknown,false,2,1,1,1,20
structure,RYHSERHDCIACPJ-GQNLBUSSSA-N,RYHSERHDCIACPJ-GQNLBUSSSA-N,RYHSERHDCIACPJ,RYHSERHDCIACPJ-GQNLBUSSSA-N,unknown,false,1,1,1,1,5
structure,LNWIREADZWQAFH-UHFFFAOYSA-N,LNWIREADZWQAFH-UHFFFAOYSA-N,LNWIREADZWQAFH,LNWIREADZWQAFH-UHFFFAOYSA-N,unknown,false,2,1,1,1,20
structure,IUNJCFABHJZSKB-UHFFFAOYSA-N,IUNJCFABHJZSKB-UHFFFAOYSA-N,IUNJCFABHJZSKB,IUNJCFABHJZSKB-UHFFFAOYSA-N,unknown,false,8,5,4,6,113
structure,YNZRNENZMVIPBX-FNBJZPIPSA-N,YNZRNENZMVIPBX-FNBJZPIPSA-N,YNZRNENZMVIPBX,YNZRNENZMVIPBX-FNBJZPIPSA-N,unknown,false,7,5,5,5,72
structure,IXVMHGVQKLDRKH-QHBHMFGVSA-N,IXVMHGVQKLDRKH-QHBHMFGVSA-N,IXVMHGVQKLDRKH,IXVMHGVQKLDRKH-QHBHMFGVSA-N,unknown,false,4,4,4,4,67
structure,IXXMAUGACHIBMM-WBWBKCFTSA-N,IXXMAUGACHIBMM-WBWBKCFTSA-N,IXXMAUGACHIBMM,IXXMAUGACHIBMM-WBWBKCFTSA-N,unknown,false,2,1,1,1,7
structure,QZHZIHNILHRPAS-UCHVXLTOSA-N,QZHZIHNILHRPAS-UCHVXLTOSA-N,QZHZIHNILHRPAS,QZHZIHNILHRPAS-UCHVXLTOSA-N,unknown,false,2,1,1,1,7
structure,RYOIXTXQSJPJMG-LBHUKDJMSA-N,RYOIXTXQSJPJMG-LBHUKDJMSA-N,RYOIXTXQSJPJMG,RYOIXTXQSJPJMG-LBHUKDJMSA-N,unknown,false,2,1,1,1,7
structure,QZHZIHNILHRPAS-MNOXXJLTSA-N,QZHZIHNILHRPAS-MNOXXJLTSA-N,QZHZIHNILHRPAS,QZHZIHNILHRPAS-MNOXXJLTSA-N,unknown,false,2,1,1,1,14
structure,JMJWCANHASMNST-SSDOTTSWSA-N,JMJWCANHASMNST-SSDOTTSWSA-N,JMJWCANHASMNST,JMJWCANHASMNST-SSDOTTSWSA-N,unknown,false,1,1,1,1,8
structure,JMJWCANHASMNST-ZETCQYMHSA-N,JMJWCANHASMNST-ZETCQYMHSA-N,JMJWCANHASMNST,JMJWCANHASMNST-ZETCQYMHSA-N,unknown,false,1,1,1,1,16
structure,IERFAZQCIAZODG-UEDWAMCQSA-N,IERFAZQCIAZODG-UEDWAMCQSA-N,IERFAZQCIAZODG,IERFAZQCIAZODG-UEDWAMCQSA-N,unknown,false,1,1,1,1,6
structure,BNYWADFAGBPZJB-YIEDZISJSA-N,BNYWADFAGBPZJB-YIEDZISJSA-N,BNYWADFAGBPZJB,BNYWADFAGBPZJB-YIEDZISJSA-N,unknown,false,2,2,2,2,12
structure,MMEXTNDBWOEMTB-SWJHQYIHSA-N,MMEXTNDBWOEMTB-SWJHQYIHSA-N,MMEXTNDBWOEMTB,MMEXTNDBWOEMTB-SWJHQYIHSA-N,unknown,false,1,1,1,1,6
structure,XKLVIEHPOZBIKV-FKICDVMDSA-N,XKLVIEHPOZBIKV-FKICDVMDSA-N,XKLVIEHPOZBIKV,XKLVIEHPOZBIKV-FKICDVMDSA-N,unknown,false,2,2,2,2,12
structure,OPWUVOPHCMWWGJ-UHFFFAOYSA-N,OPWUVOPHCMWWGJ-UHFFFAOYSA-N,OPWUVOPHCMWWGJ,OPWUVOPHCMWWGJ-UHFFFAOYSA-N,unknown,false,3,2,1,2,30
structure,KMEQUVNVNHTHSM-LKGDQWORSA-N,KMEQUVNVNHTHSM-LKGDQWORSA-N,KMEQUVNVNHTHSM,KMEQUVNVNHTHSM-LKGDQWORSA-N,unknown,false,1,1,1,1,6
structure,GOECIRGMYVJNBS-ZHPHXZAZSA-N,GOECIRGMYVJNBS-ZHPHXZAZSA-N,GOECIRGMYVJNBS,GOECIRGMYVJNBS-ZHPHXZAZSA-N,unknown,false,1,1,1,1,6
structure,KYTKOCVFNCZSSC-PSLIWGKLSA-N,KYTKOCVFNCZSSC-PSLIWGKLSA-N,KYTKOCVFNCZSSC,KYTKOCVFNCZSSC-PSLIWGKLSA-N,unknown,false,3,2,1,3,17
structure,GQSRIBUSVVSLSQ-STPBSKNSSA-N,GQSRIBUSVVSLSQ-STPBSKNSSA-N,GQSRIBUSVVSLSQ,GQSRIBUSVVSLSQ-STPBSKNSSA-N,unknown,false,1,1,1,1,16
structure,NLNNWFCVCWSYSK-DCHSITBXSA-N,NLNNWFCVCWSYSK-DCHSITBXSA-N,NLNNWFCVCWSYSK,NLNNWFCVCWSYSK-DCHSITBXSA-N,unknown,false,1,1,1,1,16
structure,VXBLCLVRWCLEOX-UHFFFAOYSA-N,VXBLCLVRWCLEOX-UHFFFAOYSA-N,VXBLCLVRWCLEOX,VXBLCLVRWCLEOX-UHFFFAOYSA-N,unknown,false,3,3,2,4,21
structure,YCYJLHFHRKUCQX-UHFFFAOYSA-N,YCYJLHFHRKUCQX-UHFFFAOYSA-N,YCYJLHFHRKUCQX,YCYJLHFHRKUCQX-UHFFFAOYSA-N,unknown,false,2,2,1,4,36
structure,HJIKODJJEORHMZ-JUYUDSHZSA-N,HJIKODJJEORHMZ-JUYUDSHZSA-N,HJIKODJJEORHMZ,HJIKODJJEORHMZ-JUYUDSHZSA-N,unknown,false,1,1,1,1,16
structure,JFQBNOIJWROZGE-CFKOCTGXSA-N,JFQBNOIJWROZGE-CFKOCTGXSA-N,JFQBNOIJWROZGE,JFQBNOIJWROZGE-CFKOCTGXSA-N,unknown,false,1,1,1,1,14
structure,QEGKOTVMJLTBMK-UHFFFAOYSA-N,QEGKOTVMJLTBMK-UHFFFAOYSA-N,QEGKOTVMJLTBMK,QEGKOTVMJLTBMK-UHFFFAOYSA-N,unknown,false,1,1,1,1,14
structure,NALGVVPRJHXHNM-UHFFFAOYSA-N,NALGVVPRJHXHNM-UHFFFAOYSA-N,NALGVVPRJHXHNM,NALGVVPRJHXHNM-UHFFFAOYSA-N,unknown,false,1,1,1,1,14
structure,JDHGGJLFIYASAS-UHFFFAOYSA-N,JDHGGJLFIYASAS-UHFFFAOYSA-N,JDHGGJLFIYASAS,JDHGGJLFIYASAS-UHFFFAOYSA-N,unknown,false,1,1,1,1,10
structure,JIQSDJNLGMFGDV-LIKPGJMYSA-N,JIQSDJNLGMFGDV-LIKPGJMYSA-N,JIQSDJNLGMFGDV,JIQSDJNLGMFGDV-LIKPGJMYSA-N,unknown,false,2,2,1,4,44
structure,FBBLPDBFYMNXIE-SBAIMNNOSA-N,FBBLPDBFYMNXIE-SBAIMNNOSA-N,FBBLPDBFYMNXIE,FBBLPDBFYMNXIE-SBAIMNNOSA-N,unknown,false,1,1,1,1,10
structure,XXKZXLGDEMSHFH-RJEVLRCPSA-N,XXKZXLGDEMSHFH-RJEVLRCPSA-N,XXKZXLGDEMSHFH,XXKZXLGDEMSHFH-RJEVLRCPSA-N,unknown,false,1,1,1,1,5
structure,UWQYBLOHTQWSQD-UHFFFAOYSA-N,UWQYBLOHTQWSQD-UHFFFAOYSA-N,UWQYBLOHTQWSQD,UWQYBLOHTQWSQD-UHFFFAOYSA-N,unknown,false,13,4,1,20,518
structure,JDHGGJLFIYASAS-GIJQJNRQSA-N,JDHGGJLFIYASAS-GIJQJNRQSA-N,JDHGGJLFIYASAS,JDHGGJLFIYASAS-GIJQJNRQSA-N,unknown,false,1,1,1,1,10
structure,FBBLPDBFYMNXIE-VCTGMTIGSA-N,FBBLPDBFYMNXIE-VCTGMTIGSA-N,FBBLPDBFYMNXIE,FBBLPDBFYMNXIE-VCTGMTIGSA-N,unknown,false,1,1,1,1,10
structure,LJMMDVNGTDPQPA-UHFFFAOYSA-N,LJMMDVNGTDPQPA-UHFFFAOYSA-N,LJMMDVNGTDPQPA,LJMMDVNGTDPQPA-UHFFFAOYSA-N,unknown,false,3,1,1,1,25
structure,QAJFPEYQEDURAN-BMQGYFGXSA-N,QAJFPEYQEDURAN-BMQGYFGXSA-N,QAJFPEYQEDURAN,QAJFPEYQEDURAN-BMQGYFGXSA-N,unknown,false,1,1,1,1,5
structure,QAJFPEYQEDURAN-LQUIUOFXSA-N,QAJFPEYQEDURAN-LQUIUOFXSA-N,QAJFPEYQEDURAN,QAJFPEYQEDURAN-LQUIUOFXSA-N,unknown,false,3,1,1,1,30
structure,LJMMDVNGTDPQPA-FOYSLLOYSA-N,LJMMDVNGTDPQPA-FOYSLLOYSA-N,LJMMDVNGTDPQPA,LJMMDVNGTDPQPA-FOYSLLOYSA-N,unknown,false,1,1,1,1,5
structure,MKVXRXTVDGOLCF-LYBFFQFTSA-N,MKVXRXTVDGOLCF-LYBFFQFTSA-N,MKVXRXTVDGOLCF,MKVXRXTVDGOLCF-LYBFFQFTSA-N,unknown,false,3,1,1,1,30
structure,AHIRDLBHUBNZRI-UFEHBCDASA-N,AHIRDLBHUBNZRI-UFEHBCDASA-N,AHIRDLBHUBNZRI,AHIRDLBHUBNZRI-UFEHBCDASA-N,unknown,false,4,2,1,2,37
structure,AHIRDLBHUBNZRI-ZXDLFBMOSA-N,AHIRDLBHUBNZRI-ZXDLFBMOSA-N,AHIRDLBHUBNZRI,AHIRDLBHUBNZRI-ZXDLFBMOSA-N,unknown,false,4,2,1,2,40
structure,LKCOZWLUAKSRQM-IBUUURQNSA-N,LKCOZWLUAKSRQM-IBUUURQNSA-N,LKCOZWLUAKSRQM,LKCOZWLUAKSRQM-IBUUURQNSA-N,unknown,false,7,6,6,9,51
structure,AKZBEMDOKOHIFM-UMAWSMADSA-N,AKZBEMDOKOHIFM-UMAWSMADSA-N,AKZBEMDOKOHIFM,AKZBEMDOKOHIFM-UMAWSMADSA-N,unknown,false,5,4,4,4,26
structure,XECJBJHITROSPL-JGWMJADOSA-N,XECJBJHITROSPL-JGWMJADOSA-N,XECJBJHITROSPL,XECJBJHITROSPL-JGWMJADOSA-N,unknown,false,1,1,1,1,5
structure,XECJBJHITROSPL-UCKKVMSCSA-N,XECJBJHITROSPL-UCKKVMSCSA-N,XECJBJHITROSPL,XECJBJHITROSPL-UCKKVMSCSA-N,unknown,false,2,2,2,2,15
structure,XECJBJHITROSPL-WSONZKGWSA-N,XECJBJHITROSPL-WSONZKGWSA-N,XECJBJHITROSPL,XECJBJHITROSPL-WSONZKGWSA-N,unknown,false,1,1,1,1,10
structure,LKCOZWLUAKSRQM-BTPUUTEISA-N,LKCOZWLUAKSRQM-BTPUUTEISA-N,LKCOZWLUAKSRQM,LKCOZWLUAKSRQM-BTPUUTEISA-N,unknown,false,3,2,2,2,15
structure,XECJBJHITROSPL-WJGMRIAGSA-N,XECJBJHITROSPL-WJGMRIAGSA-N,XECJBJHITROSPL,XECJBJHITROSPL-WJGMRIAGSA-N,unknown,false,1,1,1,1,5
structure,LKCOZWLUAKSRQM-UMAWSMADSA-N,LKCOZWLUAKSRQM-UMAWSMADSA-N,LKCOZWLUAKSRQM,LKCOZWLUAKSRQM-UMAWSMADSA-N,unknown,false,12,10,9,12,84
structure,NWZBNZUABGSPSN-WRYDCQAKSA-N,NWZBNZUABGSPSN-WRYDCQAKSA-N,NWZBNZUABGSPSN,NWZBNZUABGSPSN-WRYDCQAKSA-N,unknown,false,6,6,5,6,35
structure,BKYWAYNSDFXIPL-JWQCQUIFSA-N,BKYWAYNSDFXIPL-JWQCQUIFSA-N,BKYWAYNSDFXIPL,BKYWAYNSDFXIPL-JWQCQUIFSA-N,unknown,false,8,6,6,5,43
structure,MOJZMWJRUKIQGL-UHNOTUFWSA-N,MOJZMWJRUKIQGL-UHNOTUFWSA-N,MOJZMWJRUKIQGL,MOJZMWJRUKIQGL-UHNOTUFWSA-N,unknown,false,2,2,2,2,12
structure,NWZBNZUABGSPSN-FUOMFPIFSA-N,NWZBNZUABGSPSN-FUOMFPIFSA-N,NWZBNZUABGSPSN,NWZBNZUABGSPSN-FUOMFPIFSA-N,unknown,false,4,4,3,4,22
structure,WHASVNKXAVKAJA-YUGUOILESA-N,WHASVNKXAVKAJA-YUGUOILESA-N,WHASVNKXAVKAJA,WHASVNKXAVKAJA-YUGUOILESA-N,unknown,false,1,1,1,1,10
structure,LLFIMDUWAVPJEJ-DFPHAVSISA-N,LLFIMDUWAVPJEJ-DFPHAVSISA-N,LLFIMDUWAVPJEJ,LLFIMDUWAVPJEJ-DFPHAVSISA-N,unknown,false,1,1,1,1,8
structure,LLFIMDUWAVPJEJ-YXOBGFCKSA-N,LLFIMDUWAVPJEJ-YXOBGFCKSA-N,LLFIMDUWAVPJEJ,LLFIMDUWAVPJEJ-YXOBGFCKSA-N,unknown,false,1,1,1,1,8
structure,WPHVOXMMNSLJSF-LTLHONOQSA-N,WPHVOXMMNSLJSF-LTLHONOQSA-N,WPHVOXMMNSLJSF,WPHVOXMMNSLJSF-LTLHONOQSA-N,unknown,false,1,1,1,1,8
structure,SBSXXCCMIWEPEE-VQWYONRPSA-N,SBSXXCCMIWEPEE-VQWYONRPSA-N,SBSXXCCMIWEPEE,SBSXXCCMIWEPEE-VQWYONRPSA-N,unknown,false,1,1,1,1,8
structure,KNAAKGXQWAOOSH-KXQSBORISA-N,KNAAKGXQWAOOSH-KXQSBORISA-N,KNAAKGXQWAOOSH,KNAAKGXQWAOOSH-KXQSBORISA-N,unknown,false,1,1,1,1,7
structure,FROSTAWVXRJGLY-WZGYZDFVSA-N,FROSTAWVXRJGLY-WZGYZDFVSA-N,FROSTAWVXRJGLY,FROSTAWVXRJGLY-WZGYZDFVSA-N,unknown,false,1,1,1,1,7
structure,RKWHWFONKJEUEF-WVXKDWSHSA-O,RKWHWFONKJEUEF-WVXKDWSHSA-O,RKWHWFONKJEUEF,RKWHWFONKJEUEF-WVXKDWSHSA-O,unknown,false,42,19,14,34,664
structure,MKODUFPLOJRPAO-KNOFZFNKSA-N,MKODUFPLOJRPAO-KNOFZFNKSA-N,MKODUFPLOJRPAO,MKODUFPLOJRPAO-KNOFZFNKSA-N,unknown,false,1,1,1,1,8
structure,JFSHUTJDVKUMTJ-QHPUVITPSA-N,JFSHUTJDVKUMTJ-QHPUVITPSA-N,JFSHUTJDVKUMTJ,JFSHUTJDVKUMTJ-QHPUVITPSA-N,unknown,false,813,476,129,616,8956
structure,GRBHNQFQFHLCHO-BHMAJAPKSA-N,GRBHNQFQFHLCHO-BHMAJAPKSA-N,GRBHNQFQFHLCHO,GRBHNQFQFHLCHO-BHMAJAPKSA-N,unknown,false,197,118,41,156,1827
structure,HKKMGGKMNHKQMC-PMEZWALUSA-N,HKKMGGKMNHKQMC-PMEZWALUSA-N,HKKMGGKMNHKQMC,HKKMGGKMNHKQMC-PMEZWALUSA-N,unknown,false,2,2,3,2,16
structure,LIIFBMGUDSHTOU-CFYIDONUSA-N,LIIFBMGUDSHTOU-CFYIDONUSA-N,LIIFBMGUDSHTOU,LIIFBMGUDSHTOU-CFYIDONUSA-N,unknown,false,61,48,30,55,611
structure,KABGCWRGCBCLOH-LUCSZHEXSA-N,KABGCWRGCBCLOH-LUCSZHEXSA-N,KABGCWRGCBCLOH,KABGCWRGCBCLOH-LUCSZHEXSA-N,unknown,false,1,1,1,1,10
structure,RWNHLTKFBKYDOJ-DDHMHSPCSA-N,RWNHLTKFBKYDOJ-DDHMHSPCSA-N,RWNHLTKFBKYDOJ,RWNHLTKFBKYDOJ-DDHMHSPCSA-N,unknown,false,58,36,25,60,661
structure,YCOKATFNRPZIIU-MGBZEVKYSA-N,YCOKATFNRPZIIU-MGBZEVKYSA-N,YCOKATFNRPZIIU,YCOKATFNRPZIIU-MGBZEVKYSA-N,unknown,false,16,12,8,15,147
structure,BBJQJXRZAZWPBL-SOTYDYGCSA-N,BBJQJXRZAZWPBL-SOTYDYGCSA-N,BBJQJXRZAZWPBL,BBJQJXRZAZWPBL-SOTYDYGCSA-N,unknown,false,6,5,5,6,60
structure,BBJQJXRZAZWPBL-AOVBODNOSA-N,BBJQJXRZAZWPBL-AOVBODNOSA-N,BBJQJXRZAZWPBL,BBJQJXRZAZWPBL-AOVBODNOSA-N,unknown,false,7,4,4,6,65
structure,SBEVOVWWSQLCJK-NGAZGMADSA-N,SBEVOVWWSQLCJK-NGAZGMADSA-N,SBEVOVWWSQLCJK,SBEVOVWWSQLCJK-NGAZGMADSA-N,unknown,false,2,2,2,2,20
structure,DZTRDRPCROOSOG-AWEZNQCLSA-N,DZTRDRPCROOSOG-AWEZNQCLSA-N,DZTRDRPCROOSOG,DZTRDRPCROOSOG-AWEZNQCLSA-N,unknown,false,10,10,8,9,108
structure,UVFOCYGYACXLAY-ZDQUCUCBSA-N,UVFOCYGYACXLAY-ZDQUCUCBSA-N,UVFOCYGYACXLAY,UVFOCYGYACXLAY-ZDQUCUCBSA-N,unknown,false,19,18,17,16,149
structure,RWNHLTKFBKYDOJ-UHFFFAOYSA-N,RWNHLTKFBKYDOJ-UHFFFAOYSA-N,RWNHLTKFBKYDOJ,RWNHLTKFBKYDOJ-UHFFFAOYSA-N,unknown,false,19,13,12,15,150
structure,CUEAVYXDEUPPTP-DCISBGPDSA-N,CUEAVYXDEUPPTP-DCISBGPDSA-N,CUEAVYXDEUPPTP,CUEAVYXDEUPPTP-DCISBGPDSA-N,unknown,false,1,1,1,1,10
structure,CUEAVYXDEUPPTP-LNRHCFMRSA-N,CUEAVYXDEUPPTP-LNRHCFMRSA-N,CUEAVYXDEUPPTP,CUEAVYXDEUPPTP-LNRHCFMRSA-N,unknown,false,1,1,1,1,15
structure,LOSIFDMBAMXYSA-RPPYXEQPSA-N,LOSIFDMBAMXYSA-RPPYXEQPSA-N,LOSIFDMBAMXYSA,LOSIFDMBAMXYSA-RPPYXEQPSA-N,unknown,false,1,1,1,1,8
structure,KCSCTOANDBOIGV-PMLUYZPCSA-N,KCSCTOANDBOIGV-PMLUYZPCSA-N,KCSCTOANDBOIGV,KCSCTOANDBOIGV-PMLUYZPCSA-N,unknown,false,1,1,1,1,8
structure,LYEHWBPZIXGVRD-CCBNDOSYSA-N,LYEHWBPZIXGVRD-CCBNDOSYSA-N,LYEHWBPZIXGVRD,LYEHWBPZIXGVRD-CCBNDOSYSA-N,unknown,false,3,2,2,1,14
structure,QWZAGEWLUZBSJX-ZGKCRPRGSA-N,QWZAGEWLUZBSJX-ZGKCRPRGSA-N,QWZAGEWLUZBSJX,QWZAGEWLUZBSJX-ZGKCRPRGSA-N,unknown,false,3,2,2,1,14
structure,UVIHEQDHSJMULB-PEYNGXJCSA-N,UVIHEQDHSJMULB-PEYNGXJCSA-N,UVIHEQDHSJMULB,UVIHEQDHSJMULB-PEYNGXJCSA-N,unknown,false,6,5,5,4,46
structure,MTNPSFBFGZMJPZ-ZCIPGPJXSA-N,MTNPSFBFGZMJPZ-ZCIPGPJXSA-N,MTNPSFBFGZMJPZ,MTNPSFBFGZMJPZ-ZCIPGPJXSA-N,unknown,false,1,1,1,1,8
structure,LYSGIJUGUGJIPS-XSNSVMTNSA-N,LYSGIJUGUGJIPS-XSNSVMTNSA-N,LYSGIJUGUGJIPS,LYSGIJUGUGJIPS-XSNSVMTNSA-N,unknown,false,2,2,2,2,23
structure,QAAHGFINENUHAR-UHFFFAOYSA-N,QAAHGFINENUHAR-UHFFFAOYSA-N,QAAHGFINENUHAR,QAAHGFINENUHAR-UHFFFAOYSA-N,unknown,false,1,1,1,1,14
structure,QAAHGFINENUHAR-ARJAWSKDSA-N,QAAHGFINENUHAR-ARJAWSKDSA-N,QAAHGFINENUHAR,QAAHGFINENUHAR-ARJAWSKDSA-N,unknown,false,1,1,1,1,7
structure,PQEYTAGBXNEUQL-NXEZZACHSA-N,PQEYTAGBXNEUQL-NXEZZACHSA-N,PQEYTAGBXNEUQL,PQEYTAGBXNEUQL-NXEZZACHSA-N,unknown,false,2,2,2,2,18
structure,ZNJFBWYDHIGLCU-QKMQQOOLSA-N,ZNJFBWYDHIGLCU-QKMQQOOLSA-N,ZNJFBWYDHIGLCU,ZNJFBWYDHIGLCU-QKMQQOOLSA-N,unknown,false,5,4,3,4,42
structure,LYSGIJUGUGJIPS-GELAFUPQSA-N,LYSGIJUGUGJIPS-GELAFUPQSA-N,LYSGIJUGUGJIPS,LYSGIJUGUGJIPS-GELAFUPQSA-N,unknown,false,1,1,1,1,14
structure,ZNJFBWYDHIGLCU-UHFFFAOYSA-N,ZNJFBWYDHIGLCU-UHFFFAOYSA-N,ZNJFBWYDHIGLCU,ZNJFBWYDHIGLCU-UHFFFAOYSA-N,unknown,false,13,12,12,15,170
structure,QBFLREGYLMFMCL-JRENHNFXSA-N,QBFLREGYLMFMCL-JRENHNFXSA-N,QBFLREGYLMFMCL,QBFLREGYLMFMCL-JRENHNFXSA-N,unknown,false,1,1,1,1,7
structure,GMYLPJSOUAYAGD-HNBDPNOXSA-N,GMYLPJSOUAYAGD-HNBDPNOXSA-N,GMYLPJSOUAYAGD,GMYLPJSOUAYAGD-HNBDPNOXSA-N,unknown,false,1,1,1,1,7
structure,QBFLREGYLMFMCL-DAYMEKKUSA-N,QBFLREGYLMFMCL-DAYMEKKUSA-N,QBFLREGYLMFMCL,QBFLREGYLMFMCL-DAYMEKKUSA-N,unknown,false,1,1,1,1,7
structure,PWWMGQJEFDUFKG-JEGUUDMESA-N,PWWMGQJEFDUFKG-JEGUUDMESA-N,PWWMGQJEFDUFKG,PWWMGQJEFDUFKG-JEGUUDMESA-N,unknown,false,1,1,1,1,7
structure,PWWMGQJEFDUFKG-ZAEVQSRCSA-N,PWWMGQJEFDUFKG-ZAEVQSRCSA-N,PWWMGQJEFDUFKG,PWWMGQJEFDUFKG-ZAEVQSRCSA-N,unknown,false,1,1,1,1,7
structure,DDELFAUOHDSZJL-CDYXAEBYSA-N,DDELFAUOHDSZJL-CDYXAEBYSA-N,DDELFAUOHDSZJL,DDELFAUOHDSZJL-CDYXAEBYSA-N,unknown,false,1,1,1,1,7
structure,RFWGABANNQMHMZ-ZCHJGGQASA-N,RFWGABANNQMHMZ-ZCHJGGQASA-N,RFWGABANNQMHMZ,RFWGABANNQMHMZ-ZCHJGGQASA-N,unknown,false,36,10,4,67,985
structure,ILRCGYURZSFMEG-UHFFFAOYSA-N,ILRCGYURZSFMEG-UHFFFAOYSA-N,ILRCGYURZSFMEG,ILRCGYURZSFMEG-UHFFFAOYSA-N,unknown,false,21,11,12,14,316
structure,SXGSYHDLSPXCMU-UHFFFAOYSA-N,SXGSYHDLSPXCMU-UHFFFAOYSA-N,SXGSYHDLSPXCMU,SXGSYHDLSPXCMU-UHFFFAOYSA-N,unknown,false,3,2,2,2,17
structure,WEKCEGQSIIQPAQ-UHFFFAOYSA-N,WEKCEGQSIIQPAQ-UHFFFAOYSA-N,WEKCEGQSIIQPAQ,WEKCEGQSIIQPAQ-UHFFFAOYSA-N,unknown,false,19,15,15,18,196
structure,FFDULTAFAQRACT-XKBSQSBASA-N,FFDULTAFAQRACT-XKBSQSBASA-N,FFDULTAFAQRACT,FFDULTAFAQRACT-XKBSQSBASA-N,unknown,false,28,25,20,27,181
structure,PJFKUPRDDXTASO-UHFFFAOYSA-N,PJFKUPRDDXTASO-UHFFFAOYSA-N,PJFKUPRDDXTASO,PJFKUPRDDXTASO-UHFFFAOYSA-N,unknown,false,2,1,1,1,12
structure,PQQITYGQJLPDFC-UHFFFAOYSA-N,PQQITYGQJLPDFC-UHFFFAOYSA-N,PQQITYGQJLPDFC,PQQITYGQJLPDFC-UHFFFAOYSA-N,unknown,false,9,7,5,6,47
structure,GMQXOLRKJQWPNB-MVVLSVRYSA-N,GMQXOLRKJQWPNB-MVVLSVRYSA-N,GMQXOLRKJQWPNB,GMQXOLRKJQWPNB-MVVLSVRYSA-N,unknown,false,35,9,2,52,725
structure,WDTFNYPORMFVPG-UHFFFAOYSA-N,WDTFNYPORMFVPG-UHFFFAOYSA-N,WDTFNYPORMFVPG,WDTFNYPORMFVPG-UHFFFAOYSA-N,unknown,false,2,1,1,1,12
structure,QLJNETOQFQXTLI-UHFFFAOYSA-N,QLJNETOQFQXTLI-UHFFFAOYSA-N,QLJNETOQFQXTLI,QLJNETOQFQXTLI-UHFFFAOYSA-N,unknown,false,16,12,12,14,116
structure,QJVXKWHHAMZTBY-UHFFFAOYSA-N,QJVXKWHHAMZTBY-UHFFFAOYSA-N,QJVXKWHHAMZTBY,QJVXKWHHAMZTBY-UHFFFAOYSA-N,unknown,false,38,25,18,30,510
structure,OYTCTPHTVUEGCL-UHFFFAOYSA-N,OYTCTPHTVUEGCL-UHFFFAOYSA-N,OYTCTPHTVUEGCL,OYTCTPHTVUEGCL-UHFFFAOYSA-N,unknown,false,2,1,1,1,12
structure,RYVGCUJETSKZDU-UHFFFAOYSA-N,RYVGCUJETSKZDU-UHFFFAOYSA-N,RYVGCUJETSKZDU,RYVGCUJETSKZDU-UHFFFAOYSA-N,unknown,false,4,3,3,3,36
structure,OXFPYCSNYOFUCH-UHFFFAOYSA-N,OXFPYCSNYOFUCH-UHFFFAOYSA-N,OXFPYCSNYOFUCH,OXFPYCSNYOFUCH-UHFFFAOYSA-N,unknown,false,51,30,19,57,920
structure,IXORZMNAPKEEDV-UHFFFAOYSA-N,IXORZMNAPKEEDV-UHFFFAOYSA-N,IXORZMNAPKEEDV,IXORZMNAPKEEDV-UHFFFAOYSA-N,unknown,false,30,19,15,27,468
structure,BKBYHSYZKIAJDA-UHFFFAOYSA-N,BKBYHSYZKIAJDA-UHFFFAOYSA-N,BKBYHSYZKIAJDA,BKBYHSYZKIAJDA-UHFFFAOYSA-N,unknown,false,24,14,8,25,367
structure,VNCQCPQAMDQEBY-UHFFFAOYSA-N,VNCQCPQAMDQEBY-UHFFFAOYSA-N,VNCQCPQAMDQEBY,VNCQCPQAMDQEBY-UHFFFAOYSA-N,unknown,false,43,25,13,33,658
structure,WZRRJZYYGOOHRC-UHFFFAOYSA-N,WZRRJZYYGOOHRC-UHFFFAOYSA-N,WZRRJZYYGOOHRC,WZRRJZYYGOOHRC-UHFFFAOYSA-N,unknown,false,26,18,11,33,454
structure,ZOWHLBOPCIHIHW-UHFFFAOYSA-N,ZOWHLBOPCIHIHW-UHFFFAOYSA-N,ZOWHLBOPCIHIHW,ZOWHLBOPCIHIHW-UHFFFAOYSA-N,unknown,false,18,8,6,11,260
structure,ZOWHLBOPCIHIHW-KQBHUUJHSA-N,ZOWHLBOPCIHIHW-KQBHUUJHSA-N,ZOWHLBOPCIHIHW,ZOWHLBOPCIHIHW-KQBHUUJHSA-N,unknown,false,14,7,5,10,160
structure,XNBWKKYPKJHUKD-UQJCXHNCSA-N,XNBWKKYPKJHUKD-UQJCXHNCSA-N,XNBWKKYPKJHUKD,XNBWKKYPKJHUKD-UQJCXHNCSA-N,unknown,false,2,1,1,2,48
structure,WZRRJZYYGOOHRC-UQJCXHNCSA-N,WZRRJZYYGOOHRC-UQJCXHNCSA-N,WZRRJZYYGOOHRC,WZRRJZYYGOOHRC-UQJCXHNCSA-N,unknown,false,34,25,12,29,448
structure,IXORZMNAPKEEDV-OBDJNFEBSA-N,IXORZMNAPKEEDV-OBDJNFEBSA-N,IXORZMNAPKEEDV,IXORZMNAPKEEDV-OBDJNFEBSA-N,unknown,false,43,27,15,34,506
structure,KSBJAONOPKRVRR-UHFFFAOYSA-N,KSBJAONOPKRVRR-UHFFFAOYSA-N,KSBJAONOPKRVRR,KSBJAONOPKRVRR-UHFFFAOYSA-N,unknown,false,22,12,9,19,338
structure,BKBYHSYZKIAJDA-WWSAFQOPSA-N,BKBYHSYZKIAJDA-WWSAFQOPSA-N,BKBYHSYZKIAJDA,BKBYHSYZKIAJDA-WWSAFQOPSA-N,unknown,false,22,19,10,18,263
structure,MEKWLWHELUEYHS-APSOACPRSA-N,MEKWLWHELUEYHS-APSOACPRSA-N,MEKWLWHELUEYHS,MEKWLWHELUEYHS-APSOACPRSA-N,unknown,false,1,1,1,1,7
structure,OZVXSKKGSPDWPG-IWQZZHSRSA-N,OZVXSKKGSPDWPG-IWQZZHSRSA-N,OZVXSKKGSPDWPG,OZVXSKKGSPDWPG-IWQZZHSRSA-N,unknown,false,1,1,1,1,10
structure,OZVXSKKGSPDWPG-UHFFFAOYSA-N,OZVXSKKGSPDWPG-UHFFFAOYSA-N,OZVXSKKGSPDWPG,OZVXSKKGSPDWPG-UHFFFAOYSA-N,unknown,false,1,1,1,1,10
structure,ONICYSBMOZSVKS-DBZSEJJRSA-N,ONICYSBMOZSVKS-DBZSEJJRSA-N,ONICYSBMOZSVKS,ONICYSBMOZSVKS-DBZSEJJRSA-N,unknown,false,1,1,1,1,10
structure,JHBBZIAPXDEPET-XSXSTQRRSA-N,JHBBZIAPXDEPET-XSXSTQRRSA-N,JHBBZIAPXDEPET,JHBBZIAPXDEPET-XSXSTQRRSA-N,unknown,false,1,1,1,1,10
structure,RFTIRMPAYWBDKJ-GSTFJIRZSA-N,RFTIRMPAYWBDKJ-GSTFJIRZSA-N,RFTIRMPAYWBDKJ,RFTIRMPAYWBDKJ-GSTFJIRZSA-N,unknown,false,2,2,1,2,15
structure,PLZPNDBFLGCZTJ-NDFYPCRZSA-N,PLZPNDBFLGCZTJ-NDFYPCRZSA-N,PLZPNDBFLGCZTJ,PLZPNDBFLGCZTJ-NDFYPCRZSA-N,unknown,false,1,1,1,1,10
structure,JHBBZIAPXDEPET-IBKFOYENSA-N,JHBBZIAPXDEPET-IBKFOYENSA-N,JHBBZIAPXDEPET,JHBBZIAPXDEPET-IBKFOYENSA-N,unknown,false,2,2,1,2,15
structure,MLTYJMYPDLQLJF-DRWUKLGOSA-N,MLTYJMYPDLQLJF-DRWUKLGOSA-N,MLTYJMYPDLQLJF,MLTYJMYPDLQLJF-DRWUKLGOSA-N,unknown,false,1,1,1,1,10
structure,AXUYMNBYBROCLN-ZCQLBBLLSA-N,AXUYMNBYBROCLN-ZCQLBBLLSA-N,AXUYMNBYBROCLN,AXUYMNBYBROCLN-ZCQLBBLLSA-N,unknown,false,1,1,1,1,10
structure,PLZPNDBFLGCZTJ-YCPYWYAXSA-N,PLZPNDBFLGCZTJ-YCPYWYAXSA-N,PLZPNDBFLGCZTJ,PLZPNDBFLGCZTJ-YCPYWYAXSA-N,unknown,false,1,1,1,1,10
structure,ZFTUVYVXVWUVOQ-HIMLIXMGSA-N,ZFTUVYVXVWUVOQ-HIMLIXMGSA-N,ZFTUVYVXVWUVOQ,ZFTUVYVXVWUVOQ-HIMLIXMGSA-N,unknown,false,1,1,1,1,10
structure,ODKKQQNHCONUGL-REYGQXQUSA-N,ODKKQQNHCONUGL-REYGQXQUSA-N,ODKKQQNHCONUGL,ODKKQQNHCONUGL-REYGQXQUSA-N,unknown,false,1,1,1,1,10
structure,YTQLYPLDMHKTML-JHZVCAIQSA-N,YTQLYPLDMHKTML-JHZVCAIQSA-N,YTQLYPLDMHKTML,YTQLYPLDMHKTML-JHZVCAIQSA-N,unknown,false,2,2,1,2,15
structure,QORZOJLEBCJYBI-OJELLXEISA-N,QORZOJLEBCJYBI-OJELLXEISA-N,QORZOJLEBCJYBI,QORZOJLEBCJYBI-OJELLXEISA-N,unknown,false,1,1,1,1,8
structure,GTOZUOKCRDFSCM-GRYQHIQESA-N,GTOZUOKCRDFSCM-GRYQHIQESA-N,GTOZUOKCRDFSCM,GTOZUOKCRDFSCM-GRYQHIQESA-N,unknown,false,1,1,1,1,8
structure,LQLWTXHROXBIJK-IKOVGOCTSA-N,LQLWTXHROXBIJK-IKOVGOCTSA-N,LQLWTXHROXBIJK,LQLWTXHROXBIJK-IKOVGOCTSA-N,unknown,false,1,1,1,1,8
structure,ZUNVPNBFBAFOBX-FBLCMHPESA-N,ZUNVPNBFBAFOBX-FBLCMHPESA-N,ZUNVPNBFBAFOBX,ZUNVPNBFBAFOBX-FBLCMHPESA-N,unknown,false,1,1,1,1,8
structure,ZROGCCBNZBKLEL-MFSALPCASA-N,ZROGCCBNZBKLEL-MFSALPCASA-N,ZROGCCBNZBKLEL,ZROGCCBNZBKLEL-MFSALPCASA-N,unknown,false,9,8,6,7,58
structure,ZROGCCBNZBKLEL-MPRHSVQHSA-N,ZROGCCBNZBKLEL-MPRHSVQHSA-N,ZROGCCBNZBKLEL,ZROGCCBNZBKLEL-MPRHSVQHSA-N,unknown,false,37,28,19,42,402
structure,UPNWIBPHYOJXOA-YDZHOCLMSA-N,UPNWIBPHYOJXOA-YDZHOCLMSA-N,UPNWIBPHYOJXOA,UPNWIBPHYOJXOA-YDZHOCLMSA-N,unknown,false,3,3,3,4,23
structure,BZZSCXPOEAFLES-NUTCYAROSA-N,BZZSCXPOEAFLES-NUTCYAROSA-N,BZZSCXPOEAFLES,BZZSCXPOEAFLES-NUTCYAROSA-N,unknown,false,1,1,1,1,12
structure,SUXVWSIPTXXPOZ-UXXRCYHCSA-N,SUXVWSIPTXXPOZ-UXXRCYHCSA-N,SUXVWSIPTXXPOZ,SUXVWSIPTXXPOZ-UXXRCYHCSA-N,unknown,false,4,4,2,4,28
structure,VQDVPEBDINWLHZ-SXFAUFNYSA-N,VQDVPEBDINWLHZ-SXFAUFNYSA-N,VQDVPEBDINWLHZ,VQDVPEBDINWLHZ-SXFAUFNYSA-N,unknown,false,6,5,3,5,32
structure,JBFOLLJCGUCDQP-ZFORQUDYSA-N,JBFOLLJCGUCDQP-ZFORQUDYSA-N,JBFOLLJCGUCDQP,JBFOLLJCGUCDQP-ZFORQUDYSA-N,unknown,false,82,47,14,64,900
structure,LGYCXVJXWRPVSQ-GSYQMMAASA-N,LGYCXVJXWRPVSQ-GSYQMMAASA-N,LGYCXVJXWRPVSQ,LGYCXVJXWRPVSQ-GSYQMMAASA-N,unknown,false,1,1,1,1,12
structure,VCGFYFKJZGIZMX-UHFFFAOYSA-N,VCGFYFKJZGIZMX-UHFFFAOYSA-N,VCGFYFKJZGIZMX,VCGFYFKJZGIZMX-UHFFFAOYSA-N,unknown,false,1,1,1,1,24
structure,XXKIWCKZQFBXIR-SXFAUFNYSA-N,XXKIWCKZQFBXIR-SXFAUFNYSA-N,XXKIWCKZQFBXIR,XXKIWCKZQFBXIR-SXFAUFNYSA-N,unknown,false,19,15,6,15,125
structure,QZNIVVAKPLIDJX-BFCDFHHJSA-N,QZNIVVAKPLIDJX-BFCDFHHJSA-N,QZNIVVAKPLIDJX,QZNIVVAKPLIDJX-BFCDFHHJSA-N,unknown,false,9,6,4,7,52
structure,QISUKJAAXYVLMA-UHFFFAOYSA-N,QISUKJAAXYVLMA-UHFFFAOYSA-N,QISUKJAAXYVLMA,QISUKJAAXYVLMA-UHFFFAOYSA-N,unknown,false,1,1,1,1,14
structure,QMXOFBXZEKTJIK-UHFFFAOYSA-N,QMXOFBXZEKTJIK-UHFFFAOYSA-N,QMXOFBXZEKTJIK,QMXOFBXZEKTJIK-UHFFFAOYSA-N,unknown,false,3,3,1,4,62
structure,JIJYZALGIIQXKE-UHFFFAOYSA-N,JIJYZALGIIQXKE-UHFFFAOYSA-N,JIJYZALGIIQXKE,JIJYZALGIIQXKE-UHFFFAOYSA-N,unknown,false,3,2,1,2,42
structure,YBSZKJGFDYIZGI-UHFFFAOYSA-N,YBSZKJGFDYIZGI-UHFFFAOYSA-N,YBSZKJGFDYIZGI,YBSZKJGFDYIZGI-UHFFFAOYSA-N,unknown,false,1,1,1,2,28
structure,UCGKJWSJSJGUBQ-KURKYZTESA-N,UCGKJWSJSJGUBQ-KURKYZTESA-N,UCGKJWSJSJGUBQ,UCGKJWSJSJGUBQ-KURKYZTESA-N,unknown,false,3,2,1,1,16
structure,RSQSQJNRHICNNH-WTVOOMFRSA-N,RSQSQJNRHICNNH-WTVOOMFRSA-N,RSQSQJNRHICNNH,RSQSQJNRHICNNH-WTVOOMFRSA-N,unknown,false,3,3,2,2,22
structure,PDHAOJSHSJQANO-OWOJBTEDSA-N,PDHAOJSHSJQANO-OWOJBTEDSA-N,PDHAOJSHSJQANO,PDHAOJSHSJQANO-OWOJBTEDSA-N,unknown,false,21,13,7,28,318
structure,PDHAOJSHSJQANO-UHFFFAOYSA-N,PDHAOJSHSJQANO-UHFFFAOYSA-N,PDHAOJSHSJQANO,PDHAOJSHSJQANO-UHFFFAOYSA-N,unknown,false,21,12,6,23,373
structure,SEHVRKPXIDOTRX-CMUUVTEDSA-N,SEHVRKPXIDOTRX-CMUUVTEDSA-N,SEHVRKPXIDOTRX,SEHVRKPXIDOTRX-CMUUVTEDSA-N,active,true,1,1,1,1,10
structure,RVIVNTAYJCDGGM-HOBFHCPDSA-N,RVIVNTAYJCDGGM-HOBFHCPDSA-N,RVIVNTAYJCDGGM,RVIVNTAYJCDGGM-HOBFHCPDSA-N,unknown,false,1,1,1,1,5
structure,GOBAQYCCUYZMJY-HGLYATPPSA-N,GOBAQYCCUYZMJY-HGLYATPPSA-N,GOBAQYCCUYZMJY,GOBAQYCCUYZMJY-HGLYATPPSA-N,unknown,false,1,1,1,1,10
structure,RZGFUGXQKMEMOO-UHFFFAOYSA-N,RZGFUGXQKMEMOO-UHFFFAOYSA-N,RZGFUGXQKMEMOO,RZGFUGXQKMEMOO-UHFFFAOYSA-N,unknown,false,9,5,4,9,132
structure,VWNUHNZMJZXAEG-KBXQAUFNSA-N,VWNUHNZMJZXAEG-KBXQAUFNSA-N,VWNUHNZMJZXAEG,VWNUHNZMJZXAEG-KBXQAUFNSA-N,unknown,false,1,1,1,1,8
structure,NMGCAUZQKXGUAO-ITRBRHPWSA-N,NMGCAUZQKXGUAO-ITRBRHPWSA-N,NMGCAUZQKXGUAO,NMGCAUZQKXGUAO-ITRBRHPWSA-N,unknown,false,1,1,1,1,8
structure,YNRJWLCUSNZCQL-CQRFSKKRSA-N,YNRJWLCUSNZCQL-CQRFSKKRSA-N,YNRJWLCUSNZCQL,YNRJWLCUSNZCQL-CQRFSKKRSA-N,unknown,false,1,1,1,1,8
structure,VNLREARKISTOAD-SNQQTVKYSA-N,VNLREARKISTOAD-SNQQTVKYSA-N,VNLREARKISTOAD,VNLREARKISTOAD-SNQQTVKYSA-N,unknown,false,7,7,6,7,54
structure,CWVRJTMFETXNAD-NXLLHMKUSA-N,CWVRJTMFETXNAD-NXLLHMKUSA-N,CWVRJTMFETXNAD,CWVRJTMFETXNAD-NXLLHMKUSA-N,unknown,false,118,76,38,115,1714
structure,VNLREARKISTOAD-CIWUYKSXSA-N,VNLREARKISTOAD-CIWUYKSXSA-N,VNLREARKISTOAD,VNLREARKISTOAD-CIWUYKSXSA-N,unknown,false,3,3,3,3,34
structure,OUWOVSUGDPWIBY-NKZHAWSJSA-N,OUWOVSUGDPWIBY-NKZHAWSJSA-N,OUWOVSUGDPWIBY,OUWOVSUGDPWIBY-NKZHAWSJSA-N,unknown,false,1,1,1,1,7
structure,VNLREARKISTOAD-WHRXQRCBSA-N,VNLREARKISTOAD-WHRXQRCBSA-N,VNLREARKISTOAD,VNLREARKISTOAD-WHRXQRCBSA-N,unknown,false,3,3,3,3,18
structure,VNOJYYDZLJTAKW-GSEOLPGOSA-N,VNOJYYDZLJTAKW-GSEOLPGOSA-N,VNOJYYDZLJTAKW,VNOJYYDZLJTAKW-GSEOLPGOSA-N,unknown,false,1,1,1,1,4
structure,MOJNAYLABXOGSJ-UHFFFAOYSA-N,MOJNAYLABXOGSJ-UHFFFAOYSA-N,MOJNAYLABXOGSJ,MOJNAYLABXOGSJ-UHFFFAOYSA-N,unknown,false,1,1,1,1,8
structure,WPHVOXMMNSLJSF-ZWMDRRGSSA-N,WPHVOXMMNSLJSF-ZWMDRRGSSA-N,WPHVOXMMNSLJSF,WPHVOXMMNSLJSF-ZWMDRRGSSA-N,unknown,false,1,1,1,1,8
structure,XGIZPVUTLMXXTK-UHFFFAOYSA-N,XGIZPVUTLMXXTK-UHFFFAOYSA-N,XGIZPVUTLMXXTK,XGIZPVUTLMXXTK-UHFFFAOYSA-N,unknown,false,1,1,1,1,16
structure,URNVSZVQLKHKDE-JSAMJCSDSA-N,URNVSZVQLKHKDE-JSAMJCSDSA-N,URNVSZVQLKHKDE,URNVSZVQLKHKDE-JSAMJCSDSA-N,unknown,false,1,1,1,1,8
structure,UMROTOJYTIKHPJ-NKPCKLMGSA-N,UMROTOJYTIKHPJ-NKPCKLMGSA-N,UMROTOJYTIKHPJ,UMROTOJYTIKHPJ-NKPCKLMGSA-N,unknown,false,1,1,1,1,8
structure,QLTCHMYAEJEXBT-ZEBDFXRSSA-N,QLTCHMYAEJEXBT-ZEBDFXRSSA-N,QLTCHMYAEJEXBT,QLTCHMYAEJEXBT-ZEBDFXRSSA-N,unknown,false,43,12,6,30,922
structure,WEWBWVMTOYUPHH-QHAQEBJBSA-N,WEWBWVMTOYUPHH-QHAQEBJBSA-N,WEWBWVMTOYUPHH,WEWBWVMTOYUPHH-QHAQEBJBSA-N,unknown,false,43,15,8,22,724
structure,YGBZFOQXPOGACY-DTOITAGASA-N,YGBZFOQXPOGACY-DTOITAGASA-N,YGBZFOQXPOGACY,YGBZFOQXPOGACY-DTOITAGASA-N,unknown,false,3,2,2,3,24
structure,NLVMTSRTOGOFQD-GOOZKGAASA-N,NLVMTSRTOGOFQD-GOOZKGAASA-N,NLVMTSRTOGOFQD,NLVMTSRTOGOFQD-GOOZKGAASA-N,unknown,false,1,1,1,1,7
structure,JEGUVXRNDRXUDN-UMGGQSCQSA-N,JEGUVXRNDRXUDN-UMGGQSCQSA-N,JEGUVXRNDRXUDN,JEGUVXRNDRXUDN-UMGGQSCQSA-N,unknown,false,2,2,2,2,19
structure,NLVMTSRTOGOFQD-MWRQYBNOSA-N,NLVMTSRTOGOFQD-MWRQYBNOSA-N,NLVMTSRTOGOFQD,NLVMTSRTOGOFQD-MWRQYBNOSA-N,unknown,false,20,11,5,19,188
structure,NLVMTSRTOGOFQD-SMNKCIGXSA-N,NLVMTSRTOGOFQD-SMNKCIGXSA-N,NLVMTSRTOGOFQD,NLVMTSRTOGOFQD-SMNKCIGXSA-N,unknown,false,1,1,1,1,7
structure,XFFQVRFGLSBFON-FMHGSLEFSA-N,XFFQVRFGLSBFON-FMHGSLEFSA-N,XFFQVRFGLSBFON,XFFQVRFGLSBFON-FMHGSLEFSA-N,unknown,false,9,6,3,5,74
structure,XFFQVRFGLSBFON-LZWQPLETSA-N,XFFQVRFGLSBFON-LZWQPLETSA-N,XFFQVRFGLSBFON,XFFQVRFGLSBFON-LZWQPLETSA-N,unknown,false,1,1,1,1,6
structure,XFFQVRFGLSBFON-UHFFFAOYSA-N,XFFQVRFGLSBFON-UHFFFAOYSA-N,XFFQVRFGLSBFON,XFFQVRFGLSBFON-UHFFFAOYSA-N,unknown,false,16,10,7,10,211
structure,LRHPLDYGYMQRHN-UHFFFAOYSA-N,LRHPLDYGYMQRHN-UHFFFAOYSA-N,LRHPLDYGYMQRHN,LRHPLDYGYMQRHN-UHFFFAOYSA-N,unknown,false,30,25,24,28,355
structure,BKIZJNMVTRYGSW-SCSAIBSYSA-N,BKIZJNMVTRYGSW-SCSAIBSYSA-N,BKIZJNMVTRYGSW,BKIZJNMVTRYGSW-SCSAIBSYSA-N,unknown,false,1,1,1,1,16
structure,PHZOWSSBXJXFOR-GUCBVSFQSA-N,PHZOWSSBXJXFOR-GUCBVSFQSA-N,PHZOWSSBXJXFOR,PHZOWSSBXJXFOR-GUCBVSFQSA-N,unknown,false,9,8,2,8,96
structure,BAQQRABCRRQRSR-UHFFFAOYSA-N,BAQQRABCRRQRSR-UHFFFAOYSA-N,BAQQRABCRRQRSR,BAQQRABCRRQRSR-UHFFFAOYSA-N,unknown,false,1,1,1,1,16
structure,MYHSVHWQEVDFQT-SMRLCXOUSA-N,MYHSVHWQEVDFQT-SMRLCXOUSA-N,MYHSVHWQEVDFQT,MYHSVHWQEVDFQT-SMRLCXOUSA-N,unknown,false,9,6,2,6,110
structure,FGYQUFZANKOISC-SECBINFHSA-N,FGYQUFZANKOISC-SECBINFHSA-N,FGYQUFZANKOISC,FGYQUFZANKOISC-SECBINFHSA-N,unknown,false,1,1,1,1,16
structure,JZRWCGZRTZMZEH-UHFFFAOYSA-N,JZRWCGZRTZMZEH-UHFFFAOYSA-N,JZRWCGZRTZMZEH,JZRWCGZRTZMZEH-UHFFFAOYSA-N,unknown,false,23,20,20,23,287
structure,PBJHEIRFTYGACF-UHFFFAOYSA-N,PBJHEIRFTYGACF-UHFFFAOYSA-N,PBJHEIRFTYGACF,PBJHEIRFTYGACF-UHFFFAOYSA-N,unknown,false,1,1,1,1,10
structure,DCGUKHULKAAOPB-QBLSGNHRSA-N,DCGUKHULKAAOPB-QBLSGNHRSA-N,DCGUKHULKAAOPB,DCGUKHULKAAOPB-QBLSGNHRSA-N,unknown,false,16,11,3,16,164
structure,GKQMMZUXYRXFOH-QBLSGNHRSA-N,GKQMMZUXYRXFOH-QBLSGNHRSA-N,GKQMMZUXYRXFOH,GKQMMZUXYRXFOH-QBLSGNHRSA-N,unknown,false,15,11,3,17,158
structure,PMISPNORJONCHB-LLWDQIFWSA-N,PMISPNORJONCHB-LLWDQIFWSA-N,PMISPNORJONCHB,PMISPNORJONCHB-LLWDQIFWSA-N,unknown,false,3,2,1,3,42
structure,UMTABACRBSGXGK-ZAVAKTSASA-N,UMTABACRBSGXGK-ZAVAKTSASA-N,UMTABACRBSGXGK,UMTABACRBSGXGK-ZAVAKTSASA-N,unknown,false,9,6,3,10,94
structure,MBWXNTAXLNYFJB-NKFFZRIASA-N,MBWXNTAXLNYFJB-NKFFZRIASA-N,MBWXNTAXLNYFJB,MBWXNTAXLNYFJB-NKFFZRIASA-N,unknown,false,19,14,14,12,236
structure,PYMYPHUHKUWMLA-LMVFSUKVSA-N,PYMYPHUHKUWMLA-LMVFSUKVSA-N,PYMYPHUHKUWMLA,PYMYPHUHKUWMLA-LMVFSUKVSA-N,unknown,false,4,4,4,5,62
structure,FSLPMRQHCOLESF-SFMCKYFRSA-N,FSLPMRQHCOLESF-SFMCKYFRSA-N,FSLPMRQHCOLESF,FSLPMRQHCOLESF-SFMCKYFRSA-N,unknown,false,576,325,94,424,6767
structure,RADKZDMFGJYCBB-UHFFFAOYSA-N,RADKZDMFGJYCBB-UHFFFAOYSA-N,RADKZDMFGJYCBB,RADKZDMFGJYCBB-UHFFFAOYSA-N,unknown,false,8,8,8,10,114
structure,ZMJGSOSNSPKHNH-UHFFFAOYSA-N,ZMJGSOSNSPKHNH-UHFFFAOYSA-N,ZMJGSOSNSPKHNH,ZMJGSOSNSPKHNH-UHFFFAOYSA-N,unknown,false,5,5,5,5,66
structure,NGVDGCNFYWLIFO-UHFFFAOYSA-N,NGVDGCNFYWLIFO-UHFFFAOYSA-N,NGVDGCNFYWLIFO,NGVDGCNFYWLIFO-UHFFFAOYSA-N,unknown,false,6,6,6,7,80
structure,WHOMFKWHIQZTHY-UHFFFAOYSA-N,WHOMFKWHIQZTHY-UHFFFAOYSA-N,WHOMFKWHIQZTHY,WHOMFKWHIQZTHY-UHFFFAOYSA-N,unknown,false,5,5,5,5,55
structure,NHZMQXZHNVQTQA-UHFFFAOYSA-N,NHZMQXZHNVQTQA-UHFFFAOYSA-N,NHZMQXZHNVQTQA,NHZMQXZHNVQTQA-UHFFFAOYSA-N,unknown,false,7,7,7,8,90
structure,BMDKCVRDDZIEMR-LGLHJKQMSA-O,BMDKCVRDDZIEMR-LGLHJKQMSA-O,BMDKCVRDDZIEMR,BMDKCVRDDZIEMR-LGLHJKQMSA-O,unknown,false,2,2,2,2,26
structure,MPTHMSBOMBFQPY-VLNPNZPESA-O,MPTHMSBOMBFQPY-VLNPNZPESA-O,MPTHMSBOMBFQPY,MPTHMSBOMBFQPY-VLNPNZPESA-O,unknown,false,2,2,2,2,26
structure,JCSRMPOVJLVJEB-RECICUILSA-O,JCSRMPOVJLVJEB-RECICUILSA-O,JCSRMPOVJLVJEB,JCSRMPOVJLVJEB-RECICUILSA-O,unknown,false,2,2,2,2,30
structure,PXUQTDZNOHRWLI-OXUVVOBNSA-O,PXUQTDZNOHRWLI-OXUVVOBNSA-O,PXUQTDZNOHRWLI,PXUQTDZNOHRWLI-OXUVVOBNSA-O,unknown,false,22,15,12,37,545
structure,CCQDWIRWKWIUKK-QKYBYQKWSA-O,CCQDWIRWKWIUKK-QKYBYQKWSA-O,CCQDWIRWKWIUKK,CCQDWIRWKWIUKK-QKYBYQKWSA-O,unknown,false,38,23,16,38,832
structure,XENHPQQLDPAYIJ-PEVLUNPASA-O,XENHPQQLDPAYIJ-PEVLUNPASA-O,XENHPQQLDPAYIJ,XENHPQQLDPAYIJ-PEVLUNPASA-O,unknown,false,96,26,20,39,1032
structure,XENHPQQLDPAYIJ-UHFFFAOYSA-O,XENHPQQLDPAYIJ-UHFFFAOYSA-O,XENHPQQLDPAYIJ,XENHPQQLDPAYIJ-UHFFFAOYSA-O,unknown,false,11,8,4,11,210
structure,CILLXFBAACIQNS-BTXJZROQSA-N,CILLXFBAACIQNS-BTXJZROQSA-N,CILLXFBAACIQNS,CILLXFBAACIQNS-BTXJZROQSA-N,unknown,false,2,2,2,3,24
structure,KLRABYJGMPNMSA-ZUUMSKAQSA-O,KLRABYJGMPNMSA-ZUUMSKAQSA-O,KLRABYJGMPNMSA,KLRABYJGMPNMSA-ZUUMSKAQSA-O,unknown,false,8,7,7,8,65
structure,CILLXFBAACIQNS-BTXJZROQSA-O,CILLXFBAACIQNS-BTXJZROQSA-O,CILLXFBAACIQNS,CILLXFBAACIQNS-BTXJZROQSA-O,unknown,false,3,3,3,4,54
structure,CZEMYYICWZPENF-UHFFFAOYSA-N,CZEMYYICWZPENF-UHFFFAOYSA-N,CZEMYYICWZPENF,CZEMYYICWZPENF-UHFFFAOYSA-N,unknown,false,21,15,12,16,205
structure,GAQSCLQIDHHPEE-UHFFFAOYSA-N,GAQSCLQIDHHPEE-UHFFFAOYSA-N,GAQSCLQIDHHPEE,GAQSCLQIDHHPEE-UHFFFAOYSA-N,unknown,false,2,2,1,2,23
structure,UYRCHWLYXIQJKK-UHFFFAOYSA-N,UYRCHWLYXIQJKK-UHFFFAOYSA-N,UYRCHWLYXIQJKK,UYRCHWLYXIQJKK-UHFFFAOYSA-N,unknown,false,3,3,3,3,27
structure,RDFLLVCQYHQOBU-ZOTFFYTFSA-N,RDFLLVCQYHQOBU-ZOTFFYTFSA-N,RDFLLVCQYHQOBU,RDFLLVCQYHQOBU-ZOTFFYTFSA-N,unknown,false,118,34,16,21,676
structure,ZDGJAHTZVHVLOT-YUMQZZPRSA-N,ZDGJAHTZVHVLOT-YUMQZZPRSA-N,ZDGJAHTZVHVLOT,ZDGJAHTZVHVLOT-YUMQZZPRSA-N,unknown,false,11,10,9,11,117
structure,ZQPPMHVWECSIRJ-UHFFFAOYSA-N,ZQPPMHVWECSIRJ-UHFFFAOYSA-N,ZQPPMHVWECSIRJ,ZQPPMHVWECSIRJ-UHFFFAOYSA-N,unknown,false,114,91,61,93,1262
structure,RBFUWESMWRUGFY-GSNIOFLCSA-N,RBFUWESMWRUGFY-GSNIOFLCSA-N,RBFUWESMWRUGFY,RBFUWESMWRUGFY-GSNIOFLCSA-N,unknown,false,1,1,1,1,8
structure,QHRGJMIMHCLHRG-KZCNESMTSA-N,QHRGJMIMHCLHRG-KZCNESMTSA-N,QHRGJMIMHCLHRG,QHRGJMIMHCLHRG-KZCNESMTSA-N,unknown,false,4,3,3,3,48
structure,ILSPFIPSQSFPCN-VYBUCKLUSA-N,ILSPFIPSQSFPCN-VYBUCKLUSA-N,ILSPFIPSQSFPCN,ILSPFIPSQSFPCN-VYBUCKLUSA-N,unknown,false,1,1,1,3,24
structure,GBXZVJQQDAJGSO-NBXNMEGSSA-N,GBXZVJQQDAJGSO-NBXNMEGSSA-N,GBXZVJQQDAJGSO,GBXZVJQQDAJGSO-NBXNMEGSSA-N,unknown,false,1,1,1,1,8
structure,RBFUWESMWRUGFY-HZMUNDFUSA-N,RBFUWESMWRUGFY-HZMUNDFUSA-N,RBFUWESMWRUGFY,RBFUWESMWRUGFY-HZMUNDFUSA-N,unknown,false,1,1,1,1,16
structure,QHRGJMIMHCLHRG-ZSELIEHESA-N,QHRGJMIMHCLHRG-ZSELIEHESA-N,QHRGJMIMHCLHRG,QHRGJMIMHCLHRG-ZSELIEHESA-N,unknown,false,1,1,1,1,8
structure,GBXZVJQQDAJGSO-KBJLHTFASA-N,GBXZVJQQDAJGSO-KBJLHTFASA-N,GBXZVJQQDAJGSO,GBXZVJQQDAJGSO-KBJLHTFASA-N,unknown,false,1,1,1,1,16
structure,ILSPFIPSQSFPCN-YKGXRCBESA-N,ILSPFIPSQSFPCN-YKGXRCBESA-N,ILSPFIPSQSFPCN,ILSPFIPSQSFPCN-YKGXRCBESA-N,unknown,false,1,1,1,1,16
structure,HNTISMRTGMVWGH-YTFOTSKYSA-N,HNTISMRTGMVWGH-YTFOTSKYSA-N,HNTISMRTGMVWGH,HNTISMRTGMVWGH-YTFOTSKYSA-N,unknown,false,19,13,7,14,197
structure,CKLJMWTZIZZHCS-UWTATZPHSA-N,CKLJMWTZIZZHCS-UWTATZPHSA-N,CKLJMWTZIZZHCS,CKLJMWTZIZZHCS-UWTATZPHSA-N,unknown,false,108,84,56,50,1241
structure,JMGZEFIQIZZSBH-RZVHTKHLSA-N,JMGZEFIQIZZSBH-RZVHTKHLSA-N,JMGZEFIQIZZSBH,JMGZEFIQIZZSBH-RZVHTKHLSA-N,unknown,false,1,1,1,1,8
structure,BGEBZHIAGXMEMV-UHFFFAOYSA-N,BGEBZHIAGXMEMV-UHFFFAOYSA-N,BGEBZHIAGXMEMV,BGEBZHIAGXMEMV-UHFFFAOYSA-N,unknown,false,244,102,14,294,5430
structure,PEFNSGRTCBGNAN-UHFFFAOYSA-N,PEFNSGRTCBGNAN-UHFFFAOYSA-N,PEFNSGRTCBGNAN,PEFNSGRTCBGNAN-UHFFFAOYSA-N,unknown,false,88,58,25,56,762
structure,UHNXUSWGOJMEFO-OBJCFNGXSA-N,UHNXUSWGOJMEFO-OBJCFNGXSA-N,UHNXUSWGOJMEFO,UHNXUSWGOJMEFO-OBJCFNGXSA-N,unknown,false,1,1,1,1,5
structure,UHNXUSWGOJMEFO-QNDFHXLGSA-N,UHNXUSWGOJMEFO-QNDFHXLGSA-N,UHNXUSWGOJMEFO,UHNXUSWGOJMEFO-QNDFHXLGSA-N,unknown,false,33,26,10,26,263
structure,RKQDKXOBRXTSFS-FNFCFPHGSA-N,RKQDKXOBRXTSFS-FNFCFPHGSA-N,RKQDKXOBRXTSFS,RKQDKXOBRXTSFS-FNFCFPHGSA-N,unknown,false,1,1,1,1,10
structure,UMOBIWXCYMHMHS-VMGRFWFUSA-N,UMOBIWXCYMHMHS-VMGRFWFUSA-N,UMOBIWXCYMHMHS,UMOBIWXCYMHMHS-VMGRFWFUSA-N,unknown,false,1,1,1,1,10
structure,LKKDASYGWYYFIK-UHFFFAOYSA-N,LKKDASYGWYYFIK-UHFFFAOYSA-N,LKKDASYGWYYFIK,LKKDASYGWYYFIK-UHFFFAOYSA-N,unknown,false,8,8,7,9,56
structure,IZEARVDHWBTRLQ-PIQRAGALSA-N,IZEARVDHWBTRLQ-PIQRAGALSA-N,IZEARVDHWBTRLQ,IZEARVDHWBTRLQ-PIQRAGALSA-N,unknown,false,1,1,1,1,5
structure,LVNLZLPJBZFVFM-ADKAHSJRSA-N,LVNLZLPJBZFVFM-ADKAHSJRSA-N,LVNLZLPJBZFVFM,LVNLZLPJBZFVFM-ADKAHSJRSA-N,unknown,false,1,1,1,1,10
structure,SPWHPOOEWJVFFY-IOYOSXTHSA-N,SPWHPOOEWJVFFY-IOYOSXTHSA-N,SPWHPOOEWJVFFY,SPWHPOOEWJVFFY-IOYOSXTHSA-N,unknown,false,1,1,1,1,10
structure,CRHZTCBCKPSKLB-RIWHDLKRSA-N,CRHZTCBCKPSKLB-RIWHDLKRSA-N,CRHZTCBCKPSKLB,CRHZTCBCKPSKLB-RIWHDLKRSA-N,unknown,false,1,1,1,1,5
structure,FGKUHDXMDDMVEC-UKFMLJDKSA-N,FGKUHDXMDDMVEC-UKFMLJDKSA-N,FGKUHDXMDDMVEC,FGKUHDXMDDMVEC-UKFMLJDKSA-N,unknown,false,1,1,1,1,10
structure,UIGMOELBQHXNBD-PCKAHOCUSA-N,UIGMOELBQHXNBD-PCKAHOCUSA-N,UIGMOELBQHXNBD,UIGMOELBQHXNBD-PCKAHOCUSA-N,unknown,false,1,1,1,1,10
structure,USJQEHIEUGYOFY-VNHYZAJKSA-N,USJQEHIEUGYOFY-VNHYZAJKSA-N,USJQEHIEUGYOFY,USJQEHIEUGYOFY-VNHYZAJKSA-N,unknown,false,1,1,1,1,10
structure,AXDNTQQFPUTBLH-UOAAIHJGSA-N,AXDNTQQFPUTBLH-UOAAIHJGSA-N,AXDNTQQFPUTBLH,AXDNTQQFPUTBLH-UOAAIHJGSA-N,unknown,false,1,1,1,1,5
structure,QODWLPHYAHFAIW-HLLBOEOZSA-N,QODWLPHYAHFAIW-HLLBOEOZSA-N,QODWLPHYAHFAIW,QODWLPHYAHFAIW-HLLBOEOZSA-N,unknown,false,1,1,1,1,10
structure,UDIIUGFJZWJUKQ-PCKAHOCUSA-N,UDIIUGFJZWJUKQ-PCKAHOCUSA-N,UDIIUGFJZWJUKQ,UDIIUGFJZWJUKQ-PCKAHOCUSA-N,unknown,false,1,1,1,1,10
structure,XLCNKKSFPBMHMK-MOKVOYLWSA-N,XLCNKKSFPBMHMK-MOKVOYLWSA-N,XLCNKKSFPBMHMK,XLCNKKSFPBMHMK-MOKVOYLWSA-N,unknown,false,1,1,1,1,10
structure,OXGUCUVFOIWWQJ-XIMSSLRFSA-N,OXGUCUVFOIWWQJ-XIMSSLRFSA-N,OXGUCUVFOIWWQJ,OXGUCUVFOIWWQJ-XIMSSLRFSA-N,unknown,false,18,16,15,26,521
structure,ANVAOWXLWRTKGA-NTXLUARGSA-N,ANVAOWXLWRTKGA-NTXLUARGSA-N,ANVAOWXLWRTKGA,ANVAOWXLWRTKGA-NTXLUARGSA-N,unknown,false,128,87,58,53,1779
structure,OENHQHLEOONYIE-JLTXGRSLSA-N,OENHQHLEOONYIE-JLTXGRSLSA-N,OENHQHLEOONYIE,OENHQHLEOONYIE-JLTXGRSLSA-N,unknown,false,402,259,186,229,4966
structure,DQVGVYRSVYCJRR-AXRVZGOCSA-N,DQVGVYRSVYCJRR-AXRVZGOCSA-N,DQVGVYRSVYCJRR,DQVGVYRSVYCJRR-AXRVZGOCSA-N,unknown,false,54,46,33,43,324
structure,ZQGOYEJYAYJFTL-BTMCAZCFSA-N,ZQGOYEJYAYJFTL-BTMCAZCFSA-N,ZQGOYEJYAYJFTL,ZQGOYEJYAYJFTL-BTMCAZCFSA-N,unknown,false,16,12,9,12,95
structure,FUZGJRALEKGYPO-NAJIBIIASA-N,FUZGJRALEKGYPO-NAJIBIIASA-N,FUZGJRALEKGYPO,FUZGJRALEKGYPO-NAJIBIIASA-N,unknown,false,16,12,11,12,92
structure,CQIKWXUXPNUNDV-AXRVZGOCSA-N,CQIKWXUXPNUNDV-AXRVZGOCSA-N,CQIKWXUXPNUNDV,CQIKWXUXPNUNDV-AXRVZGOCSA-N,unknown,false,25,21,17,19,136
structure,HSCJRCZFDFQWRP-JZMIEXBBSA-N,HSCJRCZFDFQWRP-JZMIEXBBSA-N,HSCJRCZFDFQWRP,HSCJRCZFDFQWRP-JZMIEXBBSA-N,unknown,false,5,5,5,6,72
structure,MOJZMWJRUKIQGL-XILRTYJMSA-N,MOJZMWJRUKIQGL-XILRTYJMSA-N,MOJZMWJRUKIQGL,MOJZMWJRUKIQGL-XILRTYJMSA-N,unknown,false,78,55,32,53,1354
structure,WMBWREPUVVBILR-WIYYLYMNSA-N,WMBWREPUVVBILR-WIYYLYMNSA-N,WMBWREPUVVBILR,WMBWREPUVVBILR-WIYYLYMNSA-N,unknown,false,121,92,43,139,2305
structure,PFTAWBLQPZVEMU-DZGCQCFKSA-N,PFTAWBLQPZVEMU-DZGCQCFKSA-N,PFTAWBLQPZVEMU,PFTAWBLQPZVEMU-DZGCQCFKSA-N,inactive,true,564,279,105,613,9940
structure,XMOCLSLCDHWDHP-SWLSCSKDSA-N,XMOCLSLCDHWDHP-SWLSCSKDSA-N,XMOCLSLCDHWDHP,XMOCLSLCDHWDHP-SWLSCSKDSA-N,unknown,false,202,110,56,129,3176
structure,GMISZFQPFDAPGI-OSYQBESMSA-N,GMISZFQPFDAPGI-OSYQBESMSA-N,GMISZFQPFDAPGI,GMISZFQPFDAPGI-OSYQBESMSA-N,unknown,false,37,31,19,1,481
structure,GMISZFQPFDAPGI-JJYFIROESA-N,GMISZFQPFDAPGI-JJYFIROESA-N,GMISZFQPFDAPGI,GMISZFQPFDAPGI-JJYFIROESA-N,unknown,false,38,32,20,2,495
structure,LSHVYAFMTMFKBA-TZIWHRDSSA-N,LSHVYAFMTMFKBA-TZIWHRDSSA-N,LSHVYAFMTMFKBA,LSHVYAFMTMFKBA-TZIWHRDSSA-N,unknown,false,124,88,46,137,2513
structure,RTEDIEITOBJPNI-UHFFFAOYSA-N,RTEDIEITOBJPNI-UHFFFAOYSA-N,RTEDIEITOBJPNI,RTEDIEITOBJPNI-UHFFFAOYSA-N,unknown,false,40,33,21,3,502
structure,PFNFFQXMRSDOHW-UHFFFAOYSA-N,PFNFFQXMRSDOHW-UHFFFAOYSA-N,PFNFFQXMRSDOHW,PFNFFQXMRSDOHW-UHFFFAOYSA-N,unknown,false,50,36,26,32,711
structure,QYPPJABKJHAVHS-UHFFFAOYSA-N,QYPPJABKJHAVHS-UHFFFAOYSA-N,QYPPJABKJHAVHS,QYPPJABKJHAVHS-UHFFFAOYSA-N,unknown,false,24,21,15,17,304
structure,HFRZSVYKDDZRQY-MVIFTORASA-N,HFRZSVYKDDZRQY-MVIFTORASA-N,HFRZSVYKDDZRQY,HFRZSVYKDDZRQY-MVIFTORASA-N,unknown,false,5,5,7,5,45
structure,KXSDPILWMGFJMM-XMCUXHSSSA-N,KXSDPILWMGFJMM-XMCUXHSSSA-N,KXSDPILWMGFJMM,KXSDPILWMGFJMM-XMCUXHSSSA-N,unknown,false,19,12,9,13,197
structure,RGIBXDHONMXTLI-UHFFFAOYSA-N,RGIBXDHONMXTLI-UHFFFAOYSA-N,RGIBXDHONMXTLI,RGIBXDHONMXTLI-UHFFFAOYSA-N,unknown,false,25,19,15,25,326
structure,SZCBXWMUOPQSOX-WVJDLNGLSA-N,SZCBXWMUOPQSOX-WVJDLNGLSA-N,SZCBXWMUOPQSOX,SZCBXWMUOPQSOX-WVJDLNGLSA-N,unknown,false,237,134,97,92,2660
structure,JKQXZKUSFCKOGQ-QAYBQHTQSA-N,JKQXZKUSFCKOGQ-QAYBQHTQSA-N,JKQXZKUSFCKOGQ,JKQXZKUSFCKOGQ-QAYBQHTQSA-N,unknown,false,339,187,149,124,3378
structure,KBPHJBAIARWVSC-CFWGZHMLSA-N,KBPHJBAIARWVSC-CFWGZHMLSA-N,KBPHJBAIARWVSC,KBPHJBAIARWVSC-CFWGZHMLSA-N,unknown,false,69,45,38,25,308
structure,UZKQTCBAMSWPJD-FARCUNLSSA-N,UZKQTCBAMSWPJD-FARCUNLSSA-N,UZKQTCBAMSWPJD,UZKQTCBAMSWPJD-FARCUNLSSA-N,unknown,false,33,26,19,32,554
structure,GOSWTRUMMSCNCW-HNNGNKQASA-N,GOSWTRUMMSCNCW-HNNGNKQASA-N,GOSWTRUMMSCNCW,GOSWTRUMMSCNCW-HNNGNKQASA-N,unknown,false,24,22,15,24,356
structure,MVMBTNNVZQRZQT-BPDSZQNASA-N,MVMBTNNVZQRZQT-BPDSZQNASA-N,MVMBTNNVZQRZQT,MVMBTNNVZQRZQT-BPDSZQNASA-N,unknown,false,1,1,1,1,8
structure,UZKQTCBAMSWPJD-UHFFFAOYSA-N,UZKQTCBAMSWPJD-UHFFFAOYSA-N,UZKQTCBAMSWPJD,UZKQTCBAMSWPJD-UHFFFAOYSA-N,unknown,false,30,24,17,36,507
structure,HTDHRCLVWUEXIS-HNVSNYHQSA-N,HTDHRCLVWUEXIS-HNVSNYHQSA-N,HTDHRCLVWUEXIS,HTDHRCLVWUEXIS-HNVSNYHQSA-N,unknown,false,1,1,1,1,8
structure,UUPDCCPAOMDMPT-HNVSNYHQSA-N,UUPDCCPAOMDMPT-HNVSNYHQSA-N,UUPDCCPAOMDMPT,UUPDCCPAOMDMPT-HNVSNYHQSA-N,unknown,false,1,1,1,1,8
structure,USVMJSALORZVDV-SDBHATRESA-N,USVMJSALORZVDV-SDBHATRESA-N,USVMJSALORZVDV,USVMJSALORZVDV-SDBHATRESA-N,unknown,false,2,2,3,3,39
structure,OENHQHLEOONYIE-BVZAMQQESA-N,OENHQHLEOONYIE-BVZAMQQESA-N,OENHQHLEOONYIE,OENHQHLEOONYIE-BVZAMQQESA-N,unknown,false,25,20,15,7,328
structure,OENHQHLEOONYIE-MZMZTKINSA-N,OENHQHLEOONYIE-MZMZTKINSA-N,OENHQHLEOONYIE,OENHQHLEOONYIE-MZMZTKINSA-N,unknown,false,20,16,14,5,240
structure,CKIJIGYDFNXSET-UFYKKMGGSA-N,CKIJIGYDFNXSET-UFYKKMGGSA-N,CKIJIGYDFNXSET,CKIJIGYDFNXSET-UFYKKMGGSA-N,unknown,false,5,4,1,3,74
structure,PLYQBXHVYUJNQB-BZVDQRPCSA-N,PLYQBXHVYUJNQB-BZVDQRPCSA-N,PLYQBXHVYUJNQB,PLYQBXHVYUJNQB-BZVDQRPCSA-N,unknown,false,22,11,1,11,170
structure,PLYQBXHVYUJNQB-ZHVGPZTNSA-N,PLYQBXHVYUJNQB-ZHVGPZTNSA-N,PLYQBXHVYUJNQB,PLYQBXHVYUJNQB-ZHVGPZTNSA-N,unknown,false,22,11,1,11,178
structure,OSJPPGNTCRNQQC-UHFFFAOYSA-N,OSJPPGNTCRNQQC-UHFFFAOYSA-N,OSJPPGNTCRNQQC,OSJPPGNTCRNQQC-UHFFFAOYSA-N,unknown,false,8,8,10,8,116
structure,NBSCHQHZLSJFNQ-UHFFFAOYSA-N,NBSCHQHZLSJFNQ-UHFFFAOYSA-N,NBSCHQHZLSJFNQ,NBSCHQHZLSJFNQ-UHFFFAOYSA-N,unknown,false,1,1,1,1,16
structure,DVYFYPAMPUDXFH-UHFFFAOYSA-N,DVYFYPAMPUDXFH-UHFFFAOYSA-N,DVYFYPAMPUDXFH,DVYFYPAMPUDXFH-UHFFFAOYSA-N,unknown,false,1,1,1,1,14
structure,QHIATSAYASRLEY-BZVDQRPCSA-N,QHIATSAYASRLEY-BZVDQRPCSA-N,QHIATSAYASRLEY,QHIATSAYASRLEY-BZVDQRPCSA-N,unknown,false,3,3,2,2,36
structure,HUCGRJSHMZWRQQ-GZKRSOGLSA-N,HUCGRJSHMZWRQQ-GZKRSOGLSA-N,HUCGRJSHMZWRQQ,HUCGRJSHMZWRQQ-GZKRSOGLSA-N,unknown,false,4,3,1,4,52
structure,LQZALQLZOQQFGM-PWVGEXOGSA-N,LQZALQLZOQQFGM-PWVGEXOGSA-N,LQZALQLZOQQFGM,LQZALQLZOQQFGM-PWVGEXOGSA-N,unknown,false,1,1,1,1,16
structure,DCTLYFZHFGENCW-UUOKFMHZSA-N,DCTLYFZHFGENCW-UUOKFMHZSA-N,DCTLYFZHFGENCW,DCTLYFZHFGENCW-UUOKFMHZSA-N,unknown,false,2,2,2,2,14
structure,YAHZABJORDUQGO-UHFFFAOYSA-N,YAHZABJORDUQGO-UHFFFAOYSA-N,YAHZABJORDUQGO,YAHZABJORDUQGO-UHFFFAOYSA-N,unknown,false,1,1,1,1,16
structure,BZQFBWGGLXLEPQ-UHFFFAOYSA-N,BZQFBWGGLXLEPQ-UHFFFAOYSA-N,BZQFBWGGLXLEPQ,BZQFBWGGLXLEPQ-UHFFFAOYSA-N,unknown,false,5,4,4,5,50
structure,MPUUQNGXJSEWTF-UHFFFAOYSA-N,MPUUQNGXJSEWTF-UHFFFAOYSA-N,MPUUQNGXJSEWTF,MPUUQNGXJSEWTF-UHFFFAOYSA-N,unknown,false,2,2,2,2,20
structure,OINNEUNVOZHBOX-UHFFFAOYSA-N,OINNEUNVOZHBOX-UHFFFAOYSA-N,OINNEUNVOZHBOX,OINNEUNVOZHBOX-UHFFFAOYSA-N,unknown,false,25,15,14,19,246
structure,JCAIWDXKLCEQEO-UHFFFAOYSA-N,JCAIWDXKLCEQEO-UHFFFAOYSA-N,JCAIWDXKLCEQEO,JCAIWDXKLCEQEO-UHFFFAOYSA-N,unknown,false,4,4,3,4,51
structure,ZDFUASMRJUVZJP-GIIHIBIBSA-N,ZDFUASMRJUVZJP-GIIHIBIBSA-N,ZDFUASMRJUVZJP,ZDFUASMRJUVZJP-GIIHIBIBSA-N,unknown,false,12,10,6,10,128
structure,XWMMEBCFHUKHEX-UHFFFAOYSA-N,XWMMEBCFHUKHEX-UHFFFAOYSA-N,XWMMEBCFHUKHEX,XWMMEBCFHUKHEX-UHFFFAOYSA-N,unknown,false,41,37,8,36,450
structure,NGFFRJBGMSPDMS-ZJJHUPNDSA-N,NGFFRJBGMSPDMS-ZJJHUPNDSA-N,NGFFRJBGMSPDMS,NGFFRJBGMSPDMS-ZJJHUPNDSA-N,unknown,false,19,14,4,14,136
structure,DICCPNLDOZNSML-XGKJEQFASA-N,DICCPNLDOZNSML-XGKJEQFASA-N,DICCPNLDOZNSML,DICCPNLDOZNSML-XGKJEQFASA-N,unknown,false,47,30,19,36,658
structure,TZVDWGXUGGUMCE-JVHXOXOBSA-N,TZVDWGXUGGUMCE-JVHXOXOBSA-N,TZVDWGXUGGUMCE,TZVDWGXUGGUMCE-JVHXOXOBSA-N,unknown,false,34,23,11,29,368
structure,FHVRTHIWQBTFQE-DAHBPKAMSA-N,FHVRTHIWQBTFQE-DAHBPKAMSA-N,FHVRTHIWQBTFQE,FHVRTHIWQBTFQE-DAHBPKAMSA-N,unknown,false,2,2,2,2,14
structure,DICCPNLDOZNSML-CEEMYSEHSA-N,DICCPNLDOZNSML-CEEMYSEHSA-N,DICCPNLDOZNSML,DICCPNLDOZNSML-CEEMYSEHSA-N,unknown,false,4,4,3,4,35
structure,FURUXTVZLHCCNA-UHFFFAOYSA-N,FURUXTVZLHCCNA-UHFFFAOYSA-N,FURUXTVZLHCCNA,FURUXTVZLHCCNA-UHFFFAOYSA-N,unknown,false,34,18,4,27,484
structure,FWOYMKXDIXNXIC-KQQUZDAGSA-N,FWOYMKXDIXNXIC-KQQUZDAGSA-N,FWOYMKXDIXNXIC,FWOYMKXDIXNXIC-KQQUZDAGSA-N,unknown,false,1,1,1,1,7
structure,FWOYMKXDIXNXIC-UHFFFAOYSA-N,FWOYMKXDIXNXIC-UHFFFAOYSA-N,FWOYMKXDIXNXIC,FWOYMKXDIXNXIC-UHFFFAOYSA-N,unknown,false,1,1,1,1,14
structure,DBBCBZIFZYILRL-FNORWQNLSA-N,DBBCBZIFZYILRL-FNORWQNLSA-N,DBBCBZIFZYILRL,DBBCBZIFZYILRL-FNORWQNLSA-N,unknown,false,4,4,4,4,42
structure,LUSHRJRLUBDDTB-KNQGVANASA-N,LUSHRJRLUBDDTB-KNQGVANASA-N,LUSHRJRLUBDDTB,LUSHRJRLUBDDTB-KNQGVANASA-N,unknown,false,2,2,2,3,38
structure,MNZBJKLHQWXTFB-GWQLWQJZSA-N,MNZBJKLHQWXTFB-GWQLWQJZSA-N,MNZBJKLHQWXTFB,MNZBJKLHQWXTFB-GWQLWQJZSA-N,unknown,false,1,1,1,1,10
structure,DZWMSKKYNYZQTC-AJLFSXDCSA-N,DZWMSKKYNYZQTC-AJLFSXDCSA-N,DZWMSKKYNYZQTC,DZWMSKKYNYZQTC-AJLFSXDCSA-N,unknown,false,2,2,2,2,24
structure,MFPLDTHKCVURLZ-CUYIKIAVSA-N,MFPLDTHKCVURLZ-CUYIKIAVSA-N,MFPLDTHKCVURLZ,MFPLDTHKCVURLZ-CUYIKIAVSA-N,unknown,false,1,1,1,1,10
structure,JTNZEYFXPDFBBF-UHFFFAOYSA-N,JTNZEYFXPDFBBF-UHFFFAOYSA-N,JTNZEYFXPDFBBF,JTNZEYFXPDFBBF-UHFFFAOYSA-N,unknown,false,1,1,1,1,10
structure,FVLYRFSEEUSOAL-UHFFFAOYSA-N,FVLYRFSEEUSOAL-UHFFFAOYSA-N,FVLYRFSEEUSOAL,FVLYRFSEEUSOAL-UHFFFAOYSA-N,unknown,false,1,1,1,1,20
structure,MAIUISBOEJPUCU-UHFFFAOYSA-N,MAIUISBOEJPUCU-UHFFFAOYSA-N,MAIUISBOEJPUCU,MAIUISBOEJPUCU-UHFFFAOYSA-N,unknown,false,1,1,1,1,10
structure,AXAINABARGDXOC-UHFFFAOYSA-N,AXAINABARGDXOC-UHFFFAOYSA-N,AXAINABARGDXOC,AXAINABARGDXOC-UHFFFAOYSA-N,unknown,false,1,1,1,1,10
structure,WLWIMKWZMGJRBS-UHFFFAOYSA-N,WLWIMKWZMGJRBS-UHFFFAOYSA-N,WLWIMKWZMGJRBS,WLWIMKWZMGJRBS-UHFFFAOYSA-N,unknown,false,17,5,5,10,375
structure,QEYTVHCFIMCNLT-UHFFFAOYSA-N,QEYTVHCFIMCNLT-UHFFFAOYSA-N,QEYTVHCFIMCNLT,QEYTVHCFIMCNLT-UHFFFAOYSA-N,unknown,false,1,1,1,1,10
structure,BUINZVPKMRXEMB-UHFFFAOYSA-N,BUINZVPKMRXEMB-UHFFFAOYSA-N,BUINZVPKMRXEMB,BUINZVPKMRXEMB-UHFFFAOYSA-N,unknown,false,4,2,2,2,58
structure,HVGWDVJUMODUIZ-UHFFFAOYSA-N,HVGWDVJUMODUIZ-UHFFFAOYSA-N,HVGWDVJUMODUIZ,HVGWDVJUMODUIZ-UHFFFAOYSA-N,unknown,false,5,3,3,3,30
structure,LZTWXXJTDLQTAT-UHFFFAOYSA-N,LZTWXXJTDLQTAT-UHFFFAOYSA-N,LZTWXXJTDLQTAT,LZTWXXJTDLQTAT-UHFFFAOYSA-N,unknown,false,1,1,1,1,10
structure,HBVZRPAKZOLBPL-UHFFFAOYSA-N,HBVZRPAKZOLBPL-UHFFFAOYSA-N,HBVZRPAKZOLBPL,HBVZRPAKZOLBPL-UHFFFAOYSA-N,unknown,false,13,11,2,1,168
structure,ATXVYGWDRPMCPT-KFTDKUHSSA-N,ATXVYGWDRPMCPT-KFTDKUHSSA-N,ATXVYGWDRPMCPT,ATXVYGWDRPMCPT-KFTDKUHSSA-N,unknown,false,1,1,1,1,8
structure,YNMFDPCLPIMRFD-XTXTUNRQSA-N,YNMFDPCLPIMRFD-XTXTUNRQSA-N,YNMFDPCLPIMRFD,YNMFDPCLPIMRFD-XTXTUNRQSA-N,unknown,false,2,2,2,3,18
structure,ATXVYGWDRPMCPT-RSSLJQOBSA-N,ATXVYGWDRPMCPT-RSSLJQOBSA-N,ATXVYGWDRPMCPT,ATXVYGWDRPMCPT-RSSLJQOBSA-N,unknown,false,1,1,1,1,8
structure,YNMFDPCLPIMRFD-KSPKLRDJSA-N,YNMFDPCLPIMRFD-KSPKLRDJSA-N,YNMFDPCLPIMRFD,YNMFDPCLPIMRFD-KSPKLRDJSA-N,unknown,false,3,3,3,3,21
structure,ATXVYGWDRPMCPT-PTGKNIPFSA-N,ATXVYGWDRPMCPT-PTGKNIPFSA-N,ATXVYGWDRPMCPT,ATXVYGWDRPMCPT-PTGKNIPFSA-N,unknown,false,1,1,1,1,8
structure,IXDHJNNHLVGCLC-MXXRNXGISA-N,IXDHJNNHLVGCLC-MXXRNXGISA-N,IXDHJNNHLVGCLC,IXDHJNNHLVGCLC-MXXRNXGISA-N,unknown,false,14,12,7,13,112
structure,VKQAORJORROYTN-SSEXGKCCSA-N,VKQAORJORROYTN-SSEXGKCCSA-N,VKQAORJORROYTN,VKQAORJORROYTN-SSEXGKCCSA-N,unknown,false,1,1,1,1,12
structure,VZWYUCZJWPRWLC-AWEZNQCLSA-N,VZWYUCZJWPRWLC-AWEZNQCLSA-N,VZWYUCZJWPRWLC,VZWYUCZJWPRWLC-AWEZNQCLSA-N,unknown,false,1,1,1,1,12
structure,GOLUHSBSHMMTQA-NSHDSACASA-N,GOLUHSBSHMMTQA-NSHDSACASA-N,GOLUHSBSHMMTQA,GOLUHSBSHMMTQA-NSHDSACASA-N,unknown,false,1,1,1,1,12
structure,MNFJPYYKOBNUEG-AWEZNQCLSA-N,MNFJPYYKOBNUEG-AWEZNQCLSA-N,MNFJPYYKOBNUEG,MNFJPYYKOBNUEG-AWEZNQCLSA-N,unknown,false,1,1,1,1,12
structure,SGUXCLISHNMIEC-NSHDSACASA-N,SGUXCLISHNMIEC-NSHDSACASA-N,SGUXCLISHNMIEC,SGUXCLISHNMIEC-NSHDSACASA-N,unknown,false,1,1,1,1,12
structure,YPZCOEDTKIYBEB-ZVBXRXONSA-N,YPZCOEDTKIYBEB-ZVBXRXONSA-N,YPZCOEDTKIYBEB,YPZCOEDTKIYBEB-ZVBXRXONSA-N,unknown,false,4,4,2,4,50
structure,GDQXJMLXEYSICD-UHFFFAOYSA-N,GDQXJMLXEYSICD-UHFFFAOYSA-N,GDQXJMLXEYSICD,GDQXJMLXEYSICD-UHFFFAOYSA-N,unknown,false,12,4,1,13,505
structure,BSEWSLOUHTTXHH-UHFFFAOYSA-N,BSEWSLOUHTTXHH-UHFFFAOYSA-N,BSEWSLOUHTTXHH,BSEWSLOUHTTXHH-UHFFFAOYSA-N,unknown,false,2,1,1,1,20
structure,QVHFFSLHYOWTJT-UHFFFAOYSA-N,QVHFFSLHYOWTJT-UHFFFAOYSA-N,QVHFFSLHYOWTJT,QVHFFSLHYOWTJT-UHFFFAOYSA-N,unknown,false,1,1,1,1,10
structure,BILAMKFGAFCWCS-ONEGNTODSA-N,BILAMKFGAFCWCS-ONEGNTODSA-N,BILAMKFGAFCWCS,BILAMKFGAFCWCS-ONEGNTODSA-N,unknown,false,2,2,1,1,20
structure,LRLMYQFHTXHFRH-IHARUHSVSA-N,LRLMYQFHTXHFRH-IHARUHSVSA-N,LRLMYQFHTXHFRH,LRLMYQFHTXHFRH-IHARUHSVSA-N,unknown,false,4,4,1,3,46
structure,LRLMYQFHTXHFRH-RUPODZMKSA-N,LRLMYQFHTXHFRH-RUPODZMKSA-N,LRLMYQFHTXHFRH,LRLMYQFHTXHFRH-RUPODZMKSA-N,unknown,false,5,5,1,4,28
structure,SHIKPQXKXYEXCO-RWKQGRNFSA-N,SHIKPQXKXYEXCO-RWKQGRNFSA-N,SHIKPQXKXYEXCO,SHIKPQXKXYEXCO-RWKQGRNFSA-N,unknown,false,6,4,2,6,82
structure,LCJOXNIMFDLZJH-KCRIIDRDSA-N,LCJOXNIMFDLZJH-KCRIIDRDSA-N,LCJOXNIMFDLZJH,LCJOXNIMFDLZJH-KCRIIDRDSA-N,unknown,false,4,3,3,4,39
structure,JQQBXPCJFAKSPG-OTYJEXDISA-N,JQQBXPCJFAKSPG-OTYJEXDISA-N,JQQBXPCJFAKSPG,JQQBXPCJFAKSPG-OTYJEXDISA-N,unknown,false,1,1,1,1,7
structure,KWJWDQVAMYZQHO-YEYOLZSNSA-N,KWJWDQVAMYZQHO-YEYOLZSNSA-N,KWJWDQVAMYZQHO,KWJWDQVAMYZQHO-YEYOLZSNSA-N,unknown,false,1,1,1,1,7
structure,HDSDSDSDIOSGPO-XCAZMSFXSA-N,HDSDSDSDIOSGPO-XCAZMSFXSA-N,HDSDSDSDIOSGPO,HDSDSDSDIOSGPO-XCAZMSFXSA-N,unknown,false,1,1,1,1,14
structure,KOHCHAZCVWCDRH-CUJLTFOLSA-N,KOHCHAZCVWCDRH-CUJLTFOLSA-N,KOHCHAZCVWCDRH,KOHCHAZCVWCDRH-CUJLTFOLSA-N,unknown,false,1,1,1,1,14
structure,LTEPLSTTZBVXQH-GKYSJUCXSA-N,LTEPLSTTZBVXQH-GKYSJUCXSA-N,LTEPLSTTZBVXQH,LTEPLSTTZBVXQH-GKYSJUCXSA-N,unknown,false,1,1,1,1,14
structure,DRDJZBSEZJQQSZ-CROVDJNCSA-N,DRDJZBSEZJQQSZ-CROVDJNCSA-N,DRDJZBSEZJQQSZ,DRDJZBSEZJQQSZ-CROVDJNCSA-N,unknown,false,1,1,1,1,14
structure,ZADWINMSTDXGCM-RAVJOKJDSA-N,ZADWINMSTDXGCM-RAVJOKJDSA-N,ZADWINMSTDXGCM,ZADWINMSTDXGCM-RAVJOKJDSA-N,unknown,false,6,2,1,6,93
structure,CSVBHFGQISRADN-UHFFFAOYSA-N,CSVBHFGQISRADN-UHFFFAOYSA-N,CSVBHFGQISRADN,CSVBHFGQISRADN-UHFFFAOYSA-N,unknown,false,1,1,1,1,24
structure,HHSHIDRPFXMPHE-UHFFFAOYSA-N,HHSHIDRPFXMPHE-UHFFFAOYSA-N,HHSHIDRPFXMPHE,HHSHIDRPFXMPHE-UHFFFAOYSA-N,unknown,false,1,1,1,1,16
structure,HHSHIDRPFXMPHE-VMPITWQZSA-N,HHSHIDRPFXMPHE-VMPITWQZSA-N,HHSHIDRPFXMPHE,HHSHIDRPFXMPHE-VMPITWQZSA-N,unknown,false,1,1,1,1,8
structure,CSVBHFGQISRADN-BQYQJAHWSA-N,CSVBHFGQISRADN-BQYQJAHWSA-N,CSVBHFGQISRADN,CSVBHFGQISRADN-BQYQJAHWSA-N,unknown,false,1,1,1,1,8
structure,CWRWJDAEKWYUJT-UINBKICFSA-N,CWRWJDAEKWYUJT-UINBKICFSA-N,CWRWJDAEKWYUJT,CWRWJDAEKWYUJT-UINBKICFSA-N,unknown,false,1,1,1,1,8
structure,GXTGTCSHGJLVPW-LMHPMGQISA-N,GXTGTCSHGJLVPW-LMHPMGQISA-N,GXTGTCSHGJLVPW,GXTGTCSHGJLVPW-LMHPMGQISA-N,unknown,false,1,1,1,1,8
structure,YRVYJYODXYESHQ-PHSZKTHRSA-N,YRVYJYODXYESHQ-PHSZKTHRSA-N,YRVYJYODXYESHQ,YRVYJYODXYESHQ-PHSZKTHRSA-N,unknown,false,1,1,1,1,8
structure,FXAOGBMUKJMRHB-UFBSSYTOSA-N,FXAOGBMUKJMRHB-UFBSSYTOSA-N,FXAOGBMUKJMRHB,FXAOGBMUKJMRHB-UFBSSYTOSA-N,unknown,false,1,1,1,1,8
structure,JFTWMYLCKKDOGZ-GDYLYPIXSA-N,JFTWMYLCKKDOGZ-GDYLYPIXSA-N,JFTWMYLCKKDOGZ,JFTWMYLCKKDOGZ-GDYLYPIXSA-N,unknown,false,1,1,1,1,8
structure,SYJOSMLJXIQXFJ-YENLXDNHSA-N,SYJOSMLJXIQXFJ-YENLXDNHSA-N,SYJOSMLJXIQXFJ,SYJOSMLJXIQXFJ-YENLXDNHSA-N,unknown,false,1,1,1,1,8
structure,AOTOEKFIRGUTMJ-UMGRQFOVSA-N,AOTOEKFIRGUTMJ-UMGRQFOVSA-N,AOTOEKFIRGUTMJ,AOTOEKFIRGUTMJ-UMGRQFOVSA-N,unknown,false,1,1,1,1,12
structure,DTVZEUZAHZTLJV-VUDGCMKMSA-N,DTVZEUZAHZTLJV-VUDGCMKMSA-N,DTVZEUZAHZTLJV,DTVZEUZAHZTLJV-VUDGCMKMSA-N,unknown,false,1,1,1,1,6
structure,CKVFGINJVRRIIH-ADNMXRRISA-N,CKVFGINJVRRIIH-ADNMXRRISA-N,CKVFGINJVRRIIH,CKVFGINJVRRIIH-ADNMXRRISA-N,unknown,false,1,1,1,1,8
structure,CKVFGINJVRRIIH-AEDJIJERSA-N,CKVFGINJVRRIIH-AEDJIJERSA-N,CKVFGINJVRRIIH,CKVFGINJVRRIIH-AEDJIJERSA-N,unknown,false,1,1,1,1,10
structure,CSVOJBHLRRLOJX-LCHLXWAYSA-N,CSVOJBHLRRLOJX-LCHLXWAYSA-N,CSVOJBHLRRLOJX,CSVOJBHLRRLOJX-LCHLXWAYSA-N,unknown,false,1,1,1,1,10
structure,FSWAAEDJSLUWHZ-SYAFSNANSA-N,FSWAAEDJSLUWHZ-SYAFSNANSA-N,FSWAAEDJSLUWHZ,FSWAAEDJSLUWHZ-SYAFSNANSA-N,unknown,false,1,1,1,1,5
structure,SDLJCDUICZWSDZ-RKZWBVLESA-N,SDLJCDUICZWSDZ-RKZWBVLESA-N,SDLJCDUICZWSDZ,SDLJCDUICZWSDZ-RKZWBVLESA-N,unknown,false,1,1,1,1,10
structure,QPMIHZUICKRXHM-AXCBSSBOSA-N,QPMIHZUICKRXHM-AXCBSSBOSA-N,QPMIHZUICKRXHM,QPMIHZUICKRXHM-AXCBSSBOSA-N,unknown,false,1,1,1,1,5
structure,FXAOGBMUKJMRHB-PBALMKOQSA-N,FXAOGBMUKJMRHB-PBALMKOQSA-N,FXAOGBMUKJMRHB,FXAOGBMUKJMRHB-PBALMKOQSA-N,unknown,false,1,1,1,1,16
structure,GXTGTCSHGJLVPW-OTKYOJGOSA-N,GXTGTCSHGJLVPW-OTKYOJGOSA-N,GXTGTCSHGJLVPW,GXTGTCSHGJLVPW-OTKYOJGOSA-N,unknown,false,1,1,1,1,16
structure,SYJOSMLJXIQXFJ-RCZBUNQNSA-N,SYJOSMLJXIQXFJ-RCZBUNQNSA-N,SYJOSMLJXIQXFJ,SYJOSMLJXIQXFJ-RCZBUNQNSA-N,unknown,false,1,1,1,1,16
structure,FXAOGBMUKJMRHB-VZFHUWCVSA-N,FXAOGBMUKJMRHB-VZFHUWCVSA-N,FXAOGBMUKJMRHB,FXAOGBMUKJMRHB-VZFHUWCVSA-N,unknown,false,1,1,1,1,16
structure,FXAOGBMUKJMRHB-UJBUWCLNSA-N,FXAOGBMUKJMRHB-UJBUWCLNSA-N,FXAOGBMUKJMRHB,FXAOGBMUKJMRHB-UJBUWCLNSA-N,unknown,false,1,1,1,3,24
structure,PMTMAFAPLCGXGK-UHFFFAOYSA-N,PMTMAFAPLCGXGK-UHFFFAOYSA-N,PMTMAFAPLCGXGK,PMTMAFAPLCGXGK-UHFFFAOYSA-N,unknown,false,1,1,1,1,16
structure,SYJOSMLJXIQXFJ-LABASLMOSA-N,SYJOSMLJXIQXFJ-LABASLMOSA-N,SYJOSMLJXIQXFJ,SYJOSMLJXIQXFJ-LABASLMOSA-N,unknown,false,1,1,1,3,24
structure,JFTWMYLCKKDOGZ-OMOSEILDSA-N,JFTWMYLCKKDOGZ-OMOSEILDSA-N,JFTWMYLCKKDOGZ,JFTWMYLCKKDOGZ-OMOSEILDSA-N,unknown,false,1,1,1,1,8
structure,FXAOGBMUKJMRHB-YGJAHLLZSA-N,FXAOGBMUKJMRHB-YGJAHLLZSA-N,FXAOGBMUKJMRHB,FXAOGBMUKJMRHB-YGJAHLLZSA-N,unknown,false,1,1,1,1,8
structure,GXTGTCSHGJLVPW-UDHHAOSJSA-N,GXTGTCSHGJLVPW-UDHHAOSJSA-N,GXTGTCSHGJLVPW,GXTGTCSHGJLVPW-UDHHAOSJSA-N,unknown,false,1,1,1,1,8
structure,PMTMAFAPLCGXGK-CLTKARDFSA-N,PMTMAFAPLCGXGK-CLTKARDFSA-N,PMTMAFAPLCGXGK,PMTMAFAPLCGXGK-CLTKARDFSA-N,unknown,false,2,2,2,2,24
structure,SYJOSMLJXIQXFJ-KKPWIRESSA-N,SYJOSMLJXIQXFJ-KKPWIRESSA-N,SYJOSMLJXIQXFJ,SYJOSMLJXIQXFJ-KKPWIRESSA-N,unknown,false,1,1,1,1,16
structure,SYJOSMLJXIQXFJ-IVVROMSISA-N,SYJOSMLJXIQXFJ-IVVROMSISA-N,SYJOSMLJXIQXFJ,SYJOSMLJXIQXFJ-IVVROMSISA-N,unknown,false,1,1,1,1,8
structure,JFTWMYLCKKDOGZ-PIXATSFJSA-N,JFTWMYLCKKDOGZ-PIXATSFJSA-N,JFTWMYLCKKDOGZ,JFTWMYLCKKDOGZ-PIXATSFJSA-N,unknown,false,1,1,1,1,16
structure,HAGAGWWHXMJXLF-QWWZWVQMSA-N,HAGAGWWHXMJXLF-QWWZWVQMSA-N,HAGAGWWHXMJXLF,HAGAGWWHXMJXLF-QWWZWVQMSA-N,unknown,false,1,1,1,1,8
structure,HYZCSKMGTPVVBB-FPLPWBNLSA-N,HYZCSKMGTPVVBB-FPLPWBNLSA-N,HYZCSKMGTPVVBB,HYZCSKMGTPVVBB-FPLPWBNLSA-N,unknown,false,1,1,1,1,7
structure,OFFQPVDOVYHTBX-UHFFFAOYSA-N,OFFQPVDOVYHTBX-UHFFFAOYSA-N,OFFQPVDOVYHTBX,OFFQPVDOVYHTBX-UHFFFAOYSA-N,unknown,false,1,1,1,1,14
structure,OFFQPVDOVYHTBX-HZJYTTRNSA-N,OFFQPVDOVYHTBX-HZJYTTRNSA-N,OFFQPVDOVYHTBX,OFFQPVDOVYHTBX-HZJYTTRNSA-N,unknown,false,1,1,1,1,7
structure,MBYMHCHZLAJVRK-UHFFFAOYSA-N,MBYMHCHZLAJVRK-UHFFFAOYSA-N,MBYMHCHZLAJVRK,MBYMHCHZLAJVRK-UHFFFAOYSA-N,unknown,false,3,2,2,2,28
structure,DUPHBXUFGBPMHT-UHFFFAOYSA-N,DUPHBXUFGBPMHT-UHFFFAOYSA-N,DUPHBXUFGBPMHT,DUPHBXUFGBPMHT-UHFFFAOYSA-N,unknown,false,1,1,1,1,14
structure,MBYMHCHZLAJVRK-PDBXOOCHSA-N,MBYMHCHZLAJVRK-PDBXOOCHSA-N,MBYMHCHZLAJVRK,MBYMHCHZLAJVRK-PDBXOOCHSA-N,unknown,false,2,2,2,2,11
structure,HYZCSKMGTPVVBB-UHFFFAOYSA-N,HYZCSKMGTPVVBB-UHFFFAOYSA-N,HYZCSKMGTPVVBB,HYZCSKMGTPVVBB-UHFFFAOYSA-N,unknown,false,1,1,1,1,14
structure,MBYNDKVOZOAOIS-UHFFFAOYSA-N,MBYNDKVOZOAOIS-UHFFFAOYSA-N,MBYNDKVOZOAOIS,MBYNDKVOZOAOIS-UHFFFAOYSA-N,unknown,false,3,3,3,9,127
structure,MBYNDKVOZOAOIS-FPLPWBNLSA-N,MBYNDKVOZOAOIS-FPLPWBNLSA-N,MBYNDKVOZOAOIS,MBYNDKVOZOAOIS-FPLPWBNLSA-N,unknown,false,3,3,3,9,75
structure,DUPHBXUFGBPMHT-SREVYHEPSA-N,DUPHBXUFGBPMHT-SREVYHEPSA-N,DUPHBXUFGBPMHT,DUPHBXUFGBPMHT-SREVYHEPSA-N,unknown,false,1,1,1,1,7
structure,VWDLOXMZIGUBKM-AUGXRQBFSA-N,VWDLOXMZIGUBKM-AUGXRQBFSA-N,VWDLOXMZIGUBKM,VWDLOXMZIGUBKM-AUGXRQBFSA-N,unknown,false,172,137,57,156,1652
structure,ITSDQXUTIHBKJZ-VRRVEZDHSA-N,ITSDQXUTIHBKJZ-VRRVEZDHSA-N,ITSDQXUTIHBKJZ,ITSDQXUTIHBKJZ-VRRVEZDHSA-N,unknown,false,1,1,1,1,5
structure,FDIYMPKNJVXZNA-KUXRJGEKSA-N,FDIYMPKNJVXZNA-KUXRJGEKSA-N,FDIYMPKNJVXZNA,FDIYMPKNJVXZNA-KUXRJGEKSA-N,unknown,false,1,1,1,1,5
structure,PCMPSYIDVRLZJI-XMYQQOCCSA-N,PCMPSYIDVRLZJI-XMYQQOCCSA-N,PCMPSYIDVRLZJI,PCMPSYIDVRLZJI-XMYQQOCCSA-N,unknown,false,1,1,1,1,5
structure,RUXXAXGHFLRXRB-DRISLEFDSA-N,RUXXAXGHFLRXRB-DRISLEFDSA-N,RUXXAXGHFLRXRB,RUXXAXGHFLRXRB-DRISLEFDSA-N,unknown,false,4,3,1,4,37
structure,ZEDBBDGPTDMYTR-YJGONOOQSA-N,ZEDBBDGPTDMYTR-YJGONOOQSA-N,ZEDBBDGPTDMYTR,ZEDBBDGPTDMYTR-YJGONOOQSA-N,unknown,false,1,1,1,1,5
structure,GEBAXGCJJKYCJQ-DYUNWAFTSA-N,GEBAXGCJJKYCJQ-DYUNWAFTSA-N,GEBAXGCJJKYCJQ,GEBAXGCJJKYCJQ-DYUNWAFTSA-N,unknown,false,1,1,1,1,5
structure,HVEDKGXJFZBYBX-LYCRPLRTSA-N,HVEDKGXJFZBYBX-LYCRPLRTSA-N,HVEDKGXJFZBYBX,HVEDKGXJFZBYBX-LYCRPLRTSA-N,unknown,false,1,1,1,1,5
structure,FKBRNPNAUOXZMQ-QLCVYAKKSA-N,FKBRNPNAUOXZMQ-QLCVYAKKSA-N,FKBRNPNAUOXZMQ,FKBRNPNAUOXZMQ-QLCVYAKKSA-N,unknown,false,1,1,1,1,16
structure,HKIUILMOGBEIDX-MNWXTTJBSA-N,HKIUILMOGBEIDX-MNWXTTJBSA-N,HKIUILMOGBEIDX,HKIUILMOGBEIDX-MNWXTTJBSA-N,unknown,false,2,1,1,2,24
structure,MSPSOUKLPSVQMY-UHFFFAOYSA-N,MSPSOUKLPSVQMY-UHFFFAOYSA-N,MSPSOUKLPSVQMY,MSPSOUKLPSVQMY-UHFFFAOYSA-N,unknown,false,2,1,1,2,24
structure,HKIUILMOGBEIDX-UHFFFAOYSA-N,HKIUILMOGBEIDX-UHFFFAOYSA-N,HKIUILMOGBEIDX,HKIUILMOGBEIDX-UHFFFAOYSA-N,unknown,false,2,1,1,2,24
structure,WCANMRDCBZNWSJ-UNKPSXPZSA-N,WCANMRDCBZNWSJ-UNKPSXPZSA-N,WCANMRDCBZNWSJ,WCANMRDCBZNWSJ-UNKPSXPZSA-N,unknown,false,1,1,1,1,6
structure,MSPSOUKLPSVQMY-IQDLJPDWSA-N,MSPSOUKLPSVQMY-IQDLJPDWSA-N,MSPSOUKLPSVQMY,MSPSOUKLPSVQMY-IQDLJPDWSA-N,unknown,false,2,1,1,2,12
structure,MSPSOUKLPSVQMY-DPWJSYMOSA-N,MSPSOUKLPSVQMY-DPWJSYMOSA-N,MSPSOUKLPSVQMY,MSPSOUKLPSVQMY-DPWJSYMOSA-N,unknown,false,2,1,1,2,24
structure,LDHIQPLIITZHFA-FBJFLEKESA-N,LDHIQPLIITZHFA-FBJFLEKESA-N,LDHIQPLIITZHFA,LDHIQPLIITZHFA-FBJFLEKESA-N,unknown,false,1,1,1,1,6
structure,JLJLRLWOEMWYQK-QTWFBFKQSA-N,JLJLRLWOEMWYQK-QTWFBFKQSA-N,JLJLRLWOEMWYQK,JLJLRLWOEMWYQK-QTWFBFKQSA-N,unknown,false,2,2,2,1,16
structure,OGRXOIJNPUWZQU-CVUCGDEZSA-N,OGRXOIJNPUWZQU-CVUCGDEZSA-N,OGRXOIJNPUWZQU,OGRXOIJNPUWZQU-CVUCGDEZSA-N,unknown,false,1,1,1,1,5
structure,QYUWVWXIYMIDCZ-ODEBBRBFSA-N,QYUWVWXIYMIDCZ-ODEBBRBFSA-N,QYUWVWXIYMIDCZ,QYUWVWXIYMIDCZ-ODEBBRBFSA-N,unknown,false,1,1,1,1,5
structure,QYUWVWXIYMIDCZ-RAABLCOLSA-N,QYUWVWXIYMIDCZ-RAABLCOLSA-N,QYUWVWXIYMIDCZ,QYUWVWXIYMIDCZ-RAABLCOLSA-N,unknown,false,1,1,1,1,5
structure,VKZYANGAHYJBJK-UHFFFAOYSA-N,VKZYANGAHYJBJK-UHFFFAOYSA-N,VKZYANGAHYJBJK,VKZYANGAHYJBJK-UHFFFAOYSA-N,unknown,false,1,1,1,1,10
structure,NCNVNIVCTSYUFB-UHFFFAOYSA-N,NCNVNIVCTSYUFB-UHFFFAOYSA-N,NCNVNIVCTSYUFB,NCNVNIVCTSYUFB-UHFFFAOYSA-N,unknown,false,1,1,1,1,10
structure,NQEQTYPJSIEPHW-WDEREUQCSA-N,NQEQTYPJSIEPHW-WDEREUQCSA-N,NQEQTYPJSIEPHW,NQEQTYPJSIEPHW-WDEREUQCSA-N,unknown,false,1,1,1,1,16
structure,QKMBYNRMPRKVTO-MNOVXSKESA-N,QKMBYNRMPRKVTO-MNOVXSKESA-N,QKMBYNRMPRKVTO,QKMBYNRMPRKVTO-MNOVXSKESA-N,unknown,false,1,1,1,1,16
structure,NQEQTYPJSIEPHW-MNOVXSKESA-N,NQEQTYPJSIEPHW-MNOVXSKESA-N,NQEQTYPJSIEPHW,NQEQTYPJSIEPHW-MNOVXSKESA-N,unknown,false,1,1,1,1,8
structure,QYARHPPZZXINIZ-VDEGLUMYSA-N,QYARHPPZZXINIZ-VDEGLUMYSA-N,QYARHPPZZXINIZ,QYARHPPZZXINIZ-VDEGLUMYSA-N,unknown,false,1,1,1,1,6
structure,FEQMUAOUKSLIFS-OJYVKABBSA-N,FEQMUAOUKSLIFS-OJYVKABBSA-N,FEQMUAOUKSLIFS,FEQMUAOUKSLIFS-OJYVKABBSA-N,unknown,false,1,1,1,1,12
structure,AYBKFVIPPCLFDH-KPZLONJUSA-N,AYBKFVIPPCLFDH-KPZLONJUSA-N,AYBKFVIPPCLFDH,AYBKFVIPPCLFDH-KPZLONJUSA-N,unknown,false,2,1,1,4,28
structure,WQTDOKKJTKGBTA-WMFJVRNZSA-N,WQTDOKKJTKGBTA-WMFJVRNZSA-N,WQTDOKKJTKGBTA,WQTDOKKJTKGBTA-WMFJVRNZSA-N,unknown,false,1,1,1,1,6
structure,VDZOAKVFCQHFIH-KWDCWGFJSA-N,VDZOAKVFCQHFIH-KWDCWGFJSA-N,VDZOAKVFCQHFIH,VDZOAKVFCQHFIH-KWDCWGFJSA-N,unknown,false,1,1,1,1,6
structure,XAITXSGSAXCMGO-VMDQYDODSA-N,XAITXSGSAXCMGO-VMDQYDODSA-N,XAITXSGSAXCMGO,XAITXSGSAXCMGO-VMDQYDODSA-N,unknown,false,1,1,1,1,6
structure,QUEDXNHFTDJVIY-WENCSYSZSA-N,QUEDXNHFTDJVIY-WENCSYSZSA-N,QUEDXNHFTDJVIY,QUEDXNHFTDJVIY-WENCSYSZSA-N,unknown,false,1,1,1,1,8
structure,QUEDXNHFTDJVIY-DQCZWYHMSA-N,QUEDXNHFTDJVIY-DQCZWYHMSA-N,QUEDXNHFTDJVIY,QUEDXNHFTDJVIY-DQCZWYHMSA-N,unknown,false,33,26,22,27,445
structure,PBUKNNGDHZLXKG-RTGJMWHTSA-N,PBUKNNGDHZLXKG-RTGJMWHTSA-N,PBUKNNGDHZLXKG,PBUKNNGDHZLXKG-RTGJMWHTSA-N,unknown,false,1,1,1,1,16
structure,PBUKNNGDHZLXKG-VGTJAOMCSA-N,PBUKNNGDHZLXKG-VGTJAOMCSA-N,PBUKNNGDHZLXKG,PBUKNNGDHZLXKG-VGTJAOMCSA-N,unknown,false,2,2,1,2,15
structure,RLIDGKWTTDJVIN-KSUDSBJXSA-N,RLIDGKWTTDJVIN-KSUDSBJXSA-N,RLIDGKWTTDJVIN,RLIDGKWTTDJVIN-KSUDSBJXSA-N,unknown,false,1,1,1,1,6
structure,VDKWTQCDCPMSOH-OIPZPGHVSA-N,VDKWTQCDCPMSOH-OIPZPGHVSA-N,VDKWTQCDCPMSOH,VDKWTQCDCPMSOH-OIPZPGHVSA-N,unknown,false,1,1,1,1,6
structure,VTIMDPVCKOQQPZ-SFTOVHIQSA-N,VTIMDPVCKOQQPZ-SFTOVHIQSA-N,VTIMDPVCKOQQPZ,VTIMDPVCKOQQPZ-SFTOVHIQSA-N,unknown,false,1,1,1,1,6
structure,RATQVALKDAUZBW-XPMKZLBQSA-N,RATQVALKDAUZBW-XPMKZLBQSA-N,RATQVALKDAUZBW,RATQVALKDAUZBW-XPMKZLBQSA-N,unknown,false,36,30,21,38,276
structure,GDVRUDXLQBVIKP-UHFFFAOYSA-N,GDVRUDXLQBVIKP-UHFFFAOYSA-N,GDVRUDXLQBVIKP,GDVRUDXLQBVIKP-UHFFFAOYSA-N,unknown,false,12,6,4,9,103
structure,DHIUETZAWAZMBO-WXAXTOTNSA-N,DHIUETZAWAZMBO-WXAXTOTNSA-N,DHIUETZAWAZMBO,DHIUETZAWAZMBO-WXAXTOTNSA-N,unknown,false,1,1,1,1,6
structure,UZXATVYJVPVWRM-WNPHLIFZSA-N,UZXATVYJVPVWRM-WNPHLIFZSA-N,UZXATVYJVPVWRM,UZXATVYJVPVWRM-WNPHLIFZSA-N,unknown,false,1,1,1,1,6
structure,WUTXIOAKRFKQHK-BWPKHYERSA-N,WUTXIOAKRFKQHK-BWPKHYERSA-N,WUTXIOAKRFKQHK,WUTXIOAKRFKQHK-BWPKHYERSA-N,unknown,false,2,2,2,2,11
structure,RHWAKRNYKAWEPQ-UHFFFAOYSA-N,RHWAKRNYKAWEPQ-UHFFFAOYSA-N,RHWAKRNYKAWEPQ,RHWAKRNYKAWEPQ-UHFFFAOYSA-N,unknown,false,1,1,1,1,12
structure,RHWAKRNYKAWEPQ-HTINPRBKSA-N,RHWAKRNYKAWEPQ-HTINPRBKSA-N,RHWAKRNYKAWEPQ,RHWAKRNYKAWEPQ-HTINPRBKSA-N,unknown,false,1,1,1,1,6
structure,RGKFVAXCIMEDSA-OGVRJPSHSA-N,RGKFVAXCIMEDSA-OGVRJPSHSA-N,RGKFVAXCIMEDSA,RGKFVAXCIMEDSA-OGVRJPSHSA-N,unknown,false,2,2,2,1,11
structure,KZYXZRKDCSEJTK-JGCKPSQKSA-N,KZYXZRKDCSEJTK-JGCKPSQKSA-N,KZYXZRKDCSEJTK,KZYXZRKDCSEJTK-JGCKPSQKSA-N,unknown,false,2,2,2,1,11
structure,AMMRYTGRYFXAEQ-UHFFFAOYSA-N,AMMRYTGRYFXAEQ-UHFFFAOYSA-N,AMMRYTGRYFXAEQ,AMMRYTGRYFXAEQ-UHFFFAOYSA-N,unknown,false,1,1,1,1,10
structure,RUQCCAGSFPUGSZ-RRKONNOWSA-N,RUQCCAGSFPUGSZ-RRKONNOWSA-N,RUQCCAGSFPUGSZ,RUQCCAGSFPUGSZ-RRKONNOWSA-N,unknown,false,1,1,1,1,8
structure,KSPIYJQBLVDRRI-WDSKDSINSA-N,KSPIYJQBLVDRRI-WDSKDSINSA-N,KSPIYJQBLVDRRI,KSPIYJQBLVDRRI-WDSKDSINSA-N,unknown,false,1,1,1,1,8
structure,XTUVFFIBYCLWPH-BQBZGAKWSA-N,XTUVFFIBYCLWPH-BQBZGAKWSA-N,XTUVFFIBYCLWPH,XTUVFFIBYCLWPH-BQBZGAKWSA-N,unknown,false,1,1,1,1,14
structure,XTUVFFIBYCLWPH-NKWVEPMBSA-N,XTUVFFIBYCLWPH-NKWVEPMBSA-N,XTUVFFIBYCLWPH,XTUVFFIBYCLWPH-NKWVEPMBSA-N,unknown,false,1,1,1,1,7
structure,PPFRJNLKWADOTL-UHFFFAOYSA-N,PPFRJNLKWADOTL-UHFFFAOYSA-N,PPFRJNLKWADOTL,PPFRJNLKWADOTL-UHFFFAOYSA-N,unknown,false,3,2,1,2,25
structure,YIBXWXOYFGZLRU-IDBNLLBVSA-N,YIBXWXOYFGZLRU-IDBNLLBVSA-N,YIBXWXOYFGZLRU,YIBXWXOYFGZLRU-IDBNLLBVSA-N,unknown,false,2,2,2,2,10
structure,RNETYSXHFSDFMM-IDBNLLBVSA-N,RNETYSXHFSDFMM-IDBNLLBVSA-N,RNETYSXHFSDFMM,RNETYSXHFSDFMM-IDBNLLBVSA-N,unknown,false,1,1,1,1,5
structure,CXISHLWVCSLKOJ-UHFFFAOYSA-N,CXISHLWVCSLKOJ-UHFFFAOYSA-N,CXISHLWVCSLKOJ,CXISHLWVCSLKOJ-UHFFFAOYSA-N,unknown,false,1,1,1,1,16
structure,CXISHLWVCSLKOJ-CLFYSBASSA-N,CXISHLWVCSLKOJ-CLFYSBASSA-N,CXISHLWVCSLKOJ,CXISHLWVCSLKOJ-CLFYSBASSA-N,unknown,false,1,1,1,1,16
structure,QQGLQYQXUKHWPX-UNSIAWGWSA-N,QQGLQYQXUKHWPX-UNSIAWGWSA-N,QQGLQYQXUKHWPX,QQGLQYQXUKHWPX-UNSIAWGWSA-N,unknown,false,9,7,4,6,85
structure,RYGMFSIKBFXOCR-UHFFFAOYSA-N,RYGMFSIKBFXOCR-UHFFFAOYSA-N,RYGMFSIKBFXOCR,RYGMFSIKBFXOCR-UHFFFAOYSA-N,unknown,false,8,6,5,5,82
structure,OVMFOVNOXASTPA-ISRRCNJUSA-N,OVMFOVNOXASTPA-ISRRCNJUSA-N,OVMFOVNOXASTPA,OVMFOVNOXASTPA-ISRRCNJUSA-N,unknown,false,15,7,6,6,160
structure,DMASLKHVQRHNES-FKKUPVFPSA-N,DMASLKHVQRHNES-FKKUPVFPSA-N,DMASLKHVQRHNES,DMASLKHVQRHNES-FKKUPVFPSA-N,unknown,false,236,112,75,70,2814
structure,CIWBSHSKHKDKBQ-JLAZNSOCSA-N,CIWBSHSKHKDKBQ-JLAZNSOCSA-N,CIWBSHSKHKDKBQ,CIWBSHSKHKDKBQ-JLAZNSOCSA-N,unknown,false,143,88,56,71,1865
structure,RWSOTUBLDIXVET-UHFFFAOYSA-N,RWSOTUBLDIXVET-UHFFFAOYSA-N,RWSOTUBLDIXVET,RWSOTUBLDIXVET-UHFFFAOYSA-N,unknown,false,6,5,5,6,54
structure,XUJNEKJLAYXESH-UWTATZPHSA-N,XUJNEKJLAYXESH-UWTATZPHSA-N,XUJNEKJLAYXESH,XUJNEKJLAYXESH-UWTATZPHSA-N,unknown,false,19,16,12,14,225
structure,QGZKDVFQNNGYKY-UHFFFAOYSA-N,QGZKDVFQNNGYKY-UHFFFAOYSA-N,QGZKDVFQNNGYKY,QGZKDVFQNNGYKY-UHFFFAOYSA-N,unknown,false,6,5,5,5,72
structure,WGCNASOHLSPBMP-UHFFFAOYSA-N,WGCNASOHLSPBMP-UHFFFAOYSA-N,WGCNASOHLSPBMP,WGCNASOHLSPBMP-UHFFFAOYSA-N,unknown,false,2,2,2,2,22
structure,DGGUVLXVLHAAGT-XINAWCOVSA-N,DGGUVLXVLHAAGT-XINAWCOVSA-N,DGGUVLXVLHAAGT,DGGUVLXVLHAAGT-XINAWCOVSA-N,unknown,false,3,3,3,3,36
structure,CQQNNQTXUGLUEV-UHFFFAOYSA-N,CQQNNQTXUGLUEV-UHFFFAOYSA-N,CQQNNQTXUGLUEV,CQQNNQTXUGLUEV-UHFFFAOYSA-N,unknown,false,2,2,2,2,30
structure,QAOWNCQODCNURD-UHFFFAOYSA-N,QAOWNCQODCNURD-UHFFFAOYSA-N,QAOWNCQODCNURD,QAOWNCQODCNURD-UHFFFAOYSA-N,unknown,false,4,4,4,4,44
structure,AWUCVROLDVIAJX-GSVOUGTGSA-N,AWUCVROLDVIAJX-GSVOUGTGSA-N,AWUCVROLDVIAJX,AWUCVROLDVIAJX-GSVOUGTGSA-N,unknown,false,14,13,12,14,150
structure,LXJXRIRHZLFYRP-VKHMYHEASA-N,LXJXRIRHZLFYRP-VKHMYHEASA-N,LXJXRIRHZLFYRP,LXJXRIRHZLFYRP-VKHMYHEASA-N,unknown,false,4,4,4,4,39
structure,USVMJSALORZVDV-ZFVXVEAMSA-N,USVMJSALORZVDV-ZFVXVEAMSA-N,USVMJSALORZVDV,USVMJSALORZVDV-ZFVXVEAMSA-N,unknown,false,1,1,1,1,16
structure,UZKQTCBAMSWPJD-UQCOIBPSSA-N,UZKQTCBAMSWPJD-UQCOIBPSSA-N,UZKQTCBAMSWPJD,UZKQTCBAMSWPJD-UQCOIBPSSA-N,unknown,false,5,5,6,6,112
structure,BTVDENVTOLEBMU-IJKURQBASA-N,BTVDENVTOLEBMU-IJKURQBASA-N,BTVDENVTOLEBMU,BTVDENVTOLEBMU-IJKURQBASA-N,unknown,false,1,1,1,1,16
structure,SMUYXUGQUUKRGB-FGPATKDCSA-N,SMUYXUGQUUKRGB-FGPATKDCSA-N,SMUYXUGQUUKRGB,SMUYXUGQUUKRGB-FGPATKDCSA-N,unknown,false,1,1,1,1,16
structure,IRILMCCKFANGJQ-BAJUWZQUSA-N,IRILMCCKFANGJQ-BAJUWZQUSA-N,IRILMCCKFANGJQ,IRILMCCKFANGJQ-BAJUWZQUSA-N,unknown,false,1,1,1,1,8
structure,GOSWTRUMMSCNCW-MLFWJJQPSA-N,GOSWTRUMMSCNCW-MLFWJJQPSA-N,GOSWTRUMMSCNCW,GOSWTRUMMSCNCW-MLFWJJQPSA-N,unknown,false,11,10,8,9,124
structure,GCUVWBFOTMJVLI-UHFFFAOYSA-N,GCUVWBFOTMJVLI-UHFFFAOYSA-N,GCUVWBFOTMJVLI,GCUVWBFOTMJVLI-UHFFFAOYSA-N,unknown,false,1,1,1,1,8
structure,KJTLQQUUPVSXIM-UHFFFAOYSA-N,KJTLQQUUPVSXIM-UHFFFAOYSA-N,KJTLQQUUPVSXIM,KJTLQQUUPVSXIM-UHFFFAOYSA-N,unknown,false,4,3,4,3,34
structure,DIMSEFDETYWFFK-SCZZXKLOSA-N,DIMSEFDETYWFFK-SCZZXKLOSA-N,DIMSEFDETYWFFK,DIMSEFDETYWFFK-SCZZXKLOSA-N,unknown,false,1,1,1,1,16
structure,SMUYXUGQUUKRGB-ZCMIIJFDSA-N,SMUYXUGQUUKRGB-ZCMIIJFDSA-N,SMUYXUGQUUKRGB,SMUYXUGQUUKRGB-ZCMIIJFDSA-N,unknown,false,1,1,1,1,16
structure,CABVTRNMFUVUDM-UHFFFAOYSA-N,CABVTRNMFUVUDM-UHFFFAOYSA-N,CABVTRNMFUVUDM,CABVTRNMFUVUDM-UHFFFAOYSA-N,unknown,false,2,2,2,2,23
structure,PJWIPEXIFFQAQZ-PUFIMZNGSA-N,PJWIPEXIFFQAQZ-PUFIMZNGSA-N,PJWIPEXIFFQAQZ,PJWIPEXIFFQAQZ-PUFIMZNGSA-N,unknown,false,1,1,1,1,16
structure,XSNPKRVRWPBMKE-DPZJBDQQSA-N,XSNPKRVRWPBMKE-DPZJBDQQSA-N,XSNPKRVRWPBMKE,XSNPKRVRWPBMKE-DPZJBDQQSA-N,unknown,false,1,1,1,1,16
structure,LVUOVZBYBQSRKR-UHFFFAOYSA-N,LVUOVZBYBQSRKR-UHFFFAOYSA-N,LVUOVZBYBQSRKR,LVUOVZBYBQSRKR-UHFFFAOYSA-N,unknown,false,28,9,1,11,210
structure,KZJWDPNRJALLNS-BWRKXDIJSA-N,KZJWDPNRJALLNS-BWRKXDIJSA-N,KZJWDPNRJALLNS,KZJWDPNRJALLNS-BWRKXDIJSA-N,unknown,false,13,11,8,10,55
structure,JTYHKMMBOJWMMJ-FNORWQNLSA-N,JTYHKMMBOJWMMJ-FNORWQNLSA-N,JTYHKMMBOJWMMJ,JTYHKMMBOJWMMJ-FNORWQNLSA-N,unknown,false,2,2,1,2,32
structure,ZLDDZZMJRUFHTG-VOTSOKGWSA-N,ZLDDZZMJRUFHTG-VOTSOKGWSA-N,ZLDDZZMJRUFHTG,ZLDDZZMJRUFHTG-VOTSOKGWSA-N,unknown,false,2,2,1,2,64
structure,HRGUSFBJBOKSML-UHFFFAOYSA-N,HRGUSFBJBOKSML-UHFFFAOYSA-N,HRGUSFBJBOKSML,HRGUSFBJBOKSML-UHFFFAOYSA-N,unknown,false,229,103,35,90,2521
structure,NIOAGUZTTGFPGK-ILBGXUMGSA-N,NIOAGUZTTGFPGK-ILBGXUMGSA-N,NIOAGUZTTGFPGK,NIOAGUZTTGFPGK-ILBGXUMGSA-N,unknown,false,6,4,2,4,35
structure,KIEFQALNZCXSHH-ZEQKJWHPSA-N,KIEFQALNZCXSHH-ZEQKJWHPSA-N,KIEFQALNZCXSHH,KIEFQALNZCXSHH-ZEQKJWHPSA-N,unknown,false,2,2,2,2,12
structure,ZYWKQKQEAVWKHD-ILBGXUMGSA-N,ZYWKQKQEAVWKHD-ILBGXUMGSA-N,ZYWKQKQEAVWKHD,ZYWKQKQEAVWKHD-ILBGXUMGSA-N,unknown,false,3,3,3,3,20
structure,SBZWTSHAFILOTE-SOUVJXGZSA-N,SBZWTSHAFILOTE-SOUVJXGZSA-N,SBZWTSHAFILOTE,SBZWTSHAFILOTE-SOUVJXGZSA-N,unknown,false,5,5,5,5,31
structure,IMQLKJBTEOYOSI-GPIVLXJGSA-N,IMQLKJBTEOYOSI-GPIVLXJGSA-N,IMQLKJBTEOYOSI,IMQLKJBTEOYOSI-GPIVLXJGSA-N,unknown,false,61,51,27,24,542
structure,IMQLKJBTEOYOSI-UHFFFAOYSA-N,IMQLKJBTEOYOSI-UHFFFAOYSA-N,IMQLKJBTEOYOSI,IMQLKJBTEOYOSI-UHFFFAOYSA-N,unknown,false,68,53,27,26,1080
structure,PMMYEEVYMWASQN-DMTCNVIQSA-N,PMMYEEVYMWASQN-DMTCNVIQSA-N,PMMYEEVYMWASQN,PMMYEEVYMWASQN-DMTCNVIQSA-N,unknown,false,7,7,7,9,103
structure,ODVFOVBUUVJYNY-SQPNUZJNSA-N,ODVFOVBUUVJYNY-SQPNUZJNSA-N,ODVFOVBUUVJYNY,ODVFOVBUUVJYNY-SQPNUZJNSA-N,unknown,false,2,2,2,2,14
structure,JVJFIQYAHPMBBX-UHFFFAOYSA-N,JVJFIQYAHPMBBX-UHFFFAOYSA-N,JVJFIQYAHPMBBX,JVJFIQYAHPMBBX-UHFFFAOYSA-N,unknown,false,2,2,2,2,20
structure,PTDAHAWQAGSZDD-IOVCITQVSA-N,PTDAHAWQAGSZDD-IOVCITQVSA-N,PTDAHAWQAGSZDD,PTDAHAWQAGSZDD-IOVCITQVSA-N,unknown,false,51,23,2,62,916
structure,JTXVTHCLTOUSSL-VSDZMWCXSA-N,JTXVTHCLTOUSSL-VSDZMWCXSA-N,JTXVTHCLTOUSSL,JTXVTHCLTOUSSL-VSDZMWCXSA-N,unknown,false,3,2,2,2,15
structure,WIHKYILMSPQBIM-BKQVBUAGSA-N,WIHKYILMSPQBIM-BKQVBUAGSA-N,WIHKYILMSPQBIM,WIHKYILMSPQBIM-BKQVBUAGSA-N,unknown,false,1,1,1,1,16
structure,CROUPKILZUPLQA-ITVSDQETSA-N,CROUPKILZUPLQA-ITVSDQETSA-N,CROUPKILZUPLQA,CROUPKILZUPLQA-ITVSDQETSA-N,unknown,false,9,7,2,7,45
structure,WFRQIKSNAYYUJZ-BKQVBUAGSA-N,WFRQIKSNAYYUJZ-BKQVBUAGSA-N,WFRQIKSNAYYUJZ,WFRQIKSNAYYUJZ-BKQVBUAGSA-N,unknown,false,5,4,1,10,154
structure,LRBQNJMCXXYXIU-PPKXGCFTSA-N,LRBQNJMCXXYXIU-PPKXGCFTSA-N,LRBQNJMCXXYXIU,LRBQNJMCXXYXIU-PPKXGCFTSA-N,unknown,false,47,19,14,18,591
structure,QUTYKIXIUDQOLK-PRJMDXOYSA-N,QUTYKIXIUDQOLK-PRJMDXOYSA-N,QUTYKIXIUDQOLK,QUTYKIXIUDQOLK-PRJMDXOYSA-N,unknown,false,3,3,3,3,32
structure,MIEILDYWGANZNH-BYULHYEWSA-N,MIEILDYWGANZNH-BYULHYEWSA-N,MIEILDYWGANZNH,MIEILDYWGANZNH-BYULHYEWSA-N,unknown,false,1,1,1,1,16
structure,QFSDWLPMRWDFID-CSNYLUTCSA-N,QFSDWLPMRWDFID-CSNYLUTCSA-N,QFSDWLPMRWDFID,QFSDWLPMRWDFID-CSNYLUTCSA-N,unknown,false,3,3,3,2,12
structure,MQQBTSOGCQNWAX-VSADUBDNSA-N,MQQBTSOGCQNWAX-VSADUBDNSA-N,MQQBTSOGCQNWAX,MQQBTSOGCQNWAX-VSADUBDNSA-N,unknown,false,4,3,3,4,38
structure,DZLNHFMRPBPULJ-UHFFFAOYSA-N,DZLNHFMRPBPULJ-UHFFFAOYSA-N,DZLNHFMRPBPULJ,DZLNHFMRPBPULJ-UHFFFAOYSA-N,unknown,false,3,3,3,3,30
structure,WUEBKLMRCKZPFG-QWRGUYRKSA-N,WUEBKLMRCKZPFG-QWRGUYRKSA-N,WUEBKLMRCKZPFG,WUEBKLMRCKZPFG-QWRGUYRKSA-N,unknown,false,1,1,1,1,16
structure,HWFGKGTUJQBDEU-UHFFFAOYSA-N,HWFGKGTUJQBDEU-UHFFFAOYSA-N,HWFGKGTUJQBDEU,HWFGKGTUJQBDEU-UHFFFAOYSA-N,unknown,false,2,2,1,1,10
structure,SRXKAYJJGAAOBP-LURJTMIESA-N,SRXKAYJJGAAOBP-LURJTMIESA-N,SRXKAYJJGAAOBP,SRXKAYJJGAAOBP-LURJTMIESA-N,unknown,false,8,6,5,6,65
structure,MYFMARDICOWMQP-YUMQZZPRSA-N,MYFMARDICOWMQP-YUMQZZPRSA-N,MYFMARDICOWMQP,MYFMARDICOWMQP-YUMQZZPRSA-N,unknown,false,3,3,2,3,32
structure,AQAKHZVPOOGUCK-XPUUQOCRSA-N,AQAKHZVPOOGUCK-XPUUQOCRSA-N,AQAKHZVPOOGUCK,AQAKHZVPOOGUCK-XPUUQOCRSA-N,unknown,false,2,2,2,3,20
structure,HKBNQXMLSMKLJV-BQBZGAKWSA-N,HKBNQXMLSMKLJV-BQBZGAKWSA-N,HKBNQXMLSMKLJV,HKBNQXMLSMKLJV-BQBZGAKWSA-N,unknown,false,3,2,1,3,36
structure,FURUXTVZLHCCNA-AWEZNQCLSA-N,FURUXTVZLHCCNA-AWEZNQCLSA-N,FURUXTVZLHCCNA,FURUXTVZLHCCNA-AWEZNQCLSA-N,unknown,false,81,43,13,84,1140
structure,XCVOCJFOQNDTNC-ZNDRGHTASA-N,XCVOCJFOQNDTNC-ZNDRGHTASA-N,XCVOCJFOQNDTNC,XCVOCJFOQNDTNC-ZNDRGHTASA-N,unknown,false,6,6,6,6,44
structure,VQUPQWGKORWZII-WDPYGAQVSA-N,VQUPQWGKORWZII-WDPYGAQVSA-N,VQUPQWGKORWZII,VQUPQWGKORWZII-WDPYGAQVSA-N,unknown,false,16,13,13,17,135
structure,VQUPQWGKORWZII-UZFIDVBXSA-N,VQUPQWGKORWZII-UZFIDVBXSA-N,VQUPQWGKORWZII,VQUPQWGKORWZII-UZFIDVBXSA-N,unknown,false,10,8,9,10,104
structure,ZROGCCBNZBKLEL-AMNHTRGSSA-N,ZROGCCBNZBKLEL-AMNHTRGSSA-N,ZROGCCBNZBKLEL,ZROGCCBNZBKLEL-AMNHTRGSSA-N,unknown,false,4,4,4,4,17
structure,XOUJCIPAKFLTCI-UHFFFAOYSA-N,XOUJCIPAKFLTCI-UHFFFAOYSA-N,XOUJCIPAKFLTCI,XOUJCIPAKFLTCI-UHFFFAOYSA-N,unknown,false,13,7,6,8,110
structure,QQRSSHFHXYSOMF-UHFFFAOYSA-N,QQRSSHFHXYSOMF-UHFFFAOYSA-N,QQRSSHFHXYSOMF,QQRSSHFHXYSOMF-UHFFFAOYSA-N,unknown,false,14,6,5,7,114
structure,MXCOJKLBLFWFNI-UHFFFAOYSA-N,MXCOJKLBLFWFNI-UHFFFAOYSA-N,MXCOJKLBLFWFNI,MXCOJKLBLFWFNI-UHFFFAOYSA-N,unknown,false,7,6,6,7,69
structure,FAARLWTXUUQFSN-UHFFFAOYSA-N,FAARLWTXUUQFSN-UHFFFAOYSA-N,FAARLWTXUUQFSN,FAARLWTXUUQFSN-UHFFFAOYSA-N,unknown,false,180,73,12,16,1821
structure,DGXZNOOUXAHVAE-RHTUOURWSA-N,DGXZNOOUXAHVAE-RHTUOURWSA-N,DGXZNOOUXAHVAE,DGXZNOOUXAHVAE-RHTUOURWSA-N,unknown,false,1,1,1,1,7
structure,VCKNBYBUMOAFMV-KIOMNFBLSA-N,VCKNBYBUMOAFMV-KIOMNFBLSA-N,VCKNBYBUMOAFMV,VCKNBYBUMOAFMV-KIOMNFBLSA-N,unknown,false,1,1,1,1,7
structure,FVPQQGXKOCOMAU-NTASLKFISA-N,FVPQQGXKOCOMAU-NTASLKFISA-N,FVPQQGXKOCOMAU,FVPQQGXKOCOMAU-NTASLKFISA-N,unknown,false,1,1,1,1,7
structure,RSGCHZFUIQQIDT-UHFFFAOYSA-N,RSGCHZFUIQQIDT-UHFFFAOYSA-N,RSGCHZFUIQQIDT,RSGCHZFUIQQIDT-UHFFFAOYSA-N,unknown,false,1,1,1,1,14
structure,FGKUISKCUDFGTR-TZDGYNBYSA-N,FGKUISKCUDFGTR-TZDGYNBYSA-N,FGKUISKCUDFGTR,FGKUISKCUDFGTR-TZDGYNBYSA-N,unknown,false,1,1,1,1,7
structure,WRUUAUYSSLTCMP-DDYJPHFUSA-N,WRUUAUYSSLTCMP-DDYJPHFUSA-N,WRUUAUYSSLTCMP,WRUUAUYSSLTCMP-DDYJPHFUSA-N,unknown,false,1,1,1,1,7
structure,LRUXWKFVLKWKRF-KXAOQFNBSA-N,LRUXWKFVLKWKRF-KXAOQFNBSA-N,LRUXWKFVLKWKRF,LRUXWKFVLKWKRF-KXAOQFNBSA-N,unknown,false,1,1,1,1,14
structure,IRLPACMLTUPBCL-WDHZHIADSA-N,IRLPACMLTUPBCL-WDHZHIADSA-N,IRLPACMLTUPBCL,IRLPACMLTUPBCL-WDHZHIADSA-N,unknown,false,1,1,1,1,16
structure,MJOJIRSJTAQETQ-IJASIGOTSA-N,MJOJIRSJTAQETQ-IJASIGOTSA-N,MJOJIRSJTAQETQ,MJOJIRSJTAQETQ-IJASIGOTSA-N,unknown,false,1,1,1,1,6
structure,UILDHUYKTXNKSK-RWCKBHKISA-N,UILDHUYKTXNKSK-RWCKBHKISA-N,UILDHUYKTXNKSK,UILDHUYKTXNKSK-RWCKBHKISA-N,unknown,false,1,1,1,1,6
structure,MJIKFVGKCRVQNL-WQKFSZIYSA-N,MJIKFVGKCRVQNL-WQKFSZIYSA-N,MJIKFVGKCRVQNL,MJIKFVGKCRVQNL-WQKFSZIYSA-N,unknown,false,1,1,1,1,18
structure,HKNBJSRIYRDSLB-MIORVHIISA-N,HKNBJSRIYRDSLB-MIORVHIISA-N,HKNBJSRIYRDSLB,HKNBJSRIYRDSLB-MIORVHIISA-N,unknown,false,8,7,6,8,54
structure,XQSMSRSJNXQHLT-ABYIYZCWSA-N,XQSMSRSJNXQHLT-ABYIYZCWSA-N,XQSMSRSJNXQHLT,XQSMSRSJNXQHLT-ABYIYZCWSA-N,unknown,false,2,2,1,2,26
structure,PAGGRBGJJBTXFJ-UHFFFAOYSA-N,PAGGRBGJJBTXFJ-UHFFFAOYSA-N,PAGGRBGJJBTXFJ,PAGGRBGJJBTXFJ-UHFFFAOYSA-N,unknown,false,1,1,1,2,32
structure,OINWOHIZFCLCPY-UHFFFAOYSA-N,OINWOHIZFCLCPY-UHFFFAOYSA-N,OINWOHIZFCLCPY,OINWOHIZFCLCPY-UHFFFAOYSA-N,unknown,false,4,4,4,4,33
structure,NJNWCIAPVGRBHO-UHFFFAOYSA-N,NJNWCIAPVGRBHO-UHFFFAOYSA-N,NJNWCIAPVGRBHO,NJNWCIAPVGRBHO-UHFFFAOYSA-N,unknown,false,1,1,1,1,8
structure,RZZPDXZPRHQOCG-SQNXGDPESA-N,RZZPDXZPRHQOCG-SQNXGDPESA-N,RZZPDXZPRHQOCG,RZZPDXZPRHQOCG-SQNXGDPESA-N,unknown,false,1,1,1,1,16
structure,RZZPDXZPRHQOCG-OJAKKHQRSA-N,RZZPDXZPRHQOCG-OJAKKHQRSA-N,RZZPDXZPRHQOCG,RZZPDXZPRHQOCG-OJAKKHQRSA-N,unknown,false,7,7,7,8,73
structure,YHHSONZFOIEMCP-UHFFFAOYSA-O,YHHSONZFOIEMCP-UHFFFAOYSA-O,YHHSONZFOIEMCP,YHHSONZFOIEMCP-UHFFFAOYSA-O,unknown,false,6,6,6,6,69
structure,MVMSCBBUIHUTGJ-GLZNCLBGSA-N,MVMSCBBUIHUTGJ-GLZNCLBGSA-N,MVMSCBBUIHUTGJ,MVMSCBBUIHUTGJ-GLZNCLBGSA-N,unknown,false,1,1,1,1,16
structure,LQEBEXMHBLQMDB-OQYVJMRSSA-N,LQEBEXMHBLQMDB-OQYVJMRSSA-N,LQEBEXMHBLQMDB,LQEBEXMHBLQMDB-OQYVJMRSSA-N,unknown,false,1,1,1,1,16
structure,PNHLMHWWFOPQLK-RNBWPXLMSA-N,PNHLMHWWFOPQLK-RNBWPXLMSA-N,PNHLMHWWFOPQLK,PNHLMHWWFOPQLK-RNBWPXLMSA-N,unknown,false,1,1,1,1,16
structure,LLTRNSKZFVUNLQ-UHFFFAOYSA-N,LLTRNSKZFVUNLQ-UHFFFAOYSA-N,LLTRNSKZFVUNLQ,LLTRNSKZFVUNLQ-UHFFFAOYSA-N,unknown,false,1,1,1,1,16
structure,OKKDZUZMZMLOGY-UHFFFAOYSA-N,OKKDZUZMZMLOGY-UHFFFAOYSA-N,OKKDZUZMZMLOGY,OKKDZUZMZMLOGY-UHFFFAOYSA-N,unknown,false,1,1,1,1,16
structure,SJHVRBSHKTUXLG-UHFFFAOYSA-N,SJHVRBSHKTUXLG-UHFFFAOYSA-N,SJHVRBSHKTUXLG,SJHVRBSHKTUXLG-UHFFFAOYSA-N,unknown,false,3,2,1,3,39
structure,CWOJBEDMJKZKAB-UHFFFAOYSA-N,CWOJBEDMJKZKAB-UHFFFAOYSA-N,CWOJBEDMJKZKAB,CWOJBEDMJKZKAB-UHFFFAOYSA-N,unknown,false,1,1,1,2,32
structure,GPMDJOOLATZDQL-UHFFFAOYSA-N,GPMDJOOLATZDQL-UHFFFAOYSA-N,GPMDJOOLATZDQL,GPMDJOOLATZDQL-UHFFFAOYSA-N,unknown,false,1,1,1,2,32
structure,CGAALQATDWOQFD-UHFFFAOYSA-N,CGAALQATDWOQFD-UHFFFAOYSA-N,CGAALQATDWOQFD,CGAALQATDWOQFD-UHFFFAOYSA-N,unknown,false,1,1,1,2,32
structure,CKIJIGYDFNXSET-WUEWZUKVSA-N,CKIJIGYDFNXSET-WUEWZUKVSA-N,CKIJIGYDFNXSET,CKIJIGYDFNXSET-WUEWZUKVSA-N,unknown,false,8,4,2,5,90
structure,PLYQBXHVYUJNQB-CXSRUOLESA-N,PLYQBXHVYUJNQB-CXSRUOLESA-N,PLYQBXHVYUJNQB,PLYQBXHVYUJNQB-CXSRUOLESA-N,unknown,false,12,9,2,9,132
structure,IEVWTBIZULGLHA-UHFFFAOYSA-N,IEVWTBIZULGLHA-UHFFFAOYSA-N,IEVWTBIZULGLHA,IEVWTBIZULGLHA-UHFFFAOYSA-N,unknown,false,1,1,1,1,16
structure,QMPHZIPNNJOWQI-UHFFFAOYSA-N,QMPHZIPNNJOWQI-UHFFFAOYSA-N,QMPHZIPNNJOWQI,QMPHZIPNNJOWQI-UHFFFAOYSA-N,unknown,false,4,3,3,3,42
structure,OSAMDUBSFYKLEH-IWDQOIFFSA-N,OSAMDUBSFYKLEH-IWDQOIFFSA-N,OSAMDUBSFYKLEH,OSAMDUBSFYKLEH-IWDQOIFFSA-N,unknown,false,1,1,1,1,5
structure,OSAMDUBSFYKLEH-JWXNILTPSA-N,OSAMDUBSFYKLEH-JWXNILTPSA-N,OSAMDUBSFYKLEH,OSAMDUBSFYKLEH-JWXNILTPSA-N,unknown,false,1,1,1,1,5
structure,RWSSUUKUVKNZLZ-JRMVCPQSSA-N,RWSSUUKUVKNZLZ-JRMVCPQSSA-N,RWSSUUKUVKNZLZ,RWSSUUKUVKNZLZ-JRMVCPQSSA-N,unknown,false,1,1,1,1,8
structure,SYSRWPPDCRIMSN-LKKZHYCFSA-N,SYSRWPPDCRIMSN-LKKZHYCFSA-N,SYSRWPPDCRIMSN,SYSRWPPDCRIMSN-LKKZHYCFSA-N,unknown,false,1,1,1,1,6
structure,AYTMEYVBLXAHPT-LZUXVWQXSA-N,AYTMEYVBLXAHPT-LZUXVWQXSA-N,AYTMEYVBLXAHPT,AYTMEYVBLXAHPT-LZUXVWQXSA-N,unknown,false,1,1,1,1,6
structure,SBSXXCCMIWEPEE-VOBBERCYSA-N,SBSXXCCMIWEPEE-VOBBERCYSA-N,SBSXXCCMIWEPEE,SBSXXCCMIWEPEE-VOBBERCYSA-N,unknown,false,1,1,1,1,8
structure,SBSXXCCMIWEPEE-DWFPVEISSA-N,SBSXXCCMIWEPEE-DWFPVEISSA-N,SBSXXCCMIWEPEE,SBSXXCCMIWEPEE-DWFPVEISSA-N,unknown,false,1,1,1,1,8
structure,SMIXWDJGSDWLEP-ZQOVHGAMSA-N,SMIXWDJGSDWLEP-ZQOVHGAMSA-N,SMIXWDJGSDWLEP,SMIXWDJGSDWLEP-ZQOVHGAMSA-N,unknown,false,1,1,1,1,2
structure,VHRGRCVQAFMJIZ-UHFFFAOYSA-N,VHRGRCVQAFMJIZ-UHFFFAOYSA-N,VHRGRCVQAFMJIZ,VHRGRCVQAFMJIZ-UHFFFAOYSA-N,unknown,false,54,36,25,33,756
structure,OIRDTQYFTABQOQ-SXVXDFOESA-N,OIRDTQYFTABQOQ-SXVXDFOESA-N,OIRDTQYFTABQOQ,OIRDTQYFTABQOQ-SXVXDFOESA-N,unknown,false,19,17,17,18,206
structure,BIRSGZKFKXLSJQ-SQOUGZDYSA-N,BIRSGZKFKXLSJQ-SQOUGZDYSA-N,BIRSGZKFKXLSJQ,BIRSGZKFKXLSJQ-SQOUGZDYSA-N,unknown,false,8,9,11,8,77
structure,HXXFSFRBOHSIMQ-FPRJBGLDSA-N,HXXFSFRBOHSIMQ-FPRJBGLDSA-N,HXXFSFRBOHSIMQ,HXXFSFRBOHSIMQ-FPRJBGLDSA-N,unknown,false,4,4,4,4,40
structure,BIRSGZKFKXLSJQ-SKNVOMKLSA-N,BIRSGZKFKXLSJQ-SKNVOMKLSA-N,BIRSGZKFKXLSJQ,BIRSGZKFKXLSJQ-SKNVOMKLSA-N,unknown,false,2,2,2,2,20
structure,LXCFILQKKLGQFO-UHFFFAOYSA-N,LXCFILQKKLGQFO-UHFFFAOYSA-N,LXCFILQKKLGQFO,LXCFILQKKLGQFO-UHFFFAOYSA-N,unknown,false,109,76,53,99,1576
structure,OFNSUWBAQRCHAV-OYQUVCAXSA-N,OFNSUWBAQRCHAV-OYQUVCAXSA-N,OFNSUWBAQRCHAV,OFNSUWBAQRCHAV-OYQUVCAXSA-N,unknown,false,38,33,28,31,582
structure,PGYAYSRVSAJXTE-UHFFFAOYSA-N,PGYAYSRVSAJXTE-UHFFFAOYSA-N,PGYAYSRVSAJXTE,PGYAYSRVSAJXTE-UHFFFAOYSA-N,unknown,false,8,7,7,7,101
structure,FUZGJRALEKGYPO-UZLMLTDASA-N,FUZGJRALEKGYPO-UZLMLTDASA-N,FUZGJRALEKGYPO,FUZGJRALEKGYPO-UZLMLTDASA-N,unknown,false,3,3,3,3,24
structure,RWZYAGGXGHYGMB-UHFFFAOYSA-N,RWZYAGGXGHYGMB-UHFFFAOYSA-N,RWZYAGGXGHYGMB,RWZYAGGXGHYGMB-UHFFFAOYSA-N,unknown,false,17,15,14,20,261
structure,WFPZSXYXPSUOPY-UVQQJNGXSA-N,WFPZSXYXPSUOPY-UVQQJNGXSA-N,WFPZSXYXPSUOPY,WFPZSXYXPSUOPY-UVQQJNGXSA-N,unknown,false,1,1,1,1,16
structure,MERHMOCEIBOOMA-UHFFFAOYSA-N,MERHMOCEIBOOMA-UHFFFAOYSA-N,MERHMOCEIBOOMA,MERHMOCEIBOOMA-UHFFFAOYSA-N,unknown,false,18,6,1,10,237
structure,SOSLMHZOJATCCP-AEIZVZFYSA-N,SOSLMHZOJATCCP-AEIZVZFYSA-N,SOSLMHZOJATCCP,SOSLMHZOJATCCP-AEIZVZFYSA-N,unknown,false,192,129,64,155,1785
structure,SOSLMHZOJATCCP-MKMJNHTISA-N,SOSLMHZOJATCCP-MKMJNHTISA-N,SOSLMHZOJATCCP,SOSLMHZOJATCCP-MKMJNHTISA-N,unknown,false,44,25,17,23,283
structure,POJWUDADGALRAB-PVQJCKRUSA-N,POJWUDADGALRAB-PVQJCKRUSA-N,POJWUDADGALRAB,POJWUDADGALRAB-PVQJCKRUSA-N,unknown,false,11,9,8,8,87
structure,RXAXTTGJEMODPY-CJNLAGEVSA-N,RXAXTTGJEMODPY-CJNLAGEVSA-N,RXAXTTGJEMODPY,RXAXTTGJEMODPY-CJNLAGEVSA-N,unknown,false,13,7,7,11,100
structure,NQZCQIDFBYCBAU-JHGYFVHDSA-N,NQZCQIDFBYCBAU-JHGYFVHDSA-N,NQZCQIDFBYCBAU,NQZCQIDFBYCBAU-JHGYFVHDSA-N,unknown,false,1,1,1,1,14
structure,KLHSKTMVSOWVLD-WPDRYGPBSA-N,KLHSKTMVSOWVLD-WPDRYGPBSA-N,KLHSKTMVSOWVLD,KLHSKTMVSOWVLD-WPDRYGPBSA-N,unknown,false,9,9,10,9,81
structure,ZTALKMXOHWQNIA-LVMPZUNDSA-N,ZTALKMXOHWQNIA-LVMPZUNDSA-N,ZTALKMXOHWQNIA,ZTALKMXOHWQNIA-LVMPZUNDSA-N,unknown,false,7,6,5,4,108
structure,ZTALKMXOHWQNIA-TVBSHJCBSA-N,ZTALKMXOHWQNIA-TVBSHJCBSA-N,ZTALKMXOHWQNIA,ZTALKMXOHWQNIA-TVBSHJCBSA-N,unknown,false,7,7,7,5,112
structure,XVXPXUMUGATHPD-JMJRLLIOSA-N,XVXPXUMUGATHPD-JMJRLLIOSA-N,XVXPXUMUGATHPD,XVXPXUMUGATHPD-JMJRLLIOSA-N,unknown,false,25,13,8,13,274
structure,ILRYLPWNYFXEMH-WHFBIAKZSA-N,ILRYLPWNYFXEMH-WHFBIAKZSA-N,ILRYLPWNYFXEMH,ILRYLPWNYFXEMH-WHFBIAKZSA-N,unknown,false,18,17,16,10,211
structure,XXFACTAYGKKOQB-UHFFFAOYSA-N,XXFACTAYGKKOQB-UHFFFAOYSA-N,XXFACTAYGKKOQB,XXFACTAYGKKOQB-UHFFFAOYSA-N,unknown,false,3,3,2,3,48
structure,NRTHKYABOMUPSC-QMMMGPOBSA-N,NRTHKYABOMUPSC-QMMMGPOBSA-N,NRTHKYABOMUPSC,NRTHKYABOMUPSC-QMMMGPOBSA-N,unknown,false,2,2,1,2,21
structure,WNCFBCKZRJDRKZ-UHFFFAOYSA-N,WNCFBCKZRJDRKZ-UHFFFAOYSA-N,WNCFBCKZRJDRKZ,WNCFBCKZRJDRKZ-UHFFFAOYSA-N,unknown,false,9,4,2,8,267
structure,VZERKULNVISTKS-UHFFFAOYSA-N,VZERKULNVISTKS-UHFFFAOYSA-N,VZERKULNVISTKS,VZERKULNVISTKS-UHFFFAOYSA-N,unknown,false,2,1,1,2,14
structure,PRAMYZIXNOZDQY-XNYYRFQMSA-N,PRAMYZIXNOZDQY-XNYYRFQMSA-N,PRAMYZIXNOZDQY,PRAMYZIXNOZDQY-XNYYRFQMSA-N,unknown,false,2,1,1,3,16
structure,JSPJNBZMTOABAW-UHFFFAOYSA-N,JSPJNBZMTOABAW-UHFFFAOYSA-N,JSPJNBZMTOABAW,JSPJNBZMTOABAW-UHFFFAOYSA-N,unknown,false,1,1,1,1,12
structure,ZZPUDABJUQWRTM-BGXGBDNWSA-N,ZZPUDABJUQWRTM-BGXGBDNWSA-N,ZZPUDABJUQWRTM,ZZPUDABJUQWRTM-BGXGBDNWSA-N,unknown,false,2,2,1,3,36
structure,VYFYYTLLBUKUHU-UHFFFAOYSA-N,VYFYYTLLBUKUHU-UHFFFAOYSA-N,VYFYYTLLBUKUHU,VYFYYTLLBUKUHU-UHFFFAOYSA-N,unknown,false,75,46,25,47,1016
structure,ZGHRCSAIMSBFLK-IQSISOBESA-N,ZGHRCSAIMSBFLK-IQSISOBESA-N,ZGHRCSAIMSBFLK,ZGHRCSAIMSBFLK-IQSISOBESA-N,unknown,false,2,2,2,2,22
structure,YIBXWXOYFGZLRU-VRUJEOEASA-N,YIBXWXOYFGZLRU-VRUJEOEASA-N,YIBXWXOYFGZLRU,YIBXWXOYFGZLRU-VRUJEOEASA-N,unknown,false,6,5,4,6,64
structure,MVWLZBQPRMCRKT-ZAVAKTSASA-N,MVWLZBQPRMCRKT-ZAVAKTSASA-N,MVWLZBQPRMCRKT,MVWLZBQPRMCRKT-ZAVAKTSASA-N,unknown,false,8,6,3,9,94
structure,QBWKYTISLGOVJD-FMHGHMNPSA-N,QBWKYTISLGOVJD-FMHGHMNPSA-N,QBWKYTISLGOVJD,QBWKYTISLGOVJD-FMHGHMNPSA-N,unknown,false,2,2,1,2,22
structure,QHIATSAYASRLEY-UHFFFAOYSA-N,QHIATSAYASRLEY-UHFFFAOYSA-N,QHIATSAYASRLEY,QHIATSAYASRLEY-UHFFFAOYSA-N,unknown,false,1,1,1,1,16
structure,DDJMOMHMVFXEQF-VGXPIAPGSA-N,DDJMOMHMVFXEQF-VGXPIAPGSA-N,DDJMOMHMVFXEQF,DDJMOMHMVFXEQF-VGXPIAPGSA-N,unknown,false,1,1,1,1,16
structure,CPQUIAPJXYFMHN-IWFDGLFNSA-N,CPQUIAPJXYFMHN-IWFDGLFNSA-N,CPQUIAPJXYFMHN,CPQUIAPJXYFMHN-IWFDGLFNSA-N,unknown,false,1,1,1,1,16
structure,IFNPENGUFFXCFH-YWEXZDOQSA-N,IFNPENGUFFXCFH-YWEXZDOQSA-N,IFNPENGUFFXCFH,IFNPENGUFFXCFH-YWEXZDOQSA-N,unknown,false,1,1,1,1,8
structure,CWRWJDAEKWYUJT-PHOJKZDUSA-N,CWRWJDAEKWYUJT-PHOJKZDUSA-N,CWRWJDAEKWYUJT,CWRWJDAEKWYUJT-PHOJKZDUSA-N,unknown,false,1,1,1,1,8
structure,DHKZHXVJZLGNRL-UHFFFAOYSA-N,DHKZHXVJZLGNRL-UHFFFAOYSA-N,DHKZHXVJZLGNRL,DHKZHXVJZLGNRL-UHFFFAOYSA-N,unknown,false,1,1,1,1,10
structure,GZHVHSGVLXHODS-HQXJQTDJSA-N,GZHVHSGVLXHODS-HQXJQTDJSA-N,GZHVHSGVLXHODS,GZHVHSGVLXHODS-HQXJQTDJSA-N,unknown,false,1,1,1,1,5
structure,SUTUDCPEQWVNQA-HDHSKVTNSA-N,SUTUDCPEQWVNQA-HDHSKVTNSA-N,SUTUDCPEQWVNQA,SUTUDCPEQWVNQA-HDHSKVTNSA-N,unknown,false,1,1,1,1,5
structure,RSEPFMSDFDKJDO-CYWCEOHPSA-N,RSEPFMSDFDKJDO-CYWCEOHPSA-N,RSEPFMSDFDKJDO,RSEPFMSDFDKJDO-CYWCEOHPSA-N,unknown,false,1,1,1,1,5
structure,RDFLLVCQYHQOBU-GPGGJFNDSA-O,RDFLLVCQYHQOBU-GPGGJFNDSA-O,RDFLLVCQYHQOBU,RDFLLVCQYHQOBU-GPGGJFNDSA-O,unknown,false,15,13,11,13,160
structure,NCAVLZAQUKCVIQ-NYYYNDJQSA-N,NCAVLZAQUKCVIQ-NYYYNDJQSA-N,NCAVLZAQUKCVIQ,NCAVLZAQUKCVIQ-NYYYNDJQSA-N,unknown,false,1,1,1,2,24
structure,LABSPYBHMPDTEL-WSWWMNSNSA-N,LABSPYBHMPDTEL-WSWWMNSNSA-N,LABSPYBHMPDTEL,LABSPYBHMPDTEL-WSWWMNSNSA-N,unknown,false,1,1,1,1,16
structure,RFWGABANNQMHMZ-UHFFFAOYSA-N,RFWGABANNQMHMZ-UHFFFAOYSA-N,RFWGABANNQMHMZ,RFWGABANNQMHMZ-UHFFFAOYSA-N,unknown,false,18,6,2,13,514
structure,PQQITYGQJLPDFC-HPCHECBXSA-N,PQQITYGQJLPDFC-HPCHECBXSA-N,PQQITYGQJLPDFC,PQQITYGQJLPDFC-HPCHECBXSA-N,unknown,false,3,3,3,2,15
structure,AUNGANRZJHBGPY-SCRDCRAPSA-N,AUNGANRZJHBGPY-SCRDCRAPSA-N,AUNGANRZJHBGPY,AUNGANRZJHBGPY-SCRDCRAPSA-N,unknown,false,17,16,19,22,260
structure,GEWDNTWNSAZUDX-WQMVXFAESA-N,GEWDNTWNSAZUDX-WQMVXFAESA-N,GEWDNTWNSAZUDX,GEWDNTWNSAZUDX-WQMVXFAESA-N,unknown,false,7,6,6,6,67
structure,VPAOSFFTKWUGAD-BGNCJLHMSA-N,VPAOSFFTKWUGAD-BGNCJLHMSA-N,VPAOSFFTKWUGAD,VPAOSFFTKWUGAD-BGNCJLHMSA-N,unknown,false,4,4,4,4,60
structure,RHGKLRLOHDJJDR-BYPYZUCNSA-N,RHGKLRLOHDJJDR-BYPYZUCNSA-N,RHGKLRLOHDJJDR,RHGKLRLOHDJJDR-BYPYZUCNSA-N,unknown,false,21,18,17,19,215
structure,JLPUXFOGCDVKGO-TUAOUCFPSA-N,JLPUXFOGCDVKGO-TUAOUCFPSA-N,JLPUXFOGCDVKGO,JLPUXFOGCDVKGO-TUAOUCFPSA-N,unknown,false,43,14,15,35,4445
structure,NPNNKDMSXVRADT-WEVVVXLNSA-N,NPNNKDMSXVRADT-WEVVVXLNSA-N,NPNNKDMSXVRADT,NPNNKDMSXVRADT-WEVVVXLNSA-N,unknown,false,139,85,39,131,1599
structure,KRLGALLDUXJJQN-ASCUOWJESA-N,KRLGALLDUXJJQN-ASCUOWJESA-N,KRLGALLDUXJJQN,KRLGALLDUXJJQN-ASCUOWJESA-N,unknown,false,1,1,1,1,6
structure,CIGQSFSQDIHCFO-QEJZJMRPSA-N,CIGQSFSQDIHCFO-QEJZJMRPSA-N,CIGQSFSQDIHCFO,CIGQSFSQDIHCFO-QEJZJMRPSA-N,unknown,false,1,1,1,1,6
structure,FVAHTEYJCYPOTO-YDGZCJQPSA-N,FVAHTEYJCYPOTO-YDGZCJQPSA-N,FVAHTEYJCYPOTO,FVAHTEYJCYPOTO-YDGZCJQPSA-N,unknown,false,1,1,1,1,6
structure,XONDRGRALZTVKD-ZMIZWQJLSA-N,XONDRGRALZTVKD-ZMIZWQJLSA-N,XONDRGRALZTVKD,XONDRGRALZTVKD-ZMIZWQJLSA-N,unknown,false,113,85,66,1,1298
structure,NPNUFJAVOOONJE-UHFFFAOYSA-N,NPNUFJAVOOONJE-UHFFFAOYSA-N,NPNUFJAVOOONJE,NPNUFJAVOOONJE-UHFFFAOYSA-N,unknown,false,163,68,28,84,2192
structure,GOSWTRUMMSCNCW-UHFFFAOYSA-N,GOSWTRUMMSCNCW-UHFFFAOYSA-N,GOSWTRUMMSCNCW,GOSWTRUMMSCNCW-UHFFFAOYSA-N,unknown,false,21,16,15,33,507
structure,BPMOVSBNVIDURE-UAOJZALGSA-N,BPMOVSBNVIDURE-UAOJZALGSA-N,BPMOVSBNVIDURE,BPMOVSBNVIDURE-UAOJZALGSA-N,unknown,false,3,2,2,1,14
structure,CACDIIJHNRRSOK-VHKYSDTDSA-N,CACDIIJHNRRSOK-VHKYSDTDSA-N,CACDIIJHNRRSOK,CACDIIJHNRRSOK-VHKYSDTDSA-N,unknown,false,3,2,2,1,14
structure,GACDQMDRPRGCTN-SXVXDFOESA-N,GACDQMDRPRGCTN-SXVXDFOESA-N,GACDQMDRPRGCTN,GACDQMDRPRGCTN-SXVXDFOESA-N,unknown,false,1,1,1,1,16
structure,HDYANYHVCAPMJV-JTFFWVQGSA-N,HDYANYHVCAPMJV-JTFFWVQGSA-N,HDYANYHVCAPMJV,HDYANYHVCAPMJV-JTFFWVQGSA-N,unknown,false,1,1,1,1,16
structure,MMEXTNDBWOEMTB-OWNOGVFSSA-N,MMEXTNDBWOEMTB-OWNOGVFSSA-N,MMEXTNDBWOEMTB,MMEXTNDBWOEMTB-OWNOGVFSSA-N,unknown,false,1,1,1,1,5
structure,GVEUOELTSSYBCA-GKOWFGOTSA-N,GVEUOELTSSYBCA-GKOWFGOTSA-N,GVEUOELTSSYBCA,GVEUOELTSSYBCA-GKOWFGOTSA-N,unknown,false,1,1,1,1,5
structure,QYCOHMYDSOZCQD-LPBHZFOASA-N,QYCOHMYDSOZCQD-LPBHZFOASA-N,QYCOHMYDSOZCQD,QYCOHMYDSOZCQD-LPBHZFOASA-N,unknown,false,1,1,1,1,5
structure,LCHNFNNYVOUXRN-OAHLLOKOSA-N,LCHNFNNYVOUXRN-OAHLLOKOSA-N,LCHNFNNYVOUXRN,LCHNFNNYVOUXRN-OAHLLOKOSA-N,unknown,false,1,1,1,1,12
structure,XYPWLRSMRXLPRF-UHFFFAOYSA-N,XYPWLRSMRXLPRF-UHFFFAOYSA-N,XYPWLRSMRXLPRF,XYPWLRSMRXLPRF-UHFFFAOYSA-N,unknown,false,4,2,1,2,27
structure,QFSDWLPMRWDFID-NBKJOUBXSA-N,QFSDWLPMRWDFID-NBKJOUBXSA-N,QFSDWLPMRWDFID,QFSDWLPMRWDFID-NBKJOUBXSA-N,unknown,false,1,1,1,1,16
structure,PUPKKEQDLNREIM-VKUWDBPGSA-N,PUPKKEQDLNREIM-VKUWDBPGSA-N,PUPKKEQDLNREIM,PUPKKEQDLNREIM-VKUWDBPGSA-N,unknown,false,20,14,11,14,174
structure,OUPQEYAUNCBPDQ-AQALDGPFSA-N,OUPQEYAUNCBPDQ-AQALDGPFSA-N,OUPQEYAUNCBPDQ,OUPQEYAUNCBPDQ-AQALDGPFSA-N,unknown,false,1,1,1,1,7
structure,NWLLUBUSXVWCKJ-RKFCMIDYSA-N,NWLLUBUSXVWCKJ-RKFCMIDYSA-N,NWLLUBUSXVWCKJ,NWLLUBUSXVWCKJ-RKFCMIDYSA-N,unknown,false,1,1,1,1,7
structure,WWWJISXNPGEHND-ZWWHTSEYSA-N,WWWJISXNPGEHND-ZWWHTSEYSA-N,WWWJISXNPGEHND,WWWJISXNPGEHND-ZWWHTSEYSA-N,unknown,false,1,1,1,1,6
structure,SYPGJEURLIGNPE-UHFFFAOYSA-N,SYPGJEURLIGNPE-UHFFFAOYSA-N,SYPGJEURLIGNPE,SYPGJEURLIGNPE-UHFFFAOYSA-N,unknown,false,9,4,2,7,238
structure,ZOOGRGPOEVQQDX-UUOKFMHZSA-N,ZOOGRGPOEVQQDX-UUOKFMHZSA-N,ZOOGRGPOEVQQDX,ZOOGRGPOEVQQDX-UUOKFMHZSA-N,unknown,false,8,8,7,8,61
structure,QRNIDVBVORPNBX-WSXZECFZSA-O,QRNIDVBVORPNBX-WSXZECFZSA-O,QRNIDVBVORPNBX,QRNIDVBVORPNBX-WSXZECFZSA-O,unknown,false,1,1,1,1,8
structure,NOTGFIUVDGNKRI-UUOKFMHZSA-N,NOTGFIUVDGNKRI-UUOKFMHZSA-N,NOTGFIUVDGNKRI,NOTGFIUVDGNKRI-UUOKFMHZSA-N,unknown,false,4,4,4,5,45
structure,DCXYFEDJOCDNAF-UWTATZPHSA-N,DCXYFEDJOCDNAF-UWTATZPHSA-N,DCXYFEDJOCDNAF,DCXYFEDJOCDNAF-UWTATZPHSA-N,unknown,false,2,2,2,2,20
structure,TUJQVRFWMWRMIO-XRNRSJMDSA-N,TUJQVRFWMWRMIO-XRNRSJMDSA-N,TUJQVRFWMWRMIO,TUJQVRFWMWRMIO-XRNRSJMDSA-N,unknown,false,32,23,6,28,168
structure,KQXDGUVSAAQARU-HZJYTTRNSA-N,KQXDGUVSAAQARU-HZJYTTRNSA-N,KQXDGUVSAAQARU,KQXDGUVSAAQARU-HZJYTTRNSA-N,unknown,false,16,11,6,1,188
structure,XNBWKKYPKJHUKD-UHFFFAOYSA-N,XNBWKKYPKJHUKD-UHFFFAOYSA-N,XNBWKKYPKJHUKD,XNBWKKYPKJHUKD-UHFFFAOYSA-N,unknown,false,2,1,3,2,22
structure,VYUIKSFYFRVQLF-UHFFFAOYSA-N,VYUIKSFYFRVQLF-UHFFFAOYSA-N,VYUIKSFYFRVQLF,VYUIKSFYFRVQLF-UHFFFAOYSA-N,unknown,false,11,7,6,12,149
structure,IXVMHGVQKLDRKH-GWHDOTJXSA-N,IXVMHGVQKLDRKH-GWHDOTJXSA-N,IXVMHGVQKLDRKH,IXVMHGVQKLDRKH-GWHDOTJXSA-N,unknown,false,1,1,1,1,8
structure,HAOQPQZVDMAOKT-YTAKFDLJSA-N,HAOQPQZVDMAOKT-YTAKFDLJSA-N,HAOQPQZVDMAOKT,HAOQPQZVDMAOKT-YTAKFDLJSA-N,unknown,false,1,1,1,1,16
structure,MFAZHXZFFOFQJM-DPPNWCLYSA-N,MFAZHXZFFOFQJM-DPPNWCLYSA-N,MFAZHXZFFOFQJM,MFAZHXZFFOFQJM-DPPNWCLYSA-N,unknown,false,1,1,1,1,8
structure,QFSDWLPMRWDFID-UHFFFAOYSA-N,QFSDWLPMRWDFID-UHFFFAOYSA-N,QFSDWLPMRWDFID,QFSDWLPMRWDFID-UHFFFAOYSA-N,unknown,false,1,1,1,2,24
structure,YGWINQKCKFBSCA-XVEMJOALSA-N,YGWINQKCKFBSCA-XVEMJOALSA-N,YGWINQKCKFBSCA,YGWINQKCKFBSCA-XVEMJOALSA-N,unknown,false,1,1,1,1,6
structure,YNZRNENZMVIPBX-UHFFFAOYSA-N,YNZRNENZMVIPBX-UHFFFAOYSA-N,YNZRNENZMVIPBX,YNZRNENZMVIPBX-UHFFFAOYSA-N,unknown,false,6,3,3,5,48
structure,IXVMHGVQKLDRKH-UHFFFAOYSA-N,IXVMHGVQKLDRKH-UHFFFAOYSA-N,IXVMHGVQKLDRKH,IXVMHGVQKLDRKH-UHFFFAOYSA-N,unknown,false,9,6,5,8,110
structure,ZJUKTBDSGOFHSH-UHFFFAOYSA-N,ZJUKTBDSGOFHSH-UHFFFAOYSA-N,ZJUKTBDSGOFHSH,ZJUKTBDSGOFHSH-UHFFFAOYSA-N,unknown,false,2,2,2,11,136
structure,OMPJBNCRMGITSC-UHFFFAOYSA-N,OMPJBNCRMGITSC-UHFFFAOYSA-N,OMPJBNCRMGITSC,OMPJBNCRMGITSC-UHFFFAOYSA-N,unknown,false,2,2,2,2,26
structure,ZRPDXDBGEYHEBJ-UHFFFAOYSA-N,ZRPDXDBGEYHEBJ-UHFFFAOYSA-N,ZRPDXDBGEYHEBJ,ZRPDXDBGEYHEBJ-UHFFFAOYSA-N,unknown,false,1,1,1,1,15
structure,YCFFMSOLUMRAMD-UHFFFAOYSA-N,YCFFMSOLUMRAMD-UHFFFAOYSA-N,YCFFMSOLUMRAMD,YCFFMSOLUMRAMD-UHFFFAOYSA-N,unknown,false,3,3,3,4,42
structure,RKNHJBVBFHDXGR-UHFFFAOYSA-N,RKNHJBVBFHDXGR-UHFFFAOYSA-N,RKNHJBVBFHDXGR,RKNHJBVBFHDXGR-UHFFFAOYSA-N,unknown,false,1,1,1,3,32
structure,KTHADMDGDNYQRX-UHFFFAOYSA-N,KTHADMDGDNYQRX-UHFFFAOYSA-N,KTHADMDGDNYQRX,KTHADMDGDNYQRX-UHFFFAOYSA-N,unknown,false,29,19,15,25,480
structure,HKIBRYCZLMJRFT-KHXSHCKASA-N,HKIBRYCZLMJRFT-KHXSHCKASA-N,HKIBRYCZLMJRFT,HKIBRYCZLMJRFT-KHXSHCKASA-N,unknown,false,1,1,1,1,8
structure,HKIBRYCZLMJRFT-BRXBVWLPSA-N,HKIBRYCZLMJRFT-BRXBVWLPSA-N,HKIBRYCZLMJRFT,HKIBRYCZLMJRFT-BRXBVWLPSA-N,unknown,false,1,1,1,1,16
structure,JXOHGGNKMLTUBP-UHFFFAOYSA-N,JXOHGGNKMLTUBP-UHFFFAOYSA-N,JXOHGGNKMLTUBP,JXOHGGNKMLTUBP-UHFFFAOYSA-N,unknown,false,12,8,8,9,103
structure,CFVDPAXOTMTQCU-IPOZFMEPSA-N,CFVDPAXOTMTQCU-IPOZFMEPSA-N,CFVDPAXOTMTQCU,CFVDPAXOTMTQCU-IPOZFMEPSA-N,unknown,false,3,3,3,3,18
structure,HAOQPQZVDMAOKT-SBQKBANHSA-N,HAOQPQZVDMAOKT-SBQKBANHSA-N,HAOQPQZVDMAOKT,HAOQPQZVDMAOKT-SBQKBANHSA-N,unknown,false,1,1,1,1,8
structure,GBWWXWBDOAISMH-UHFFFAOYSA-N,GBWWXWBDOAISMH-UHFFFAOYSA-N,GBWWXWBDOAISMH,GBWWXWBDOAISMH-UHFFFAOYSA-N,unknown,false,1,1,1,1,10
structure,KQNGHARGJDXHKF-UHFFFAOYSA-N,KQNGHARGJDXHKF-UHFFFAOYSA-N,KQNGHARGJDXHKF,KQNGHARGJDXHKF-UHFFFAOYSA-N,unknown,false,2,2,2,2,22
structure,INAPMGSXUVUWAF-CTBIGQHSSA-N,INAPMGSXUVUWAF-CTBIGQHSSA-N,INAPMGSXUVUWAF,INAPMGSXUVUWAF-CTBIGQHSSA-N,unknown,false,1,1,1,1,16
structure,OWQKEXRIKMHBLZ-WLFFXXEHSA-N,OWQKEXRIKMHBLZ-WLFFXXEHSA-N,OWQKEXRIKMHBLZ,OWQKEXRIKMHBLZ-WLFFXXEHSA-N,unknown,false,1,1,1,1,6
structure,RKWHWFONKJEUEF-UHFFFAOYSA-O,RKWHWFONKJEUEF-UHFFFAOYSA-O,RKWHWFONKJEUEF,RKWHWFONKJEUEF-UHFFFAOYSA-O,unknown,false,40,25,16,33,674
structure,UEFUDKNGNDHCRI-UWVGGRQHSA-N,UEFUDKNGNDHCRI-UWVGGRQHSA-N,UEFUDKNGNDHCRI,UEFUDKNGNDHCRI-UWVGGRQHSA-N,unknown,false,1,1,1,1,5
structure,NBIWOOWOUIOVBE-JTQLQIEISA-N,NBIWOOWOUIOVBE-JTQLQIEISA-N,NBIWOOWOUIOVBE,NBIWOOWOUIOVBE-JTQLQIEISA-N,unknown,false,1,1,1,1,5
structure,PELZSPZCXGTUMR-NTNHSIQDSA-N,PELZSPZCXGTUMR-NTNHSIQDSA-N,PELZSPZCXGTUMR,PELZSPZCXGTUMR-NTNHSIQDSA-N,unknown,false,1,1,1,1,16
structure,MMWCIQZXVOZEGG-SCCKRLBHSA-N,MMWCIQZXVOZEGG-SCCKRLBHSA-N,MMWCIQZXVOZEGG,MMWCIQZXVOZEGG-SCCKRLBHSA-N,unknown,false,1,1,1,1,16
structure,UZDCKPYGVMHOPB-UHFFFAOYSA-N,UZDCKPYGVMHOPB-UHFFFAOYSA-N,UZDCKPYGVMHOPB,UZDCKPYGVMHOPB-UHFFFAOYSA-N,unknown,false,3,1,1,1,7
structure,WSFLFFUIEVIDJY-IMJSIDKUSA-N,WSFLFFUIEVIDJY-IMJSIDKUSA-N,WSFLFFUIEVIDJY,WSFLFFUIEVIDJY-IMJSIDKUSA-N,unknown,false,1,1,1,1,5
structure,VGGSQFUCUMXWEO-UHFFFAOYSA-N,VGGSQFUCUMXWEO-UHFFFAOYSA-N,VGGSQFUCUMXWEO,VGGSQFUCUMXWEO-UHFFFAOYSA-N,unknown,false,16,14,12,12,206
structure,FQPGMQABJNQLLF-VKHMYHEASA-N,FQPGMQABJNQLLF-VKHMYHEASA-N,FQPGMQABJNQLLF,FQPGMQABJNQLLF-VKHMYHEASA-N,unknown,false,2,2,1,1,30
structure,HUHWZXWWOFSFKF-UHFFFAOYSA-N,HUHWZXWWOFSFKF-UHFFFAOYSA-N,HUHWZXWWOFSFKF,HUHWZXWWOFSFKF-UHFFFAOYSA-N,unknown,false,7,7,7,9,73
structure,AVBHZKNQGDKVEA-UHFFFAOYSA-N,AVBHZKNQGDKVEA-UHFFFAOYSA-N,AVBHZKNQGDKVEA,AVBHZKNQGDKVEA-UHFFFAOYSA-N,unknown,false,2,2,2,2,18
structure,CSWLXNNNLVVXKD-UHFFFAOYSA-N,CSWLXNNNLVVXKD-UHFFFAOYSA-N,CSWLXNNNLVVXKD,CSWLXNNNLVVXKD-UHFFFAOYSA-N,unknown,false,1,1,1,1,16
structure,JZYORAMDOXNBOR-ZSIFGTMLSA-N,JZYORAMDOXNBOR-ZSIFGTMLSA-N,JZYORAMDOXNBOR,JZYORAMDOXNBOR-ZSIFGTMLSA-N,unknown,false,1,1,1,1,8
structure,KENJIKRHUJUWFQ-RQZSYWDKSA-N,KENJIKRHUJUWFQ-RQZSYWDKSA-N,KENJIKRHUJUWFQ,KENJIKRHUJUWFQ-RQZSYWDKSA-N,unknown,false,1,1,1,1,6
structure,LTYOQGRJFJAKNA-KKIMTKSISA-N,LTYOQGRJFJAKNA-KKIMTKSISA-N,LTYOQGRJFJAKNA,LTYOQGRJFJAKNA-KKIMTKSISA-N,unknown,false,3,3,3,3,50
structure,LWTDZKXXJRRKDG-UHFFFAOYSA-N,LWTDZKXXJRRKDG-UHFFFAOYSA-N,LWTDZKXXJRRKDG,LWTDZKXXJRRKDG-UHFFFAOYSA-N,unknown,false,7,3,1,6,216
structure,RNCYPVVUMUQCQI-QHGMSFHASA-N,RNCYPVVUMUQCQI-QHGMSFHASA-N,RNCYPVVUMUQCQI,RNCYPVVUMUQCQI-QHGMSFHASA-N,unknown,false,1,1,1,1,8
structure,SAHSZEZNXHBRJR-SNVBAGLBSA-N,SAHSZEZNXHBRJR-SNVBAGLBSA-N,SAHSZEZNXHBRJR,SAHSZEZNXHBRJR-SNVBAGLBSA-N,unknown,false,1,1,1,1,8
structure,WTFXTQVDAKGDEY-UHFFFAOYSA-N,WTFXTQVDAKGDEY-UHFFFAOYSA-N,WTFXTQVDAKGDEY,WTFXTQVDAKGDEY-UHFFFAOYSA-N,unknown,false,6,3,3,4,42
structure,YTOCWWQIMKHRPX-DEZCIGPTSA-N,YTOCWWQIMKHRPX-DEZCIGPTSA-N,YTOCWWQIMKHRPX,YTOCWWQIMKHRPX-DEZCIGPTSA-N,unknown,false,1,1,1,1,8
structure,YXWOAJXNVLXPMU-JGWLITMVSA-N,YXWOAJXNVLXPMU-JGWLITMVSA-N,YXWOAJXNVLXPMU,YXWOAJXNVLXPMU-JGWLITMVSA-N,unknown,false,1,1,1,1,16
structure,ZKTQSWBSOLFYDL-UHFFFAOYSA-N,ZKTQSWBSOLFYDL-UHFFFAOYSA-N,ZKTQSWBSOLFYDL,ZKTQSWBSOLFYDL-UHFFFAOYSA-N,unknown,false,1,1,1,1,16
structure,XSNPKRVRWPBMKE-UHFFFAOYSA-N,XSNPKRVRWPBMKE-UHFFFAOYSA-N,XSNPKRVRWPBMKE,XSNPKRVRWPBMKE-UHFFFAOYSA-N,unknown,false,2,2,2,2,32
structure,PJWIPEXIFFQAQZ-UHFFFAOYSA-N,PJWIPEXIFFQAQZ-UHFFFAOYSA-N,PJWIPEXIFFQAQZ,PJWIPEXIFFQAQZ-UHFFFAOYSA-N,unknown,false,2,2,2,2,20
structure,MEFKEPWMEQBLKI-UHFFFAOYSA-N,MEFKEPWMEQBLKI-UHFFFAOYSA-N,MEFKEPWMEQBLKI,MEFKEPWMEQBLKI-UHFFFAOYSA-N,unknown,false,2,2,2,2,28
structure,PGYAYSRVSAJXTE-CLONMANBSA-N,PGYAYSRVSAJXTE-CLONMANBSA-N,PGYAYSRVSAJXTE,PGYAYSRVSAJXTE-CLONMANBSA-N,unknown,false,96,69,51,41,682
structure,SUFZKUBNOVDJRR-UHFFFAOYSA-N,SUFZKUBNOVDJRR-UHFFFAOYSA-N,SUFZKUBNOVDJRR,SUFZKUBNOVDJRR-UHFFFAOYSA-N,unknown,false,1,1,1,1,16
structure,GTWCNYRFOZKWTL-UHFFFAOYSA-N,GTWCNYRFOZKWTL-UHFFFAOYSA-N,GTWCNYRFOZKWTL,GTWCNYRFOZKWTL-UHFFFAOYSA-N,unknown,false,1,1,1,1,16
structure,RIGGEAZDTKMXSI-UHFFFAOYSA-N,RIGGEAZDTKMXSI-UHFFFAOYSA-N,RIGGEAZDTKMXSI,RIGGEAZDTKMXSI-UHFFFAOYSA-N,unknown,false,3,3,4,3,20
structure,BPLQKQKXWHCZSS-UHFFFAOYSA-N,BPLQKQKXWHCZSS-UHFFFAOYSA-N,BPLQKQKXWHCZSS,BPLQKQKXWHCZSS-UHFFFAOYSA-N,unknown,false,152,67,25,99,1990
structure,QQRSPHJOOXUALR-UHFFFAOYSA-N,QQRSPHJOOXUALR-UHFFFAOYSA-N,QQRSPHJOOXUALR,QQRSPHJOOXUALR-UHFFFAOYSA-N,unknown,false,44,25,15,37,772
structure,LHYHMMRYTDARSZ-XQLPTFJDSA-N,LHYHMMRYTDARSZ-XQLPTFJDSA-N,LHYHMMRYTDARSZ,LHYHMMRYTDARSZ-XQLPTFJDSA-N,unknown,false,123,81,26,111,744
structure,NOOLISFMXDJSKH-UHFFFAOYSA-N,NOOLISFMXDJSKH-UHFFFAOYSA-N,NOOLISFMXDJSKH,NOOLISFMXDJSKH-UHFFFAOYSA-N,unknown,false,52,28,12,55,766
structure,LTTVJAQLCIHAFV-WCBMZHEXSA-N,LTTVJAQLCIHAFV-WCBMZHEXSA-N,LTTVJAQLCIHAFV,LTTVJAQLCIHAFV-WCBMZHEXSA-N,unknown,false,5,4,4,6,70
structure,LSQXNMXDFRRDSJ-UHFFFAOYSA-N,LSQXNMXDFRRDSJ-UHFFFAOYSA-N,LSQXNMXDFRRDSJ,LSQXNMXDFRRDSJ-UHFFFAOYSA-N,unknown,false,79,42,19,68,865
structure,PDSNLYSELAIEBU-NSOJWWLLSA-N,PDSNLYSELAIEBU-NSOJWWLLSA-N,PDSNLYSELAIEBU,PDSNLYSELAIEBU-NSOJWWLLSA-N,unknown,false,68,38,23,55,738
structure,WQTDOKKJTKGBTA-ZLFFAQKUSA-N,WQTDOKKJTKGBTA-ZLFFAQKUSA-N,WQTDOKKJTKGBTA,WQTDOKKJTKGBTA-ZLFFAQKUSA-N,unknown,false,1,1,1,1,6
structure,YQUVCSBJEUQKSH-UHFFFAOYSA-N,YQUVCSBJEUQKSH-UHFFFAOYSA-N,YQUVCSBJEUQKSH,YQUVCSBJEUQKSH-UHFFFAOYSA-N,unknown,false,525,312,121,409,4382
structure,HELNZVBYWRVMNN-NTTOMIHWSA-N,HELNZVBYWRVMNN-NTTOMIHWSA-N,HELNZVBYWRVMNN,HELNZVBYWRVMNN-NTTOMIHWSA-N,unknown,false,1,1,1,1,2
structure,KENJIKRHUJUWFQ-FSWUXODBSA-N,KENJIKRHUJUWFQ-FSWUXODBSA-N,KENJIKRHUJUWFQ,KENJIKRHUJUWFQ-FSWUXODBSA-N,unknown,false,1,1,1,1,2
structure,ILSPFIPSQSFPCN-UHFFFAOYSA-N,ILSPFIPSQSFPCN-UHFFFAOYSA-N,ILSPFIPSQSFPCN,ILSPFIPSQSFPCN-UHFFFAOYSA-N,unknown,false,1,1,1,2,16
structure,QZRKNNXRNBTODR-UHFFFAOYSA-N,QZRKNNXRNBTODR-UHFFFAOYSA-N,QZRKNNXRNBTODR,QZRKNNXRNBTODR-UHFFFAOYSA-N,unknown,false,1,1,1,1,6
structure,PQGCEDQWHSBAJP-UHFFFAOYSA-N,PQGCEDQWHSBAJP-UHFFFAOYSA-N,PQGCEDQWHSBAJP,PQGCEDQWHSBAJP-UHFFFAOYSA-N,unknown,false,3,3,3,3,19
structure,MUPFEKGTMRGPLJ-UHFFFAOYSA-N,MUPFEKGTMRGPLJ-UHFFFAOYSA-N,MUPFEKGTMRGPLJ,MUPFEKGTMRGPLJ-UHFFFAOYSA-N,unknown,false,5,5,6,5,41
structure,AQTKXCPRNZDOJU-UHFFFAOYSA-N,AQTKXCPRNZDOJU-UHFFFAOYSA-N,AQTKXCPRNZDOJU,AQTKXCPRNZDOJU-UHFFFAOYSA-N,unknown,false,1,1,1,1,7
structure,NFRXSIOHGADFRG-UHFFFAOYSA-N,NFRXSIOHGADFRG-UHFFFAOYSA-N,NFRXSIOHGADFRG,NFRXSIOHGADFRG-UHFFFAOYSA-N,unknown,false,8,6,6,6,50
structure,WPHVOXMMNSLJSF-UHFFFAOYSA-N,WPHVOXMMNSLJSF-UHFFFAOYSA-N,WPHVOXMMNSLJSF,WPHVOXMMNSLJSF-UHFFFAOYSA-N,unknown,false,1,1,1,1,8
structure,DCTLYFZHFGENCW-UHFFFAOYSA-N,DCTLYFZHFGENCW-UHFFFAOYSA-N,DCTLYFZHFGENCW,DCTLYFZHFGENCW-UHFFFAOYSA-N,unknown,false,3,3,3,3,19
structure,MVMSCBBUIHUTGJ-UHFFFAOYSA-N,MVMSCBBUIHUTGJ-UHFFFAOYSA-N,MVMSCBBUIHUTGJ,MVMSCBBUIHUTGJ-UHFFFAOYSA-N,unknown,false,3,3,3,3,19
structure,GUBGYTABKSRVRQ-PICCSMPSSA-N,GUBGYTABKSRVRQ-PICCSMPSSA-N,GUBGYTABKSRVRQ,GUBGYTABKSRVRQ-PICCSMPSSA-N,unknown,false,15,14,15,15,106
structure,BZQFBWGGLXLEPQ-REOHCLBHSA-N,BZQFBWGGLXLEPQ-REOHCLBHSA-N,BZQFBWGGLXLEPQ,BZQFBWGGLXLEPQ-REOHCLBHSA-N,unknown,false,8,8,8,9,51
structure,CKIJIGYDFNXSET-OOMJLXHVSA-N,CKIJIGYDFNXSET-OOMJLXHVSA-N,CKIJIGYDFNXSET,CKIJIGYDFNXSET-OOMJLXHVSA-N,unknown,false,2,2,2,2,15
structure,GMMLNKINDDUDCF-BYNGITTOSA-N,GMMLNKINDDUDCF-BYNGITTOSA-N,GMMLNKINDDUDCF,GMMLNKINDDUDCF-BYNGITTOSA-N,unknown,false,1,1,1,1,8
structure,GSXOAOHZAIYLCY-HSUXUTPPSA-N,GSXOAOHZAIYLCY-HSUXUTPPSA-N,GSXOAOHZAIYLCY,GSXOAOHZAIYLCY-HSUXUTPPSA-N,unknown,false,3,3,3,3,18
structure,AAWZDTNXLSGCEK-WYWMIBKRSA-N,AAWZDTNXLSGCEK-WYWMIBKRSA-N,AAWZDTNXLSGCEK,AAWZDTNXLSGCEK-WYWMIBKRSA-N,unknown,false,19,12,11,12,125
structure,DLRVVLDZNNYCBX-ABXHMFFYSA-N,DLRVVLDZNNYCBX-ABXHMFFYSA-N,DLRVVLDZNNYCBX,DLRVVLDZNNYCBX-ABXHMFFYSA-N,unknown,false,9,8,9,7,57
structure,NCMVOABPESMRCP-SHYZEUOFSA-N,NCMVOABPESMRCP-SHYZEUOFSA-N,NCMVOABPESMRCP,NCMVOABPESMRCP-SHYZEUOFSA-N,unknown,false,5,5,5,5,24
structure,JFTWMYLCKKDOGZ-QGWAOVMHSA-N,JFTWMYLCKKDOGZ-QGWAOVMHSA-N,JFTWMYLCKKDOGZ,JFTWMYLCKKDOGZ-QGWAOVMHSA-N,unknown,false,1,1,1,1,8
structure,SLWSWKGGZQCLDU-VJFUWPCTSA-N,SLWSWKGGZQCLDU-VJFUWPCTSA-N,SLWSWKGGZQCLDU,SLWSWKGGZQCLDU-VJFUWPCTSA-N,unknown,false,1,1,1,1,7
structure,NEJKEXUJCSYMCC-UHFFFAOYSA-N,NEJKEXUJCSYMCC-UHFFFAOYSA-N,NEJKEXUJCSYMCC,NEJKEXUJCSYMCC-UHFFFAOYSA-N,unknown,false,3,3,3,3,20
structure,MCTZMXCUYPDYNE-NLRXNYMUSA-N,MCTZMXCUYPDYNE-NLRXNYMUSA-N,MCTZMXCUYPDYNE,MCTZMXCUYPDYNE-NLRXNYMUSA-N,unknown,false,1,1,1,1,8
structure,WQTDOKKJTKGBTA-BTQFQRCOSA-N,WQTDOKKJTKGBTA-BTQFQRCOSA-N,WQTDOKKJTKGBTA,WQTDOKKJTKGBTA-BTQFQRCOSA-N,unknown,false,1,1,1,1,6
structure,FROSTAWVXRJGLY-WZGYZDFVSA-O,FROSTAWVXRJGLY-WZGYZDFVSA-O,FROSTAWVXRJGLY,FROSTAWVXRJGLY-WZGYZDFVSA-O,unknown,false,1,1,1,1,7
structure,MEFKEPWMEQBLKI-AAFYGDISSA-N,MEFKEPWMEQBLKI-AAFYGDISSA-N,MEFKEPWMEQBLKI,MEFKEPWMEQBLKI-AAFYGDISSA-N,unknown,false,1,1,1,1,8
structure,OYIFNHCXNCRBQI-BYPYZUCNSA-N,OYIFNHCXNCRBQI-BYPYZUCNSA-N,OYIFNHCXNCRBQI,OYIFNHCXNCRBQI-BYPYZUCNSA-N,unknown,false,3,3,3,3,15
structure,KNAAKGXQWAOOSH-KXQSBORISA-O,KNAAKGXQWAOOSH-KXQSBORISA-O,KNAAKGXQWAOOSH,KNAAKGXQWAOOSH-KXQSBORISA-O,unknown,false,1,1,1,1,7
structure,ATXVYGWDRPMCPT-DAVOGLHJSA-N,ATXVYGWDRPMCPT-DAVOGLHJSA-N,ATXVYGWDRPMCPT,ATXVYGWDRPMCPT-DAVOGLHJSA-N,unknown,false,2,1,1,1,8
structure,YGBZFOQXPOGACY-XYXOJIDZSA-N,YGBZFOQXPOGACY-XYXOJIDZSA-N,YGBZFOQXPOGACY,YGBZFOQXPOGACY-XYXOJIDZSA-N,unknown,false,2,2,1,2,15
structure,JLTJUKMGFHVOER-NSPLYFOBSA-N,JLTJUKMGFHVOER-NSPLYFOBSA-N,JLTJUKMGFHVOER,JLTJUKMGFHVOER-NSPLYFOBSA-N,unknown,false,1,1,1,1,2
structure,VKZYANGAHYJBJK-LJHJOZSSSA-N,VKZYANGAHYJBJK-LJHJOZSSSA-N,VKZYANGAHYJBJK,VKZYANGAHYJBJK-LJHJOZSSSA-N,unknown,false,1,1,1,1,2
structure,NCNVNIVCTSYUFB-WIPNAVCVSA-N,NCNVNIVCTSYUFB-WIPNAVCVSA-N,NCNVNIVCTSYUFB,NCNVNIVCTSYUFB-WIPNAVCVSA-N,unknown,false,1,1,1,1,2
structure,JLTJUKMGFHVOER-HXSZCFBGSA-N,JLTJUKMGFHVOER-HXSZCFBGSA-N,JLTJUKMGFHVOER,JLTJUKMGFHVOER-HXSZCFBGSA-N,unknown,false,1,1,1,1,2
structure,LWNFWRCYNQVMSY-XLBAQCOJSA-N,LWNFWRCYNQVMSY-XLBAQCOJSA-N,LWNFWRCYNQVMSY,LWNFWRCYNQVMSY-XLBAQCOJSA-N,unknown,false,1,1,1,1,2
structure,WCANMRDCBZNWSJ-UHFFFAOYSA-N,WCANMRDCBZNWSJ-UHFFFAOYSA-N,WCANMRDCBZNWSJ,WCANMRDCBZNWSJ-UHFFFAOYSA-N,unknown,false,1,1,1,1,6
structure,FEQMUAOUKSLIFS-UHFFFAOYSA-N,FEQMUAOUKSLIFS-UHFFFAOYSA-N,FEQMUAOUKSLIFS,FEQMUAOUKSLIFS-UHFFFAOYSA-N,unknown,false,3,2,1,2,16
structure,NLVMTSRTOGOFQD-UHFFFAOYSA-N,NLVMTSRTOGOFQD-UHFFFAOYSA-N,NLVMTSRTOGOFQD,NLVMTSRTOGOFQD-UHFFFAOYSA-N,unknown,false,2,2,2,2,6
structure,UILDHUYKTXNKSK-UHFFFAOYSA-N,UILDHUYKTXNKSK-UHFFFAOYSA-N,UILDHUYKTXNKSK,UILDHUYKTXNKSK-UHFFFAOYSA-N,unknown,false,1,1,1,1,2
structure,MQYXUWHLBZFQQO-UHFFFAOYSA-N,MQYXUWHLBZFQQO-UHFFFAOYSA-N,MQYXUWHLBZFQQO,MQYXUWHLBZFQQO-UHFFFAOYSA-N,unknown,false,180,64,31,85,2549
structure,RYOIXTXQSJPJMG-UHFFFAOYSA-N,RYOIXTXQSJPJMG-UHFFFAOYSA-N,RYOIXTXQSJPJMG,RYOIXTXQSJPJMG-UHFFFAOYSA-N,unknown,false,2,1,1,1,7
structure,JPUKWEQWGBDDQB-UHFFFAOYSA-N,JPUKWEQWGBDDQB-UHFFFAOYSA-N,JPUKWEQWGBDDQB,JPUKWEQWGBDDQB-UHFFFAOYSA-N,unknown,false,161,83,52,97,1536
structure,ATDWJHOSZLOQDJ-UHFFFAOYSA-N,ATDWJHOSZLOQDJ-UHFFFAOYSA-N,ATDWJHOSZLOQDJ,ATDWJHOSZLOQDJ-UHFFFAOYSA-N,unknown,false,1,1,1,1,8
structure,MKODUFPLOJRPAO-UHFFFAOYSA-N,MKODUFPLOJRPAO-UHFFFAOYSA-N,MKODUFPLOJRPAO,MKODUFPLOJRPAO-UHFFFAOYSA-N,unknown,false,1,1,1,1,8
structure,SLWSWKGGZQCLDU-UHFFFAOYSA-N,SLWSWKGGZQCLDU-UHFFFAOYSA-N,SLWSWKGGZQCLDU,SLWSWKGGZQCLDU-UHFFFAOYSA-N,unknown,false,1,1,1,1,7
structure,XXKIWCKZQFBXIR-UHFFFAOYSA-N,XXKIWCKZQFBXIR-UHFFFAOYSA-N,XXKIWCKZQFBXIR,XXKIWCKZQFBXIR-UHFFFAOYSA-N,unknown,false,7,6,4,7,57
structure,JBFOLLJCGUCDQP-UHFFFAOYSA-N,JBFOLLJCGUCDQP-UHFFFAOYSA-N,JBFOLLJCGUCDQP,JBFOLLJCGUCDQP-UHFFFAOYSA-N,unknown,false,8,8,6,8,66
structure,SGNBVLSWZMBQTH-UHFFFAOYSA-N,SGNBVLSWZMBQTH-UHFFFAOYSA-N,SGNBVLSWZMBQTH,SGNBVLSWZMBQTH-UHFFFAOYSA-N,unknown,false,42,31,22,38,472
structure,IXXMAUGACHIBMM-UHFFFAOYSA-N,IXXMAUGACHIBMM-UHFFFAOYSA-N,IXXMAUGACHIBMM,IXXMAUGACHIBMM-UHFFFAOYSA-N,unknown,false,2,1,1,1,7
structure,KCSCTOANDBOIGV-UHFFFAOYSA-N,KCSCTOANDBOIGV-UHFFFAOYSA-N,KCSCTOANDBOIGV,KCSCTOANDBOIGV-UHFFFAOYSA-N,unknown,false,2,2,2,2,26
structure,YNMFDPCLPIMRFD-UHFFFAOYSA-N,YNMFDPCLPIMRFD-UHFFFAOYSA-N,YNMFDPCLPIMRFD,YNMFDPCLPIMRFD-UHFFFAOYSA-N,unknown,false,2,1,1,1,8
structure,LOSIFDMBAMXYSA-UHFFFAOYSA-N,LOSIFDMBAMXYSA-UHFFFAOYSA-N,LOSIFDMBAMXYSA,LOSIFDMBAMXYSA-UHFFFAOYSA-N,unknown,false,1,1,1,1,8
structure,JFSHUTJDVKUMTJ-UHFFFAOYSA-N,JFSHUTJDVKUMTJ-UHFFFAOYSA-N,JFSHUTJDVKUMTJ,JFSHUTJDVKUMTJ-UHFFFAOYSA-N,unknown,false,36,31,20,34,292
structure,VQDVPEBDINWLHZ-UHFFFAOYSA-N,VQDVPEBDINWLHZ-UHFFFAOYSA-N,VQDVPEBDINWLHZ,VQDVPEBDINWLHZ-UHFFFAOYSA-N,unknown,false,3,3,3,3,23
structure,JEGUVXRNDRXUDN-UHFFFAOYSA-N,JEGUVXRNDRXUDN-UHFFFAOYSA-N,JEGUVXRNDRXUDN,JEGUVXRNDRXUDN-UHFFFAOYSA-N,unknown,false,1,1,1,1,3
structure,GRBHNQFQFHLCHO-UHFFFAOYSA-N,GRBHNQFQFHLCHO-UHFFFAOYSA-N,GRBHNQFQFHLCHO,GRBHNQFQFHLCHO-UHFFFAOYSA-N,unknown,false,33,19,12,23,209
structure,WFSVEMFCPALUBB-UHFFFAOYSA-N,WFSVEMFCPALUBB-UHFFFAOYSA-N,WFSVEMFCPALUBB,WFSVEMFCPALUBB-UHFFFAOYSA-N,unknown,false,1,1,1,1,8
structure,WRUUAUYSSLTCMP-UHFFFAOYSA-N,WRUUAUYSSLTCMP-UHFFFAOYSA-N,WRUUAUYSSLTCMP,WRUUAUYSSLTCMP-UHFFFAOYSA-N,unknown,false,1,1,1,1,7
structure,UMROTOJYTIKHPJ-UHFFFAOYSA-N,UMROTOJYTIKHPJ-UHFFFAOYSA-N,UMROTOJYTIKHPJ,UMROTOJYTIKHPJ-UHFFFAOYSA-N,unknown,false,1,1,1,1,8
structure,OWQKEXRIKMHBLZ-UHFFFAOYSA-N,OWQKEXRIKMHBLZ-UHFFFAOYSA-N,OWQKEXRIKMHBLZ,OWQKEXRIKMHBLZ-UHFFFAOYSA-N,unknown,false,1,1,1,1,6
structure,YGWINQKCKFBSCA-UHFFFAOYSA-N,YGWINQKCKFBSCA-UHFFFAOYSA-N,YGWINQKCKFBSCA,YGWINQKCKFBSCA-UHFFFAOYSA-N,unknown,false,1,1,1,1,2
structure,MJOJIRSJTAQETQ-UHFFFAOYSA-N,MJOJIRSJTAQETQ-UHFFFAOYSA-N,MJOJIRSJTAQETQ,MJOJIRSJTAQETQ-UHFFFAOYSA-N,unknown,false,1,1,1,1,2
structure,SUXVWSIPTXXPOZ-UHFFFAOYSA-N,SUXVWSIPTXXPOZ-UHFFFAOYSA-N,SUXVWSIPTXXPOZ,SUXVWSIPTXXPOZ-UHFFFAOYSA-N,unknown,false,4,3,2,3,16
structure,FGKUISKCUDFGTR-UHFFFAOYSA-N,FGKUISKCUDFGTR-UHFFFAOYSA-N,FGKUISKCUDFGTR,FGKUISKCUDFGTR-UHFFFAOYSA-N,unknown,false,1,1,1,1,7
structure,IJVZAWXMSBYNOA-UHFFFAOYSA-N,IJVZAWXMSBYNOA-UHFFFAOYSA-N,IJVZAWXMSBYNOA,IJVZAWXMSBYNOA-UHFFFAOYSA-N,unknown,false,1,1,1,1,5
structure,RUQCCAGSFPUGSZ-BJVWBABYSA-N,RUQCCAGSFPUGSZ-BJVWBABYSA-N,RUQCCAGSFPUGSZ,RUQCCAGSFPUGSZ-BJVWBABYSA-N,unknown,false,1,1,1,1,8
structure,LIIFBMGUDSHTOU-UHFFFAOYSA-N,LIIFBMGUDSHTOU-UHFFFAOYSA-N,LIIFBMGUDSHTOU,LIIFBMGUDSHTOU-UHFFFAOYSA-N,unknown,false,9,7,4,7,63
structure,AFMCJUGPIJIAOB-UHFFFAOYSA-N,AFMCJUGPIJIAOB-UHFFFAOYSA-N,AFMCJUGPIJIAOB,AFMCJUGPIJIAOB-UHFFFAOYSA-N,unknown,false,1,1,1,1,7
structure,DQBVFTJNUYZVQL-UHFFFAOYSA-N,DQBVFTJNUYZVQL-UHFFFAOYSA-N,DQBVFTJNUYZVQL,DQBVFTJNUYZVQL-UHFFFAOYSA-N,unknown,false,3,3,2,2,30
structure,HPXOUFFMSLZOLE-UHFFFAOYSA-N,HPXOUFFMSLZOLE-UHFFFAOYSA-N,HPXOUFFMSLZOLE,HPXOUFFMSLZOLE-UHFFFAOYSA-N,unknown,false,1,1,1,1,5
structure,HKBNQXMLSMKLJV-UHFFFAOYSA-N,HKBNQXMLSMKLJV-UHFFFAOYSA-N,HKBNQXMLSMKLJV,HKBNQXMLSMKLJV-UHFFFAOYSA-N,unknown,false,1,1,1,1,8
structure,AQAKHZVPOOGUCK-UHFFFAOYSA-N,AQAKHZVPOOGUCK-UHFFFAOYSA-N,AQAKHZVPOOGUCK,AQAKHZVPOOGUCK-UHFFFAOYSA-N,unknown,false,1,1,1,1,8
structure,TWLFVBJPPQXMIO-UHFFFAOYSA-N,TWLFVBJPPQXMIO-UHFFFAOYSA-N,TWLFVBJPPQXMIO,TWLFVBJPPQXMIO-UHFFFAOYSA-N,unknown,false,1,1,1,1,2
structure,QMNCIZZUXQVCBL-UHFFFAOYSA-N,QMNCIZZUXQVCBL-UHFFFAOYSA-N,QMNCIZZUXQVCBL,QMNCIZZUXQVCBL-UHFFFAOYSA-N,unknown,false,1,1,1,1,7
structure,SVQKJHRWPYLYKM-UHFFFAOYSA-N,SVQKJHRWPYLYKM-UHFFFAOYSA-N,SVQKJHRWPYLYKM,SVQKJHRWPYLYKM-UHFFFAOYSA-N,unknown,false,2,2,1,1,14
structure,QHDQQESTGYADJU-UHFFFAOYSA-N,QHDQQESTGYADJU-UHFFFAOYSA-N,QHDQQESTGYADJU,QHDQQESTGYADJU-UHFFFAOYSA-N,unknown,false,1,1,1,1,5
structure,UPNWIBPHYOJXOA-UHFFFAOYSA-N,UPNWIBPHYOJXOA-UHFFFAOYSA-N,UPNWIBPHYOJXOA,UPNWIBPHYOJXOA-UHFFFAOYSA-N,unknown,false,2,2,2,2,13
structure,LRUXWKFVLKWKRF-UHFFFAOYSA-N,LRUXWKFVLKWKRF-UHFFFAOYSA-N,LRUXWKFVLKWKRF,LRUXWKFVLKWKRF-UHFFFAOYSA-N,unknown,false,1,1,1,1,7
structure,NXYWSSHRPZWKOU-UHFFFAOYSA-N,NXYWSSHRPZWKOU-UHFFFAOYSA-N,NXYWSSHRPZWKOU,NXYWSSHRPZWKOU-UHFFFAOYSA-N,unknown,false,1,1,1,1,2
structure,QZNIVVAKPLIDJX-UHFFFAOYSA-N,QZNIVVAKPLIDJX-UHFFFAOYSA-N,QZNIVVAKPLIDJX,QZNIVVAKPLIDJX-UHFFFAOYSA-N,unknown,false,4,4,4,3,23
structure,MYFMARDICOWMQP-UHFFFAOYSA-N,MYFMARDICOWMQP-UHFFFAOYSA-N,MYFMARDICOWMQP,MYFMARDICOWMQP-UHFFFAOYSA-N,unknown,false,1,1,1,1,8
structure,RVIVNTAYJCDGGM-UHFFFAOYSA-N,RVIVNTAYJCDGGM-UHFFFAOYSA-N,RVIVNTAYJCDGGM,RVIVNTAYJCDGGM-UHFFFAOYSA-N,unknown,false,1,1,1,1,5
structure,HKKMGGKMNHKQMC-UHFFFAOYSA-N,HKKMGGKMNHKQMC-UHFFFAOYSA-N,HKKMGGKMNHKQMC,HKKMGGKMNHKQMC-UHFFFAOYSA-N,unknown,false,1,1,1,1,8
structure,IXDHJNNHLVGCLC-UHFFFAOYSA-N,IXDHJNNHLVGCLC-UHFFFAOYSA-N,IXDHJNNHLVGCLC,IXDHJNNHLVGCLC-UHFFFAOYSA-N,unknown,false,3,3,2,2,19
structure,XOUMRQRJVFZBHB-UHFFFAOYSA-N,XOUMRQRJVFZBHB-UHFFFAOYSA-N,XOUMRQRJVFZBHB,XOUMRQRJVFZBHB-UHFFFAOYSA-N,unknown,false,2,2,1,1,14
structure,AOTOEKFIRGUTMJ-UHFFFAOYSA-N,AOTOEKFIRGUTMJ-UHFFFAOYSA-N,AOTOEKFIRGUTMJ,AOTOEKFIRGUTMJ-UHFFFAOYSA-N,unknown,false,1,1,1,1,6
structure,KMOUJOKENFFTPU-UHFFFAOYSA-N,KMOUJOKENFFTPU-UHFFFAOYSA-N,KMOUJOKENFFTPU,KMOUJOKENFFTPU-UHFFFAOYSA-N,unknown,false,64,39,22,42,483
structure,ODMIEGVTNZNSLD-UHFFFAOYSA-N,ODMIEGVTNZNSLD-UHFFFAOYSA-N,ODMIEGVTNZNSLD,ODMIEGVTNZNSLD-UHFFFAOYSA-N,unknown,false,5,2,3,3,94
structure,RDUAJIJVNHKTQC-UHFFFAOYSA-N,RDUAJIJVNHKTQC-UHFFFAOYSA-N,RDUAJIJVNHKTQC,RDUAJIJVNHKTQC-UHFFFAOYSA-N,unknown,false,13,10,9,11,114
structure,KBGKQZVCLWKUDQ-UHFFFAOYSA-N,KBGKQZVCLWKUDQ-UHFFFAOYSA-N,KBGKQZVCLWKUDQ,KBGKQZVCLWKUDQ-UHFFFAOYSA-N,unknown,false,2,2,2,2,14
structure,YOQAQNKGFOLRGT-UHFFFAOYSA-N,YOQAQNKGFOLRGT-UHFFFAOYSA-N,YOQAQNKGFOLRGT,YOQAQNKGFOLRGT-UHFFFAOYSA-N,unknown,false,9,6,4,6,101
structure,QYXZQZMPZUEEML-UHFFFAOYSA-N,QYXZQZMPZUEEML-UHFFFAOYSA-N,QYXZQZMPZUEEML,QYXZQZMPZUEEML-UHFFFAOYSA-N,unknown,false,2,2,4,2,13
structure,JQQBXPCJFAKSPG-UHFFFAOYSA-N,JQQBXPCJFAKSPG-UHFFFAOYSA-N,JQQBXPCJFAKSPG,JQQBXPCJFAKSPG-UHFFFAOYSA-N,unknown,false,5,3,2,2,39
structure,PQEYTAGBXNEUQL-UHFFFAOYSA-N,PQEYTAGBXNEUQL-UHFFFAOYSA-N,PQEYTAGBXNEUQL,PQEYTAGBXNEUQL-UHFFFAOYSA-N,unknown,false,1,1,1,1,7
structure,MEKWLWHELUEYHS-UHFFFAOYSA-N,MEKWLWHELUEYHS-UHFFFAOYSA-N,MEKWLWHELUEYHS,MEKWLWHELUEYHS-UHFFFAOYSA-N,unknown,false,2,2,1,2,21
structure,GSXOAOHZAIYLCY-UHFFFAOYSA-N,GSXOAOHZAIYLCY-UHFFFAOYSA-N,GSXOAOHZAIYLCY,GSXOAOHZAIYLCY-UHFFFAOYSA-N,unknown,false,2,2,2,3,18
structure,VDZOAKVFCQHFIH-UHFFFAOYSA-N,VDZOAKVFCQHFIH-UHFFFAOYSA-N,VDZOAKVFCQHFIH,VDZOAKVFCQHFIH-UHFFFAOYSA-N,unknown,false,1,1,1,1,6
structure,QYARHPPZZXINIZ-UHFFFAOYSA-N,QYARHPPZZXINIZ-UHFFFAOYSA-N,QYARHPPZZXINIZ,QYARHPPZZXINIZ-UHFFFAOYSA-N,unknown,false,1,1,1,1,6
structure,SOSLMHZOJATCCP-UHFFFAOYSA-N,SOSLMHZOJATCCP-UHFFFAOYSA-N,SOSLMHZOJATCCP,SOSLMHZOJATCCP-UHFFFAOYSA-N,unknown,false,126,52,38,50,1153
structure,XAITXSGSAXCMGO-UHFFFAOYSA-N,XAITXSGSAXCMGO-UHFFFAOYSA-N,XAITXSGSAXCMGO,XAITXSGSAXCMGO-UHFFFAOYSA-N,unknown,false,1,1,1,1,6
connectivity,HVYWMOMLDIMFJA,HVYWMOMLDIMFJA-DPAQBDIFSA-N,HVYWMOMLDIMFJA,HVYWMOMLDIMFJA-DPAQBDIFSA-N,unknown,false,568,397,263,347,5661
connectivity,RBNPOMFGQQGHHO,,RBNPOMFGQQGHHO,RBNPOMFGQQGHHO-UHFFFAOYSA-N;RBNPOMFGQQGHHO-UWTATZPHSA-N,unknown,false,36,28,25,35,509
connectivity,FFEARJCKVFRZRR,,FFEARJCKVFRZRR,FFEARJCKVFRZRR-UHFFFAOYSA-N;FFEARJCKVFRZRR-BYPYZUCNSA-N,unknown,false,140,106,80,87,2669
connectivity,ZDXPYRJPNDTMRX,,ZDXPYRJPNDTMRX,ZDXPYRJPNDTMRX-VKHMYHEASA-N;ZDXPYRJPNDTMRX-UHFFFAOYSA-N,unknown,false,57,50,45,57,725
connectivity,YGSDEFSMJLZEOE,YGSDEFSMJLZEOE-UHFFFAOYSA-N,YGSDEFSMJLZEOE,YGSDEFSMJLZEOE-UHFFFAOYSA-N,unknown,false,145,105,55,116,2209
connectivity,UNXHWFMMPAWVPI,,UNXHWFMMPAWVPI,UNXHWFMMPAWVPI-QWWZWVQMSA-N;UNXHWFMMPAWVPI-ZXZARUISSA-N,unknown,false,43,29,24,36,603
connectivity,KZSNJWFQEVHDMF,,KZSNJWFQEVHDMF,KZSNJWFQEVHDMF-UHFFFAOYSA-N;KZSNJWFQEVHDMF-BYPYZUCNSA-N,active;unknown,true,177,136,89,112,2071
connectivity,ODHCTXKNWHHXJC,,ODHCTXKNWHHXJC,ODHCTXKNWHHXJC-UHFFFAOYSA-N;ODHCTXKNWHHXJC-VKHMYHEASA-N,unknown,false,40,37,38,42,526
connectivity,KZJWDPNRJALLNS,,KZJWDPNRJALLNS,KZJWDPNRJALLNS-VJSFXXLFSA-N;KZJWDPNRJALLNS-BSJPTTOTSA-N;KZJWDPNRJALLNS-UHFFFAOYSA-N;KZJWDPNRJALLNS-BWRKXDIJSA-N,unknown,false,3754,1503,351,2998,55691
connectivity,DHMQDGOQFOQNFH,DHMQDGOQFOQNFH-UHFFFAOYSA-N,DHMQDGOQFOQNFH,DHMQDGOQFOQNFH-UHFFFAOYSA-N,unknown,false,175,129,100,99,2124
connectivity,CDAISMWEOUEBRE,,CDAISMWEOUEBRE,CDAISMWEOUEBRE-GPIVLXJGSA-N;CDAISMWEOUEBRE-CDRYSYESSA-N;CDAISMWEOUEBRE-UHFFFAOYSA-N;CDAISMWEOUEBRE-GNIYUCBRSA-N,unknown,false,137,98,71,111,1910
connectivity,ZQPPMHVWECSIRJ,,ZQPPMHVWECSIRJ,ZQPPMHVWECSIRJ-KTKRTIGZSA-N;ZQPPMHVWECSIRJ-UHFFFAOYSA-N,unknown,false,677,434,211,417,8691
connectivity,INAPMGSXUVUWAF,,INAPMGSXUVUWAF,INAPMGSXUVUWAF-UOTPTPDRSA-N;INAPMGSXUVUWAF-GCVPSNMTSA-N;INAPMGSXUVUWAF-WWHKVMGRSA-N;INAPMGSXUVUWAF-CTBIGQHSSA-N,unknown,false,25,16,13,16,377
connectivity,HZAXFHJVJLSVMW,HZAXFHJVJLSVMW-UHFFFAOYSA-N,HZAXFHJVJLSVMW,HZAXFHJVJLSVMW-UHFFFAOYSA-N,unknown,false,46,38,27,37,610
connectivity,HXEACLLIILLPRG,,HXEACLLIILLPRG,HXEACLLIILLPRG-UHFFFAOYSA-N;HXEACLLIILLPRG-YFKPBYRVSA-N,unknown,false,87,31,18,31,885
connectivity,VZCYOOQTPOCHFL,,VZCYOOQTPOCHFL,VZCYOOQTPOCHFL-OWOJBTEDSA-N;VZCYOOQTPOCHFL-UHFFFAOYSA-N;VZCYOOQTPOCHFL-UPHRSURJSA-N,unknown,false,93,70,56,87,1576
connectivity,XSQUKJJJFZCRTK,XSQUKJJJFZCRTK-UHFFFAOYSA-N,XSQUKJJJFZCRTK,XSQUKJJJFZCRTK-UHFFFAOYSA-N,unknown,false,21,17,19,25,325
connectivity,PVNIIMVLHYAWGP,PVNIIMVLHYAWGP-UHFFFAOYSA-N,PVNIIMVLHYAWGP,PVNIIMVLHYAWGP-UHFFFAOYSA-N,unknown,false,58,48,38,59,921
connectivity,QZZGJDVWLFXDLK,QZZGJDVWLFXDLK-UHFFFAOYSA-N,QZZGJDVWLFXDLK,QZZGJDVWLFXDLK-UHFFFAOYSA-N,unknown,false,125,96,68,91,1360
connectivity,JVTAAEKCZFNVCJ,,JVTAAEKCZFNVCJ,JVTAAEKCZFNVCJ-UHFFFAOYSA-N;JVTAAEKCZFNVCJ-UWTATZPHSA-N;JVTAAEKCZFNVCJ-REOHCLBHSA-N,unknown,false,47,44,41,47,576
connectivity,KDYFGRWQOYBRFD,KDYFGRWQOYBRFD-UHFFFAOYSA-N,KDYFGRWQOYBRFD,KDYFGRWQOYBRFD-UHFFFAOYSA-N,unknown,false,125,107,87,122,1686
connectivity,BJEPYKJPYRNKOW,,BJEPYKJPYRNKOW,BJEPYKJPYRNKOW-UHFFFAOYSA-N;BJEPYKJPYRNKOW-REOHCLBHSA-N;BJEPYKJPYRNKOW-UWTATZPHSA-N,unknown,false,115,81,65,108,1525
connectivity,MEFKEPWMEQBLKI,,MEFKEPWMEQBLKI,MEFKEPWMEQBLKI-AIRLBKTGSA-O;MEFKEPWMEQBLKI-UXKFHTAHSA-N;MEFKEPWMEQBLKI-UHFFFAOYSA-N;MEFKEPWMEQBLKI-AAFYGDISSA-N,unknown,false,5,5,5,11,121
connectivity,VZXPDPZARILFQX,VZXPDPZARILFQX-BYPYZUCNSA-N,VZXPDPZARILFQX,VZXPDPZARILFQX-BYPYZUCNSA-N,unknown,false,5,5,5,6,70
connectivity,BTCSSZJGUNDROE,BTCSSZJGUNDROE-UHFFFAOYSA-N,BTCSSZJGUNDROE,BTCSSZJGUNDROE-UHFFFAOYSA-N,unknown,false,106,64,48,69,1320
connectivity,WHUUTDBJXJRKMK,,WHUUTDBJXJRKMK,WHUUTDBJXJRKMK-VKHMYHEASA-N;WHUUTDBJXJRKMK-UHFFFAOYSA-N,unknown,false,178,133,95,109,2063
connectivity,COLNVLDHVKWLRT,,COLNVLDHVKWLRT,COLNVLDHVKWLRT-UHFFFAOYSA-N;COLNVLDHVKWLRT-QMMMGPOBSA-N,active;unknown,true,171,137,100,119,2047
connectivity,CZMRCDWAGMRECN,,CZMRCDWAGMRECN,CZMRCDWAGMRECN-UGDNZRGBSA-N;CZMRCDWAGMRECN-UHFFFAOYSA-N,unknown,false,360,264,127,277,4394
connectivity,JFCQEDHGNNZCLN,JFCQEDHGNNZCLN-UHFFFAOYSA-N,JFCQEDHGNNZCLN,JFCQEDHGNNZCLN-UHFFFAOYSA-N,unknown,false,10,10,10,11,135
connectivity,ROHFNLRQFUQHCH,,ROHFNLRQFUQHCH,ROHFNLRQFUQHCH-UHFFFAOYSA-N;ROHFNLRQFUQHCH-YFKPBYRVSA-N,active;unknown,true,174,138,99,107,1992
connectivity,QIQXTHQIDYTFRH,QIQXTHQIDYTFRH-UHFFFAOYSA-N,QIQXTHQIDYTFRH,QIQXTHQIDYTFRH-UHFFFAOYSA-N,unknown,false,730,466,235,454,8488
connectivity,OYHQOLUKZRVURQ,OYHQOLUKZRVURQ-HZJYTTRNSA-N,OYHQOLUKZRVURQ,OYHQOLUKZRVURQ-HZJYTTRNSA-N,unknown,false,676,418,195,421,9135
connectivity,AEMRFAOFKBGASW,AEMRFAOFKBGASW-UHFFFAOYSA-N,AEMRFAOFKBGASW,AEMRFAOFKBGASW-UHFFFAOYSA-N,unknown,false,13,13,13,18,209
connectivity,MUPFEKGTMRGPLJ,,MUPFEKGTMRGPLJ,MUPFEKGTMRGPLJ-ZQSKZDJDSA-N;MUPFEKGTMRGPLJ-UHFFFAOYSA-N,unknown,false,112,72,44,60,1454
connectivity,MTCFGRXMJLQNBG,,MTCFGRXMJLQNBG,MTCFGRXMJLQNBG-UHFFFAOYSA-N;MTCFGRXMJLQNBG-REOHCLBHSA-N,unknown,false,158,117,82,96,1864
connectivity,DHCLVCXQIBBOPH,DHCLVCXQIBBOPH-UHFFFAOYSA-N,DHCLVCXQIBBOPH,DHCLVCXQIBBOPH-UHFFFAOYSA-N,unknown,false,6,6,6,9,98
connectivity,ONIBWKKTOPOVIA,,ONIBWKKTOPOVIA,ONIBWKKTOPOVIA-UHFFFAOYSA-N;ONIBWKKTOPOVIA-BYPYZUCNSA-N,unknown,false,186,129,91,102,2131
connectivity,NBIIXXVUZAFLBC,NBIIXXVUZAFLBC-UHFFFAOYSA-N,NBIIXXVUZAFLBC,NBIIXXVUZAFLBC-UHFFFAOYSA-N,unknown,false,34,26,27,33,459
connectivity,IPCSVZSSVZVIGE,IPCSVZSSVZVIGE-UHFFFAOYSA-N,IPCSVZSSVZVIGE,IPCSVZSSVZVIGE-UHFFFAOYSA-N,unknown,false,957,589,277,649,11633
connectivity,HDTRYLNUVZCQOY,,HDTRYLNUVZCQOY,HDTRYLNUVZCQOY-LIZSDCNHSA-N;HDTRYLNUVZCQOY-WSWWMNSNSA-N,unknown,false,49,31,33,40,551
connectivity,SGMJBNSHAZVGMC,SGMJBNSHAZVGMC-STHAYSLISA-N,SGMJBNSHAZVGMC,SGMJBNSHAZVGMC-STHAYSLISA-N,unknown,false,3,3,3,4,56
connectivity,KRKNYBCHXYNGOX,KRKNYBCHXYNGOX-UHFFFAOYSA-N,KRKNYBCHXYNGOX,KRKNYBCHXYNGOX-UHFFFAOYSA-N,unknown,false,106,80,64,104,1589
connectivity,HCXVJBMSMIARIN,,HCXVJBMSMIARIN,HCXVJBMSMIARIN-PHZDYDNGSA-N;HCXVJBMSMIARIN-BGDBIVFESA-N,unknown,false,1801,935,288,1334,21531
connectivity,HWXBTNAVRSUOJR,HWXBTNAVRSUOJR-UHFFFAOYSA-N,HWXBTNAVRSUOJR,HWXBTNAVRSUOJR-UHFFFAOYSA-N,unknown,false,7,7,7,7,71
connectivity,QNAYBMKLOCPYGJ,,QNAYBMKLOCPYGJ,QNAYBMKLOCPYGJ-REOHCLBHSA-N;QNAYBMKLOCPYGJ-UHFFFAOYSA-N,inactive;unknown,true,222,165,127,125,3791
connectivity,WQZGKKKJIJFFOK,,WQZGKKKJIJFFOK,WQZGKKKJIJFFOK-GASJEMHNSA-N;WQZGKKKJIJFFOK-ZSNZIGRDSA-N;WQZGKKKJIJFFOK-PHYPRBDBSA-N;WQZGKKKJIJFFOK-SVZMEOIVSA-N;WQZGKKKJIJFFOK-QTVWNMPRSA-N,unknown,false,288,206,118,212,4266
connectivity,KPGXRSRHYNQIFN,KPGXRSRHYNQIFN-UHFFFAOYSA-N,KPGXRSRHYNQIFN,KPGXRSRHYNQIFN-UHFFFAOYSA-N,unknown,false,20,19,20,23,305
connectivity,UCMIRNVEIXFBKS,UCMIRNVEIXFBKS-UHFFFAOYSA-N,UCMIRNVEIXFBKS,UCMIRNVEIXFBKS-UHFFFAOYSA-N,unknown,false,47,29,27,44,673
connectivity,ATHGHQPFGPMSJY,ATHGHQPFGPMSJY-UHFFFAOYSA-N,ATHGHQPFGPMSJY,ATHGHQPFGPMSJY-UHFFFAOYSA-N,unknown,false,85,56,40,56,1183
connectivity,OUYCCCASQSFEME,,OUYCCCASQSFEME,OUYCCCASQSFEME-UHFFFAOYSA-N;OUYCCCASQSFEME-QMMMGPOBSA-N,unknown,false,180,135,100,115,2007
connectivity,DCXYFEDJOCDNAF,,DCXYFEDJOCDNAF,DCXYFEDJOCDNAF-UHFFFAOYSA-N;DCXYFEDJOCDNAF-REOHCLBHSA-N;DCXYFEDJOCDNAF-UWTATZPHSA-N,unknown,false,78,60,49,71,983
connectivity,KDXKERNSBIXSRK,,KDXKERNSBIXSRK,KDXKERNSBIXSRK-UHFFFAOYSA-N;KDXKERNSBIXSRK-YFKPBYRVSA-N,unknown,false,160,116,84,93,1792
connectivity,MUBZPKHOEPUJKR,MUBZPKHOEPUJKR-UHFFFAOYSA-N,MUBZPKHOEPUJKR,MUBZPKHOEPUJKR-UHFFFAOYSA-N,unknown,false,98,73,52,66,1112
connectivity,JXOHGGNKMLTUBP,,JXOHGGNKMLTUBP,JXOHGGNKMLTUBP-HSUXUTPPSA-N;JXOHGGNKMLTUBP-UHFFFAOYSA-N,unknown,false,102,62,47,85,1188
connectivity,SGNBVLSWZMBQTH,,SGNBVLSWZMBQTH,SGNBVLSWZMBQTH-PODYLUTMSA-N;SGNBVLSWZMBQTH-ZRUUVFCLSA-N;SGNBVLSWZMBQTH-UHFFFAOYSA-N,unknown,false,664,414,207,434,7510
connectivity,POJWUDADGALRAB,,POJWUDADGALRAB,POJWUDADGALRAB-UHFFFAOYSA-N;POJWUDADGALRAB-PVQJCKRUSA-N,unknown,false,90,55,39,77,904
connectivity,VCWMRQDBPZKXKG,,VCWMRQDBPZKXKG,VCWMRQDBPZKXKG-DXNLKLAMSA-N;VCWMRQDBPZKXKG-SPBUTQSFSA-N;VCWMRQDBPZKXKG-ZNVDUFQESA-N,unknown,false,33,24,17,23,528
connectivity,WPYMKLBDIGXBTP,WPYMKLBDIGXBTP-UHFFFAOYSA-N,WPYMKLBDIGXBTP,WPYMKLBDIGXBTP-UHFFFAOYSA-N,unknown,false,198,115,70,178,3033
connectivity,AWUCVROLDVIAJX,,AWUCVROLDVIAJX,AWUCVROLDVIAJX-UHFFFAOYSA-N;AWUCVROLDVIAJX-GSVOUGTGSA-N,unknown,false,22,22,23,29,350
connectivity,CKLJMWTZIZZHCS,,CKLJMWTZIZZHCS,CKLJMWTZIZZHCS-UHFFFAOYSA-N;CKLJMWTZIZZHCS-REOHCLBHSA-N;CKLJMWTZIZZHCS-UWTATZPHSA-N,unknown,false,166,122,89,102,2972
connectivity,OIVLITBTBDPEFK,OIVLITBTBDPEFK-UHFFFAOYSA-N,OIVLITBTBDPEFK,OIVLITBTBDPEFK-UHFFFAOYSA-N,unknown,false,7,7,6,8,102
connectivity,KIDHWZJUCRJVML,KIDHWZJUCRJVML-UHFFFAOYSA-N,KIDHWZJUCRJVML,KIDHWZJUCRJVML-UHFFFAOYSA-N,unknown,false,105,72,50,70,1361
connectivity,TUNFSRHWOTWDNC,TUNFSRHWOTWDNC-UHFFFAOYSA-N,TUNFSRHWOTWDNC,TUNFSRHWOTWDNC-UHFFFAOYSA-N,unknown,false,396,266,167,284,4729
connectivity,TWNIBLMWSKIRAT,TWNIBLMWSKIRAT-VFUOTHLCSA-N,TWNIBLMWSKIRAT,TWNIBLMWSKIRAT-VFUOTHLCSA-N,unknown,false,13,5,5,9,166
connectivity,DZGWFCGJZKJUFP,DZGWFCGJZKJUFP-UHFFFAOYSA-N,DZGWFCGJZKJUFP,DZGWFCGJZKJUFP-UHFFFAOYSA-N,unknown,false,146,79,38,86,1963
connectivity,UDMBCSSLTHHNCD,UDMBCSSLTHHNCD-KQYNXXCUSA-N,UDMBCSSLTHHNCD,UDMBCSSLTHHNCD-KQYNXXCUSA-N,unknown,false,32,29,30,29,303
connectivity,SBJKKFFYIZUCET,,SBJKKFFYIZUCET,SBJKKFFYIZUCET-UHFFFAOYSA-N;SBJKKFFYIZUCET-JLAZNSOCSA-N,unknown,false,22,15,15,16,262
connectivity,AHLPHDHHMVZTML,AHLPHDHHMVZTML-UHFFFAOYSA-N,AHLPHDHHMVZTML,AHLPHDHHMVZTML-UHFFFAOYSA-N,unknown,false,57,39,32,38,673
connectivity,PCMORTLOPMLEFB,,PCMORTLOPMLEFB,PCMORTLOPMLEFB-ONEGZZNKSA-N;PCMORTLOPMLEFB-ARJAWSKDSA-N;PCMORTLOPMLEFB-UHFFFAOYSA-N,unknown,false,121,73,34,104,2546
connectivity,AVXURJPOCDRRFD,AVXURJPOCDRRFD-UHFFFAOYSA-N,AVXURJPOCDRRFD,AVXURJPOCDRRFD-UHFFFAOYSA-N,unknown,false,12,5,4,8,130
connectivity,JRLGPAXAGHMNOL,JRLGPAXAGHMNOL-LURJTMIESA-N,JRLGPAXAGHMNOL,JRLGPAXAGHMNOL-LURJTMIESA-N,unknown,false,6,6,6,6,66
connectivity,DMCPFOBLJMLSNX,DMCPFOBLJMLSNX-UHFFFAOYSA-N,DMCPFOBLJMLSNX,DMCPFOBLJMLSNX-UHFFFAOYSA-N,unknown,false,16,10,5,21,372
connectivity,ODKSFYDXXFIFQN,,ODKSFYDXXFIFQN,ODKSFYDXXFIFQN-UHFFFAOYSA-N;ODKSFYDXXFIFQN-BYPYZUCNSA-N,unknown,false,171,126,85,94,1954
connectivity,VZCCETWTMQHEPK,VZCCETWTMQHEPK-QNEBEIHSSA-N,VZCCETWTMQHEPK,VZCCETWTMQHEPK-QNEBEIHSSA-N,unknown,false,153,79,50,42,1837
connectivity,FFFHZYDWPBMWHY,FFFHZYDWPBMWHY-UHFFFAOYSA-N,FFFHZYDWPBMWHY,FFFHZYDWPBMWHY-UHFFFAOYSA-N,unknown,false,4,4,4,14,145
connectivity,UKAUYVFTDYCKQA,,UKAUYVFTDYCKQA,UKAUYVFTDYCKQA-UHFFFAOYSA-N;UKAUYVFTDYCKQA-VKHMYHEASA-N,unknown,false,22,14,14,21,282
connectivity,ISAKRJDGNUQOIC,ISAKRJDGNUQOIC-UHFFFAOYSA-N,ISAKRJDGNUQOIC,ISAKRJDGNUQOIC-UHFFFAOYSA-N,unknown,false,96,81,65,89,1266
connectivity,DTOSIQBPPRVQHS,,DTOSIQBPPRVQHS,DTOSIQBPPRVQHS-PDBXOOCHSA-N;DTOSIQBPPRVQHS-IUQGRGSQSA-N,unknown,false,478,298,141,250,7386
connectivity,UCUNFLYVYCGDHP,UCUNFLYVYCGDHP-BYPYZUCNSA-N,UCUNFLYVYCGDHP,UCUNFLYVYCGDHP-BYPYZUCNSA-N,unknown,false,3,3,3,3,39
connectivity,OSELKOCHBMDKEJ,,OSELKOCHBMDKEJ,OSELKOCHBMDKEJ-SISSHIJISA-N;OSELKOCHBMDKEJ-JUGJNGJRSA-N;OSELKOCHBMDKEJ-WGMIZEQOSA-N,unknown,false,205,136,87,139,3121
connectivity,LGJMUZUPVCAVPU,LGJMUZUPVCAVPU-HRJGVYIJSA-N,LGJMUZUPVCAVPU,LGJMUZUPVCAVPU-HRJGVYIJSA-N,unknown,false,108,81,61,80,959
connectivity,OILXMJHPFNGGTO,OILXMJHPFNGGTO-ZAUYPBDWSA-N,OILXMJHPFNGGTO,OILXMJHPFNGGTO-ZAUYPBDWSA-N,unknown,false,161,120,99,96,1511
connectivity,IJSLGIMUXIRGLK,IJSLGIMUXIRGLK-UNOJTMJMSA-N,IJSLGIMUXIRGLK,IJSLGIMUXIRGLK-UNOJTMJMSA-N,unknown,false,24,19,17,20,274
connectivity,ARYTXMNEANMLMU,ARYTXMNEANMLMU-ATEDBJNTSA-N,ARYTXMNEANMLMU,ARYTXMNEANMLMU-ATEDBJNTSA-N,unknown,false,44,38,36,36,428
connectivity,FIGVVZUWCLSUEI,FIGVVZUWCLSUEI-UHFFFAOYSA-N,FIGVVZUWCLSUEI,FIGVVZUWCLSUEI-UHFFFAOYSA-N,unknown,false,95,65,44,61,1003
connectivity,ODBLHEXUDAPZAU,ODBLHEXUDAPZAU-UHFFFAOYSA-N,ODBLHEXUDAPZAU,ODBLHEXUDAPZAU-UHFFFAOYSA-N,unknown,false,24,23,25,23,270
connectivity,GTZCVFVGUGFEME,,GTZCVFVGUGFEME,GTZCVFVGUGFEME-IWQZZHSRSA-N;GTZCVFVGUGFEME-UHFFFAOYSA-N;GTZCVFVGUGFEME-HNQUOIGGSA-N,unknown,false,41,28,21,29,614
connectivity,XUJNEKJLAYXESH,,XUJNEKJLAYXESH,XUJNEKJLAYXESH-UHFFFAOYSA-N;XUJNEKJLAYXESH-REOHCLBHSA-N;XUJNEKJLAYXESH-UWTATZPHSA-N,unknown,false,38,31,24,35,686
connectivity,HOWGUJZVBDQJKV,HOWGUJZVBDQJKV-UHFFFAOYSA-N,HOWGUJZVBDQJKV,HOWGUJZVBDQJKV-UHFFFAOYSA-N,unknown,false,83,59,43,54,871
connectivity,ZJTJUVIJVLLGSP,ZJTJUVIJVLLGSP-UHFFFAOYSA-N,ZJTJUVIJVLLGSP,ZJTJUVIJVLLGSP-UHFFFAOYSA-N,unknown,false,10,10,12,10,128
connectivity,QAIPRVGONGVQAS,,QAIPRVGONGVQAS,QAIPRVGONGVQAS-DUXPYHPUSA-N;QAIPRVGONGVQAS-UHFFFAOYSA-N,unknown,false,927,431,137,703,17048
connectivity,SUHOOTKUPISOBE,SUHOOTKUPISOBE-UHFFFAOYSA-N,SUHOOTKUPISOBE,SUHOOTKUPISOBE-UHFFFAOYSA-N,unknown,false,13,13,13,15,186
connectivity,AGPKZVBTJJNPAG,AGPKZVBTJJNPAG-WHFBIAKZSA-N,AGPKZVBTJJNPAG,AGPKZVBTJJNPAG-WHFBIAKZSA-N,unknown,false,129,99,72,70,1482
connectivity,BOTWFXYSPFMFNR,BOTWFXYSPFMFNR-PYDDKJGSSA-N,BOTWFXYSPFMFNR,BOTWFXYSPFMFNR-PYDDKJGSSA-N,unknown,false,400,265,117,284,3969
connectivity,LEVWYRKDKASIDU,LEVWYRKDKASIDU-IMJSIDKUSA-N,LEVWYRKDKASIDU,LEVWYRKDKASIDU-IMJSIDKUSA-N,unknown,false,34,28,24,25,597
connectivity,AAWZDTNXLSGCEK,,AAWZDTNXLSGCEK,AAWZDTNXLSGCEK-LNVDRNJUSA-N;AAWZDTNXLSGCEK-WYWMIBKRSA-N,unknown,false,60,41,30,45,748
connectivity,SNRUBQQJIBEYMU,SNRUBQQJIBEYMU-UHFFFAOYSA-N,SNRUBQQJIBEYMU,SNRUBQQJIBEYMU-UHFFFAOYSA-N,unknown,false,81,54,43,54,841
connectivity,QZAYGJVTTNCVMB,QZAYGJVTTNCVMB-UHFFFAOYSA-N,QZAYGJVTTNCVMB,QZAYGJVTTNCVMB-UHFFFAOYSA-N,inactive,true,40,32,34,41,569
connectivity,ZYURHZPYMFLWSH,ZYURHZPYMFLWSH-UHFFFAOYSA-N,ZYURHZPYMFLWSH,ZYURHZPYMFLWSH-UHFFFAOYSA-N,unknown,false,86,59,44,57,937
connectivity,BJQWYEJQWHSSCJ,BJQWYEJQWHSSCJ-UHFFFAOYSA-N,BJQWYEJQWHSSCJ,BJQWYEJQWHSSCJ-UHFFFAOYSA-N,unknown,false,141,82,51,81,1570
connectivity,TYFQFVWCELRYAO,TYFQFVWCELRYAO-UHFFFAOYSA-N,TYFQFVWCELRYAO,TYFQFVWCELRYAO-UHFFFAOYSA-N,unknown,false,18,16,16,22,267
connectivity,UBQKCCHYAOITMY,UBQKCCHYAOITMY-UHFFFAOYSA-N,UBQKCCHYAOITMY,UBQKCCHYAOITMY-UHFFFAOYSA-N,unknown,false,18,11,10,12,209
connectivity,QIVBCDIJIAJPQS,,QIVBCDIJIAJPQS,QIVBCDIJIAJPQS-UHFFFAOYSA-N;QIVBCDIJIAJPQS-VIFPVBQESA-N,unknown,false,166,129,97,121,1968
connectivity,UYUXSRADSPPKRZ,UYUXSRADSPPKRZ-SKNVOMKLSA-N,UYUXSRADSPPKRZ,UYUXSRADSPPKRZ-SKNVOMKLSA-N,unknown,false,4,5,4,5,37
connectivity,PHOQVHQSTUBQQK,PHOQVHQSTUBQQK-SQOUGZDYSA-N,PHOQVHQSTUBQQK,PHOQVHQSTUBQQK-SQOUGZDYSA-N,unknown,false,17,9,10,10,191
connectivity,XFNJVJPLKCPIBV,XFNJVJPLKCPIBV-UHFFFAOYSA-N,XFNJVJPLKCPIBV,XFNJVJPLKCPIBV-UHFFFAOYSA-N,unknown,false,11,11,9,10,101
connectivity,VQHSOMBJVWLPSR,VQHSOMBJVWLPSR-WUJBLJFYSA-N,VQHSOMBJVWLPSR,VQHSOMBJVWLPSR-WUJBLJFYSA-N,unknown,false,9,2,2,3,98
connectivity,BXRLWGXPSRYJDZ,BXRLWGXPSRYJDZ-VKHMYHEASA-N,BXRLWGXPSRYJDZ,BXRLWGXPSRYJDZ-VKHMYHEASA-N,unknown,false,16,8,8,10,173
connectivity,FNAZRRHPUDJQCJ,FNAZRRHPUDJQCJ-UHFFFAOYSA-N,FNAZRRHPUDJQCJ,FNAZRRHPUDJQCJ-UHFFFAOYSA-N,unknown,false,74,55,38,51,841
connectivity,HEBKCHPVOIAQTA,,HEBKCHPVOIAQTA,HEBKCHPVOIAQTA-ZXFHETKHSA-N;HEBKCHPVOIAQTA-SCDXWVJYSA-N,unknown,false,70,43,38,50,772
connectivity,IGGUPRCHHJZPBS,IGGUPRCHHJZPBS-UHFFFAOYSA-N,IGGUPRCHHJZPBS,IGGUPRCHHJZPBS-UHFFFAOYSA-N,unknown,false,168,104,61,111,2046
connectivity,APJYDQYYACXCRM,APJYDQYYACXCRM-UHFFFAOYSA-N,APJYDQYYACXCRM,APJYDQYYACXCRM-UHFFFAOYSA-N,unknown,false,66,44,32,53,909
connectivity,HNDVDQJCIGZPNO,,HNDVDQJCIGZPNO,HNDVDQJCIGZPNO-UHFFFAOYSA-N;HNDVDQJCIGZPNO-YFKPBYRVSA-N,unknown,false,135,110,78,80,1940
connectivity,YCCMTCQQDULIFE,YCCMTCQQDULIFE-UHFFFAOYSA-N,YCCMTCQQDULIFE,YCCMTCQQDULIFE-UHFFFAOYSA-N,unknown,false,4,4,4,4,44
connectivity,FJKROLUGYXJWQN,FJKROLUGYXJWQN-UHFFFAOYSA-N,FJKROLUGYXJWQN,FJKROLUGYXJWQN-UHFFFAOYSA-N,unknown,false,609,339,142,496,8837
connectivity,LNTHITQWFMADLM,LNTHITQWFMADLM-UHFFFAOYSA-N,LNTHITQWFMADLM,LNTHITQWFMADLM-UHFFFAOYSA-N,inactive,true,610,298,111,587,10888
connectivity,REFJWTPEDVJJIY,REFJWTPEDVJJIY-UHFFFAOYSA-N,REFJWTPEDVJJIY,REFJWTPEDVJJIY-UHFFFAOYSA-N,unknown,false,2056,737,176,1332,30544
connectivity,KSEBMYQBYZTDHS,,KSEBMYQBYZTDHS,KSEBMYQBYZTDHS-UHFFFAOYSA-N;KSEBMYQBYZTDHS-HWKANZROSA-N,unknown,false,612,351,123,557,12771
connectivity,KZNIFHPLKGYRTM,KZNIFHPLKGYRTM-UHFFFAOYSA-N,KZNIFHPLKGYRTM,KZNIFHPLKGYRTM-UHFFFAOYSA-N,unknown,false,1158,503,143,813,17471
connectivity,IQPNAANSBPBGFQ,IQPNAANSBPBGFQ-UHFFFAOYSA-N,IQPNAANSBPBGFQ,IQPNAANSBPBGFQ-UHFFFAOYSA-N,inactive,true,1306,526,129,836,19935
connectivity,SBHXYTNGIZCORC,SBHXYTNGIZCORC-ZDUSSCGKSA-N,SBHXYTNGIZCORC,SBHXYTNGIZCORC-ZDUSSCGKSA-N,unknown,false,228,133,52,163,2515
connectivity,FTVWIRXFELQLPI,,FTVWIRXFELQLPI,FTVWIRXFELQLPI-ZDUSSCGKSA-N;FTVWIRXFELQLPI-UHFFFAOYSA-N,unknown,false,399,199,76,287,5159
connectivity,WXTMDXOMEHJXQO,WXTMDXOMEHJXQO-UHFFFAOYSA-N,WXTMDXOMEHJXQO,WXTMDXOMEHJXQO-UHFFFAOYSA-N,unknown,false,109,68,36,62,1441
connectivity,NGSWKAQJJWESNS,,NGSWKAQJJWESNS,NGSWKAQJJWESNS-ZZXKWVIFSA-N;NGSWKAQJJWESNS-UHFFFAOYSA-N,unknown,false,698,394,140,585,14197
connectivity,JMSVCTWVEWCHDZ,JMSVCTWVEWCHDZ-UHFFFAOYSA-N,JMSVCTWVEWCHDZ,JMSVCTWVEWCHDZ-UHFFFAOYSA-N,unknown,false,282,187,82,210,4374
connectivity,WKOLLVMJNQIZCI,WKOLLVMJNQIZCI-UHFFFAOYSA-N,WKOLLVMJNQIZCI,WKOLLVMJNQIZCI-UHFFFAOYSA-N,unknown,false,521,329,123,454,8152
connectivity,IYRMWMYZSQPJKC,IYRMWMYZSQPJKC-UHFFFAOYSA-N,IYRMWMYZSQPJKC,IYRMWMYZSQPJKC-UHFFFAOYSA-N,unknown,false,1413,563,159,847,20762
connectivity,XZTRGHMNLXAJPZ,XZTRGHMNLXAJPZ-DGBSRBSYSA-N,XZTRGHMNLXAJPZ,XZTRGHMNLXAJPZ-DGBSRBSYSA-N,unknown,false,2,2,2,2,32
connectivity,JPUKWEQWGBDDQB,,JPUKWEQWGBDDQB,JPUKWEQWGBDDQB-QSOFNFLRSA-N;JPUKWEQWGBDDQB-UHFFFAOYSA-N,unknown,false,1114,454,148,724,15073
connectivity,IKMDFBPHZNJCSN,IKMDFBPHZNJCSN-UHFFFAOYSA-N,IKMDFBPHZNJCSN,IKMDFBPHZNJCSN-UHFFFAOYSA-N,unknown,false,517,179,84,229,8199
connectivity,OVSQVDMCBVZWGM,,OVSQVDMCBVZWGM,OVSQVDMCBVZWGM-LVWULRLVSA-N;OVSQVDMCBVZWGM-QSOFNFLRSA-N;OVSQVDMCBVZWGM-DTGCRPNFSA-N,inactive;unknown,true,1932,711,167,1296,32022
connectivity,PEFASEPMJYRQBW,,PEFASEPMJYRQBW,PEFASEPMJYRQBW-HKWQTAEVSA-N;PEFASEPMJYRQBW-DQNJWZGDSA-N,unknown,false,43,22,10,40,564
connectivity,IKGXIBQEEMLURG,,IKGXIBQEEMLURG,IKGXIBQEEMLURG-NVPNHPEKSA-N;IKGXIBQEEMLURG-UHFFFAOYSA-N,unknown,false,1392,576,147,1007,19055
connectivity,FNTJVYCFNVUBOL,,FNTJVYCFNVUBOL,FNTJVYCFNVUBOL-ZUGPOPFOSA-N;FNTJVYCFNVUBOL-UHFFFAOYSA-N,unknown,false,29,21,16,28,303
connectivity,DUBCCGAQYVUYEU,DUBCCGAQYVUYEU-ZUGPOPFOSA-N,DUBCCGAQYVUYEU,DUBCCGAQYVUYEU-ZUGPOPFOSA-N,unknown,false,153,82,35,120,2165
connectivity,OPJZLUXFQFQYAI,OPJZLUXFQFQYAI-GNPVFZCLSA-N,OPJZLUXFQFQYAI,OPJZLUXFQFQYAI-GNPVFZCLSA-N,unknown,false,44,35,25,37,319
connectivity,AIONOLUJZLIMTK,AIONOLUJZLIMTK-AWEZNQCLSA-N,AIONOLUJZLIMTK,AIONOLUJZLIMTK-AWEZNQCLSA-N,unknown,false,85,45,19,36,1319
connectivity,SGEWCQFRYRRZDC,SGEWCQFRYRRZDC-VPRICQMDSA-N,SGEWCQFRYRRZDC,SGEWCQFRYRRZDC-VPRICQMDSA-N,unknown,false,379,180,76,270,4962
connectivity,HFGSQOYIOKBQOW,HFGSQOYIOKBQOW-ZSDYHTTISA-N,HFGSQOYIOKBQOW,HFGSQOYIOKBQOW-ZSDYHTTISA-N,unknown,false,161,89,42,143,1886
connectivity,WCGUUGGRBIKTOS,,WCGUUGGRBIKTOS,WCGUUGGRBIKTOS-GPOJBZKASA-N;WCGUUGGRBIKTOS-XHINXETDSA-N;WCGUUGGRBIKTOS-UHFFFAOYSA-N,unknown,false,968,454,127,853,11306
connectivity,RXGUTQNKCXHALN,RXGUTQNKCXHALN-BJMVGYQFSA-N,RXGUTQNKCXHALN,RXGUTQNKCXHALN-BJMVGYQFSA-N,unknown,false,75,45,21,54,1476
connectivity,NPJICTMALKLTFW,NPJICTMALKLTFW-OFUAXYCQSA-N,NPJICTMALKLTFW,NPJICTMALKLTFW-OFUAXYCQSA-N,unknown,false,1518,744,185,1215,18297
connectivity,DUEINKIQNGZKPL,DUEINKIQNGZKPL-VYJAJWGXSA-N,DUEINKIQNGZKPL,DUEINKIQNGZKPL-VYJAJWGXSA-N,unknown,false,27,17,8,23,266
connectivity,ZDTVOKFHNGKTNZ,ZDTVOKFHNGKTNZ-UHFFFAOYSA-N,ZDTVOKFHNGKTNZ,ZDTVOKFHNGKTNZ-UHFFFAOYSA-N,unknown,false,2,1,1,1,12
connectivity,XVAVQANUJQBBFF,XVAVQANUJQBBFF-FUHWJXTLSA-N,XVAVQANUJQBBFF,XVAVQANUJQBBFF-FUHWJXTLSA-N,unknown,false,4,3,2,3,29
connectivity,LEHOTFFKMJEONL,LEHOTFFKMJEONL-UHFFFAOYSA-N,LEHOTFFKMJEONL,LEHOTFFKMJEONL-UHFFFAOYSA-N,unknown,false,22,13,12,18,271
connectivity,SRBFZHDQGSBBOR,SRBFZHDQGSBBOR-SQOUGZDYSA-N,SRBFZHDQGSBBOR,SRBFZHDQGSBBOR-SQOUGZDYSA-N,unknown,false,59,50,34,47,837
connectivity,QQGLQYQXUKHWPX,,QQGLQYQXUKHWPX,QQGLQYQXUKHWPX-UHFFFAOYSA-N;QQGLQYQXUKHWPX-UNSIAWGWSA-N,unknown,false,34,15,6,24,647
connectivity,ZJUKTBDSGOFHSH,,ZJUKTBDSGOFHSH,ZJUKTBDSGOFHSH-XSTWQCECSA-N;ZJUKTBDSGOFHSH-UHFFFAOYSA-N,unknown,false,10,10,10,24,267
connectivity,AYFVYJQAPQTCCC,AYFVYJQAPQTCCC-GBXIJSLDSA-N,AYFVYJQAPQTCCC,AYFVYJQAPQTCCC-GBXIJSLDSA-N,unknown,false,145,109,78,81,1583
connectivity,NBSCHQHZLSJFNQ,,NBSCHQHZLSJFNQ,NBSCHQHZLSJFNQ-FPRJBGLDSA-N;NBSCHQHZLSJFNQ-UHFFFAOYSA-N,unknown,false,14,11,10,14,171
connectivity,RGHNJXZEOKUKBD,,RGHNJXZEOKUKBD,RGHNJXZEOKUKBD-UHFFFAOYSA-N;RGHNJXZEOKUKBD-MGCNEYSASA-N;RGHNJXZEOKUKBD-SQOUGZDYSA-N,unknown,false,27,19,20,29,476
connectivity,RFSUNEUAIZKAJO,RFSUNEUAIZKAJO-KVTDHHQDSA-N,RFSUNEUAIZKAJO,RFSUNEUAIZKAJO-KVTDHHQDSA-N,unknown,false,7,8,7,7,84
connectivity,PEDCQBHIVMGVHV,PEDCQBHIVMGVHV-UHFFFAOYSA-N,PEDCQBHIVMGVHV,PEDCQBHIVMGVHV-UHFFFAOYSA-N,unknown,false,59,49,40,61,755
connectivity,AEMOLEFTQBMNLQ,,AEMOLEFTQBMNLQ,AEMOLEFTQBMNLQ-DTEWXJGMSA-N;AEMOLEFTQBMNLQ-YMDCURPLSA-N,unknown,false,40,32,25,28,471
connectivity,RWSXRVCMGQZWBV,RWSXRVCMGQZWBV-WDSKDSINSA-N,RWSXRVCMGQZWBV,RWSXRVCMGQZWBV-WDSKDSINSA-N,unknown,false,25,22,19,19,267
connectivity,DLRVVLDZNNYCBX,,DLRVVLDZNNYCBX,DLRVVLDZNNYCBX-LDGFZSKTSA-N;DLRVVLDZNNYCBX-RTPHMHGBSA-N;DLRVVLDZNNYCBX-ABXHMFFYSA-N,unknown,false,47,30,25,32,521
connectivity,IAJILQKETJEXLJ,IAJILQKETJEXLJ-RSJOWCBRSA-N,IAJILQKETJEXLJ,IAJILQKETJEXLJ-RSJOWCBRSA-N,unknown,false,17,17,14,14,219
connectivity,VFRROHXSMXFLSN,VFRROHXSMXFLSN-KVTDHHQDSA-N,VFRROHXSMXFLSN,VFRROHXSMXFLSN-KVTDHHQDSA-N,unknown,false,4,4,4,5,38
connectivity,GUBGYTABKSRVRQ,,GUBGYTABKSRVRQ,GUBGYTABKSRVRQ-YOLKTULGSA-N;GUBGYTABKSRVRQ-QKKXKWKRSA-N;GUBGYTABKSRVRQ-CUHNMECISA-N;GUBGYTABKSRVRQ-PICCSMPSSA-N,unknown,false,87,73,59,77,1234
connectivity,NMPZCCZXCOMSDQ,NMPZCCZXCOMSDQ-XVFCMESISA-N,NMPZCCZXCOMSDQ,NMPZCCZXCOMSDQ-XVFCMESISA-N,unknown,false,2,2,2,2,30
connectivity,FEWJPZIEWOKRBE,,FEWJPZIEWOKRBE,FEWJPZIEWOKRBE-JCYAYHJZSA-N;FEWJPZIEWOKRBE-UHFFFAOYSA-N,unknown,false,29,29,24,30,304
connectivity,NCMVOABPESMRCP,,NCMVOABPESMRCP,NCMVOABPESMRCP-UHFFFAOYSA-N;NCMVOABPESMRCP-SHYZEUOFSA-N,unknown,false,7,7,7,7,57
connectivity,DEFJQIDDEAULHB,DEFJQIDDEAULHB-IMJSIDKUSA-N,DEFJQIDDEAULHB,DEFJQIDDEAULHB-IMJSIDKUSA-N,unknown,false,16,5,5,6,164
connectivity,GYOZYWVXFNDGLU,GYOZYWVXFNDGLU-XLPZGREQSA-N,GYOZYWVXFNDGLU,GYOZYWVXFNDGLU-XLPZGREQSA-N,unknown,false,6,6,6,7,53
connectivity,XUYPXLNMDZIRQH,XUYPXLNMDZIRQH-LURJTMIESA-N,XUYPXLNMDZIRQH,XUYPXLNMDZIRQH-LURJTMIESA-N,unknown,false,6,6,6,7,60
connectivity,CDOJPCSDOXYJJF,CDOJPCSDOXYJJF-CBTAGEKQSA-N,CDOJPCSDOXYJJF,CDOJPCSDOXYJJF-CBTAGEKQSA-N,unknown,false,7,7,8,8,77
connectivity,MDCTVRUPVLZSPG,MDCTVRUPVLZSPG-BQBZGAKWSA-N,MDCTVRUPVLZSPG,MDCTVRUPVLZSPG-BQBZGAKWSA-N,unknown,false,1,1,1,1,16
connectivity,GKHCBYYBLTXYEV,GKHCBYYBLTXYEV-UJPOAAIJSA-N,GKHCBYYBLTXYEV,GKHCBYYBLTXYEV-UJPOAAIJSA-N,unknown,false,111,77,35,92,1130
connectivity,AMBQHHVBBHTQBF,AMBQHHVBBHTQBF-UOUCRYGSSA-N,AMBQHHVBBHTQBF,AMBQHHVBBHTQBF-UOUCRYGSSA-N,unknown,false,157,67,23,119,2517
connectivity,WNLRTRBMVRJNCN,WNLRTRBMVRJNCN-UHFFFAOYSA-N,WNLRTRBMVRJNCN,WNLRTRBMVRJNCN-UHFFFAOYSA-N,unknown,false,12,11,10,14,158
connectivity,BOPGDPNILDQYTO,BOPGDPNILDQYTO-NNYOXOHSSA-N,BOPGDPNILDQYTO,BOPGDPNILDQYTO-NNYOXOHSSA-N,unknown,false,6,6,6,7,59
connectivity,HJCMDXDYPOUFDY,HJCMDXDYPOUFDY-WHFBIAKZSA-N,HJCMDXDYPOUFDY,HJCMDXDYPOUFDY-WHFBIAKZSA-N,unknown,false,1,1,1,1,16
connectivity,JZDHUJAFXGNDSB,JZDHUJAFXGNDSB-WHFBIAKZSA-N,JZDHUJAFXGNDSB,JZDHUJAFXGNDSB-WHFBIAKZSA-N,unknown,false,1,1,1,1,16
connectivity,QGWNDRXFNXRZMB,QGWNDRXFNXRZMB-UUOKFMHZSA-N,QGWNDRXFNXRZMB,QGWNDRXFNXRZMB-UUOKFMHZSA-N,unknown,false,5,5,5,6,59
connectivity,UGQMRVRMYYASKQ,UGQMRVRMYYASKQ-KQYNXXCUSA-N,UGQMRVRMYYASKQ,UGQMRVRMYYASKQ-KQYNXXCUSA-N,unknown,false,55,38,40,41,517
connectivity,GHOKWGTUZJEAQD,,GHOKWGTUZJEAQD,GHOKWGTUZJEAQD-UHFFFAOYSA-N;GHOKWGTUZJEAQD-ZETCQYMHSA-N,unknown,false,16,16,16,18,188
connectivity,JVGVDSSUAVXRDY,JVGVDSSUAVXRDY-UHFFFAOYSA-N,JVGVDSSUAVXRDY,JVGVDSSUAVXRDY-UHFFFAOYSA-N,unknown,false,10,10,9,10,82
connectivity,DSLZVSRJTYRBFB,,DSLZVSRJTYRBFB,DSLZVSRJTYRBFB-LLEIAEIESA-N;DSLZVSRJTYRBFB-DUHBMQHGSA-N,unknown,false,17,9,9,14,344
connectivity,BTNMPGBKDVTSJY,BTNMPGBKDVTSJY-UHFFFAOYSA-N,BTNMPGBKDVTSJY,BTNMPGBKDVTSJY-UHFFFAOYSA-N,unknown,false,6,6,7,8,88
connectivity,XFTRTWQBIOMVPK,,XFTRTWQBIOMVPK,XFTRTWQBIOMVPK-RXMQYKEDSA-N;XFTRTWQBIOMVPK-UHFFFAOYSA-N,unknown,false,18,10,10,14,222
connectivity,UASRYODFRYWBRC,UASRYODFRYWBRC-UUOKFMHZSA-N,UASRYODFRYWBRC,UASRYODFRYWBRC-UUOKFMHZSA-N,unknown,false,3,3,3,3,38
connectivity,UOOOPKANIPLQPU,UOOOPKANIPLQPU-XVFCMESISA-N,UOOOPKANIPLQPU,UOOOPKANIPLQPU-XVFCMESISA-N,unknown,false,5,5,5,5,51
connectivity,STTYIMSDIYISRG,STTYIMSDIYISRG-WDSKDSINSA-N,STTYIMSDIYISRG,STTYIMSDIYISRG-WDSKDSINSA-N,unknown,false,1,1,1,1,16
connectivity,XJLXINKUBYWONI,XJLXINKUBYWONI-NNYOXOHSSA-N,XJLXINKUBYWONI,XJLXINKUBYWONI-NNYOXOHSSA-N,unknown,false,5,5,5,5,52
connectivity,VWWQXMAJTJZDQX,VWWQXMAJTJZDQX-UYBVJOGSSA-N,VWWQXMAJTJZDQX,VWWQXMAJTJZDQX-UYBVJOGSSA-N,unknown,false,8,8,9,9,77
connectivity,RQFCJASXJCIDSX,RQFCJASXJCIDSX-UUOKFMHZSA-N,RQFCJASXJCIDSX,RQFCJASXJCIDSX-UUOKFMHZSA-N,unknown,false,17,16,16,18,175
connectivity,UBORTCNDUKBEOP,UBORTCNDUKBEOP-UUOKFMHZSA-N,UBORTCNDUKBEOP,UBORTCNDUKBEOP-UUOKFMHZSA-N,unknown,false,17,12,13,17,217
connectivity,KOSRFJWDECSPRO,KOSRFJWDECSPRO-WDSKDSINSA-N,KOSRFJWDECSPRO,KOSRFJWDECSPRO-WDSKDSINSA-N,unknown,false,3,3,3,3,36
connectivity,HSPSXROIMXIJQW,HSPSXROIMXIJQW-BQBZGAKWSA-N,HSPSXROIMXIJQW,HSPSXROIMXIJQW-BQBZGAKWSA-N,unknown,false,1,1,1,1,16
connectivity,KFKWRHQBZQICHA,KFKWRHQBZQICHA-STQMWFEESA-N,KFKWRHQBZQICHA,KFKWRHQBZQICHA-STQMWFEESA-N,unknown,false,2,2,2,2,22
connectivity,NUCLJNSWZCHRKL,NUCLJNSWZCHRKL-UHFFFAOYSA-N,NUCLJNSWZCHRKL,NUCLJNSWZCHRKL-UHFFFAOYSA-N,unknown,false,6,6,6,8,86
connectivity,IQFYYKKMVGJFEH,IQFYYKKMVGJFEH-XLPZGREQSA-N,IQFYYKKMVGJFEH,IQFYYKKMVGJFEH-XLPZGREQSA-N,unknown,false,53,45,43,49,560
connectivity,UHDGCWIWMRVCDJ,UHDGCWIWMRVCDJ-XVFCMESISA-N,UHDGCWIWMRVCDJ,UHDGCWIWMRVCDJ-XVFCMESISA-N,unknown,false,24,16,16,19,289
connectivity,FVTCRASFADXXNN,FVTCRASFADXXNN-SCRDCRAPSA-N,FVTCRASFADXXNN,FVTCRASFADXXNN-SCRDCRAPSA-N,unknown,false,5,5,5,6,67
connectivity,PWKSKIMOESPYIA,PWKSKIMOESPYIA-BYPYZUCNSA-N,PWKSKIMOESPYIA,PWKSKIMOESPYIA-BYPYZUCNSA-N,unknown,false,6,5,5,6,62
connectivity,DJJCXFVJDGTHFX,,DJJCXFVJDGTHFX,DJJCXFVJDGTHFX-XVFCMESISA-N;DJJCXFVJDGTHFX-VXUIKNBNSA-N,unknown,false,18,16,18,21,217
connectivity,FYSSBMZUBSBFJL,FYSSBMZUBSBFJL-UHFFFAOYSA-N,FYSSBMZUBSBFJL,FYSSBMZUBSBFJL-UHFFFAOYSA-N,unknown,false,4,4,4,4,40
connectivity,XAEWTDMGFGHWFK,XAEWTDMGFGHWFK-IMJSIDKUSA-N,XAEWTDMGFGHWFK,XAEWTDMGFGHWFK-IMJSIDKUSA-N,unknown,false,2,2,2,2,22
connectivity,IRLPACMLTUPBCL,,IRLPACMLTUPBCL,IRLPACMLTUPBCL-KQYNXXCUSA-N;IRLPACMLTUPBCL-WDHZHIADSA-N,unknown,false,6,6,6,8,79
connectivity,XTWYTFMLZFPYCI,XTWYTFMLZFPYCI-KQYNXXCUSA-N,XTWYTFMLZFPYCI,XTWYTFMLZFPYCI-KQYNXXCUSA-N,unknown,false,7,7,8,10,85
connectivity,DRTQHJPVMGBUCF,DRTQHJPVMGBUCF-XVFCMESISA-N,DRTQHJPVMGBUCF,DRTQHJPVMGBUCF-XVFCMESISA-N,unknown,false,94,79,69,82,1147
connectivity,DZTHIGRZJZPRDV,DZTHIGRZJZPRDV-UHFFFAOYSA-N,DZTHIGRZJZPRDV,DZTHIGRZJZPRDV-UHFFFAOYSA-N,unknown,false,6,5,5,4,46
connectivity,IERHLVCPSMICTF,IERHLVCPSMICTF-XVFCMESISA-N,IERHLVCPSMICTF,IERHLVCPSMICTF-XVFCMESISA-N,unknown,false,10,9,9,9,85
connectivity,WVIMUEUQJFPNDK,WVIMUEUQJFPNDK-PEBGCTIMSA-N,WVIMUEUQJFPNDK,WVIMUEUQJFPNDK-PEBGCTIMSA-N,unknown,false,5,5,5,6,58
connectivity,OWBTYPJTUOEWEK,OWBTYPJTUOEWEK-UHFFFAOYSA-N,OWBTYPJTUOEWEK,OWBTYPJTUOEWEK-UHFFFAOYSA-N,unknown,false,6,6,6,6,61
connectivity,HHLFWLYXYJOTON,HHLFWLYXYJOTON-UHFFFAOYSA-N,HHLFWLYXYJOTON,HHLFWLYXYJOTON-UHFFFAOYSA-N,unknown,false,6,6,5,7,56
connectivity,GHVNFZFCNZKVNT,GHVNFZFCNZKVNT-UHFFFAOYSA-N,GHVNFZFCNZKVNT,GHVNFZFCNZKVNT-UHFFFAOYSA-N,unknown,false,137,102,56,99,1532
connectivity,MPCAJMNYNOGXPB,MPCAJMNYNOGXPB-SLPGGIOYSA-N,MPCAJMNYNOGXPB,MPCAJMNYNOGXPB-SLPGGIOYSA-N,unknown,false,6,4,4,5,57
connectivity,XSXIVVZCUAHUJO,XSXIVVZCUAHUJO-UHFFFAOYSA-N,XSXIVVZCUAHUJO,XSXIVVZCUAHUJO-UHFFFAOYSA-N,unknown,false,3,3,3,3,44
connectivity,BDLLSHRIFPDGQB,BDLLSHRIFPDGQB-AATRIKPKSA-N,BDLLSHRIFPDGQB,BDLLSHRIFPDGQB-AATRIKPKSA-N,unknown,false,4,4,4,4,48
connectivity,QXKHYNVANLEOEG,QXKHYNVANLEOEG-UHFFFAOYSA-N,QXKHYNVANLEOEG,QXKHYNVANLEOEG-UHFFFAOYSA-N,unknown,false,150,82,7,201,3759
connectivity,FUZZWVXGSFPDMH,FUZZWVXGSFPDMH-UHFFFAOYSA-N,FUZZWVXGSFPDMH,FUZZWVXGSFPDMH-UHFFFAOYSA-N,unknown,false,71,58,42,56,842
connectivity,XNGIFLGASWRNHJ,XNGIFLGASWRNHJ-UHFFFAOYSA-N,XNGIFLGASWRNHJ,XNGIFLGASWRNHJ-UHFFFAOYSA-N,unknown,false,16,13,13,15,201
connectivity,RRUDCFGSUDOHDG,RRUDCFGSUDOHDG-UHFFFAOYSA-N,RRUDCFGSUDOHDG,RRUDCFGSUDOHDG-UHFFFAOYSA-N,unknown,false,2,2,2,2,31
connectivity,LRQKBLKVPFOOQJ,LRQKBLKVPFOOQJ-YFKPBYRVSA-N,LRQKBLKVPFOOQJ,LRQKBLKVPFOOQJ-YFKPBYRVSA-N,unknown,false,6,6,6,6,70
connectivity,AXFYFNCPONWUHW,AXFYFNCPONWUHW-UHFFFAOYSA-N,AXFYFNCPONWUHW,AXFYFNCPONWUHW-UHFFFAOYSA-N,unknown,false,5,5,6,6,82
connectivity,ZIYVHBGGAOATLY,ZIYVHBGGAOATLY-UHFFFAOYSA-N,ZIYVHBGGAOATLY,ZIYVHBGGAOATLY-UHFFFAOYSA-N,unknown,false,4,4,4,6,78
connectivity,VKOBVWXKNCXXDE,VKOBVWXKNCXXDE-UHFFFAOYSA-N,VKOBVWXKNCXXDE,VKOBVWXKNCXXDE-UHFFFAOYSA-N,unknown,false,266,155,88,140,2906
connectivity,HIWPGCMGAMJNRG,HIWPGCMGAMJNRG-RTPHMHGBSA-N,HIWPGCMGAMJNRG,HIWPGCMGAMJNRG-RTPHMHGBSA-N,unknown,false,12,11,10,9,88
connectivity,YPFDHNVEDLHUCE,YPFDHNVEDLHUCE-UHFFFAOYSA-N,YPFDHNVEDLHUCE,YPFDHNVEDLHUCE-UHFFFAOYSA-N,unknown,false,2,2,2,2,32
connectivity,BXWNKGSJHAJOGX,BXWNKGSJHAJOGX-UHFFFAOYSA-N,BXWNKGSJHAJOGX,BXWNKGSJHAJOGX-UHFFFAOYSA-N,unknown,false,44,35,22,31,504
connectivity,MWKFXSUHUHTGQN,MWKFXSUHUHTGQN-UHFFFAOYSA-N,MWKFXSUHUHTGQN,MWKFXSUHUHTGQN-UHFFFAOYSA-N,unknown,false,52,35,18,37,576
connectivity,YIWUKEYIRIRTPP,YIWUKEYIRIRTPP-UHFFFAOYSA-N,YIWUKEYIRIRTPP,YIWUKEYIRIRTPP-UHFFFAOYSA-N,unknown,false,23,18,15,21,284
connectivity,WVDDGKGOMKODPV,WVDDGKGOMKODPV-UHFFFAOYSA-N,WVDDGKGOMKODPV,WVDDGKGOMKODPV-UHFFFAOYSA-N,unknown,false,149,109,64,110,1914
connectivity,FBPFZTCFMRRESA,,FBPFZTCFMRRESA,FBPFZTCFMRRESA-JGWLITMVSA-N;FBPFZTCFMRRESA-KVTDHHQDSA-N,unknown,false,286,186,101,195,3675
connectivity,WZNJWVWKTVETCG,WZNJWVWKTVETCG-YFKPBYRVSA-N,WZNJWVWKTVETCG,WZNJWVWKTVETCG-YFKPBYRVSA-N,unknown,false,5,4,2,7,123
connectivity,NPOAOTPXWNWTSH,NPOAOTPXWNWTSH-UHFFFAOYSA-N,NPOAOTPXWNWTSH,NPOAOTPXWNWTSH-UHFFFAOYSA-N,unknown,false,17,9,8,12,218
connectivity,SNDPXSYFESPGGJ,SNDPXSYFESPGGJ-UHFFFAOYSA-N,SNDPXSYFESPGGJ,SNDPXSYFESPGGJ-UHFFFAOYSA-N,unknown,false,6,7,7,6,59
connectivity,POULHZVOKOAJMA,POULHZVOKOAJMA-UHFFFAOYSA-N,POULHZVOKOAJMA,POULHZVOKOAJMA-UHFFFAOYSA-N,unknown,false,209,152,91,158,2561
connectivity,IZQSVPBOUDKVDZ,IZQSVPBOUDKVDZ-UHFFFAOYSA-N,IZQSVPBOUDKVDZ,IZQSVPBOUDKVDZ-UHFFFAOYSA-N,unknown,false,436,233,69,282,6037
connectivity,CWVRJTMFETXNAD,,CWVRJTMFETXNAD,CWVRJTMFETXNAD-JUHZACGLSA-N;CWVRJTMFETXNAD-NXLLHMKUSA-N,inactive;unknown,true,856,354,101,652,15963
connectivity,PLAPMLGJVGLZOV,PLAPMLGJVGLZOV-VPRICQMDSA-N,PLAPMLGJVGLZOV,PLAPMLGJVGLZOV-VPRICQMDSA-N,unknown,false,239,120,54,172,2704
connectivity,XHCADAYNFIFUHF,XHCADAYNFIFUHF-TVKJYDDYSA-N,XHCADAYNFIFUHF,XHCADAYNFIFUHF-TVKJYDDYSA-N,unknown,false,64,36,24,57,944
connectivity,MYXNWGACZJSMBT,MYXNWGACZJSMBT-VJXVFPJBSA-N,MYXNWGACZJSMBT,MYXNWGACZJSMBT-VJXVFPJBSA-N,unknown,false,364,163,66,225,4516
connectivity,ODBRNZZJSYPIDI,ODBRNZZJSYPIDI-VJXVFPJBSA-N,ODBRNZZJSYPIDI,ODBRNZZJSYPIDI-VJXVFPJBSA-N,unknown,false,314,127,53,195,3979
connectivity,FKIYLTVJPDLUDL,FKIYLTVJPDLUDL-ANCDJDCVSA-N,FKIYLTVJPDLUDL,FKIYLTVJPDLUDL-ANCDJDCVSA-N,unknown,false,90,50,19,56,773
connectivity,PEFNSGRTCBGNAN,,PEFNSGRTCBGNAN,PEFNSGRTCBGNAN-QNDFHXLGSA-N;PEFNSGRTCBGNAN-UHFFFAOYSA-N,unknown,false,749,316,88,540,8753
connectivity,ILEDWLMCKZNDJK,ILEDWLMCKZNDJK-UHFFFAOYSA-N,ILEDWLMCKZNDJK,ILEDWLMCKZNDJK-UHFFFAOYSA-N,unknown,false,223,94,33,153,3105
connectivity,FIAAVMJLAGNUKW,FIAAVMJLAGNUKW-VQVVXJKKSA-N,FIAAVMJLAGNUKW,FIAAVMJLAGNUKW-VQVVXJKKSA-N,unknown,false,184,98,43,129,2087
connectivity,AUKMHZZVLPQAOX,,AUKMHZZVLPQAOX,AUKMHZZVLPQAOX-UHFFFAOYSA-N;AUKMHZZVLPQAOX-CDNFTCFOSA-N,unknown,false,24,16,9,23,434
connectivity,QPUYECUOLPXSFR,QPUYECUOLPXSFR-UHFFFAOYSA-N,QPUYECUOLPXSFR,QPUYECUOLPXSFR-UHFFFAOYSA-N,unknown,false,7,7,6,7,102
connectivity,AJKVQEKCUACUMD,AJKVQEKCUACUMD-UHFFFAOYSA-N,AJKVQEKCUACUMD,AJKVQEKCUACUMD-UHFFFAOYSA-N,unknown,false,5,3,3,3,54
connectivity,YOMSJEATGXXYPX,YOMSJEATGXXYPX-UHFFFAOYSA-N,YOMSJEATGXXYPX,YOMSJEATGXXYPX-UHFFFAOYSA-N,unknown,false,38,29,18,30,463
connectivity,UHOVQNZJYSORNB,UHOVQNZJYSORNB-UHFFFAOYSA-N,UHOVQNZJYSORNB,UHOVQNZJYSORNB-UHFFFAOYSA-N,unknown,false,17,10,9,9,162
connectivity,VSMOENVRRABVKN,VSMOENVRRABVKN-UHFFFAOYSA-N,VSMOENVRRABVKN,VSMOENVRRABVKN-UHFFFAOYSA-N,unknown,false,223,102,37,170,2501
connectivity,ZWRUINPWMLAQRD,ZWRUINPWMLAQRD-UHFFFAOYSA-N,ZWRUINPWMLAQRD,ZWRUINPWMLAQRD-UHFFFAOYSA-N,unknown,false,53,37,28,42,659
connectivity,QPRQEDXDYOZYLA,QPRQEDXDYOZYLA-UHFFFAOYSA-N,QPRQEDXDYOZYLA,QPRQEDXDYOZYLA-UHFFFAOYSA-N,unknown,false,22,21,19,22,301
connectivity,PHTQWCKDNZKARW,PHTQWCKDNZKARW-UHFFFAOYSA-N,PHTQWCKDNZKARW,PHTQWCKDNZKARW-UHFFFAOYSA-N,unknown,false,58,47,40,48,667
connectivity,QIMMUPPBPVKWKM,QIMMUPPBPVKWKM-UHFFFAOYSA-N,QIMMUPPBPVKWKM,QIMMUPPBPVKWKM-UHFFFAOYSA-N,unknown,false,8,7,6,8,122
connectivity,CTQNGGLPUBDAKN,CTQNGGLPUBDAKN-UHFFFAOYSA-N,CTQNGGLPUBDAKN,CTQNGGLPUBDAKN-UHFFFAOYSA-N,unknown,false,18,16,12,14,230
connectivity,HYBBIBNJHNGZAN,HYBBIBNJHNGZAN-UHFFFAOYSA-N,HYBBIBNJHNGZAN,HYBBIBNJHNGZAN-UHFFFAOYSA-N,unknown,false,53,43,35,48,656
connectivity,DTUQWGWMVIHBKE,DTUQWGWMVIHBKE-UHFFFAOYSA-N,DTUQWGWMVIHBKE,DTUQWGWMVIHBKE-UHFFFAOYSA-N,unknown,false,107,78,50,77,1250
connectivity,HUMNYLRZRPPJDN,HUMNYLRZRPPJDN-UHFFFAOYSA-N,HUMNYLRZRPPJDN,HUMNYLRZRPPJDN-UHFFFAOYSA-N,unknown,false,221,130,65,165,2860
connectivity,WUOACPNHFRMFPN,WUOACPNHFRMFPN-UHFFFAOYSA-N,WUOACPNHFRMFPN,WUOACPNHFRMFPN-UHFFFAOYSA-N,unknown,false,815,304,94,675,10989
connectivity,ZSIAUFGUXNUGDI,ZSIAUFGUXNUGDI-UHFFFAOYSA-N,ZSIAUFGUXNUGDI,ZSIAUFGUXNUGDI-UHFFFAOYSA-N,unknown,false,175,111,56,115,2216
connectivity,YVBAUDVGOFCUSG,YVBAUDVGOFCUSG-UHFFFAOYSA-N,YVBAUDVGOFCUSG,YVBAUDVGOFCUSG-UHFFFAOYSA-N,unknown,false,50,40,21,44,608
connectivity,NMRPBPVERJPACX,NMRPBPVERJPACX-UHFFFAOYSA-N,NMRPBPVERJPACX,NMRPBPVERJPACX-UHFFFAOYSA-N,unknown,false,134,66,25,85,1439
connectivity,YKFLAYDHMOASIY,YKFLAYDHMOASIY-UHFFFAOYSA-N,YKFLAYDHMOASIY,YKFLAYDHMOASIY-UHFFFAOYSA-N,unknown,false,642,227,60,578,9452
connectivity,HFPZCAJZSCWRBC,HFPZCAJZSCWRBC-UHFFFAOYSA-N,HFPZCAJZSCWRBC,HFPZCAJZSCWRBC-UHFFFAOYSA-N,unknown,false,815,279,60,713,11719
connectivity,BSKHPKMHTQYZBB,BSKHPKMHTQYZBB-UHFFFAOYSA-N,BSKHPKMHTQYZBB,BSKHPKMHTQYZBB-UHFFFAOYSA-N,unknown,false,7,5,5,5,86
connectivity,QNLZIZAQLLYXTC,QNLZIZAQLLYXTC-UHFFFAOYSA-N,QNLZIZAQLLYXTC,QNLZIZAQLLYXTC-UHFFFAOYSA-N,unknown,false,2,2,2,2,32
connectivity,NTSLROIKFLNUIJ,NTSLROIKFLNUIJ-UHFFFAOYSA-N,NTSLROIKFLNUIJ,NTSLROIKFLNUIJ-UHFFFAOYSA-N,unknown,false,4,3,3,3,44
connectivity,UFWIBTONFRDIAS,UFWIBTONFRDIAS-UHFFFAOYSA-N,UFWIBTONFRDIAS,UFWIBTONFRDIAS-UHFFFAOYSA-N,unknown,false,74,44,27,45,905
connectivity,JUJWROOIHBZHMG,JUJWROOIHBZHMG-UHFFFAOYSA-N,JUJWROOIHBZHMG,JUJWROOIHBZHMG-UHFFFAOYSA-N,unknown,false,21,17,13,15,233
connectivity,KBPLFHHGFOOTCA,KBPLFHHGFOOTCA-UHFFFAOYSA-N,KBPLFHHGFOOTCA,KBPLFHHGFOOTCA-UHFFFAOYSA-N,unknown,false,124,82,40,100,1452
connectivity,MOMFXATYAINJML,MOMFXATYAINJML-UHFFFAOYSA-N,MOMFXATYAINJML,MOMFXATYAINJML-UHFFFAOYSA-N,unknown,false,1,1,1,1,16
connectivity,YXFVVABEGXRONW,YXFVVABEGXRONW-UHFFFAOYSA-N,YXFVVABEGXRONW,YXFVVABEGXRONW-UHFFFAOYSA-N,unknown,false,36,34,24,33,448
connectivity,XMGQYMWWDOXHJM,,XMGQYMWWDOXHJM,XMGQYMWWDOXHJM-UHFFFAOYSA-N;XMGQYMWWDOXHJM-JTQLQIEISA-N,unknown,false,1087,392,108,965,15604
connectivity,FXEIWOUGVRUQNK,FXEIWOUGVRUQNK-UHFFFAOYSA-N,FXEIWOUGVRUQNK,FXEIWOUGVRUQNK-UHFFFAOYSA-N,unknown,false,23,19,14,19,245
connectivity,XNLICIUVMPYHGG,XNLICIUVMPYHGG-UHFFFAOYSA-N,XNLICIUVMPYHGG,XNLICIUVMPYHGG-UHFFFAOYSA-N,unknown,false,19,13,13,13,178
connectivity,AMIMRNSIRUDHCM,AMIMRNSIRUDHCM-UHFFFAOYSA-N,AMIMRNSIRUDHCM,AMIMRNSIRUDHCM-UHFFFAOYSA-N,unknown,false,14,13,11,12,182
connectivity,XSIFPSYPOVKYCO,XSIFPSYPOVKYCO-UHFFFAOYSA-N,XSIFPSYPOVKYCO,XSIFPSYPOVKYCO-UHFFFAOYSA-N,unknown,false,3,3,3,4,64
connectivity,SYBYTAAJFKOIEJ,SYBYTAAJFKOIEJ-UHFFFAOYSA-N,SYBYTAAJFKOIEJ,SYBYTAAJFKOIEJ-UHFFFAOYSA-N,unknown,false,5,5,6,5,70
connectivity,RMZHSBMIZBMVMN,RMZHSBMIZBMVMN-UHFFFAOYSA-N,RMZHSBMIZBMVMN,RMZHSBMIZBMVMN-UHFFFAOYSA-N,unknown,false,24,20,13,21,223
connectivity,YYZUSRORWSJGET,YYZUSRORWSJGET-UHFFFAOYSA-N,YYZUSRORWSJGET,YYZUSRORWSJGET-UHFFFAOYSA-N,unknown,false,23,19,14,19,297
connectivity,JOZKFWLRHCDGJA,JOZKFWLRHCDGJA-UHFFFAOYSA-N,JOZKFWLRHCDGJA,JOZKFWLRHCDGJA-UHFFFAOYSA-N,unknown,false,75,42,22,56,920
connectivity,WFRBDWRZVBPBDO,WFRBDWRZVBPBDO-UHFFFAOYSA-N,WFRBDWRZVBPBDO,WFRBDWRZVBPBDO-UHFFFAOYSA-N,unknown,false,1,1,1,1,14
connectivity,RPRPDTXKGSIXMD,RPRPDTXKGSIXMD-UHFFFAOYSA-N,RPRPDTXKGSIXMD,RPRPDTXKGSIXMD-UHFFFAOYSA-N,unknown,false,5,5,5,5,64
connectivity,SESFRYSPDFLNCH,SESFRYSPDFLNCH-UHFFFAOYSA-N,SESFRYSPDFLNCH,SESFRYSPDFLNCH-UHFFFAOYSA-N,unknown,false,87,52,30,71,1079
connectivity,ZXEKIIBDNHEJCQ,ZXEKIIBDNHEJCQ-UHFFFAOYSA-N,ZXEKIIBDNHEJCQ,ZXEKIIBDNHEJCQ-UHFFFAOYSA-N,unknown,false,26,21,19,22,272
connectivity,SHZIWNPUGXLXDT,SHZIWNPUGXLXDT-UHFFFAOYSA-N,SHZIWNPUGXLXDT,SHZIWNPUGXLXDT-UHFFFAOYSA-N,unknown,false,30,22,16,25,348
connectivity,QUKGYYKBILRGFE,QUKGYYKBILRGFE-UHFFFAOYSA-N,QUKGYYKBILRGFE,QUKGYYKBILRGFE-UHFFFAOYSA-N,unknown,false,25,20,18,23,333
connectivity,WHBMMWSBFZVSSR,WHBMMWSBFZVSSR-UHFFFAOYSA-N,WHBMMWSBFZVSSR,WHBMMWSBFZVSSR-UHFFFAOYSA-N,unknown,false,17,16,18,20,202
connectivity,OSWPMRLSEDHDFF,OSWPMRLSEDHDFF-UHFFFAOYSA-N,OSWPMRLSEDHDFF,OSWPMRLSEDHDFF-UHFFFAOYSA-N,unknown,false,84,62,35,72,1140
connectivity,HPMGFDVTYHWBAG,HPMGFDVTYHWBAG-UHFFFAOYSA-N,HPMGFDVTYHWBAG,HPMGFDVTYHWBAG-UHFFFAOYSA-N,unknown,false,3,3,3,3,35
connectivity,XAPCMTMQBXLDBB,XAPCMTMQBXLDBB-UHFFFAOYSA-N,XAPCMTMQBXLDBB,XAPCMTMQBXLDBB-UHFFFAOYSA-N,unknown,false,27,16,14,19,266
connectivity,VONGZNXBKCOUHB,VONGZNXBKCOUHB-UHFFFAOYSA-N,VONGZNXBKCOUHB,VONGZNXBKCOUHB-UHFFFAOYSA-N,unknown,false,4,3,3,4,56
connectivity,HLZKNKRTKFSKGZ,HLZKNKRTKFSKGZ-UHFFFAOYSA-N,HLZKNKRTKFSKGZ,HLZKNKRTKFSKGZ-UHFFFAOYSA-N,unknown,false,29,23,16,23,323
connectivity,FERIUCNNQQJTOY,FERIUCNNQQJTOY-UHFFFAOYSA-N,FERIUCNNQQJTOY,FERIUCNNQQJTOY-UHFFFAOYSA-N,unknown,false,56,44,33,43,617
connectivity,BXOURKNXQXLKRK,BXOURKNXQXLKRK-UHFFFAOYSA-N,BXOURKNXQXLKRK,BXOURKNXQXLKRK-UHFFFAOYSA-N,unknown,false,22,17,13,18,216
connectivity,QPJVMBTYPHYUOC,QPJVMBTYPHYUOC-UHFFFAOYSA-N,QPJVMBTYPHYUOC,QPJVMBTYPHYUOC-UHFFFAOYSA-N,unknown,false,46,34,28,42,589
connectivity,LFQSCWFLJHTTHZ,LFQSCWFLJHTTHZ-UHFFFAOYSA-N,LFQSCWFLJHTTHZ,LFQSCWFLJHTTHZ-UHFFFAOYSA-N,unknown,false,86,53,35,57,878
connectivity,NCDCLPBOMHPFCV,NCDCLPBOMHPFCV-UHFFFAOYSA-N,NCDCLPBOMHPFCV,NCDCLPBOMHPFCV-UHFFFAOYSA-N,unknown,false,18,14,12,15,167
connectivity,NVEQFIOZRFFVFW,NVEQFIOZRFFVFW-RGCMKSIDSA-N,NVEQFIOZRFFVFW,NVEQFIOZRFFVFW-RGCMKSIDSA-N,unknown,false,648,272,60,498,7860
connectivity,CDOSHBSSFJOMGT,,CDOSHBSSFJOMGT,CDOSHBSSFJOMGT-UHFFFAOYSA-N;CDOSHBSSFJOMGT-JTQLQIEISA-N,unknown,false,839,328,106,769,12069
connectivity,HIGQPQRQIQDZMP,,HIGQPQRQIQDZMP,HIGQPQRQIQDZMP-DHZHZOJOSA-N;HIGQPQRQIQDZMP-FLIBITNWSA-N,unknown,false,218,105,33,195,3698
connectivity,ZYEMGPIYFIJGTP,ZYEMGPIYFIJGTP-UHFFFAOYSA-N,ZYEMGPIYFIJGTP,ZYEMGPIYFIJGTP-UHFFFAOYSA-N,unknown,false,205,98,40,184,2954
connectivity,VLXDPFLIRFYIME,,VLXDPFLIRFYIME,VLXDPFLIRFYIME-LUGNKYPNSA-N;VLXDPFLIRFYIME-UHFFFAOYSA-N,unknown,false,527,221,69,382,5672
connectivity,HGBOYTHUEUWSSQ,HGBOYTHUEUWSSQ-UHFFFAOYSA-N,HGBOYTHUEUWSSQ,HGBOYTHUEUWSSQ-UHFFFAOYSA-N,unknown,false,34,27,20,26,361
connectivity,OBNCKNCVKJNDBV,OBNCKNCVKJNDBV-UHFFFAOYSA-N,OBNCKNCVKJNDBV,OBNCKNCVKJNDBV-UHFFFAOYSA-N,unknown,false,36,27,18,31,418
connectivity,YOVSPTNQHMDJAG,YOVSPTNQHMDJAG-QLFBSQMISA-N,YOVSPTNQHMDJAG,YOVSPTNQHMDJAG-QLFBSQMISA-N,unknown,false,257,140,44,201,2940
connectivity,ZTQSAGDEMFDKMZ,ZTQSAGDEMFDKMZ-UHFFFAOYSA-N,ZTQSAGDEMFDKMZ,ZTQSAGDEMFDKMZ-UHFFFAOYSA-N,unknown,false,15,14,11,11,127
connectivity,MBNGWHIJMBWFHU,MBNGWHIJMBWFHU-UHFFFAOYSA-N,MBNGWHIJMBWFHU,MBNGWHIJMBWFHU-UHFFFAOYSA-N,unknown,false,122,60,23,78,1650
connectivity,KZMACGJDUUWFCH,,KZMACGJDUUWFCH,KZMACGJDUUWFCH-UHFFFAOYSA-O;KZMACGJDUUWFCH-UHFFFAOYSA-N,unknown,false,24,9,7,10,502
connectivity,JKHRCGUTYDNCLE,,JKHRCGUTYDNCLE,JKHRCGUTYDNCLE-UHFFFAOYSA-N;JKHRCGUTYDNCLE-UHFFFAOYSA-O,unknown,false,92,36,23,32,1886
connectivity,AFOLOMGWVXKIQL,,AFOLOMGWVXKIQL,AFOLOMGWVXKIQL-UHFFFAOYSA-O;AFOLOMGWVXKIQL-UHFFFAOYSA-N,unknown,false,8,6,6,9,146
connectivity,VEVZSMAEJFVWIL,VEVZSMAEJFVWIL-UHFFFAOYSA-O,VEVZSMAEJFVWIL,VEVZSMAEJFVWIL-UHFFFAOYSA-O,unknown,false,191,65,29,40,2230
connectivity,OTUCXMIQUNROBJ,,OTUCXMIQUNROBJ,OTUCXMIQUNROBJ-KFGMVVDJSA-N;OTUCXMIQUNROBJ-JFNZIVIESA-N;OTUCXMIQUNROBJ-NVPNHPEKSA-N,unknown,false,50,34,20,37,474
connectivity,LCAWNFIFMLXZPQ,LCAWNFIFMLXZPQ-UHFFFAOYSA-N,LCAWNFIFMLXZPQ,LCAWNFIFMLXZPQ-UHFFFAOYSA-N,unknown,false,60,17,6,25,1206
connectivity,GMYLPJSOUAYAGD,,GMYLPJSOUAYAGD,GMYLPJSOUAYAGD-UGFNMZIJSA-N;GMYLPJSOUAYAGD-HNBDPNOXSA-N,unknown,false,3,3,3,4,49
connectivity,AYMYWHCQALZEGT,AYMYWHCQALZEGT-ORCRQEGFSA-N,AYMYWHCQALZEGT,AYMYWHCQALZEGT-ORCRQEGFSA-N,unknown,false,102,32,6,36,1300
connectivity,DDELFAUOHDSZJL,,DDELFAUOHDSZJL,DDELFAUOHDSZJL-KINVIYQBSA-N;DDELFAUOHDSZJL-CPGGTDLHSA-N;DDELFAUOHDSZJL-CDYXAEBYSA-N,unknown,false,7,6,4,8,146
connectivity,JYXSWDCPHRTYGU,,JYXSWDCPHRTYGU,JYXSWDCPHRTYGU-UHFFFAOYSA-N;JYXSWDCPHRTYGU-RVCYDTIBSA-N;JYXSWDCPHRTYGU-VYARGGPUSA-N;JYXSWDCPHRTYGU-HMZYCSBUSA-N;JYXSWDCPHRTYGU-QHWHWDPRSA-N,unknown,false,62,46,26,53,675
connectivity,OUMMPAFEQHTYIZ,OUMMPAFEQHTYIZ-UHFFFAOYSA-N,OUMMPAFEQHTYIZ,OUMMPAFEQHTYIZ-UHFFFAOYSA-N,unknown,false,7,6,3,6,82
connectivity,UNWFAGYVJIJZNQ,UNWFAGYVJIJZNQ-KINVIYQBSA-N,UNWFAGYVJIJZNQ,UNWFAGYVJIJZNQ-KINVIYQBSA-N,unknown,false,1,1,1,1,14
connectivity,PVFGJHYLIHMCQD,PVFGJHYLIHMCQD-UHFFFAOYSA-N,PVFGJHYLIHMCQD,PVFGJHYLIHMCQD-UHFFFAOYSA-N,unknown,false,51,17,4,18,784
connectivity,QBFLREGYLMFMCL,,QBFLREGYLMFMCL,QBFLREGYLMFMCL-UHFFFAOYSA-N;QBFLREGYLMFMCL-JRENHNFXSA-N;QBFLREGYLMFMCL-DAYMEKKUSA-N,unknown,false,1,1,1,2,28
connectivity,YPWHZCPMOQGCDQ,YPWHZCPMOQGCDQ-CXWQUDHASA-N,YPWHZCPMOQGCDQ,YPWHZCPMOQGCDQ-CXWQUDHASA-N,unknown,false,132,86,41,98,1300
connectivity,VRYSUGWFYFXWLB,VRYSUGWFYFXWLB-UHFFFAOYSA-N,VRYSUGWFYFXWLB,VRYSUGWFYFXWLB-UHFFFAOYSA-N,unknown,false,1,1,1,3,48
connectivity,WSHSQJSPOLYHLM,WSHSQJSPOLYHLM-YMILTQATSA-N,WSHSQJSPOLYHLM,WSHSQJSPOLYHLM-YMILTQATSA-N,unknown,false,67,45,22,51,419
connectivity,DNDNWOWHUWNBCK,,DNDNWOWHUWNBCK,DNDNWOWHUWNBCK-UHFFFAOYSA-N;DNDNWOWHUWNBCK-NMIPTCLMSA-N;DNDNWOWHUWNBCK-JZYAIQKZSA-N;DNDNWOWHUWNBCK-PIAXYHQTSA-N,unknown,false,45,14,5,41,1779
connectivity,GMMLNKINDDUDCF,,GMMLNKINDDUDCF,GMMLNKINDDUDCF-UHFFFAOYSA-N;GMMLNKINDDUDCF-BYNGITTOSA-N,unknown,false,33,12,1,18,491
connectivity,SUHOQUVVVLNYQR,,SUHOQUVVVLNYQR,SUHOQUVVVLNYQR-MRVPVSSYSA-N;SUHOQUVVVLNYQR-MRVPVSSYSA-O,unknown,false,9,9,9,10,113
connectivity,PKKMITFKYRCCOL,,PKKMITFKYRCCOL,PKKMITFKYRCCOL-UHFFFAOYSA-N;PKKMITFKYRCCOL-CMZRPVNOSA-N,unknown,false,21,9,4,29,789
connectivity,WWNNZCOKKKDOPX,WWNNZCOKKKDOPX-UHFFFAOYSA-N,WWNNZCOKKKDOPX,WWNNZCOKKKDOPX-UHFFFAOYSA-N,unknown,false,109,72,27,47,1812
connectivity,GPMDJOOLATZDQL,,GPMDJOOLATZDQL,GPMDJOOLATZDQL-OTNWBXTQSA-N;GPMDJOOLATZDQL-UHFFFAOYSA-N,unknown,false,1,1,1,4,64
connectivity,MCTZMXCUYPDYNE,,MCTZMXCUYPDYNE,MCTZMXCUYPDYNE-AHHFARBASA-N;MCTZMXCUYPDYNE-NLRXNYMUSA-N,unknown,false,8,6,6,9,122
connectivity,MBLYALXOUBKFNE,MBLYALXOUBKFNE-QBEDIBAASA-N,MBLYALXOUBKFNE,MBLYALXOUBKFNE-QBEDIBAASA-N,unknown,false,17,12,9,7,140
connectivity,OOGAQHVYHLPICD,OOGAQHVYHLPICD-UHFFFAOYSA-N,OOGAQHVYHLPICD,OOGAQHVYHLPICD-UHFFFAOYSA-N,unknown,false,6,4,1,6,131
connectivity,ZLSPFPMOZWBGKH,ZLSPFPMOZWBGKH-UHFFFAOYSA-O,ZLSPFPMOZWBGKH,ZLSPFPMOZWBGKH-UHFFFAOYSA-O,unknown,false,1,1,1,2,32
connectivity,OIRDTQYFTABQOQ,,OIRDTQYFTABQOQ,OIRDTQYFTABQOQ-KQYNXXCUSA-N;OIRDTQYFTABQOQ-SXVXDFOESA-N,unknown,false,195,137,105,180,2442
connectivity,HUJXHFRXWWGYQH,HUJXHFRXWWGYQH-UHFFFAOYSA-O,HUJXHFRXWWGYQH,HUJXHFRXWWGYQH-UHFFFAOYSA-O,unknown,false,11,6,2,16,467
connectivity,OXGUCUVFOIWWQJ,,OXGUCUVFOIWWQJ,OXGUCUVFOIWWQJ-HQBVPOQASA-N;OXGUCUVFOIWWQJ-XIMSSLRFSA-N,unknown,false,872,390,125,640,12251
connectivity,PFTAWBLQPZVEMU,,PFTAWBLQPZVEMU,PFTAWBLQPZVEMU-UKRRQHHQSA-N;PFTAWBLQPZVEMU-UHFFFAOYSA-N;PFTAWBLQPZVEMU-DZGCQCFKSA-N,inactive;unknown,true,937,420,133,911,26530
connectivity,SGTCGCCQZOUMJJ,SGTCGCCQZOUMJJ-YMILTQATSA-N,SGTCGCCQZOUMJJ,SGTCGCCQZOUMJJ-YMILTQATSA-N,unknown,false,102,61,29,84,1224
connectivity,BCRXKWOQVFKZAG,BCRXKWOQVFKZAG-UHFFFAOYSA-N,BCRXKWOQVFKZAG,BCRXKWOQVFKZAG-UHFFFAOYSA-N,unknown,false,5,3,2,8,216
connectivity,ZMPGJEYFRZCHQC,ZMPGJEYFRZCHQC-UHFFFAOYSA-N,ZMPGJEYFRZCHQC,ZMPGJEYFRZCHQC-UHFFFAOYSA-N,unknown,false,1,1,1,2,32
connectivity,IIAGSABLXRZUSE,,IIAGSABLXRZUSE,IIAGSABLXRZUSE-UHFFFAOYSA-N;IIAGSABLXRZUSE-UFRBAHOGSA-N;IIAGSABLXRZUSE-KYKLFQSUSA-N,unknown,false,18,9,4,16,484
connectivity,XGRYRNQISNOEGY,XGRYRNQISNOEGY-UHFFFAOYSA-N,XGRYRNQISNOEGY,XGRYRNQISNOEGY-UHFFFAOYSA-N,unknown,false,2,2,1,4,56
connectivity,PHYYADMVYQURSX,PHYYADMVYQURSX-UHFFFAOYSA-N,PHYYADMVYQURSX,PHYYADMVYQURSX-UHFFFAOYSA-N,unknown,false,34,11,2,17,463
connectivity,AKIHYQWCLCDMMI,AKIHYQWCLCDMMI-VMPITWQZSA-N,AKIHYQWCLCDMMI,AKIHYQWCLCDMMI-VMPITWQZSA-N,unknown,false,4,3,3,6,150
connectivity,BAPAICNRGIBFJT,BAPAICNRGIBFJT-UHFFFAOYSA-O,BAPAICNRGIBFJT,BAPAICNRGIBFJT-UHFFFAOYSA-O,unknown,false,1,1,1,2,32
connectivity,UKFVKXGKUQLPDS,,UKFVKXGKUQLPDS,UKFVKXGKUQLPDS-ONEGZZNKSA-N;UKFVKXGKUQLPDS-NWALNABHSA-N,unknown,false,1,1,1,2,24
connectivity,XFZJEEAOWLFHDH,,XFZJEEAOWLFHDH,XFZJEEAOWLFHDH-NFJBMHMQSA-N;XFZJEEAOWLFHDH-VUGKQVTMSA-N;XFZJEEAOWLFHDH-UKWJTHFESA-N;XFZJEEAOWLFHDH-AVFWISQGSA-N,active;unknown,true,232,144,73,226,5808
connectivity,TWBYWOBDOCUKOW,TWBYWOBDOCUKOW-UHFFFAOYSA-N,TWBYWOBDOCUKOW,TWBYWOBDOCUKOW-UHFFFAOYSA-N,unknown,false,3,3,4,3,43
connectivity,XRKBRPFTFKKHEF,,XRKBRPFTFKKHEF,XRKBRPFTFKKHEF-DGDBGZAXSA-N;XRKBRPFTFKKHEF-UHFFFAOYSA-N;XRKBRPFTFKKHEF-ONEGZZNKSA-N,unknown,false,13,10,6,18,218
connectivity,MEFPHTVXBPLRLX,,MEFPHTVXBPLRLX,MEFPHTVXBPLRLX-KHXSHCKASA-N;MEFPHTVXBPLRLX-CBEPRAPJSA-N,unknown,false,8,5,2,5,115
connectivity,DKJLSDXXOAIWNM,DKJLSDXXOAIWNM-IOSLPCCCSA-N,DKJLSDXXOAIWNM,DKJLSDXXOAIWNM-IOSLPCCCSA-N,unknown,false,1,1,1,1,16
connectivity,CQLRUIIRRZYHHS,CQLRUIIRRZYHHS-LFXZADKFSA-N,CQLRUIIRRZYHHS,CQLRUIIRRZYHHS-LFXZADKFSA-N,unknown,false,178,111,46,146,1729
connectivity,GKUMMDFLKGFCKH,,GKUMMDFLKGFCKH,GKUMMDFLKGFCKH-UHFFFAOYSA-N;GKUMMDFLKGFCKH-AHMUMSBHSA-N,unknown,false,24,8,1,13,348
connectivity,HUCGRJSHMZWRQQ,,HUCGRJSHMZWRQQ,HUCGRJSHMZWRQQ-UHFFFAOYSA-N;HUCGRJSHMZWRQQ-PWGYDFSISA-N;HUCGRJSHMZWRQQ-GZKRSOGLSA-N,unknown,false,12,6,1,10,234
connectivity,LQZALQLZOQQFGM,,LQZALQLZOQQFGM,LQZALQLZOQQFGM-UHFFFAOYSA-N;LQZALQLZOQQFGM-MMLSCURJSA-N;LQZALQLZOQQFGM-PWVGEXOGSA-N,unknown,false,1,1,1,5,72
connectivity,UWQOGHWNWIJMNI,UWQOGHWNWIJMNI-PYTIZSGZSA-N,UWQOGHWNWIJMNI,UWQOGHWNWIJMNI-PYTIZSGZSA-N,unknown,false,3,3,2,3,37
connectivity,NEJKEXUJCSYMCC,,NEJKEXUJCSYMCC,NEJKEXUJCSYMCC-NUBQEMHQSA-N;NEJKEXUJCSYMCC-UHFFFAOYSA-N,unknown,false,16,11,9,14,196
connectivity,UXXAEVMOIUAYQT,UXXAEVMOIUAYQT-BDOJHUBJSA-N,UXXAEVMOIUAYQT,UXXAEVMOIUAYQT-BDOJHUBJSA-N,unknown,false,13,13,8,12,114
connectivity,UQZIYBXSHAGNOE,,UQZIYBXSHAGNOE,UQZIYBXSHAGNOE-XNSRJBNMSA-N;UQZIYBXSHAGNOE-JWLFEUNLSA-N,unknown,false,35,30,18,26,981
connectivity,BJHIKXHVCXFQLS,BJHIKXHVCXFQLS-UYFOZJQFSA-N,BJHIKXHVCXFQLS,BJHIKXHVCXFQLS-UYFOZJQFSA-N,unknown,false,160,116,68,97,1901
connectivity,GZCGUPFRVQAUEE,,GZCGUPFRVQAUEE,GZCGUPFRVQAUEE-SLPGGIOYSA-N;GZCGUPFRVQAUEE-KCDKBNATSA-N;GZCGUPFRVQAUEE-KVTDHHQDSA-N,unknown,false,229,166,90,159,3195
connectivity,LKDRXBCSQODPBY,LKDRXBCSQODPBY-VRPWFDPXSA-N,LKDRXBCSQODPBY,LKDRXBCSQODPBY-VRPWFDPXSA-N,unknown,false,144,102,61,85,1784
connectivity,FLUADVWHMHPUCG,FLUADVWHMHPUCG-SWPIJASHSA-N,FLUADVWHMHPUCG,FLUADVWHMHPUCG-SWPIJASHSA-N,unknown,false,18,14,4,7,282
connectivity,DSCFFEYYQKSRSV,DSCFFEYYQKSRSV-FEPQRWDDSA-N,DSCFFEYYQKSRSV,DSCFFEYYQKSRSV-FEPQRWDDSA-N,unknown,false,159,94,37,119,2026
connectivity,ATDWJHOSZLOQDJ,,ATDWJHOSZLOQDJ,ATDWJHOSZLOQDJ-LMKXGGCJSA-N;ATDWJHOSZLOQDJ-UHFFFAOYSA-N,unknown,false,8,7,1,4,151
connectivity,WFSVEMFCPALUBB,,WFSVEMFCPALUBB,WFSVEMFCPALUBB-GDYURJOXSA-N;WFSVEMFCPALUBB-DVLBVPSGSA-N;WFSVEMFCPALUBB-UHFFFAOYSA-N,unknown,false,10,9,2,5,263
connectivity,RNKMOGIPOMVCHO,RNKMOGIPOMVCHO-UHFFFAOYSA-N,RNKMOGIPOMVCHO,RNKMOGIPOMVCHO-UHFFFAOYSA-N,unknown,false,8,7,3,4,84
connectivity,LRBQNJMCXXYXIU,,LRBQNJMCXXYXIU,LRBQNJMCXXYXIU-QWKBTXIPSA-N;LRBQNJMCXXYXIU-PPKXGCFTSA-N,unknown,false,54,23,14,20,715
connectivity,SLCKJKWFULXZBD,SLCKJKWFULXZBD-ZOTFFYTFSA-O,SLCKJKWFULXZBD,SLCKJKWFULXZBD-ZOTFFYTFSA-O,unknown,false,39,18,13,19,435
connectivity,RSQSQJNRHICNNH,,RSQSQJNRHICNNH,RSQSQJNRHICNNH-NFMPGMCNSA-N;RSQSQJNRHICNNH-UHFFFAOYSA-N;RSQSQJNRHICNNH-WTVOOMFRSA-N,unknown,false,55,35,25,50,910
connectivity,AJMZUFBKADIAKC,AJMZUFBKADIAKC-SKTOPKGQSA-N,AJMZUFBKADIAKC,AJMZUFBKADIAKC-SKTOPKGQSA-N,unknown,false,1,1,1,1,16
connectivity,CCVYRRGZDBSHFU,CCVYRRGZDBSHFU-UHFFFAOYSA-N,CCVYRRGZDBSHFU,CCVYRRGZDBSHFU-UHFFFAOYSA-N,unknown,false,17,12,13,12,179
connectivity,XRKODJJSPSPDGM,XRKODJJSPSPDGM-UMMCILCDSA-N,XRKODJJSPSPDGM,XRKODJJSPSPDGM-UMMCILCDSA-N,unknown,false,1,1,1,1,16
connectivity,JLJLRLWOEMWYQK,,JLJLRLWOEMWYQK,JLJLRLWOEMWYQK-OBDJNFEBSA-N;JLJLRLWOEMWYQK-UHFFFAOYSA-N;JLJLRLWOEMWYQK-QTWFBFKQSA-N,unknown,false,95,51,29,76,1660
connectivity,YBJHBAHKTGYVGT,YBJHBAHKTGYVGT-ZKWXMUAHSA-N,YBJHBAHKTGYVGT,YBJHBAHKTGYVGT-ZKWXMUAHSA-N,unknown,false,13,13,17,15,137
connectivity,VFLDPWHFBUODDF,VFLDPWHFBUODDF-FCXRPNKRSA-N,VFLDPWHFBUODDF,VFLDPWHFBUODDF-FCXRPNKRSA-N,active,true,26,10,5,74,1468
connectivity,WLJVNTCWHIRURA,WLJVNTCWHIRURA-UHFFFAOYSA-N,WLJVNTCWHIRURA,WLJVNTCWHIRURA-UHFFFAOYSA-N,unknown,false,4,4,4,5,50
connectivity,PQGCEDQWHSBAJP,,PQGCEDQWHSBAJP,PQGCEDQWHSBAJP-TXICZTDVSA-N;PQGCEDQWHSBAJP-STGXQOJASA-N;PQGCEDQWHSBAJP-UHFFFAOYSA-N,unknown,false,4,4,4,5,57
connectivity,HYVABZIGRDEKCD,HYVABZIGRDEKCD-UHFFFAOYSA-N,HYVABZIGRDEKCD,HYVABZIGRDEKCD-UHFFFAOYSA-N,unknown,false,16,15,16,16,281
connectivity,BJRNKVDFDLYUGJ,BJRNKVDFDLYUGJ-RMPHRYRLSA-N,BJRNKVDFDLYUGJ,BJRNKVDFDLYUGJ-RMPHRYRLSA-N,unknown,false,107,58,39,96,1363
connectivity,NOKPBJYHPHHWAN,NOKPBJYHPHHWAN-REOHCLBHSA-N,NOKPBJYHPHHWAN,NOKPBJYHPHHWAN-REOHCLBHSA-N,unknown,false,5,5,5,7,72
connectivity,GRSZFWQUAKGDAV,GRSZFWQUAKGDAV-KQYNXXCUSA-N,GRSZFWQUAKGDAV,GRSZFWQUAKGDAV-KQYNXXCUSA-N,unknown,false,9,9,10,11,83
connectivity,IGMNYECMUMZDDF,IGMNYECMUMZDDF-UHFFFAOYSA-N,IGMNYECMUMZDDF,IGMNYECMUMZDDF-UHFFFAOYSA-N,unknown,false,11,7,8,10,143
connectivity,UFIVEPVSAGBUSI,UFIVEPVSAGBUSI-REOHCLBHSA-N,UFIVEPVSAGBUSI,UFIVEPVSAGBUSI-REOHCLBHSA-N,unknown,false,4,4,3,5,48
connectivity,HXXFSFRBOHSIMQ,,HXXFSFRBOHSIMQ,HXXFSFRBOHSIMQ-RWOPYEJCSA-N;HXXFSFRBOHSIMQ-FPRJBGLDSA-N,unknown,false,12,11,10,14,147
connectivity,JYYFMIOPGOFNPK,JYYFMIOPGOFNPK-AGRJPVHOSA-N,JYYFMIOPGOFNPK,JYYFMIOPGOFNPK-AGRJPVHOSA-N,unknown,false,12,9,8,8,133
connectivity,ZQSIJRDFPHDXIC,ZQSIJRDFPHDXIC-UHFFFAOYSA-N,ZQSIJRDFPHDXIC,ZQSIJRDFPHDXIC-UHFFFAOYSA-N,inactive,true,127,57,14,163,2966
connectivity,PMOWTIHVNWZYFI,PMOWTIHVNWZYFI-UHFFFAOYSA-N,PMOWTIHVNWZYFI,PMOWTIHVNWZYFI-UHFFFAOYSA-N,unknown,false,66,51,30,49,1092
connectivity,CFFZDZCDUFSOFZ,CFFZDZCDUFSOFZ-UHFFFAOYSA-N,CFFZDZCDUFSOFZ,CFFZDZCDUFSOFZ-UHFFFAOYSA-N,unknown,false,9,8,7,11,148
connectivity,BTJIUGUIPKRLHP,BTJIUGUIPKRLHP-UHFFFAOYSA-N,BTJIUGUIPKRLHP,BTJIUGUIPKRLHP-UHFFFAOYSA-N,unknown,false,5,5,5,5,51
connectivity,YCIMNLLNPGFGHC,YCIMNLLNPGFGHC-UHFFFAOYSA-N,YCIMNLLNPGFGHC,YCIMNLLNPGFGHC-UHFFFAOYSA-N,unknown,false,43,31,23,36,522
connectivity,RODXRVNMMDRFIK,RODXRVNMMDRFIK-UHFFFAOYSA-N,RODXRVNMMDRFIK,RODXRVNMMDRFIK-UHFFFAOYSA-N,unknown,false,803,365,79,674,12286
connectivity,FDGQSTZJBFJUBT,FDGQSTZJBFJUBT-UHFFFAOYSA-N,FDGQSTZJBFJUBT,FDGQSTZJBFJUBT-UHFFFAOYSA-N,unknown,false,29,22,24,25,299
connectivity,DXDRHHKMWQZJHT,DXDRHHKMWQZJHT-FPYGCLRLSA-N,DXDRHHKMWQZJHT,DXDRHHKMWQZJHT-FPYGCLRLSA-N,inactive,true,131,69,17,133,3012
connectivity,BITYXLXUCSKTJS,BITYXLXUCSKTJS-UHFFFAOYSA-N,BITYXLXUCSKTJS,BITYXLXUCSKTJS-UHFFFAOYSA-N,unknown,false,18,10,10,10,176
connectivity,VGONTNSXDCQUGY,VGONTNSXDCQUGY-RRKCRQDMSA-N,VGONTNSXDCQUGY,VGONTNSXDCQUGY-RRKCRQDMSA-N,unknown,false,15,14,15,17,135
connectivity,GMSNIKWWOQHZGF,GMSNIKWWOQHZGF-UHFFFAOYSA-N,GMSNIKWWOQHZGF,GMSNIKWWOQHZGF-UHFFFAOYSA-N,unknown,false,3,3,3,3,44
connectivity,ARGKVCXINMKCAZ,ARGKVCXINMKCAZ-UZRWAPQLSA-N,ARGKVCXINMKCAZ,ARGKVCXINMKCAZ-UZRWAPQLSA-N,unknown,false,36,9,5,30,881
connectivity,DFPMSGMNTNDNHN,DFPMSGMNTNDNHN-ZPHOTFPESA-N,DFPMSGMNTNDNHN,DFPMSGMNTNDNHN-ZPHOTFPESA-N,unknown,false,66,33,23,68,1704
connectivity,JPXZQMKKFWMMGK,JPXZQMKKFWMMGK-KQYNXXCUSA-N,JPXZQMKKFWMMGK,JPXZQMKKFWMMGK-KQYNXXCUSA-N,unknown,false,4,4,4,4,33
connectivity,UFJPAQSLHAGEBL,UFJPAQSLHAGEBL-RRKCRQDMSA-N,UFJPAQSLHAGEBL,UFJPAQSLHAGEBL-RRKCRQDMSA-N,unknown,false,3,3,3,3,36
connectivity,LUKBXSAWLPMMSZ,LUKBXSAWLPMMSZ-UHFFFAOYSA-N,LUKBXSAWLPMMSZ,LUKBXSAWLPMMSZ-UHFFFAOYSA-N,unknown,false,198,86,30,221,7143
connectivity,ZKHQWZAMYRWXGA,ZKHQWZAMYRWXGA-KQYNXXCUSA-N,ZKHQWZAMYRWXGA,ZKHQWZAMYRWXGA-KQYNXXCUSA-N,unknown,false,8,8,9,11,85
connectivity,DOUMFZQKYFQNTF,,DOUMFZQKYFQNTF,DOUMFZQKYFQNTF-ZZXKWVIFSA-N;DOUMFZQKYFQNTF-WUTVXBCWSA-N,unknown,false,227,82,33,185,3938
connectivity,LCTONWCANYUPML,LCTONWCANYUPML-UHFFFAOYSA-N,LCTONWCANYUPML,LCTONWCANYUPML-UHFFFAOYSA-N,unknown,false,26,24,20,29,356
connectivity,BWLBGMIXKSTLSX,BWLBGMIXKSTLSX-UHFFFAOYSA-N,BWLBGMIXKSTLSX,BWLBGMIXKSTLSX-UHFFFAOYSA-N,unknown,false,5,5,6,5,66
connectivity,IWYDHOAUDWTVEP,IWYDHOAUDWTVEP-UHFFFAOYSA-N,IWYDHOAUDWTVEP,IWYDHOAUDWTVEP-UHFFFAOYSA-N,unknown,false,11,7,10,10,133
connectivity,KMOUJOKENFFTPU,,KMOUJOKENFFTPU,KMOUJOKENFFTPU-QNDFHXLGSA-N;KMOUJOKENFFTPU-UHFFFAOYSA-N,unknown,false,564,242,81,382,6481
connectivity,NGFMICBWJRZIBI,NGFMICBWJRZIBI-UJPOAAIJSA-N,NGFMICBWJRZIBI,NGFMICBWJRZIBI-UJPOAAIJSA-N,unknown,false,72,13,12,55,1593
connectivity,OFOBLEOULBTSOW,OFOBLEOULBTSOW-UHFFFAOYSA-N,OFOBLEOULBTSOW,OFOBLEOULBTSOW-UHFFFAOYSA-N,unknown,false,31,22,21,24,356
connectivity,XQXPVVBIMDBYFF,XQXPVVBIMDBYFF-UHFFFAOYSA-N,XQXPVVBIMDBYFF,XQXPVVBIMDBYFF-UHFFFAOYSA-N,unknown,false,61,46,36,51,806
connectivity,UKFXDFUAPNAMPJ,UKFXDFUAPNAMPJ-UHFFFAOYSA-N,UKFXDFUAPNAMPJ,UKFXDFUAPNAMPJ-UHFFFAOYSA-N,unknown,false,5,5,5,5,66
connectivity,OZRNSSUDZOLUSN,OZRNSSUDZOLUSN-LBPRGKRZSA-N,OZRNSSUDZOLUSN,OZRNSSUDZOLUSN-LBPRGKRZSA-N,unknown,false,4,4,4,5,37
connectivity,HCZKYJDFEPMADG,HCZKYJDFEPMADG-UHFFFAOYSA-N,HCZKYJDFEPMADG,HCZKYJDFEPMADG-UHFFFAOYSA-N,unknown,false,6,4,4,7,78
connectivity,TYWMIZZBOVGFOV,TYWMIZZBOVGFOV-UHFFFAOYSA-N,TYWMIZZBOVGFOV,TYWMIZZBOVGFOV-UHFFFAOYSA-N,unknown,false,42,35,25,34,466
connectivity,AGBQKNBQESQNJD,AGBQKNBQESQNJD-UHFFFAOYSA-N,AGBQKNBQESQNJD,AGBQKNBQESQNJD-UHFFFAOYSA-N,unknown,false,5,5,6,5,60
connectivity,HNEGQIOMVPPMNR,HNEGQIOMVPPMNR-NSCUHMNNSA-N,HNEGQIOMVPPMNR,HNEGQIOMVPPMNR-NSCUHMNNSA-N,unknown,false,5,5,5,6,55
connectivity,VAWYEUIPHLMNNF,VAWYEUIPHLMNNF-OESPXIITSA-N,VAWYEUIPHLMNNF,VAWYEUIPHLMNNF-OESPXIITSA-N,unknown,false,15,11,6,10,108
connectivity,XKMLYUALXHKNFT,XKMLYUALXHKNFT-UUOKFMHZSA-N,XKMLYUALXHKNFT,XKMLYUALXHKNFT-UUOKFMHZSA-N,unknown,false,6,6,6,7,51
connectivity,RTATXGUCZHCSNG,,RTATXGUCZHCSNG,RTATXGUCZHCSNG-QHWHWDPRSA-N;RTATXGUCZHCSNG-KYGWAIEOSA-N,unknown,false,469,257,99,334,5545
connectivity,JQQBXPCJFAKSPG,,JQQBXPCJFAKSPG,JQQBXPCJFAKSPG-SVYIMCMUSA-N;JQQBXPCJFAKSPG-OTYJEXDISA-N;JQQBXPCJFAKSPG-UHFFFAOYSA-N,unknown,false,75,27,18,63,994
connectivity,TUSDEZXZIZRFGC,TUSDEZXZIZRFGC-XIGLUPEJSA-N,TUSDEZXZIZRFGC,TUSDEZXZIZRFGC-XIGLUPEJSA-N,unknown,false,72,32,16,79,1276
connectivity,VFPFQHQNJCMNBZ,VFPFQHQNJCMNBZ-UHFFFAOYSA-N,VFPFQHQNJCMNBZ,VFPFQHQNJCMNBZ-UHFFFAOYSA-N,inactive,true,54,33,19,52,760
connectivity,CABURBSWUISLOV,,CABURBSWUISLOV,CABURBSWUISLOV-HWDWOUQNSA-N;CABURBSWUISLOV-ZSQFHZLMSA-N,unknown,false,1,1,1,1,15
connectivity,AFSDNFLWKVMVRB,AFSDNFLWKVMVRB-UHFFFAOYSA-N,AFSDNFLWKVMVRB,AFSDNFLWKVMVRB-UHFFFAOYSA-N,unknown,false,433,189,60,228,5864
connectivity,QHDQQESTGYADJU,,QHDQQESTGYADJU,QHDQQESTGYADJU-YCFLMIGYSA-N;QHDQQESTGYADJU-UHFFFAOYSA-N,unknown,false,1,1,1,1,10
connectivity,HPXOUFFMSLZOLE,,HPXOUFFMSLZOLE,HPXOUFFMSLZOLE-WUQIJIJDSA-N;HPXOUFFMSLZOLE-UHFFFAOYSA-N,unknown,false,1,1,1,1,10
connectivity,IJVZAWXMSBYNOA,,IJVZAWXMSBYNOA,IJVZAWXMSBYNOA-QIQBJWHXSA-N;IJVZAWXMSBYNOA-UHFFFAOYSA-N,unknown,false,1,1,1,1,15
connectivity,DVGGLGXQSFURLP,DVGGLGXQSFURLP-NEGKXOQXSA-N,DVGGLGXQSFURLP,DVGGLGXQSFURLP-NEGKXOQXSA-N,unknown,false,105,60,32,95,1161
connectivity,QGKZPGHRXANIDL,QGKZPGHRXANIDL-UHFFFAOYSA-N,QGKZPGHRXANIDL,QGKZPGHRXANIDL-UHFFFAOYSA-N,unknown,false,1,1,1,1,10
connectivity,DCYOADKBABEMIQ,DCYOADKBABEMIQ-OWMUPTOHSA-N,DCYOADKBABEMIQ,DCYOADKBABEMIQ-OWMUPTOHSA-N,unknown,false,214,111,51,156,2466
connectivity,MNIDWWPXTZZMMY,MNIDWWPXTZZMMY-GZKZZBPGSA-N,MNIDWWPXTZZMMY,MNIDWWPXTZZMMY-GZKZZBPGSA-N,unknown,false,10,7,7,9,127
connectivity,YQHMWTPYORBCMF,,YQHMWTPYORBCMF,YQHMWTPYORBCMF-UHFFFAOYSA-N;YQHMWTPYORBCMF-ZZXKWVIFSA-N,inactive;unknown,true,25,13,12,18,305
connectivity,SBZWTSHAFILOTE,,SBZWTSHAFILOTE,SBZWTSHAFILOTE-KKUMJFAQSA-N;SBZWTSHAFILOTE-SOUVJXGZSA-N,unknown,false,19,14,13,17,187
connectivity,CXQWRCVTCMQVQX,CXQWRCVTCMQVQX-LSDHHAIUSA-N,CXQWRCVTCMQVQX,CXQWRCVTCMQVQX-LSDHHAIUSA-N,unknown,false,254,113,57,173,2949
connectivity,PADQINQHPQKXNL,PADQINQHPQKXNL-GJZGRUSLSA-N,PADQINQHPQKXNL,PADQINQHPQKXNL-GJZGRUSLSA-N,unknown,false,131,86,43,112,1380
connectivity,RMMQUGYNWLQNHP,RMMQUGYNWLQNHP-YELRAYEVSA-N,RMMQUGYNWLQNHP,RMMQUGYNWLQNHP-YELRAYEVSA-N,unknown,false,1,1,1,3,48
connectivity,XOLYVYHBERHQBZ,XOLYVYHBERHQBZ-UHFFFAOYSA-N,XOLYVYHBERHQBZ,XOLYVYHBERHQBZ-UHFFFAOYSA-N,unknown,false,1,1,1,3,48
connectivity,BDJRBEYXGGNYIS,BDJRBEYXGGNYIS-UHFFFAOYSA-N,BDJRBEYXGGNYIS,BDJRBEYXGGNYIS-UHFFFAOYSA-N,unknown,false,33,23,23,27,440
connectivity,XPCTZQVDEJYUGT,XPCTZQVDEJYUGT-UHFFFAOYSA-N,XPCTZQVDEJYUGT,XPCTZQVDEJYUGT-UHFFFAOYSA-N,unknown,false,24,21,19,25,343
connectivity,JVZMODMXLQSGPI,JVZMODMXLQSGPI-MKBZWPJDSA-N,JVZMODMXLQSGPI,JVZMODMXLQSGPI-MKBZWPJDSA-N,unknown,false,1,1,1,3,48
connectivity,KPQMCAKZRXOZLB,KPQMCAKZRXOZLB-KOIHBYQTSA-N,KPQMCAKZRXOZLB,KPQMCAKZRXOZLB-KOIHBYQTSA-N,unknown,false,121,86,47,97,1348
connectivity,JJRYPZMXNLLZFH,JJRYPZMXNLLZFH-URWSZGRFSA-N,JJRYPZMXNLLZFH,JJRYPZMXNLLZFH-URWSZGRFSA-N,unknown,false,45,33,27,41,563
connectivity,CXMXRPHRNRROMY,CXMXRPHRNRROMY-UHFFFAOYSA-N,CXMXRPHRNRROMY,CXMXRPHRNRROMY-UHFFFAOYSA-N,unknown,false,7,7,6,8,95
connectivity,DAUAQNGYDSHRET,DAUAQNGYDSHRET-UHFFFAOYSA-N,DAUAQNGYDSHRET,DAUAQNGYDSHRET-UHFFFAOYSA-N,unknown,false,37,25,20,31,523
connectivity,XIVFQYWMMJWUCD,XIVFQYWMMJWUCD-VSTJRZLJSA-N,XIVFQYWMMJWUCD,XIVFQYWMMJWUCD-VSTJRZLJSA-N,unknown,false,13,11,9,10,135
connectivity,IHCCAYCGZOLTEU,IHCCAYCGZOLTEU-UHFFFAOYSA-N,IHCCAYCGZOLTEU,IHCCAYCGZOLTEU-UHFFFAOYSA-N,unknown,false,6,6,6,6,82
connectivity,LWBHHRRTOZQPDM,LWBHHRRTOZQPDM-UHFFFAOYSA-N,LWBHHRRTOZQPDM,LWBHHRRTOZQPDM-UHFFFAOYSA-N,unknown,false,3,3,4,3,34
connectivity,FYVQCLGZFXHEGL,FYVQCLGZFXHEGL-UHFFFAOYSA-N,FYVQCLGZFXHEGL,FYVQCLGZFXHEGL-UHFFFAOYSA-N,unknown,false,1,1,1,1,16
connectivity,TVIDDXQYHWJXFK,TVIDDXQYHWJXFK-UHFFFAOYSA-N,TVIDDXQYHWJXFK,TVIDDXQYHWJXFK-UHFFFAOYSA-N,unknown,false,6,6,6,6,58
connectivity,SMNDYUVBFMFKNZ,SMNDYUVBFMFKNZ-UHFFFAOYSA-N,SMNDYUVBFMFKNZ,SMNDYUVBFMFKNZ-UHFFFAOYSA-N,unknown,false,17,17,19,18,215
connectivity,QEICCHKVLICFMW,QEICCHKVLICFMW-LFFYKJSYSA-N,QEICCHKVLICFMW,QEICCHKVLICFMW-LFFYKJSYSA-N,unknown,false,1,1,1,3,48
connectivity,OLNJUISKUQQNIM,OLNJUISKUQQNIM-UHFFFAOYSA-N,OLNJUISKUQQNIM,OLNJUISKUQQNIM-UHFFFAOYSA-N,unknown,false,79,61,49,82,1237
connectivity,OEYIOHPDSNJKLS,OEYIOHPDSNJKLS-UHFFFAOYSA-N,OEYIOHPDSNJKLS,OEYIOHPDSNJKLS-UHFFFAOYSA-N,unknown,false,122,88,58,64,1518
connectivity,SSWZIHDEYOORCA,SSWZIHDEYOORCA-UHFFFAOYSA-N,SSWZIHDEYOORCA,SSWZIHDEYOORCA-UHFFFAOYSA-N,unknown,false,1,1,1,2,32
connectivity,XZYIQKMSOAQJCG,XZYIQKMSOAQJCG-UHFFFAOYSA-N,XZYIQKMSOAQJCG,XZYIQKMSOAQJCG-UHFFFAOYSA-N,unknown,false,1,1,1,2,32
connectivity,XHSNXOZZHHJDDX,XHSNXOZZHHJDDX-UHFFFAOYSA-O,XHSNXOZZHHJDDX,XHSNXOZZHHJDDX-UHFFFAOYSA-O,unknown,false,2,2,1,2,43
connectivity,HOPVGFKDVOOCHD,HOPVGFKDVOOCHD-UHFFFAOYSA-N,HOPVGFKDVOOCHD,HOPVGFKDVOOCHD-UHFFFAOYSA-N,unknown,false,1,1,1,1,16
connectivity,CCRCUPLGCSFEDV,,CCRCUPLGCSFEDV,CCRCUPLGCSFEDV-UHFFFAOYSA-N;CCRCUPLGCSFEDV-BQYQJAHWSA-N,unknown,false,31,22,16,29,650
connectivity,NPNUFJAVOOONJE,,NPNUFJAVOOONJE,NPNUFJAVOOONJE-GFUGXAQUSA-N;NPNUFJAVOOONJE-FLFDDASRSA-N;NPNUFJAVOOONJE-UHFFFAOYSA-N,unknown,false,1329,464,94,1080,18508
connectivity,CXENHBSYCFFKJS,CXENHBSYCFFKJS-VDQVFBMKSA-N,CXENHBSYCFFKJS,CXENHBSYCFFKJS-VDQVFBMKSA-N,unknown,false,163,105,43,121,2077
connectivity,GRWFGVWFFZKLTI,GRWFGVWFFZKLTI-UHFFFAOYSA-N,GRWFGVWFFZKLTI,GRWFGVWFFZKLTI-UHFFFAOYSA-N,unknown,false,1276,424,104,1084,18740
connectivity,MOYAFQVGZZPNRA,MOYAFQVGZZPNRA-UHFFFAOYSA-N,MOYAFQVGZZPNRA,MOYAFQVGZZPNRA-UHFFFAOYSA-N,unknown,false,568,217,58,471,7447
connectivity,IHPKGUQCSIINRJ,,IHPKGUQCSIINRJ,IHPKGUQCSIINRJ-CSKARUKUSA-N;IHPKGUQCSIINRJ-NTMALXAHSA-N;IHPKGUQCSIINRJ-UHFFFAOYSA-N,unknown,false,520,223,58,425,9497
connectivity,OPFTUNCRGUEPRZ,OPFTUNCRGUEPRZ-QLFBSQMISA-N,OPFTUNCRGUEPRZ,OPFTUNCRGUEPRZ-QLFBSQMISA-N,unknown,false,435,187,65,292,5114
connectivity,WRHGORWNJGOVQY,,WRHGORWNJGOVQY,WRHGORWNJGOVQY-KKUMJFAQSA-N;WRHGORWNJGOVQY-RBSFLKMASA-N;WRHGORWNJGOVQY-ZNMIVQPWSA-N,unknown,false,440,212,64,340,8497
connectivity,DGZBGCMPRYFWFF,DGZBGCMPRYFWFF-UHFFFAOYSA-N,DGZBGCMPRYFWFF,DGZBGCMPRYFWFF-UHFFFAOYSA-N,unknown,false,45,35,17,36,414
connectivity,BQOFWKZOCNGFEC,BQOFWKZOCNGFEC-UHFFFAOYSA-N,BQOFWKZOCNGFEC,BQOFWKZOCNGFEC-UHFFFAOYSA-N,unknown,false,355,140,42,263,4167
connectivity,GAIBLDCXCZKKJE,,GAIBLDCXCZKKJE,GAIBLDCXCZKKJE-RXJOXMPGSA-N;GAIBLDCXCZKKJE-ACWLMNNXSA-N,unknown,false,868,364,73,623,14685
connectivity,UAHWPYUMFXYFJY,UAHWPYUMFXYFJY-UHFFFAOYSA-N,UAHWPYUMFXYFJY,UAHWPYUMFXYFJY-UHFFFAOYSA-N,unknown,false,940,325,77,808,14088
connectivity,RRAFCDWBNXTKKO,RRAFCDWBNXTKKO-UHFFFAOYSA-N,RRAFCDWBNXTKKO,RRAFCDWBNXTKKO-UHFFFAOYSA-N,inactive,true,296,158,54,266,4356
connectivity,CRPUJAZIXJMDBK,,CRPUJAZIXJMDBK,CRPUJAZIXJMDBK-UHFFFAOYSA-N;CRPUJAZIXJMDBK-DTWKUNHWSA-N,unknown,false,724,229,58,604,10236
connectivity,RECUKUPTGUEGMW,RECUKUPTGUEGMW-UHFFFAOYSA-N,RECUKUPTGUEGMW,RECUKUPTGUEGMW-UHFFFAOYSA-N,unknown,false,323,129,39,281,4763
connectivity,KQAZVFVOEIRWHN,KQAZVFVOEIRWHN-YHMJZVADSA-N,KQAZVFVOEIRWHN,KQAZVFVOEIRWHN-YHMJZVADSA-N,unknown,false,326,132,30,245,3836
connectivity,FAMPSKZZVDUYOS,,FAMPSKZZVDUYOS,FAMPSKZZVDUYOS-HRGUGZIWSA-N;FAMPSKZZVDUYOS-YRWGZVKJSA-N,unknown,false,800,324,68,607,11339
connectivity,OGLDWXZKYODSOB,OGLDWXZKYODSOB-UHFFFAOYSA-N,OGLDWXZKYODSOB,OGLDWXZKYODSOB-UHFFFAOYSA-N,unknown,false,502,201,41,363,6063
connectivity,MGSRCZKZVOBKFT,MGSRCZKZVOBKFT-UHFFFAOYSA-N,MGSRCZKZVOBKFT,MGSRCZKZVOBKFT-UHFFFAOYSA-N,unknown,false,369,148,42,344,5345
connectivity,FUCYIEXQVQJBKY,FUCYIEXQVQJBKY-ZFWWWQNUSA-N,FUCYIEXQVQJBKY,FUCYIEXQVQJBKY-ZFWWWQNUSA-N,unknown,false,610,258,73,476,7029
connectivity,XZRVRYFILCSYSP,,XZRVRYFILCSYSP,XZRVRYFILCSYSP-OAHLLOKOSA-N;XZRVRYFILCSYSP-HNNXBMFYSA-N,unknown,false,244,128,40,208,3772
connectivity,RHLVCLIPMVJYKS,RHLVCLIPMVJYKS-UHFFFAOYSA-N,RHLVCLIPMVJYKS,RHLVCLIPMVJYKS-UHFFFAOYSA-N,unknown,false,52,38,23,47,576
connectivity,WTARULDDTDQWMU,WTARULDDTDQWMU-UHFFFAOYSA-N,WTARULDDTDQWMU,WTARULDDTDQWMU-UHFFFAOYSA-N,unknown,false,998,325,76,856,14385
connectivity,JSNRRGGBADWTMC,,JSNRRGGBADWTMC,JSNRRGGBADWTMC-NTCAYCPXSA-N;JSNRRGGBADWTMC-QINSGFPZSA-N,unknown,false,282,154,49,209,3933
connectivity,WRYLYDPHFGVWKC,WRYLYDPHFGVWKC-UHFFFAOYSA-N,WRYLYDPHFGVWKC,WRYLYDPHFGVWKC-UHFFFAOYSA-N,unknown,false,645,237,65,556,9295
connectivity,YHQGMYUVUMAZJR,YHQGMYUVUMAZJR-UHFFFAOYSA-N,YHQGMYUVUMAZJR,YHQGMYUVUMAZJR-UHFFFAOYSA-N,unknown,false,433,172,46,363,5809
connectivity,NDVASEGYNIMXJL,,NDVASEGYNIMXJL,NDVASEGYNIMXJL-RGURZIINSA-N;NDVASEGYNIMXJL-YHMJZVADSA-N;NDVASEGYNIMXJL-UHFFFAOYSA-N,unknown,false,632,230,53,536,8638
connectivity,HGJXAVROWQLCTP,HGJXAVROWQLCTP-YABCKIEDSA-N,HGJXAVROWQLCTP,HGJXAVROWQLCTP-YABCKIEDSA-N,unknown,false,22,12,7,34,304
connectivity,WQRYALSJYYLFRY,,WQRYALSJYYLFRY,WQRYALSJYYLFRY-YEMLDNLKSA-N;WQRYALSJYYLFRY-YBDKOUSASA-N,unknown,false,9,7,5,4,77
connectivity,WUTXIOAKRFKQHK,,WUTXIOAKRFKQHK,WUTXIOAKRFKQHK-IOVBSTNJSA-N;WUTXIOAKRFKQHK-BWPKHYERSA-N,unknown,false,4,4,2,5,59
connectivity,WRXVPTMENPZUIZ,,WRXVPTMENPZUIZ,WRXVPTMENPZUIZ-MOVIZTNPSA-N;WRXVPTMENPZUIZ-QEZWUOJGSA-N,unknown,false,31,22,16,30,379
connectivity,AEOBNVBHRFQADS,AEOBNVBHRFQADS-DNDPRTLXSA-N,AEOBNVBHRFQADS,AEOBNVBHRFQADS-DNDPRTLXSA-N,unknown,false,12,10,9,12,70
connectivity,ADTDXVDMEDYCKB,ADTDXVDMEDYCKB-BGNXXHQXSA-N,ADTDXVDMEDYCKB,ADTDXVDMEDYCKB-BGNXXHQXSA-N,unknown,false,2,2,2,2,24
connectivity,ZFMSMUAANRJZFM,ZFMSMUAANRJZFM-UHFFFAOYSA-N,ZFMSMUAANRJZFM,ZFMSMUAANRJZFM-UHFFFAOYSA-N,unknown,false,124,76,29,136,2191
connectivity,RRBYUSWBLVXTQN,RRBYUSWBLVXTQN-UHFFFAOYSA-N,RRBYUSWBLVXTQN,RRBYUSWBLVXTQN-UHFFFAOYSA-N,unknown,false,130,57,24,95,1394
connectivity,HROZLGRKFUCIJJ,HROZLGRKFUCIJJ-UHFFFAOYSA-N,HROZLGRKFUCIJJ,HROZLGRKFUCIJJ-UHFFFAOYSA-N,unknown,false,11,8,7,10,103
connectivity,BFPYWIDHMRZLRN,BFPYWIDHMRZLRN-SLHNCBLASA-N,BFPYWIDHMRZLRN,BFPYWIDHMRZLRN-SLHNCBLASA-N,unknown,false,127,32,5,52,1231
connectivity,GJYKUZUTZNTBEC,GJYKUZUTZNTBEC-UHFFFAOYSA-N,GJYKUZUTZNTBEC,GJYKUZUTZNTBEC-UHFFFAOYSA-N,unknown,false,47,26,11,25,430
connectivity,ITYNGVSTWVVPIC,ITYNGVSTWVVPIC-LRUBOHGLSA-N,ITYNGVSTWVVPIC,ITYNGVSTWVVPIC-LRUBOHGLSA-N,unknown,false,350,162,57,263,4723
connectivity,DUNCVNHORHNONW,DUNCVNHORHNONW-UHFFFAOYSA-N,DUNCVNHORHNONW,DUNCVNHORHNONW-UHFFFAOYSA-N,unknown,false,11,11,9,10,132
connectivity,MXDMETWAEGIFOE,MXDMETWAEGIFOE-CABCVRRESA-N,MXDMETWAEGIFOE,MXDMETWAEGIFOE-CABCVRRESA-N,unknown,false,166,82,35,103,1782
connectivity,PUECEVJMPDNNHT,PUECEVJMPDNNHT-UHFFFAOYSA-N,PUECEVJMPDNNHT,PUECEVJMPDNNHT-UHFFFAOYSA-N,unknown,false,39,9,2,25,510
connectivity,VSJGJMKGNMDJCI,VSJGJMKGNMDJCI-ZASXJUAOSA-N,VSJGJMKGNMDJCI,VSJGJMKGNMDJCI-ZASXJUAOSA-N,unknown,false,144,54,13,106,2399
connectivity,BCQNFYWIPQQTGS,BCQNFYWIPQQTGS-UBYXKGFDSA-N,BCQNFYWIPQQTGS,BCQNFYWIPQQTGS-UBYXKGFDSA-N,unknown,false,7,4,3,5,62
connectivity,MQYXUWHLBZFQQO,,MQYXUWHLBZFQQO,MQYXUWHLBZFQQO-QGTGJCAVSA-N;MQYXUWHLBZFQQO-UHFFFAOYSA-N,unknown,false,1131,568,137,857,14364
connectivity,VYRIGRQQKUZPEX,VYRIGRQQKUZPEX-UHFFFAOYSA-N,VYRIGRQQKUZPEX,VYRIGRQQKUZPEX-UHFFFAOYSA-N,unknown,false,64,13,2,38,852
connectivity,XMHIUKTWLZUKEX,XMHIUKTWLZUKEX-UHFFFAOYSA-N,XMHIUKTWLZUKEX,XMHIUKTWLZUKEX-UHFFFAOYSA-N,unknown,false,85,69,46,68,947
connectivity,TUHVEAJXIMEOSA,TUHVEAJXIMEOSA-UHFFFAOYSA-N,TUHVEAJXIMEOSA,TUHVEAJXIMEOSA-UHFFFAOYSA-N,unknown,false,24,17,13,13,259
connectivity,UFYGCFHQAXXBCF,UFYGCFHQAXXBCF-UHFFFAOYSA-N,UFYGCFHQAXXBCF,UFYGCFHQAXXBCF-UHFFFAOYSA-N,unknown,false,5,4,4,5,52
connectivity,UQBOJOOOTLPNST,UQBOJOOOTLPNST-UHFFFAOYSA-N,UQBOJOOOTLPNST,UQBOJOOOTLPNST-UHFFFAOYSA-N,unknown,false,3,3,3,3,28
connectivity,ZWLPBLYKEWSWPD,ZWLPBLYKEWSWPD-UHFFFAOYSA-N,ZWLPBLYKEWSWPD,ZWLPBLYKEWSWPD-UHFFFAOYSA-N,unknown,false,3,3,3,3,32
connectivity,ALRHLSYJTWAHJZ,ALRHLSYJTWAHJZ-UHFFFAOYSA-N,ALRHLSYJTWAHJZ,ALRHLSYJTWAHJZ-UHFFFAOYSA-N,unknown,false,8,8,10,8,90
connectivity,VBUYCZFBVCCYFD,VBUYCZFBVCCYFD-JJYYJPOSSA-N,VBUYCZFBVCCYFD,VBUYCZFBVCCYFD-JJYYJPOSSA-N,unknown,false,7,7,7,7,83
connectivity,AQTKXCPRNZDOJU,,AQTKXCPRNZDOJU,AQTKXCPRNZDOJU-SYHAXYEDSA-N;AQTKXCPRNZDOJU-UHFFFAOYSA-N,unknown,false,8,6,5,5,72
connectivity,RKCAIXNGYQCCAL,RKCAIXNGYQCCAL-UHFFFAOYSA-N,RKCAIXNGYQCCAL,RKCAIXNGYQCCAL-UHFFFAOYSA-N,unknown,false,2,2,2,2,22
connectivity,ZIIAJIWLQUVGHB,ZIIAJIWLQUVGHB-UHFFFAOYSA-N,ZIIAJIWLQUVGHB,ZIIAJIWLQUVGHB-UHFFFAOYSA-N,unknown,false,181,67,15,141,2104
connectivity,IODGQWWTJYDCLN,IODGQWWTJYDCLN-UHFFFAOYSA-N,IODGQWWTJYDCLN,IODGQWWTJYDCLN-UHFFFAOYSA-N,unknown,false,10,5,3,12,244
connectivity,SAMBWAJRKKEEOR,SAMBWAJRKKEEOR-UHFFFAOYSA-N,SAMBWAJRKKEEOR,SAMBWAJRKKEEOR-UHFFFAOYSA-N,unknown,false,61,33,11,49,856
connectivity,OHOBPOYHROOXEI,OHOBPOYHROOXEI-JWMUNMLDSA-N,OHOBPOYHROOXEI,OHOBPOYHROOXEI-JWMUNMLDSA-N,unknown,false,40,28,22,32,430
connectivity,KRFBMPVGAYGGJE,KRFBMPVGAYGGJE-UHFFFAOYSA-N,KRFBMPVGAYGGJE,KRFBMPVGAYGGJE-UHFFFAOYSA-N,unknown,false,57,30,13,49,893
connectivity,KBGKQZVCLWKUDQ,,KBGKQZVCLWKUDQ,KBGKQZVCLWKUDQ-QNDFHXLGSA-N;KBGKQZVCLWKUDQ-UHFFFAOYSA-N,unknown,false,49,34,22,37,344
connectivity,VSUOKLTVXQRUSG,VSUOKLTVXQRUSG-UHFFFAOYSA-N,VSUOKLTVXQRUSG,VSUOKLTVXQRUSG-UHFFFAOYSA-N,unknown,false,157,65,22,89,1918
connectivity,GLZPCOQZEFWAFX,,GLZPCOQZEFWAFX,GLZPCOQZEFWAFX-JXMROGBWSA-N;GLZPCOQZEFWAFX-YFHOEESVSA-N,unknown,false,379,177,68,360,8103
connectivity,KGEKLUUHTZCSIP,KGEKLUUHTZCSIP-UHFFFAOYSA-N,KGEKLUUHTZCSIP,KGEKLUUHTZCSIP-UHFFFAOYSA-N,unknown,false,342,127,39,274,4269
connectivity,BOPIMTNSYWYZOC,BOPIMTNSYWYZOC-VNHYZAJKSA-N,BOPIMTNSYWYZOC,BOPIMTNSYWYZOC-VNHYZAJKSA-N,unknown,false,259,118,43,206,3117
connectivity,BQSLMQNYHVFRDT,BQSLMQNYHVFRDT-LSDHHAIUSA-N,BQSLMQNYHVFRDT,BQSLMQNYHVFRDT-LSDHHAIUSA-N,unknown,false,183,93,27,125,2158
connectivity,YIRAHEODBQONHI,YIRAHEODBQONHI-ZQNQSHIBSA-N,YIRAHEODBQONHI,YIRAHEODBQONHI-ZQNQSHIBSA-N,unknown,false,189,88,28,152,1972
connectivity,FSRZGYRCMPZNJF,FSRZGYRCMPZNJF-KHMAMNHCSA-N,FSRZGYRCMPZNJF,FSRZGYRCMPZNJF-KHMAMNHCSA-N,unknown,false,164,86,30,123,1830
connectivity,HLPIHRDZBHXTFJ,HLPIHRDZBHXTFJ-UHFFFAOYSA-N,HLPIHRDZBHXTFJ,HLPIHRDZBHXTFJ-UHFFFAOYSA-N,unknown,false,5,5,5,5,58
connectivity,ULDHMXUKGWMISQ,ULDHMXUKGWMISQ-VIFPVBQESA-N,ULDHMXUKGWMISQ,ULDHMXUKGWMISQ-VIFPVBQESA-N,unknown,false,223,96,33,165,1855
connectivity,PGTJIOWQJWHTJJ,PGTJIOWQJWHTJJ-STQMWFEESA-N,PGTJIOWQJWHTJJ,PGTJIOWQJWHTJJ-STQMWFEESA-N,unknown,false,229,114,49,163,2434
connectivity,WHWDWIHXSPCOKZ,WHWDWIHXSPCOKZ-UHFFFAOYSA-N,WHWDWIHXSPCOKZ,WHWDWIHXSPCOKZ-UHFFFAOYSA-N,unknown,false,49,35,23,38,446
connectivity,FRMCCTDTYSRUBE,,FRMCCTDTYSRUBE,FRMCCTDTYSRUBE-JYKNGBAOSA-N;FRMCCTDTYSRUBE-BGPZULBFSA-N,unknown,false,643,264,56,495,12019
connectivity,WBYWAXJHAXSJNI,,WBYWAXJHAXSJNI,WBYWAXJHAXSJNI-VOTSOKGWSA-N;WBYWAXJHAXSJNI-SREVYHEPSA-N;WBYWAXJHAXSJNI-UHFFFAOYSA-N,inactive;unknown,true,249,155,88,202,4999
connectivity,DSSYKIVIOFKYAU,,DSSYKIVIOFKYAU,DSSYKIVIOFKYAU-UHFFFAOYSA-N;DSSYKIVIOFKYAU-XCBNKYQSSA-N,unknown,false,428,129,35,405,6444
connectivity,DTGKSKDOIYIVQL,,DTGKSKDOIYIVQL,DTGKSKDOIYIVQL-UHFFFAOYSA-N;DTGKSKDOIYIVQL-OYNCUSHFSA-N;DTGKSKDOIYIVQL-HHCGNCNQSA-N,unknown,false,616,187,52,500,7912
connectivity,LHXDLQBQYFFVNW,LHXDLQBQYFFVNW-UHFFFAOYSA-N,LHXDLQBQYFFVNW,LHXDLQBQYFFVNW-UHFFFAOYSA-N,unknown,false,85,53,19,83,1103
connectivity,PSQYTAPXSHCGMF,PSQYTAPXSHCGMF-BQYQJAHWSA-N,PSQYTAPXSHCGMF,PSQYTAPXSHCGMF-BQYQJAHWSA-N,unknown,false,108,84,41,88,1360
connectivity,JARKCYVAAOWBJS,JARKCYVAAOWBJS-UHFFFAOYSA-N,JARKCYVAAOWBJS,JARKCYVAAOWBJS-UHFFFAOYSA-N,unknown,false,127,88,46,99,1626
connectivity,ADIDQIZBYUABQK,ADIDQIZBYUABQK-RWMBFGLXSA-N,ADIDQIZBYUABQK,ADIDQIZBYUABQK-RWMBFGLXSA-N,unknown,false,56,45,26,51,677
connectivity,RUVINXPYWBROJD,RUVINXPYWBROJD-ONEGZZNKSA-N,RUVINXPYWBROJD,RUVINXPYWBROJD-ONEGZZNKSA-N,inactive,true,106,76,31,117,2593
connectivity,BQZSFXARLMHSGX,BQZSFXARLMHSGX-UHFFFAOYSA-N,BQZSFXARLMHSGX,BQZSFXARLMHSGX-UHFFFAOYSA-N,unknown,false,25,14,5,13,198
connectivity,UWKAYLJWKGQEPM,UWKAYLJWKGQEPM-UHFFFAOYSA-N,UWKAYLJWKGQEPM,UWKAYLJWKGQEPM-UHFFFAOYSA-N,unknown,false,133,59,19,121,1695
connectivity,POIARNZEYGURDG,POIARNZEYGURDG-FNORWQNLSA-N,POIARNZEYGURDG,POIARNZEYGURDG-FNORWQNLSA-N,unknown,false,44,29,13,35,590
connectivity,XMRKUJJDDKYUHV,,XMRKUJJDDKYUHV,XMRKUJJDDKYUHV-SDFJSLCBSA-N;XMRKUJJDDKYUHV-ZCGSDFCLSA-N,unknown,false,66,46,22,44,704
connectivity,DUCIYIHTTCVNJA,DUCIYIHTTCVNJA-UHFFFAOYSA-N,DUCIYIHTTCVNJA,DUCIYIHTTCVNJA-UHFFFAOYSA-N,unknown,false,121,71,21,90,693
connectivity,YLYBTZIQSIBWLI,YLYBTZIQSIBWLI-UHFFFAOYSA-N,YLYBTZIQSIBWLI,YLYBTZIQSIBWLI-UHFFFAOYSA-N,unknown,false,38,21,13,29,400
connectivity,XUEHVOLRMXNRKQ,XUEHVOLRMXNRKQ-KHMAMNHCSA-N,XUEHVOLRMXNRKQ,XUEHVOLRMXNRKQ-KHMAMNHCSA-N,unknown,false,228,123,40,156,2329
connectivity,YGHRJJRRZDOVPD,YGHRJJRRZDOVPD-UHFFFAOYSA-N,YGHRJJRRZDOVPD,YGHRJJRRZDOVPD-UHFFFAOYSA-N,unknown,false,30,21,18,24,326
connectivity,FQTLCLSUCSAZDY,,FQTLCLSUCSAZDY,FQTLCLSUCSAZDY-GOFCXVBSSA-N;FQTLCLSUCSAZDY-ATGUSINASA-N,unknown,false,382,197,66,289,3835
connectivity,GFJIQNADMLPFOW,GFJIQNADMLPFOW-VNHYZAJKSA-N,GFJIQNADMLPFOW,GFJIQNADMLPFOW-VNHYZAJKSA-N,unknown,false,151,94,29,137,1752
connectivity,XCYJPXQACVEIOS,XCYJPXQACVEIOS-UHFFFAOYSA-N,XCYJPXQACVEIOS,XCYJPXQACVEIOS-UHFFFAOYSA-N,unknown,false,16,14,6,12,180
connectivity,QMVPMAAFGQKVCJ,QMVPMAAFGQKVCJ-UHFFFAOYSA-N,QMVPMAAFGQKVCJ,QMVPMAAFGQKVCJ-UHFFFAOYSA-N,unknown,false,213,98,46,160,2694
connectivity,AOGQPLXWSUTHQB,AOGQPLXWSUTHQB-UHFFFAOYSA-N,AOGQPLXWSUTHQB,AOGQPLXWSUTHQB-UHFFFAOYSA-N,unknown,false,47,35,24,33,498
connectivity,PPBRXRYQALVLMV,PPBRXRYQALVLMV-UHFFFAOYSA-N,PPBRXRYQALVLMV,PPBRXRYQALVLMV-UHFFFAOYSA-N,unknown,false,15,12,13,13,163
connectivity,DKPFZGUDAPQIHT,DKPFZGUDAPQIHT-UHFFFAOYSA-N,DKPFZGUDAPQIHT,DKPFZGUDAPQIHT-UHFFFAOYSA-N,unknown,false,26,22,18,22,310
connectivity,LUVOQVJUOOZWCS,LUVOQVJUOOZWCS-UHFFFAOYSA-N,LUVOQVJUOOZWCS,LUVOQVJUOOZWCS-UHFFFAOYSA-N,unknown,false,1,1,1,1,14
connectivity,YMBFCQPIMVLNIU,,YMBFCQPIMVLNIU,YMBFCQPIMVLNIU-SOUVJXGZSA-N;YMBFCQPIMVLNIU-KKUMJFAQSA-N;YMBFCQPIMVLNIU-UHFFFAOYSA-N,unknown,false,166,91,38,129,2073
connectivity,SQIFACVGCPWBQZ,SQIFACVGCPWBQZ-UHFFFAOYSA-N,SQIFACVGCPWBQZ,SQIFACVGCPWBQZ-UHFFFAOYSA-N,unknown,false,37,16,8,24,431
connectivity,RGZSQWQPBWRIAQ,RGZSQWQPBWRIAQ-YSSOQSIOSA-N,RGZSQWQPBWRIAQ,RGZSQWQPBWRIAQ-YSSOQSIOSA-N,unknown,false,153,83,29,128,1876
connectivity,MLFHJEHSLIIPHL,MLFHJEHSLIIPHL-UHFFFAOYSA-N,MLFHJEHSLIIPHL,MLFHJEHSLIIPHL-UHFFFAOYSA-N,unknown,false,16,14,13,14,176
connectivity,COGPRPSWSKLKTF,COGPRPSWSKLKTF-CBBWQLFWSA-N,COGPRPSWSKLKTF,COGPRPSWSKLKTF-CBBWQLFWSA-N,unknown,false,129,80,41,96,1671
connectivity,VMYXUZSZMNBRCN,VMYXUZSZMNBRCN-UHFFFAOYSA-N,VMYXUZSZMNBRCN,VMYXUZSZMNBRCN-UHFFFAOYSA-N,unknown,false,243,133,41,187,2224
connectivity,LHYHMMRYTDARSZ,,LHYHMMRYTDARSZ,LHYHMMRYTDARSZ-ZQDZILKHSA-N;LHYHMMRYTDARSZ-BYNSBNAKSA-N;LHYHMMRYTDARSZ-XQLPTFJDSA-N,unknown,false,487,248,72,400,7749
connectivity,MTZQAGJQAFMTAQ,MTZQAGJQAFMTAQ-UHFFFAOYSA-N,MTZQAGJQAFMTAQ,MTZQAGJQAFMTAQ-UHFFFAOYSA-N,unknown,false,18,16,15,16,226
connectivity,XUPYJHCZDLZNFP,XUPYJHCZDLZNFP-UHFFFAOYSA-N,XUPYJHCZDLZNFP,XUPYJHCZDLZNFP-UHFFFAOYSA-N,unknown,false,18,14,13,13,157
connectivity,XDMOPVQNPWVPSX,XDMOPVQNPWVPSX-UHFFFAOYSA-N,XDMOPVQNPWVPSX,XDMOPVQNPWVPSX-UHFFFAOYSA-N,unknown,false,74,50,33,57,736
connectivity,XEKOWRVHYACXOJ,XEKOWRVHYACXOJ-UHFFFAOYSA-N,XEKOWRVHYACXOJ,XEKOWRVHYACXOJ-UHFFFAOYSA-N,unknown,false,67,47,39,50,702
connectivity,WVHJBVPYIIBODU,WVHJBVPYIIBODU-UHFFFAOYSA-N,WVHJBVPYIIBODU,WVHJBVPYIIBODU-UHFFFAOYSA-N,unknown,false,9,6,4,6,104
connectivity,ORHBXUUXSCNDEV,ORHBXUUXSCNDEV-UHFFFAOYSA-N,ORHBXUUXSCNDEV,ORHBXUUXSCNDEV-UHFFFAOYSA-N,unknown,false,403,183,49,375,6395
connectivity,NNRLDGQZIVUQTE,NNRLDGQZIVUQTE-UHFFFAOYSA-N,NNRLDGQZIVUQTE,NNRLDGQZIVUQTE-UHFFFAOYSA-N,unknown,false,23,17,11,16,232
connectivity,RDOXTESZEPMUJZ,RDOXTESZEPMUJZ-UHFFFAOYSA-N,RDOXTESZEPMUJZ,RDOXTESZEPMUJZ-UHFFFAOYSA-N,unknown,false,14,13,14,12,164
connectivity,APAPGJJZPJQKJJ,APAPGJJZPJQKJJ-QINSGFPZSA-N,APAPGJJZPJQKJJ,APAPGJJZPJQKJJ-QINSGFPZSA-N,unknown,false,165,97,33,117,1820
connectivity,WTEVQBCEXWBHNA,,WTEVQBCEXWBHNA,WTEVQBCEXWBHNA-YFHOEESVSA-N;WTEVQBCEXWBHNA-UHFFFAOYSA-N,unknown,false,206,100,39,206,5114
connectivity,IRAQOCYXUMOFCW,,IRAQOCYXUMOFCW,IRAQOCYXUMOFCW-OSFYFWSMSA-N;IRAQOCYXUMOFCW-UKTARXLSSA-N,unknown,false,85,45,24,57,1200
connectivity,RXBQNMWIQKOSCS,RXBQNMWIQKOSCS-UHFFFAOYSA-N,RXBQNMWIQKOSCS,RXBQNMWIQKOSCS-UHFFFAOYSA-N,unknown,false,168,70,25,118,2014
connectivity,OZQAPQSEYFAMCY,OZQAPQSEYFAMCY-QLFBSQMISA-N,OZQAPQSEYFAMCY,OZQAPQSEYFAMCY-QLFBSQMISA-N,unknown,false,168,95,41,120,1898
connectivity,LFJQCDVYDGGFCH,LFJQCDVYDGGFCH-UHFFFAOYSA-N,LFJQCDVYDGGFCH,LFJQCDVYDGGFCH-UHFFFAOYSA-N,unknown,false,379,157,40,299,4394
connectivity,USDOQCCMRDNVAH,USDOQCCMRDNVAH-KKUMJFAQSA-N,USDOQCCMRDNVAH,USDOQCCMRDNVAH-KKUMJFAQSA-N,unknown,false,53,38,15,44,432
connectivity,LGNSZMLHOYDATP,LGNSZMLHOYDATP-UHFFFAOYSA-N,LGNSZMLHOYDATP,LGNSZMLHOYDATP-UHFFFAOYSA-N,unknown,false,12,13,9,11,132
connectivity,DJYWGTBEZVORGE,DJYWGTBEZVORGE-CVWWDKSYSA-N,DJYWGTBEZVORGE,DJYWGTBEZVORGE-CVWWDKSYSA-N,unknown,false,7,6,4,6,73
connectivity,WXQGPFZDVCRBME,WXQGPFZDVCRBME-QEJZJMRPSA-N,WXQGPFZDVCRBME,WXQGPFZDVCRBME-QEJZJMRPSA-N,unknown,false,45,28,16,43,531
connectivity,PHWISBHSBNDZDX,PHWISBHSBNDZDX-LSDHHAIUSA-N,PHWISBHSBNDZDX,PHWISBHSBNDZDX-LSDHHAIUSA-N,unknown,false,83,55,15,70,1000
connectivity,RMKQBFUAKZOVPQ,RMKQBFUAKZOVPQ-APIJFGDWSA-N,RMKQBFUAKZOVPQ,RMKQBFUAKZOVPQ-APIJFGDWSA-N,unknown,false,22,16,12,17,305
connectivity,WLNGPDPILFYWKF,WLNGPDPILFYWKF-OAHLLOKOSA-N,WLNGPDPILFYWKF,WLNGPDPILFYWKF-OAHLLOKOSA-N,unknown,false,28,24,18,26,344
connectivity,PYMYPHUHKUWMLA,,PYMYPHUHKUWMLA,PYMYPHUHKUWMLA-VAYJURFESA-N;PYMYPHUHKUWMLA-LMVFSUKVSA-N,unknown,false,53,46,30,46,789
connectivity,JLIDBLDQVAYHNE,,JLIDBLDQVAYHNE,JLIDBLDQVAYHNE-YKALOCIXSA-N;JLIDBLDQVAYHNE-KDSIFHRYSA-N;JLIDBLDQVAYHNE-UHFFFAOYSA-N,unknown,false,103,80,50,96,2126
connectivity,IAIHUHQCLTYTSF,IAIHUHQCLTYTSF-MRTMQBJTSA-N,IAIHUHQCLTYTSF,IAIHUHQCLTYTSF-MRTMQBJTSA-N,unknown,false,109,44,15,52,1543
connectivity,ONVABDHFQKWOSV,ONVABDHFQKWOSV-HPUSYDDDSA-N,ONVABDHFQKWOSV,ONVABDHFQKWOSV-HPUSYDDDSA-N,unknown,false,77,56,33,67,962
connectivity,IQDXAJNQKSIPGB,IQDXAJNQKSIPGB-WAYIDIRISA-N,IQDXAJNQKSIPGB,IQDXAJNQKSIPGB-WAYIDIRISA-N,unknown,false,11,7,4,7,49
connectivity,KKOXKGNSUHTUBV,KKOXKGNSUHTUBV-GJZGRUSLSA-N,KKOXKGNSUHTUBV,KKOXKGNSUHTUBV-GJZGRUSLSA-N,unknown,false,71,42,17,67,1178
connectivity,OINNEUNVOZHBOX,,OINNEUNVOZHBOX,OINNEUNVOZHBOX-QIRCYJPOSA-N;OINNEUNVOZHBOX-UHFFFAOYSA-N,unknown,false,28,18,17,23,418
connectivity,VPDZRSSKICPUEY,VPDZRSSKICPUEY-JEPMYXAXSA-N,VPDZRSSKICPUEY,VPDZRSSKICPUEY-JEPMYXAXSA-N,unknown,false,384,191,55,268,5569
connectivity,JCAIWDXKLCEQEO,,JCAIWDXKLCEQEO,JCAIWDXKLCEQEO-KSAZJLBOSA-N;JCAIWDXKLCEQEO-UHFFFAOYSA-N,unknown,false,8,8,7,9,124
connectivity,VWFJDQUYCIWHTN,VWFJDQUYCIWHTN-YFVJMOTDSA-N,VWFJDQUYCIWHTN,VWFJDQUYCIWHTN-YFVJMOTDSA-N,unknown,false,18,13,14,19,232
connectivity,ZAZVCYBIABTSJR,ZAZVCYBIABTSJR-AJMKIUIDSA-N,ZAZVCYBIABTSJR,ZAZVCYBIABTSJR-AJMKIUIDSA-N,unknown,false,32,13,5,25,275
connectivity,WGTRJVCFDUCKCM,WGTRJVCFDUCKCM-ASEORRQLSA-N,WGTRJVCFDUCKCM,WGTRJVCFDUCKCM-ASEORRQLSA-N,unknown,false,101,50,27,68,1134
connectivity,GVVPGTZRZFNKDS,GVVPGTZRZFNKDS-JXMROGBWSA-N,GVVPGTZRZFNKDS,GVVPGTZRZFNKDS-JXMROGBWSA-N,unknown,false,22,14,13,19,351
connectivity,VRDGFDINTZFVNN,VRDGFDINTZFVNN-QLFBSQMISA-N,VRDGFDINTZFVNN,VRDGFDINTZFVNN-QLFBSQMISA-N,unknown,false,1,1,1,1,12
connectivity,ZOEGQXCAXOUFHN,ZOEGQXCAXOUFHN-DDKHUQCISA-N,ZOEGQXCAXOUFHN,ZOEGQXCAXOUFHN-DDKHUQCISA-N,unknown,false,22,11,5,21,162
connectivity,CXTMLIMZRPKULL,CXTMLIMZRPKULL-DDKHUQCISA-N,CXTMLIMZRPKULL,CXTMLIMZRPKULL-DDKHUQCISA-N,unknown,false,20,11,4,21,261
connectivity,MWGXQVSTMXPXIW,MWGXQVSTMXPXIW-VKNJAWFRSA-N,MWGXQVSTMXPXIW,MWGXQVSTMXPXIW-VKNJAWFRSA-N,unknown,false,2,2,2,2,13
connectivity,SUSQOBVLVYHIEX,SUSQOBVLVYHIEX-UHFFFAOYSA-N,SUSQOBVLVYHIEX,SUSQOBVLVYHIEX-UHFFFAOYSA-N,unknown,false,35,22,17,19,353
connectivity,RTWFLPZWHKDFBK,RTWFLPZWHKDFBK-LPUQOGTASA-N,RTWFLPZWHKDFBK,RTWFLPZWHKDFBK-LPUQOGTASA-N,unknown,false,1,1,1,1,16
connectivity,ZNJFBWYDHIGLCU,,ZNJFBWYDHIGLCU,ZNJFBWYDHIGLCU-HWKXXFMVSA-N;ZNJFBWYDHIGLCU-QKMQQOOLSA-N;ZNJFBWYDHIGLCU-UHFFFAOYSA-N,unknown,false,27,18,15,35,574
connectivity,XSPNTRJDTKNMDO,XSPNTRJDTKNMDO-UHFFFAOYSA-N,XSPNTRJDTKNMDO,XSPNTRJDTKNMDO-UHFFFAOYSA-N,unknown,false,1,1,1,1,16
connectivity,GEZJVEGHJRPQEX,GEZJVEGHJRPQEX-BZNQNGANSA-N,GEZJVEGHJRPQEX,GEZJVEGHJRPQEX-BZNQNGANSA-N,unknown,false,3,3,3,3,36
connectivity,SQUOCHQOQMZGQP,SQUOCHQOQMZGQP-REOHCLBHSA-N,SQUOCHQOQMZGQP,SQUOCHQOQMZGQP-REOHCLBHSA-N,unknown,false,3,2,1,2,40
connectivity,SUVMJBTUFCVSAD,SUVMJBTUFCVSAD-UHFFFAOYSA-N,SUVMJBTUFCVSAD,SUVMJBTUFCVSAD-UHFFFAOYSA-N,unknown,false,7,4,1,12,170
connectivity,PHZOWSSBXJXFOR,,PHZOWSSBXJXFOR,PHZOWSSBXJXFOR-GLVDENFASA-N;PHZOWSSBXJXFOR-GUCBVSFQSA-N,unknown,false,42,23,2,37,761
connectivity,FGXYYCWDPYDAOS,FGXYYCWDPYDAOS-UHFFFAOYSA-N,FGXYYCWDPYDAOS,FGXYYCWDPYDAOS-UHFFFAOYSA-N,unknown,false,2,2,1,2,48
connectivity,ILGMGHZPXRDCCS,ILGMGHZPXRDCCS-UHFFFAOYSA-N,ILGMGHZPXRDCCS,ILGMGHZPXRDCCS-UHFFFAOYSA-N,unknown,false,6,6,6,7,100
connectivity,IVYPNXXAYMYVSP,IVYPNXXAYMYVSP-UHFFFAOYSA-N,IVYPNXXAYMYVSP,IVYPNXXAYMYVSP-UHFFFAOYSA-N,unknown,false,10,7,5,11,123
connectivity,XMIIGOLPHOKFCH,XMIIGOLPHOKFCH-UHFFFAOYSA-N,XMIIGOLPHOKFCH,XMIIGOLPHOKFCH-UHFFFAOYSA-N,unknown,false,47,21,20,22,457
connectivity,CWOJBEDMJKZKAB,,CWOJBEDMJKZKAB,CWOJBEDMJKZKAB-JZYAIQKZSA-N;CWOJBEDMJKZKAB-UHFFFAOYSA-N,unknown,false,4,3,2,7,104
connectivity,SYTYLPHCLSSCOJ,SYTYLPHCLSSCOJ-UHFFFAOYSA-N,SYTYLPHCLSSCOJ,SYTYLPHCLSSCOJ-UHFFFAOYSA-N,unknown,false,87,54,21,72,1107
connectivity,FLURSKCCKANNKS,FLURSKCCKANNKS-UHFFFAOYSA-N,FLURSKCCKANNKS,FLURSKCCKANNKS-UHFFFAOYSA-N,unknown,false,1,1,1,1,16
connectivity,SFSJZXMDTNDWIX,SFSJZXMDTNDWIX-UHFFFAOYSA-N,SFSJZXMDTNDWIX,SFSJZXMDTNDWIX-UHFFFAOYSA-N,unknown,false,1,1,1,1,16
connectivity,BFBMDZOSZQDEKW,BFBMDZOSZQDEKW-UHFFFAOYSA-N,BFBMDZOSZQDEKW,BFBMDZOSZQDEKW-UHFFFAOYSA-N,unknown,false,2,2,1,2,32
connectivity,RFMWHKQIFOKKGC,RFMWHKQIFOKKGC-UHFFFAOYSA-N,RFMWHKQIFOKKGC,RFMWHKQIFOKKGC-UHFFFAOYSA-N,unknown,false,1,1,1,1,16
connectivity,XYOSMXFVURVKBE,XYOSMXFVURVKBE-UHFFFAOYSA-N,XYOSMXFVURVKBE,XYOSMXFVURVKBE-UHFFFAOYSA-N,unknown,false,1,1,1,1,16
connectivity,PMTMAFAPLCGXGK,,PMTMAFAPLCGXGK,PMTMAFAPLCGXGK-JMTMCXQRSA-N;PMTMAFAPLCGXGK-UHFFFAOYSA-N;PMTMAFAPLCGXGK-CLTKARDFSA-N,unknown,false,4,4,4,5,68
connectivity,SXFSQZDSUWACKX,SXFSQZDSUWACKX-UHFFFAOYSA-N,SXFSQZDSUWACKX,SXFSQZDSUWACKX-UHFFFAOYSA-N,unknown,false,3,3,3,5,58
connectivity,IYODIJVWGPRBGQ,IYODIJVWGPRBGQ-UHFFFAOYSA-N,IYODIJVWGPRBGQ,IYODIJVWGPRBGQ-UHFFFAOYSA-N,unknown,false,4,2,1,7,120
connectivity,GJXGLYODFWLYHO,GJXGLYODFWLYHO-PNNKGAHQSA-N,GJXGLYODFWLYHO,GJXGLYODFWLYHO-PNNKGAHQSA-N,unknown,false,1,1,1,1,16
connectivity,ZYGHJZDHTFUPRJ,ZYGHJZDHTFUPRJ-UHFFFAOYSA-N,ZYGHJZDHTFUPRJ,ZYGHJZDHTFUPRJ-UHFFFAOYSA-N,unknown,false,136,81,48,124,1878
connectivity,SEOVTRFCIGRIMH,SEOVTRFCIGRIMH-UHFFFAOYSA-N,SEOVTRFCIGRIMH,SEOVTRFCIGRIMH-UHFFFAOYSA-N,unknown,false,79,55,43,92,1466
connectivity,IMQUXUBOZWPMFX,IMQUXUBOZWPMFX-UHFFFAOYSA-N,IMQUXUBOZWPMFX,IMQUXUBOZWPMFX-UHFFFAOYSA-N,unknown,false,1,1,1,1,16
connectivity,ZNEJWXHAVJTYSO,ZNEJWXHAVJTYSO-RUSIJVCESA-N,ZNEJWXHAVJTYSO,ZNEJWXHAVJTYSO-RUSIJVCESA-N,unknown,false,2,2,2,2,30
connectivity,HKIBRYCZLMJRFT,,HKIBRYCZLMJRFT,HKIBRYCZLMJRFT-UHFFFAOYSA-N;HKIBRYCZLMJRFT-KHXSHCKASA-N;HKIBRYCZLMJRFT-BRXBVWLPSA-N,unknown,false,1,1,1,3,56
connectivity,KMAKOBLIOCQGJP,KMAKOBLIOCQGJP-UHFFFAOYSA-N,KMAKOBLIOCQGJP,KMAKOBLIOCQGJP-UHFFFAOYSA-N,unknown,false,42,36,28,41,642
connectivity,KOWMJRJXZMEZLD,KOWMJRJXZMEZLD-UHFFFAOYSA-N,KOWMJRJXZMEZLD,KOWMJRJXZMEZLD-UHFFFAOYSA-N,unknown,false,289,167,79,238,3474
connectivity,FHYQIQMSODIFCP,FHYQIQMSODIFCP-ZZXKWVIFSA-N,FHYQIQMSODIFCP,FHYQIQMSODIFCP-ZZXKWVIFSA-N,unknown,false,5,4,3,4,47
connectivity,WXIACXAKMZPXKX,WXIACXAKMZPXKX-AJZPPWIDSA-N,WXIACXAKMZPXKX,WXIACXAKMZPXKX-AJZPPWIDSA-N,unknown,false,1,1,1,1,16
connectivity,OVRNDRQMDRJTHS,OVRNDRQMDRJTHS-FMDGEEDCSA-N,OVRNDRQMDRJTHS,OVRNDRQMDRJTHS-FMDGEEDCSA-N,unknown,false,13,13,13,15,187
connectivity,JXYGLMATGAAIBU,JXYGLMATGAAIBU-UHFFFAOYSA-N,JXYGLMATGAAIBU,JXYGLMATGAAIBU-UHFFFAOYSA-N,unknown,false,1,1,1,2,32
connectivity,SJHVRBSHKTUXLG,,SJHVRBSHKTUXLG,SJHVRBSHKTUXLG-LFHLZQBKSA-N;SJHVRBSHKTUXLG-UHFFFAOYSA-N,unknown,false,3,2,1,4,62
connectivity,FSNCEEGOMTYXKY,FSNCEEGOMTYXKY-UHFFFAOYSA-N,FSNCEEGOMTYXKY,FSNCEEGOMTYXKY-UHFFFAOYSA-N,unknown,false,6,5,4,6,93
connectivity,DYRUQHNXUJVUOG,DYRUQHNXUJVUOG-XBXARRHUSA-N,DYRUQHNXUJVUOG,DYRUQHNXUJVUOG-XBXARRHUSA-N,unknown,false,1,1,1,1,16
connectivity,KDEUQTJCZQGNJS,KDEUQTJCZQGNJS-XBXARRHUSA-N,KDEUQTJCZQGNJS,KDEUQTJCZQGNJS-XBXARRHUSA-N,unknown,false,1,1,1,1,16
connectivity,MKYUCBXUUSZMQB,,MKYUCBXUUSZMQB,MKYUCBXUUSZMQB-MKZMYESJSA-N;MKYUCBXUUSZMQB-OUFYTKNASA-N,unknown,false,11,11,12,12,161
connectivity,QLBZIZLLMNWTHG,QLBZIZLLMNWTHG-UHFFFAOYSA-N,QLBZIZLLMNWTHG,QLBZIZLLMNWTHG-UHFFFAOYSA-N,unknown,false,1,1,1,1,16
connectivity,SFLMUHDGSQZDOW,SFLMUHDGSQZDOW-FAOXUISGSA-N,SFLMUHDGSQZDOW,SFLMUHDGSQZDOW-FAOXUISGSA-N,unknown,false,78,53,35,76,838
connectivity,OQZPHKHJQADXAS,OQZPHKHJQADXAS-CKMVWSRUSA-N,OQZPHKHJQADXAS,OQZPHKHJQADXAS-CKMVWSRUSA-N,unknown,false,1,1,1,1,16
connectivity,LRLNKLFTNOIZNI,LRLNKLFTNOIZNI-LYXBDTNHSA-N,LRLNKLFTNOIZNI,LRLNKLFTNOIZNI-LYXBDTNHSA-N,unknown,false,1,1,1,1,16
connectivity,MHXCIKYXNYCMHY,,MHXCIKYXNYCMHY,MHXCIKYXNYCMHY-SXGZJXTBSA-N;MHXCIKYXNYCMHY-AUSJPIAWSA-N,unknown,false,159,104,59,91,2216
connectivity,VDMHTGWQLREBFW,VDMHTGWQLREBFW-ZZXKWVIFSA-N,VDMHTGWQLREBFW,VDMHTGWQLREBFW-ZZXKWVIFSA-N,unknown,false,1,1,1,1,16
connectivity,HVFBFUUUEIXKJL,HVFBFUUUEIXKJL-INOXDZRUSA-N,HVFBFUUUEIXKJL,HVFBFUUUEIXKJL-INOXDZRUSA-N,unknown,false,1,1,1,1,16
connectivity,PUZLVBQOZIVDKI,PUZLVBQOZIVDKI-UHFFFAOYSA-N,PUZLVBQOZIVDKI,PUZLVBQOZIVDKI-UHFFFAOYSA-N,unknown,false,1,1,1,1,16
connectivity,QRXRWDDFTQIZAV,QRXRWDDFTQIZAV-UHFFFAOYSA-N,QRXRWDDFTQIZAV,QRXRWDDFTQIZAV-UHFFFAOYSA-N,unknown,false,1,1,1,1,16
connectivity,KVKJZZMEYYZNDI,KVKJZZMEYYZNDI-CKMVWSRUSA-N,KVKJZZMEYYZNDI,KVKJZZMEYYZNDI-CKMVWSRUSA-N,unknown,false,2,2,1,2,24
connectivity,YTBSYETUWUMLBZ,YTBSYETUWUMLBZ-IUYQGCFVSA-N,YTBSYETUWUMLBZ,YTBSYETUWUMLBZ-IUYQGCFVSA-N,unknown,false,6,6,7,5,63
connectivity,GLYJVQDYLFAUFC,GLYJVQDYLFAUFC-UHFFFAOYSA-N,GLYJVQDYLFAUFC,GLYJVQDYLFAUFC-UHFFFAOYSA-N,unknown,false,2,2,2,2,22
connectivity,GAHLHXRCZDVQSW,GAHLHXRCZDVQSW-UHFFFAOYSA-N,GAHLHXRCZDVQSW,GAHLHXRCZDVQSW-UHFFFAOYSA-N,unknown,false,1,1,1,1,16
connectivity,YKDYCKHEKOEVJM,YKDYCKHEKOEVJM-UHFFFAOYSA-N,YKDYCKHEKOEVJM,YKDYCKHEKOEVJM-UHFFFAOYSA-N,unknown,false,1,1,1,1,16
connectivity,ZAKICGFSIJSCSF,ZAKICGFSIJSCSF-LPUQOGTASA-N,ZAKICGFSIJSCSF,ZAKICGFSIJSCSF-LPUQOGTASA-N,unknown,false,13,7,2,5,120
connectivity,NYHBQMYGNKIUIF,NYHBQMYGNKIUIF-UUOKFMHZSA-N,NYHBQMYGNKIUIF,NYHBQMYGNKIUIF-UUOKFMHZSA-N,unknown,false,44,31,30,32,490
connectivity,GYYOKOIBHIWNHE,,GYYOKOIBHIWNHE,GYYOKOIBHIWNHE-UHFFFAOYSA-N;GYYOKOIBHIWNHE-SECBINFHSA-N,unknown,false,1,1,1,2,32
connectivity,CAAULPUQFIIOTL,CAAULPUQFIIOTL-UHFFFAOYSA-N,CAAULPUQFIIOTL,CAAULPUQFIIOTL-UHFFFAOYSA-N,unknown,false,14,7,8,8,154
connectivity,XVGBKWQWYRNGDG,,XVGBKWQWYRNGDG,XVGBKWQWYRNGDG-UHFFFAOYSA-N;XVGBKWQWYRNGDG-JTQLQIEISA-N,unknown,false,1,1,1,2,32
connectivity,TWYBESPQJGNNCX,TWYBESPQJGNNCX-OAHLLOKOSA-N,TWYBESPQJGNNCX,TWYBESPQJGNNCX-OAHLLOKOSA-N,unknown,false,1,1,1,1,16
connectivity,DDGLFRJITJFPDK,DDGLFRJITJFPDK-ZZXKWVIFSA-N,DDGLFRJITJFPDK,DDGLFRJITJFPDK-ZZXKWVIFSA-N,unknown,false,1,1,1,1,16
connectivity,FBFJELLIZHWAOM,FBFJELLIZHWAOM-UHFFFAOYSA-N,FBFJELLIZHWAOM,FBFJELLIZHWAOM-UHFFFAOYSA-N,unknown,false,1,1,1,1,16
connectivity,QJVXKWHHAMZTBY,,QJVXKWHHAMZTBY,QJVXKWHHAMZTBY-GCPOEHJPSA-N;QJVXKWHHAMZTBY-NUUCXFROSA-N;QJVXKWHHAMZTBY-UHFFFAOYSA-N,unknown,false,177,103,52,197,2832
connectivity,WVKDDHFUHISZRK,WVKDDHFUHISZRK-OAHLLOKOSA-N,WVKDDHFUHISZRK,WVKDDHFUHISZRK-OAHLLOKOSA-N,unknown,false,1,1,1,1,16
connectivity,MDIUMSLCYIJBQC,MDIUMSLCYIJBQC-YPKPFQOOSA-N,MDIUMSLCYIJBQC,MDIUMSLCYIJBQC-YPKPFQOOSA-N,unknown,false,8,8,8,9,100
connectivity,NEMIGFQIONIZCH,NEMIGFQIONIZCH-UHFFFAOYSA-N,NEMIGFQIONIZCH,NEMIGFQIONIZCH-UHFFFAOYSA-N,unknown,false,1,1,1,1,16
connectivity,UPGLJTCDRBIZKP,UPGLJTCDRBIZKP-KYOSRNDESA-N,UPGLJTCDRBIZKP,UPGLJTCDRBIZKP-KYOSRNDESA-N,unknown,false,13,11,8,11,126
connectivity,GXEGJTGWYVZSNR,GXEGJTGWYVZSNR-JEKCHIPQSA-N,GXEGJTGWYVZSNR,GXEGJTGWYVZSNR-JEKCHIPQSA-N,unknown,false,117,67,27,78,1403
connectivity,CRCRWSPYNRCZFN,CRCRWSPYNRCZFN-UHFFFAOYSA-N,CRCRWSPYNRCZFN,CRCRWSPYNRCZFN-UHFFFAOYSA-N,unknown,false,33,14,2,19,263
connectivity,VADSVXSGIFBZLI,VADSVXSGIFBZLI-IBEHDNSVSA-N,VADSVXSGIFBZLI,VADSVXSGIFBZLI-IBEHDNSVSA-N,unknown,false,44,31,15,36,411
connectivity,DKZBBWMURDFHNE,,DKZBBWMURDFHNE,DKZBBWMURDFHNE-NSCUHMNNSA-N;DKZBBWMURDFHNE-UHFFFAOYSA-N,unknown,false,128,85,50,108,2260
connectivity,FTFPXINQVCVDEY,FTFPXINQVCVDEY-UHFFFAOYSA-N,FTFPXINQVCVDEY,FTFPXINQVCVDEY-UHFFFAOYSA-N,unknown,false,6,4,3,3,62
connectivity,VRELCUVYUBGICK,,VRELCUVYUBGICK,VRELCUVYUBGICK-UHFFFAOYSA-N;VRELCUVYUBGICK-BJMVGYQFSA-N,unknown,false,1,1,1,1,24
connectivity,WGFNRTMBWBECCH,WGFNRTMBWBECCH-QFBILLFUSA-N,WGFNRTMBWBECCH,WGFNRTMBWBECCH-QFBILLFUSA-N,unknown,false,1,1,1,1,6
connectivity,MWOOGOJBHIARFG,MWOOGOJBHIARFG-UHFFFAOYSA-N,MWOOGOJBHIARFG,MWOOGOJBHIARFG-UHFFFAOYSA-N,unknown,false,247,156,70,253,4042
connectivity,NMNZUBDWSACNNK,NMNZUBDWSACNNK-URLMMPGGSA-N,NMNZUBDWSACNNK,NMNZUBDWSACNNK-URLMMPGGSA-N,unknown,false,1,1,1,1,6
connectivity,SCZVLDHREVKTSH,SCZVLDHREVKTSH-UHFFFAOYSA-N,SCZVLDHREVKTSH,SCZVLDHREVKTSH-UHFFFAOYSA-N,unknown,false,249,150,52,211,3370
connectivity,KICKMJLVAFILTB,KICKMJLVAFILTB-CONSDPRKSA-N,KICKMJLVAFILTB,KICKMJLVAFILTB-CONSDPRKSA-N,unknown,false,1,1,1,1,6
connectivity,MIJYXULNPSFWEK,,MIJYXULNPSFWEK,MIJYXULNPSFWEK-GTOFXWBISA-N;MIJYXULNPSFWEK-LXLHWSNGSA-N;MIJYXULNPSFWEK-KDQGZELNSA-N;MIJYXULNPSFWEK-UHFFFAOYSA-N,unknown,false,1027,483,125,879,14125
connectivity,UXGVMFHEKMGWMA,UXGVMFHEKMGWMA-UHFFFAOYSA-N,UXGVMFHEKMGWMA,UXGVMFHEKMGWMA-UHFFFAOYSA-N,unknown,false,1,1,1,1,12
connectivity,UYGQRNGRAZQGAB,UYGQRNGRAZQGAB-MUAVYFROSA-N,UYGQRNGRAZQGAB,UYGQRNGRAZQGAB-MUAVYFROSA-N,unknown,false,1,1,1,1,6
connectivity,IHJFUBOOWFHEMB,IHJFUBOOWFHEMB-UHFFFAOYSA-N,IHJFUBOOWFHEMB,IHJFUBOOWFHEMB-UHFFFAOYSA-N,unknown,false,4,3,3,3,40
connectivity,FZWAPOLATYIVKF,FZWAPOLATYIVKF-UHFFFAOYSA-N,FZWAPOLATYIVKF,FZWAPOLATYIVKF-UHFFFAOYSA-N,unknown,false,1,1,1,1,12
connectivity,VQGNXLGTEYJCKS,VQGNXLGTEYJCKS-UHFFFAOYSA-N,VQGNXLGTEYJCKS,VQGNXLGTEYJCKS-UHFFFAOYSA-N,unknown,false,1,1,1,1,12
connectivity,KETPSFSOGFKJJY,KETPSFSOGFKJJY-UHFFFAOYSA-N,KETPSFSOGFKJJY,KETPSFSOGFKJJY-UHFFFAOYSA-N,unknown,false,8,7,5,7,97
connectivity,FEUZDFRCUJDPQF,FEUZDFRCUJDPQF-ZAQUEYBZSA-N,FEUZDFRCUJDPQF,FEUZDFRCUJDPQF-ZAQUEYBZSA-N,unknown,false,1,1,1,1,6
connectivity,BEYRARVOHDHKTG,BEYRARVOHDHKTG-UHFFFAOYSA-N,BEYRARVOHDHKTG,BEYRARVOHDHKTG-UHFFFAOYSA-N,unknown,false,4,3,2,3,32
connectivity,TZPBMNKOLMSJPF,TZPBMNKOLMSJPF-BZNQNGANSA-N,TZPBMNKOLMSJPF,TZPBMNKOLMSJPF-BZNQNGANSA-N,unknown,false,6,6,2,2,63
connectivity,QCIGTAPXKGNROR,QCIGTAPXKGNROR-GDYWFKHXSA-N,QCIGTAPXKGNROR,QCIGTAPXKGNROR-GDYWFKHXSA-N,unknown,false,3,3,2,1,42
connectivity,JYFOSWJYZIVJPO,JYFOSWJYZIVJPO-UHFFFAOYSA-N,JYFOSWJYZIVJPO,JYFOSWJYZIVJPO-UHFFFAOYSA-N,unknown,false,29,24,14,15,278
connectivity,CPPDWYIPKSSNNM,CPPDWYIPKSSNNM-UHFFFAOYSA-N,CPPDWYIPKSSNNM,CPPDWYIPKSSNNM-UHFFFAOYSA-N,unknown,false,2,2,2,2,28
connectivity,IEHDJWSAXBGJIP,IEHDJWSAXBGJIP-RYUDHWBXSA-N,IEHDJWSAXBGJIP,IEHDJWSAXBGJIP-RYUDHWBXSA-N,unknown,false,2,2,2,2,22
connectivity,QJKMCQRFHJRIPU,QJKMCQRFHJRIPU-XDTLVQLUSA-N,QJKMCQRFHJRIPU,QJKMCQRFHJRIPU-XDTLVQLUSA-N,unknown,false,1,1,1,1,16
connectivity,PUEDDPCUCPRQNY,PUEDDPCUCPRQNY-ZYUZMQFOSA-O,PUEDDPCUCPRQNY,PUEDDPCUCPRQNY-ZYUZMQFOSA-O,unknown,false,6,6,6,5,69
connectivity,HRAXJWRHSUTMCS,HRAXJWRHSUTMCS-UHFFFAOYSA-N,HRAXJWRHSUTMCS,HRAXJWRHSUTMCS-UHFFFAOYSA-N,unknown,false,2,2,2,2,26
connectivity,IMMPMHKLUUZKAZ,IMMPMHKLUUZKAZ-WMZOPIPTSA-N,IMMPMHKLUUZKAZ,IMMPMHKLUUZKAZ-WMZOPIPTSA-N,unknown,false,1,1,1,1,16
connectivity,OYKAXBUWOIRLGF,OYKAXBUWOIRLGF-VMBRNALUSA-N,OYKAXBUWOIRLGF,OYKAXBUWOIRLGF-VMBRNALUSA-N,unknown,false,2,2,2,2,48
connectivity,PBUXMVYWOSKHMF,PBUXMVYWOSKHMF-WDSKDSINSA-N,PBUXMVYWOSKHMF,PBUXMVYWOSKHMF-WDSKDSINSA-N,unknown,false,1,1,1,1,16
connectivity,KGVHCTWYMPWEGN,KGVHCTWYMPWEGN-FSPLSTOPSA-N,KGVHCTWYMPWEGN,KGVHCTWYMPWEGN-FSPLSTOPSA-N,unknown,false,2,2,2,2,28
connectivity,TYUPZTIJMKMYHL,TYUPZTIJMKMYHL-ZRDIBKRKSA-N,TYUPZTIJMKMYHL,TYUPZTIJMKMYHL-ZRDIBKRKSA-N,unknown,false,1,1,1,1,16
connectivity,IDKLJIUIJUVJNR,IDKLJIUIJUVJNR-JSEKUSAISA-N,IDKLJIUIJUVJNR,IDKLJIUIJUVJNR-JSEKUSAISA-N,unknown,false,2,2,2,2,28
connectivity,OMSJCIOTCFHSIT,OMSJCIOTCFHSIT-KNUOEEMSSA-N,OMSJCIOTCFHSIT,OMSJCIOTCFHSIT-KNUOEEMSSA-N,unknown,false,1,1,1,2,32
connectivity,OGGRSJFVXREKOR,OGGRSJFVXREKOR-CIUDSAMLSA-N,OGGRSJFVXREKOR,OGGRSJFVXREKOR-CIUDSAMLSA-N,unknown,false,1,1,1,1,16
connectivity,DGUIKAVSMBLZCL,DGUIKAVSMBLZCL-MKSLXUROSA-N,DGUIKAVSMBLZCL,DGUIKAVSMBLZCL-MKSLXUROSA-N,unknown,false,2,2,2,2,28
connectivity,LFUCRBSGQMAKCO,LFUCRBSGQMAKCO-UHFFFAOYSA-N,LFUCRBSGQMAKCO,LFUCRBSGQMAKCO-UHFFFAOYSA-N,unknown,false,2,2,2,2,28
connectivity,XMJFVIGTHMOGNZ,XMJFVIGTHMOGNZ-AHMUMSBHSA-N,XMJFVIGTHMOGNZ,XMJFVIGTHMOGNZ-AHMUMSBHSA-N,unknown,false,20,7,1,13,561
connectivity,NPAGDVCDWIYMMC,NPAGDVCDWIYMMC-IZPLOLCNSA-N,NPAGDVCDWIYMMC,NPAGDVCDWIYMMC-IZPLOLCNSA-N,unknown,false,1,1,1,1,16
connectivity,PPQRSMGDOHLTBE,PPQRSMGDOHLTBE-UWVGGRQHSA-N,PPQRSMGDOHLTBE,PPQRSMGDOHLTBE-UWVGGRQHSA-N,unknown,false,1,1,1,1,16
connectivity,LELAOEBVZLPXAZ,LELAOEBVZLPXAZ-UHFFFAOYSA-N,LELAOEBVZLPXAZ,LELAOEBVZLPXAZ-UHFFFAOYSA-N,unknown,false,1,1,1,1,16
connectivity,TWFZGCMQGLPBSX,TWFZGCMQGLPBSX-UHFFFAOYSA-N,TWFZGCMQGLPBSX,TWFZGCMQGLPBSX-UHFFFAOYSA-N,active,true,3,3,3,3,42
connectivity,VOXZDWNPVJITMN,VOXZDWNPVJITMN-WKUFJEKOSA-N,VOXZDWNPVJITMN,VOXZDWNPVJITMN-WKUFJEKOSA-N,unknown,false,15,15,14,15,153
connectivity,PYSODLWHFWCFLV,PYSODLWHFWCFLV-VJBFNVCUSA-N,PYSODLWHFWCFLV,PYSODLWHFWCFLV-VJBFNVCUSA-N,unknown,false,2,2,2,2,22
connectivity,OBFAPCIUSYHFIE,OBFAPCIUSYHFIE-UHFFFAOYSA-N,OBFAPCIUSYHFIE,OBFAPCIUSYHFIE-UHFFFAOYSA-N,unknown,false,2,2,2,2,22
connectivity,ZSOICJZJSRWNHX,ZSOICJZJSRWNHX-ACZMJKKPSA-N,ZSOICJZJSRWNHX,ZSOICJZJSRWNHX-ACZMJKKPSA-N,unknown,false,1,1,1,1,16
connectivity,JBCLFWXMTIKCCB,JBCLFWXMTIKCCB-VIFPVBQESA-N,JBCLFWXMTIKCCB,JBCLFWXMTIKCCB-VIFPVBQESA-N,unknown,false,1,1,1,1,16
connectivity,TVWOTZQAXZHSLO,TVWOTZQAXZHSLO-UHFFFAOYSA-N,TVWOTZQAXZHSLO,TVWOTZQAXZHSLO-UHFFFAOYSA-N,unknown,false,1,1,1,1,16
connectivity,PROQIPRRNZUXQM,PROQIPRRNZUXQM-ZXXIGWHRSA-N,PROQIPRRNZUXQM,PROQIPRRNZUXQM-ZXXIGWHRSA-N,unknown,false,5,5,5,5,53
connectivity,SYAWGTIVOGUZMM,SYAWGTIVOGUZMM-ILYOTBPNSA-N,SYAWGTIVOGUZMM,SYAWGTIVOGUZMM-ILYOTBPNSA-N,unknown,false,1,1,1,1,16
connectivity,YVOCTABTPCVYNG,YVOCTABTPCVYNG-UHFFFAOYSA-N,YVOCTABTPCVYNG,YVOCTABTPCVYNG-UHFFFAOYSA-N,unknown,false,1,1,1,1,16
connectivity,YGJTUEISKATQSM,YGJTUEISKATQSM-USWFWKISSA-N,YGJTUEISKATQSM,YGJTUEISKATQSM-USWFWKISSA-N,unknown,false,1,1,1,1,16
connectivity,OXVUXGFZHDKYLS,OXVUXGFZHDKYLS-BLIWDXROSA-N,OXVUXGFZHDKYLS,OXVUXGFZHDKYLS-BLIWDXROSA-N,unknown,false,149,76,27,129,2424
connectivity,FVWJYYTZTCVBKE,FVWJYYTZTCVBKE-ROUWMTJPSA-N,FVWJYYTZTCVBKE,FVWJYYTZTCVBKE-ROUWMTJPSA-N,unknown,false,354,171,81,242,4749
connectivity,PFCVZKFJHRCLCC,PFCVZKFJHRCLCC-PGOIBATFSA-N,PFCVZKFJHRCLCC,PFCVZKFJHRCLCC-PGOIBATFSA-N,unknown,false,33,23,15,30,452
connectivity,ZZTYPLSBNNGEIS,ZZTYPLSBNNGEIS-OPAXANQDSA-N,ZZTYPLSBNNGEIS,ZZTYPLSBNNGEIS-OPAXANQDSA-N,unknown,false,90,64,28,79,966
connectivity,QGJZLNKBHJESQX,QGJZLNKBHJESQX-FZFNOLFKSA-N,QGJZLNKBHJESQX,QGJZLNKBHJESQX-FZFNOLFKSA-N,inactive,true,565,273,99,480,7466
connectivity,YYGNTYWPHWGJRM,,YYGNTYWPHWGJRM,YYGNTYWPHWGJRM-AAJYLUCBSA-N;YYGNTYWPHWGJRM-UHFFFAOYSA-N,unknown,false,290,213,90,248,4371
connectivity,CWLQUGTUXBXTLF,CWLQUGTUXBXTLF-YFKPBYRVSA-N,CWLQUGTUXBXTLF,CWLQUGTUXBXTLF-YFKPBYRVSA-N,unknown,false,22,9,7,10,225
connectivity,OEYUUCWCJJESQQ,OEYUUCWCJJESQQ-UHFFFAOYSA-N,OEYUUCWCJJESQQ,OEYUUCWCJJESQQ-UHFFFAOYSA-N,unknown,false,1,1,1,1,10
connectivity,UMLJBUDQQKWIRA,UMLJBUDQQKWIRA-UHFFFAOYSA-N,UMLJBUDQQKWIRA,UMLJBUDQQKWIRA-UHFFFAOYSA-N,unknown,false,1,1,1,1,5
connectivity,DFQIEWAIVQDQOB,DFQIEWAIVQDQOB-UHFFFAOYSA-N,DFQIEWAIVQDQOB,DFQIEWAIVQDQOB-UHFFFAOYSA-N,unknown,false,1,1,1,1,15
connectivity,QIDSVRONUDDBDA,QIDSVRONUDDBDA-UHFFFAOYSA-N,QIDSVRONUDDBDA,QIDSVRONUDDBDA-UHFFFAOYSA-N,unknown,false,1,1,1,1,15
connectivity,JWVDZXNFGDETQE,JWVDZXNFGDETQE-UHFFFAOYSA-N,JWVDZXNFGDETQE,JWVDZXNFGDETQE-UHFFFAOYSA-N,unknown,false,2,2,2,2,30
connectivity,BDHQMRXFDYJGII,,BDHQMRXFDYJGII,BDHQMRXFDYJGII-UHFFFAOYSA-N;BDHQMRXFDYJGII-UEBIAWITSA-N;BDHQMRXFDYJGII-FJEFULPVSA-N,unknown,false,158,90,59,117,2141
connectivity,FMIPNAUMSPFTHK,,FMIPNAUMSPFTHK,FMIPNAUMSPFTHK-BRJRFNKRSA-N;FMIPNAUMSPFTHK-AKGZTFGVSA-N;FMIPNAUMSPFTHK-UHNVWZDZSA-N,unknown,false,25,17,10,16,203
connectivity,HAUKPNFAKZOCFZ,HAUKPNFAKZOCFZ-UHFFFAOYSA-N,HAUKPNFAKZOCFZ,HAUKPNFAKZOCFZ-UHFFFAOYSA-N,unknown,false,3,2,2,3,30
connectivity,ITIIGCZVLUSYJQ,ITIIGCZVLUSYJQ-UHFFFAOYSA-N,ITIIGCZVLUSYJQ,ITIIGCZVLUSYJQ-UHFFFAOYSA-N,unknown,false,1,1,1,1,15
connectivity,OKILVWSNJYSCMZ,,OKILVWSNJYSCMZ,OKILVWSNJYSCMZ-IUNBOQICSA-N;OKILVWSNJYSCMZ-UHFFFAOYSA-N;OKILVWSNJYSCMZ-OKISJRQVSA-N,unknown,false,6,4,3,4,63
connectivity,XGDYIFMUMMUAEP,XGDYIFMUMMUAEP-UHFFFAOYSA-N,XGDYIFMUMMUAEP,XGDYIFMUMMUAEP-UHFFFAOYSA-N,unknown,false,1,1,1,1,5
connectivity,GVJHHUAWPYXKBD,GVJHHUAWPYXKBD-IEOSBIPESA-N,GVJHHUAWPYXKBD,GVJHHUAWPYXKBD-IEOSBIPESA-N,unknown,false,165,134,77,113,2732
connectivity,UOGDZQUHDFHJKP,UOGDZQUHDFHJKP-UHFFFAOYSA-N,UOGDZQUHDFHJKP,UOGDZQUHDFHJKP-UHFFFAOYSA-N,unknown,false,1,1,1,1,15
connectivity,DURQHBVGHHDPCG,DURQHBVGHHDPCG-PNGLFDDVSA-N,DURQHBVGHHDPCG,DURQHBVGHHDPCG-PNGLFDDVSA-N,unknown,false,1,1,1,1,10
connectivity,AGADWTLPIPELIS,AGADWTLPIPELIS-UHFFFAOYSA-N,AGADWTLPIPELIS,AGADWTLPIPELIS-UHFFFAOYSA-N,unknown,false,1,1,1,1,5
connectivity,RTLAWGKPNSUEKO,RTLAWGKPNSUEKO-UHFFFAOYSA-N,RTLAWGKPNSUEKO,RTLAWGKPNSUEKO-UHFFFAOYSA-N,unknown,false,1,1,1,1,5
connectivity,XOGWZXDYWBNENT,XOGWZXDYWBNENT-UHFFFAOYSA-N,XOGWZXDYWBNENT,XOGWZXDYWBNENT-UHFFFAOYSA-N,unknown,false,1,1,1,1,5
connectivity,YCCILVSKPBXVIP,YCCILVSKPBXVIP-UHFFFAOYSA-N,YCCILVSKPBXVIP,YCCILVSKPBXVIP-UHFFFAOYSA-N,unknown,false,128,84,69,163,2383
connectivity,JUUBCHWRXWPFFH,JUUBCHWRXWPFFH-UHFFFAOYSA-N,JUUBCHWRXWPFFH,JUUBCHWRXWPFFH-UHFFFAOYSA-N,unknown,false,26,18,13,52,793
connectivity,COLNPBLCBNGSQE,COLNPBLCBNGSQE-SNVBAGLBSA-N,COLNPBLCBNGSQE,COLNPBLCBNGSQE-SNVBAGLBSA-N,unknown,false,4,2,2,1,20
connectivity,BWJLBVFLYBXUBY,BWJLBVFLYBXUBY-SNVBAGLBSA-N,BWJLBVFLYBXUBY,BWJLBVFLYBXUBY-SNVBAGLBSA-N,unknown,false,4,2,2,1,20
connectivity,SECPZKHBENQXJG,SECPZKHBENQXJG-FPLPWBNLSA-N,SECPZKHBENQXJG,SECPZKHBENQXJG-FPLPWBNLSA-N,unknown,false,280,197,131,137,3627
connectivity,WWZKQHOCKIZLMA,WWZKQHOCKIZLMA-UHFFFAOYSA-N,WWZKQHOCKIZLMA,WWZKQHOCKIZLMA-UHFFFAOYSA-N,unknown,false,89,71,45,80,1158
connectivity,ZZIALNLLNHEQPJ,ZZIALNLLNHEQPJ-UHFFFAOYSA-N,ZZIALNLLNHEQPJ,ZZIALNLLNHEQPJ-UHFFFAOYSA-N,unknown,false,39,20,8,42,971
connectivity,WIRRQLQRDSREEG,WIRRQLQRDSREEG-UHFFFAOYSA-N,WIRRQLQRDSREEG,WIRRQLQRDSREEG-UHFFFAOYSA-N,unknown,false,12,7,3,11,250
connectivity,UYLGYRGJFUJKFM,UYLGYRGJFUJKFM-LAFCKDTASA-N,UYLGYRGJFUJKFM,UYLGYRGJFUJKFM-LAFCKDTASA-N,unknown,false,9,7,4,8,74
connectivity,MQKLGUOASGICKG,MQKLGUOASGICKG-UHFFFAOYSA-N,MQKLGUOASGICKG,MQKLGUOASGICKG-UHFFFAOYSA-N,unknown,false,4,4,1,4,71
connectivity,ZEJXENDZTYVXDP,ZEJXENDZTYVXDP-CSJHBIPPSA-N,ZEJXENDZTYVXDP,ZEJXENDZTYVXDP-CSJHBIPPSA-N,unknown,false,18,16,12,18,238
connectivity,RLTNQOUWXZXZCS,RLTNQOUWXZXZCS-VMMUDTPISA-N,RLTNQOUWXZXZCS,RLTNQOUWXZXZCS-VMMUDTPISA-N,unknown,false,7,4,4,4,68
connectivity,UYVBMGULWGRDQT,UYVBMGULWGRDQT-VLYLGZBPSA-N,UYVBMGULWGRDQT,UYVBMGULWGRDQT-VLYLGZBPSA-N,unknown,false,9,4,4,7,120
connectivity,KGNGTSCIQCLKEH,,KGNGTSCIQCLKEH,KGNGTSCIQCLKEH-SYCVNHKBSA-N;KGNGTSCIQCLKEH-UHFFFAOYSA-N,unknown,false,4,2,2,10,226
connectivity,JJWYIMQKLTVAGZ,JJWYIMQKLTVAGZ-SYCVNHKBSA-N,JJWYIMQKLTVAGZ,JJWYIMQKLTVAGZ-SYCVNHKBSA-N,unknown,false,2,1,1,4,105
connectivity,JIJYZALGIIQXKE,,JIJYZALGIIQXKE,JIJYZALGIIQXKE-MRXNPFEDSA-N;JIJYZALGIIQXKE-INIZCTEOSA-N;JIJYZALGIIQXKE-UHFFFAOYSA-N,unknown,false,3,2,1,4,57
connectivity,FSHPJPOJLGCQOJ,FSHPJPOJLGCQOJ-GOSISDBHSA-N,FSHPJPOJLGCQOJ,FSHPJPOJLGCQOJ-GOSISDBHSA-N,unknown,false,5,3,1,6,46
connectivity,LOLNVJIGYUJCIY,LOLNVJIGYUJCIY-UHFFFAOYSA-N,LOLNVJIGYUJCIY,LOLNVJIGYUJCIY-UHFFFAOYSA-N,unknown,false,1,1,1,1,14
connectivity,MERHMOCEIBOOMA,,MERHMOCEIBOOMA,MERHMOCEIBOOMA-CQSZACIVSA-N;MERHMOCEIBOOMA-UHFFFAOYSA-N,unknown,false,21,7,1,14,296
connectivity,TZBJGXHYKVUXJN,TZBJGXHYKVUXJN-UHFFFAOYSA-N,TZBJGXHYKVUXJN,TZBJGXHYKVUXJN-UHFFFAOYSA-N,inactive,true,321,99,24,271,7600
connectivity,LDKAMVCGTURXMH,LDKAMVCGTURXMH-CJFMBICVSA-N,LDKAMVCGTURXMH,LDKAMVCGTURXMH-CJFMBICVSA-N,unknown,false,17,4,1,23,1201
connectivity,HOGHBEDTLGAJAS,HOGHBEDTLGAJAS-CJFMBICVSA-N,HOGHBEDTLGAJAS,HOGHBEDTLGAJAS-CJFMBICVSA-N,unknown,false,11,3,1,11,517
connectivity,GUVOWHHQZUZCIH,GUVOWHHQZUZCIH-MRXNPFEDSA-N,GUVOWHHQZUZCIH,GUVOWHHQZUZCIH-MRXNPFEDSA-N,unknown,false,1,1,1,1,7
connectivity,QISUKJAAXYVLMA,,QISUKJAAXYVLMA,QISUKJAAXYVLMA-CYBMUJFWSA-N;QISUKJAAXYVLMA-UHFFFAOYSA-N,unknown,false,1,1,1,2,21
connectivity,VNIOZYSNZVSDPU,,VNIOZYSNZVSDPU,VNIOZYSNZVSDPU-CQSZACIVSA-N;VNIOZYSNZVSDPU-JFOHCBSWSA-N,unknown,false,1,1,1,1,21
connectivity,OFWYIUYVHYPQNX,,OFWYIUYVHYPQNX,OFWYIUYVHYPQNX-UZLBHIALSA-N;OFWYIUYVHYPQNX-JXFKEZNVSA-N,unknown,false,25,6,1,22,876
connectivity,ZCTNPCRBEWXCGP,ZCTNPCRBEWXCGP-UHFFFAOYSA-N,ZCTNPCRBEWXCGP,ZCTNPCRBEWXCGP-UHFFFAOYSA-N,unknown,false,7,4,2,6,110
connectivity,RWDSADRZXTYPMY,RWDSADRZXTYPMY-UHFFFAOYSA-N,RWDSADRZXTYPMY,RWDSADRZXTYPMY-UHFFFAOYSA-N,unknown,false,5,4,1,7,95
connectivity,YABIJLLNNFURIJ,YABIJLLNNFURIJ-UHFFFAOYSA-N,YABIJLLNNFURIJ,YABIJLLNNFURIJ-UHFFFAOYSA-N,unknown,false,6,5,3,11,143
connectivity,GSSOWCUOWLMMRJ,GSSOWCUOWLMMRJ-UHFFFAOYSA-N,GSSOWCUOWLMMRJ,GSSOWCUOWLMMRJ-UHFFFAOYSA-N,unknown,false,31,14,3,34,616
connectivity,UFCGXNZEVGKUQA,,UFCGXNZEVGKUQA,UFCGXNZEVGKUQA-WTDSWWLTSA-N;UFCGXNZEVGKUQA-UHFFFAOYSA-N,unknown,false,1,1,1,1,21
connectivity,VODZWHSRITUHNI,VODZWHSRITUHNI-LLVKDONJSA-N,VODZWHSRITUHNI,VODZWHSRITUHNI-LLVKDONJSA-N,unknown,false,9,6,1,6,59
connectivity,VPCRIHAWNUNORJ,VPCRIHAWNUNORJ-RKOWFGTASA-N,VPCRIHAWNUNORJ,VPCRIHAWNUNORJ-RKOWFGTASA-N,unknown,false,1,1,1,1,7
connectivity,ZAAKSBRPXNODLV,ZAAKSBRPXNODLV-JWQCQUIFSA-N,ZAAKSBRPXNODLV,ZAAKSBRPXNODLV-JWQCQUIFSA-N,unknown,false,4,2,1,4,140
connectivity,MMPVAPMCVABQPS,MMPVAPMCVABQPS-UHFFFAOYSA-N,MMPVAPMCVABQPS,MMPVAPMCVABQPS-UHFFFAOYSA-N,unknown,false,19,6,4,16,590
connectivity,AWLFGFDTGPLHKG,,AWLFGFDTGPLHKG,AWLFGFDTGPLHKG-CYBMUJFWSA-N;AWLFGFDTGPLHKG-UHFFFAOYSA-N,unknown,false,4,2,1,6,165
connectivity,MMEMQPVSEZVECO,MMEMQPVSEZVECO-UHFFFAOYSA-N,MMEMQPVSEZVECO,MMEMQPVSEZVECO-UHFFFAOYSA-N,unknown,false,1,1,1,1,14
connectivity,YBSZKJGFDYIZGI,,YBSZKJGFDYIZGI,YBSZKJGFDYIZGI-LRDDRELGSA-N;YBSZKJGFDYIZGI-UHFFFAOYSA-N,unknown,false,1,1,1,3,35
connectivity,ZKSZEJFBGODIJW,,ZKSZEJFBGODIJW,ZKSZEJFBGODIJW-GMDXDWKASA-N;ZKSZEJFBGODIJW-YOVYLDAJSA-N,unknown,false,129,42,18,71,1932
connectivity,YYYCJNDALLBNEG,,YYYCJNDALLBNEG,YYYCJNDALLBNEG-GNRUMFBNSA-N;YYYCJNDALLBNEG-XXVXCGOISA-N,unknown,false,10,8,5,8,109
connectivity,KCUZCRLRQVRBBV,KCUZCRLRQVRBBV-UHFFFAOYSA-N,KCUZCRLRQVRBBV,KCUZCRLRQVRBBV-UHFFFAOYSA-N,unknown,false,12,4,1,20,372
connectivity,CJZBXHPHEBCWLV,CJZBXHPHEBCWLV-JTQLQIEISA-N,CJZBXHPHEBCWLV,CJZBXHPHEBCWLV-JTQLQIEISA-N,unknown,false,13,8,2,9,111
connectivity,WBOWBLGZAXVREM,,WBOWBLGZAXVREM,WBOWBLGZAXVREM-GFCCVEGCSA-N;WBOWBLGZAXVREM-LBPRGKRZSA-N,unknown,false,2,1,1,2,16
connectivity,LWTDZKXXJRRKDG,,LWTDZKXXJRRKDG,LWTDZKXXJRRKDG-KXBFYZLASA-N;LWTDZKXXJRRKDG-DNVCBOLYSA-N;LWTDZKXXJRRKDG-UHFFFAOYSA-N,unknown,false,11,4,1,22,484
connectivity,QMXOFBXZEKTJIK,,QMXOFBXZEKTJIK,QMXOFBXZEKTJIK-LSDHHAIUSA-N;QMXOFBXZEKTJIK-GJZGRUSLSA-N;QMXOFBXZEKTJIK-UHFFFAOYSA-N,unknown,false,5,4,1,7,112
connectivity,VXWBAOPTFLXYTN,VXWBAOPTFLXYTN-GFCCVEGCSA-N,VXWBAOPTFLXYTN,VXWBAOPTFLXYTN-GFCCVEGCSA-N,unknown,false,1,1,1,1,16
connectivity,YSINCDVRUMTOPK,YSINCDVRUMTOPK-UHFFFAOYSA-N,YSINCDVRUMTOPK,YSINCDVRUMTOPK-UHFFFAOYSA-N,unknown,false,20,14,4,17,250
connectivity,UUJBHSNXZMGYBT,UUJBHSNXZMGYBT-ZDUSSCGKSA-N,UUJBHSNXZMGYBT,UUJBHSNXZMGYBT-ZDUSSCGKSA-N,unknown,false,4,2,1,3,25
connectivity,TUTSVLUUGMNALO,TUTSVLUUGMNALO-UHFFFAOYSA-N,TUTSVLUUGMNALO,TUTSVLUUGMNALO-UHFFFAOYSA-N,unknown,false,2,2,1,2,67
connectivity,ODMIEGVTNZNSLD,,ODMIEGVTNZNSLD,ODMIEGVTNZNSLD-WFASDCNBSA-N;ODMIEGVTNZNSLD-IUODEOHRSA-N;ODMIEGVTNZNSLD-UHFFFAOYSA-N,unknown,false,13,7,3,10,214
connectivity,LPBAKOAUSJMTEN,LPBAKOAUSJMTEN-AZUAARDMSA-N,LPBAKOAUSJMTEN,LPBAKOAUSJMTEN-AZUAARDMSA-N,unknown,false,1,1,1,1,8
connectivity,WNHXBLZBOWXNQO,WNHXBLZBOWXNQO-SNVBAGLBSA-N,WNHXBLZBOWXNQO,WNHXBLZBOWXNQO-SNVBAGLBSA-N,unknown,false,25,13,3,17,273
connectivity,FPIRLBKNQNOVET,,FPIRLBKNQNOVET,FPIRLBKNQNOVET-UHFFFAOYSA-N;FPIRLBKNQNOVET-IVGZAAIESA-N,unknown,false,1,1,1,2,32
connectivity,FYEZJIXULOZDRT,,FYEZJIXULOZDRT,FYEZJIXULOZDRT-ONEGZZNKSA-N;FYEZJIXULOZDRT-UHFFFAOYSA-N,unknown,false,17,13,11,14,221
connectivity,LCXGTSCVCJANHX,LCXGTSCVCJANHX-AATRIKPKSA-N,LCXGTSCVCJANHX,LCXGTSCVCJANHX-AATRIKPKSA-N,unknown,false,9,8,8,9,122
connectivity,RFCVXVPWSPOMFJ,RFCVXVPWSPOMFJ-STQMWFEESA-N,RFCVXVPWSPOMFJ,RFCVXVPWSPOMFJ-STQMWFEESA-N,unknown,false,1,1,1,1,16
connectivity,FITCDKVKQIBVRK,FITCDKVKQIBVRK-UHFFFAOYSA-N,FITCDKVKQIBVRK,FITCDKVKQIBVRK-UHFFFAOYSA-N,unknown,false,9,8,8,9,100
connectivity,NQYMUJFPNPYYIG,NQYMUJFPNPYYIG-UHFFFAOYSA-N,NQYMUJFPNPYYIG,NQYMUJFPNPYYIG-UHFFFAOYSA-N,unknown,false,1,1,1,1,16
connectivity,WLPJMCCYDZFCBL,,WLPJMCCYDZFCBL,WLPJMCCYDZFCBL-HTMUFORZSA-N;WLPJMCCYDZFCBL-UHFFFAOYSA-N,unknown,false,4,4,3,3,38
connectivity,GXLQUHPXGLZNGE,GXLQUHPXGLZNGE-UHFFFAOYSA-N,GXLQUHPXGLZNGE,GXLQUHPXGLZNGE-UHFFFAOYSA-N,unknown,false,21,13,11,15,195
connectivity,KBPHJBAIARWVSC,,KBPHJBAIARWVSC,KBPHJBAIARWVSC-RGZFRNHPSA-N;KBPHJBAIARWVSC-CFWGZHMLSA-N,unknown,false,317,191,124,150,3586
connectivity,ZRLAOEYZSKXGSL,ZRLAOEYZSKXGSL-RZRNQMRLSA-N,ZRLAOEYZSKXGSL,ZRLAOEYZSKXGSL-RZRNQMRLSA-N,unknown,false,1,1,1,1,8
connectivity,QUZHZFAQJATMCA,QUZHZFAQJATMCA-QAZQWDDOSA-N,QUZHZFAQJATMCA,QUZHZFAQJATMCA-QAZQWDDOSA-N,unknown,false,13,12,11,11,109
connectivity,HUXSMOZWPXDRTN,HUXSMOZWPXDRTN-SDHKEVEOSA-N,HUXSMOZWPXDRTN,HUXSMOZWPXDRTN-SDHKEVEOSA-N,unknown,false,10,7,7,7,81
connectivity,KTVLKWLYWMXIHT,KTVLKWLYWMXIHT-ONEGZZNKSA-N,KTVLKWLYWMXIHT,KTVLKWLYWMXIHT-ONEGZZNKSA-N,unknown,false,2,2,1,2,32
connectivity,QPHXPNUXTNHJOF,QPHXPNUXTNHJOF-XNFUJFQVSA-N,QPHXPNUXTNHJOF,QPHXPNUXTNHJOF-XNFUJFQVSA-N,unknown,false,25,17,13,17,182
connectivity,DUDGAPSRYCQPBG,DUDGAPSRYCQPBG-UFFNRZRYSA-N,DUDGAPSRYCQPBG,DUDGAPSRYCQPBG-UFFNRZRYSA-N,unknown,false,8,4,2,8,79
connectivity,VYKLRWGPNUVKNC,VYKLRWGPNUVKNC-IRIVYCKASA-N,VYKLRWGPNUVKNC,VYKLRWGPNUVKNC-IRIVYCKASA-N,unknown,false,23,18,11,19,206
connectivity,KDYAPQVYJXUQNY,KDYAPQVYJXUQNY-OPHDRXFHSA-N,KDYAPQVYJXUQNY,KDYAPQVYJXUQNY-OPHDRXFHSA-N,unknown,false,12,11,9,9,100
connectivity,NFGIENSPALNOON,NFGIENSPALNOON-UHFFFAOYSA-N,NFGIENSPALNOON,NFGIENSPALNOON-UHFFFAOYSA-N,unknown,false,7,5,2,7,100
connectivity,LDAXOIIEQDPAJA,LDAXOIIEQDPAJA-YPAVVWTQSA-N,LDAXOIIEQDPAJA,LDAXOIIEQDPAJA-YPAVVWTQSA-N,unknown,false,3,2,2,2,34
connectivity,LDQFLSUQYHBXSX,LDQFLSUQYHBXSX-HPPMYKKZSA-N,LDQFLSUQYHBXSX,LDQFLSUQYHBXSX-HPPMYKKZSA-N,unknown,false,14,10,8,3,151
connectivity,PUPKKEQDLNREIM,,PUPKKEQDLNREIM,PUPKKEQDLNREIM-UHFFFAOYSA-N;PUPKKEQDLNREIM-KWMNMNHLSA-N;PUPKKEQDLNREIM-QNSQPKOQSA-N;PUPKKEQDLNREIM-RPSBXBBBSA-N;PUPKKEQDLNREIM-VKUWDBPGSA-N,unknown,false,103,61,39,83,1544
connectivity,CBFCDTFDPHXCNY,CBFCDTFDPHXCNY-UHFFFAOYSA-N,CBFCDTFDPHXCNY,CBFCDTFDPHXCNY-UHFFFAOYSA-N,unknown,false,82,61,38,57,937
connectivity,KCDXJAYRVLXPFO,KCDXJAYRVLXPFO-UHFFFAOYSA-N,KCDXJAYRVLXPFO,KCDXJAYRVLXPFO-UHFFFAOYSA-N,unknown,false,120,86,52,120,1834
connectivity,RGHHSNMVTDWUBI,RGHHSNMVTDWUBI-UHFFFAOYSA-N,RGHHSNMVTDWUBI,RGHHSNMVTDWUBI-UHFFFAOYSA-N,unknown,false,263,178,97,249,3945
connectivity,WFOFKRKDDKGRIK,WFOFKRKDDKGRIK-UHFFFAOYSA-N,WFOFKRKDDKGRIK,WFOFKRKDDKGRIK-UHFFFAOYSA-N,unknown,false,3,3,3,3,28
connectivity,DNIAPMSPPWPWGF,DNIAPMSPPWPWGF-UHFFFAOYSA-N,DNIAPMSPPWPWGF,DNIAPMSPPWPWGF-UHFFFAOYSA-N,unknown,false,6,6,6,7,67
connectivity,QWIZNVHXZXRPDR,QWIZNVHXZXRPDR-WSCXOGSTSA-N,QWIZNVHXZXRPDR,QWIZNVHXZXRPDR-WSCXOGSTSA-N,unknown,false,3,3,3,3,40
connectivity,BLHCMGRVFXRYRN,BLHCMGRVFXRYRN-UHFFFAOYSA-N,BLHCMGRVFXRYRN,BLHCMGRVFXRYRN-UHFFFAOYSA-N,unknown,false,3,3,3,3,29
connectivity,SJZRECIVHVDYJC,SJZRECIVHVDYJC-UHFFFAOYSA-N,SJZRECIVHVDYJC,SJZRECIVHVDYJC-UHFFFAOYSA-N,unknown,false,11,4,4,4,106
connectivity,LXNHXLLTXMVWPM,LXNHXLLTXMVWPM-UHFFFAOYSA-N,LXNHXLLTXMVWPM,LXNHXLLTXMVWPM-UHFFFAOYSA-N,unknown,false,14,13,14,12,102
connectivity,NPNAJGCZQBQWQZ,,NPNAJGCZQBQWQZ,NPNAJGCZQBQWQZ-NSCUHMNNSA-N;NPNAJGCZQBQWQZ-UHFFFAOYSA-N,unknown,false,1,1,1,1,24
connectivity,ZCKDCRKBURQZPT,,ZCKDCRKBURQZPT,ZCKDCRKBURQZPT-UHFFFAOYSA-N;ZCKDCRKBURQZPT-OWOJBTEDSA-N,unknown,false,1,1,1,1,24
connectivity,XMWHRVNVKDKBRG,XMWHRVNVKDKBRG-UHNVWZDZSA-N,XMWHRVNVKDKBRG,XMWHRVNVKDKBRG-UHNVWZDZSA-N,unknown,false,6,6,6,6,72
connectivity,HTJXTKBIUVFUAR,,HTJXTKBIUVFUAR,HTJXTKBIUVFUAR-DZCCRPTESA-N;HTJXTKBIUVFUAR-XHIBXCGHSA-N,unknown,false,1,1,1,1,24
connectivity,SFRQRNJMIIUYDI,SFRQRNJMIIUYDI-UHNVWZDZSA-N,SFRQRNJMIIUYDI,SFRQRNJMIIUYDI-UHNVWZDZSA-N,unknown,false,4,4,4,4,44
connectivity,AJPADPZSRRUGHI,AJPADPZSRRUGHI-RFZPGFLSSA-N,AJPADPZSRRUGHI,AJPADPZSRRUGHI-RFZPGFLSSA-N,unknown,false,5,5,6,5,56
connectivity,YFAUKWZNPVBCFF,,YFAUKWZNPVBCFF,YFAUKWZNPVBCFF-OIOYKEMMSA-N;YFAUKWZNPVBCFF-XHIBXCGHSA-N,unknown,false,4,4,4,4,50
connectivity,KLAOKWJLUQKWIF,KLAOKWJLUQKWIF-UHFFFAOYSA-N,KLAOKWJLUQKWIF,KLAOKWJLUQKWIF-UHFFFAOYSA-N,unknown,false,104,43,5,95,1709
connectivity,QCDYOIZVELGOLZ,QCDYOIZVELGOLZ-UHFFFAOYSA-N,QCDYOIZVELGOLZ,QCDYOIZVELGOLZ-UHFFFAOYSA-N,unknown,false,155,50,11,133,2799
connectivity,VKOSQMWSWLZQPA,VKOSQMWSWLZQPA-UHFFFAOYSA-N,VKOSQMWSWLZQPA,VKOSQMWSWLZQPA-UHFFFAOYSA-N,unknown,false,90,30,6,66,1309
connectivity,UUQJTIHOVGMQIH,UUQJTIHOVGMQIH-UHFFFAOYSA-N,UUQJTIHOVGMQIH,UUQJTIHOVGMQIH-UHFFFAOYSA-N,unknown,false,50,18,3,34,686
connectivity,DANYIYRPLHHOCZ,DANYIYRPLHHOCZ-UHFFFAOYSA-N,DANYIYRPLHHOCZ,DANYIYRPLHHOCZ-UHFFFAOYSA-N,unknown,false,220,98,43,164,2945
connectivity,LXEVSYZNYDZSOB,LXEVSYZNYDZSOB-UHFFFAOYSA-N,LXEVSYZNYDZSOB,LXEVSYZNYDZSOB-UHFFFAOYSA-N,unknown,false,58,25,11,39,818
connectivity,XZMJYQJEDADTPS,XZMJYQJEDADTPS-FTVHLUNLSA-N,XZMJYQJEDADTPS,XZMJYQJEDADTPS-FTVHLUNLSA-N,unknown,false,3,3,2,4,24
connectivity,JPMYFOBNRRGFNO,JPMYFOBNRRGFNO-UHFFFAOYSA-N,JPMYFOBNRRGFNO,JPMYFOBNRRGFNO-UHFFFAOYSA-N,unknown,false,194,92,35,154,2392
connectivity,QDLAGTHXVHQKRE,QDLAGTHXVHQKRE-UHFFFAOYSA-N,QDLAGTHXVHQKRE,QDLAGTHXVHQKRE-UHFFFAOYSA-N,unknown,false,21,19,18,22,277
connectivity,XVFMGWDSJLBXDZ,,XVFMGWDSJLBXDZ,XVFMGWDSJLBXDZ-UHFFFAOYSA-N;XVFMGWDSJLBXDZ-UHFFFAOYSA-O,unknown,false,59,33,17,22,756
connectivity,XFDQJKDGGOEYPI,,XFDQJKDGGOEYPI,XFDQJKDGGOEYPI-UHFFFAOYSA-N;XFDQJKDGGOEYPI-UHFFFAOYSA-O,unknown,false,4,4,4,4,62
connectivity,RDFLLVCQYHQOBU,,RDFLLVCQYHQOBU,RDFLLVCQYHQOBU-ZOTFFYTFSA-O;RDFLLVCQYHQOBU-ZOTFFYTFSA-N;RDFLLVCQYHQOBU-GPGGJFNDSA-O,unknown,false,144,45,23,40,2425
connectivity,RKWHWFONKJEUEF,,RKWHWFONKJEUEF,RKWHWFONKJEUEF-GQUPQBGVSA-O;RKWHWFONKJEUEF-GQUPQBGVSA-N;RKWHWFONKJEUEF-WVXKDWSHSA-O;RKWHWFONKJEUEF-UHFFFAOYSA-O,unknown,false,355,119,53,201,6291
connectivity,ABVCUBUIXWJYSE,,ABVCUBUIXWJYSE,ABVCUBUIXWJYSE-UNJWAJPSSA-O;ABVCUBUIXWJYSE-GQUPQBGVSA-O,unknown,false,31,18,13,28,775
connectivity,DVEHRCKXTZYDME,DVEHRCKXTZYDME-ZOTFFYTFSA-N,DVEHRCKXTZYDME,DVEHRCKXTZYDME-ZOTFFYTFSA-N,unknown,false,2,2,2,2,15
connectivity,HGXBRUKMWQGOIE,HGXBRUKMWQGOIE-AFHBHXEDSA-N,HGXBRUKMWQGOIE,HGXBRUKMWQGOIE-AFHBHXEDSA-N,unknown,false,340,199,88,272,5167
connectivity,PUETUDUXMCLALY,,PUETUDUXMCLALY,PUETUDUXMCLALY-AXUFJWGNSA-N;PUETUDUXMCLALY-HOTGVXAUSA-N,unknown,false,185,117,65,69,4065
connectivity,MATGKVZWFZHCLI,MATGKVZWFZHCLI-LSDHHAIUSA-N,MATGKVZWFZHCLI,MATGKVZWFZHCLI-LSDHHAIUSA-N,unknown,false,205,115,55,110,3529
connectivity,DQBVFTJNUYZVQL,,DQBVFTJNUYZVQL,DQBVFTJNUYZVQL-CLFUFSEMSA-N;DQBVFTJNUYZVQL-UHFFFAOYSA-N,unknown,false,10,7,4,6,93
connectivity,SVQKJHRWPYLYKM,,SVQKJHRWPYLYKM,SVQKJHRWPYLYKM-IFHXNFKFSA-N;SVQKJHRWPYLYKM-UHFFFAOYSA-N,unknown,false,2,2,1,1,42
connectivity,XOUMRQRJVFZBHB,,XOUMRQRJVFZBHB,XOUMRQRJVFZBHB-BEAAOXLFSA-N;XOUMRQRJVFZBHB-UHFFFAOYSA-N,unknown,false,2,2,1,1,42
connectivity,CVAUKYVPQCYVDV,CVAUKYVPQCYVDV-IPDRLXFSSA-O,CVAUKYVPQCYVDV,CVAUKYVPQCYVDV-IPDRLXFSSA-O,unknown,false,1,1,1,1,16
connectivity,QPUCGPFRKWVURQ,QPUCGPFRKWVURQ-SLWMWEMUSA-O,QPUCGPFRKWVURQ,QPUCGPFRKWVURQ-SLWMWEMUSA-O,unknown,false,1,1,1,1,16
connectivity,ABJDYMVXHLYTHZ,ABJDYMVXHLYTHZ-DULZENQLSA-O,ABJDYMVXHLYTHZ,ABJDYMVXHLYTHZ-DULZENQLSA-O,unknown,false,1,1,1,1,16
connectivity,MRYLLGRTCPVXBO,MRYLLGRTCPVXBO-CKUBBGCWSA-O,MRYLLGRTCPVXBO,MRYLLGRTCPVXBO-CKUBBGCWSA-O,unknown,false,1,1,1,1,16
connectivity,OPWPCWHMCUWCGG,OPWPCWHMCUWCGG-VTRYSJNRSA-O,OPWPCWHMCUWCGG,OPWPCWHMCUWCGG-VTRYSJNRSA-O,unknown,false,1,1,1,1,16
connectivity,HKRACDHMWOGFKJ,HKRACDHMWOGFKJ-BPVIEZTISA-O,HKRACDHMWOGFKJ,HKRACDHMWOGFKJ-BPVIEZTISA-O,unknown,false,1,1,1,1,16
connectivity,OLBLWNPOURNBCY,OLBLWNPOURNBCY-QFEPKXLGSA-O,OLBLWNPOURNBCY,OLBLWNPOURNBCY-QFEPKXLGSA-O,unknown,false,11,5,6,7,241
connectivity,NXTHTMNXJOEVLR,NXTHTMNXJOEVLR-JHBYNAJCSA-O,NXTHTMNXJOEVLR,NXTHTMNXJOEVLR-JHBYNAJCSA-O,unknown,false,1,1,1,1,16
connectivity,JKGXHHXZZLNEGD,JKGXHHXZZLNEGD-XUYFGVRGSA-O,JKGXHHXZZLNEGD,JKGXHHXZZLNEGD-XUYFGVRGSA-O,unknown,false,1,1,1,1,16
connectivity,RTEDIEITOBJPNI,,RTEDIEITOBJPNI,RTEDIEITOBJPNI-MMKMIGCXSA-N;RTEDIEITOBJPNI-UHFFFAOYSA-N,unknown,false,53,41,25,17,687
connectivity,ZYDDITZPGFXQSD,,ZYDDITZPGFXQSD,ZYDDITZPGFXQSD-QKFRQTJPSA-N;ZYDDITZPGFXQSD-SMSOEIQDSA-N,unknown,false,14,10,7,14,104
connectivity,XMOCLSLCDHWDHP,,XMOCLSLCDHWDHP,XMOCLSLCDHWDHP-IUODEOHRSA-N;XMOCLSLCDHWDHP-SWLSCSKDSA-N,unknown,false,309,156,71,246,9541
connectivity,HHDWSDSMWJQURA,HHDWSDSMWJQURA-MHKXYFPYSA-N,HHDWSDSMWJQURA,HHDWSDSMWJQURA-MHKXYFPYSA-N,unknown,false,12,10,8,11,160
connectivity,IGZIQAJJXGRAJF,IGZIQAJJXGRAJF-TXZPEUJSSA-N,IGZIQAJJXGRAJF,IGZIQAJJXGRAJF-TXZPEUJSSA-N,unknown,false,15,11,8,15,247
connectivity,QQRSSHFHXYSOMF,,QQRSSHFHXYSOMF,QQRSSHFHXYSOMF-CXXOJBQZSA-N;QQRSSHFHXYSOMF-UHFFFAOYSA-N,unknown,false,27,14,10,19,329
connectivity,QYXZQZMPZUEEML,,QYXZQZMPZUEEML,QYXZQZMPZUEEML-SQLMURCQSA-N;QYXZQZMPZUEEML-UHFFFAOYSA-N,unknown,false,12,10,10,8,134
connectivity,XOUJCIPAKFLTCI,,XOUJCIPAKFLTCI,XOUJCIPAKFLTCI-POPXMCHDSA-N;XOUJCIPAKFLTCI-UHFFFAOYSA-N,unknown,false,25,17,12,19,349
connectivity,VNCQCPQAMDQEBY,,VNCQCPQAMDQEBY,VNCQCPQAMDQEBY-YTJHIPEWSA-N;VNCQCPQAMDQEBY-UHFFFAOYSA-N,unknown,false,69,39,21,56,1277
connectivity,OXFPYCSNYOFUCH,,OXFPYCSNYOFUCH,OXFPYCSNYOFUCH-KQBHUUJHSA-N;OXFPYCSNYOFUCH-UHFFFAOYSA-N,unknown,false,81,46,27,80,1531
connectivity,CZEMYYICWZPENF,,CZEMYYICWZPENF,CZEMYYICWZPENF-VOLTXKGXSA-N;CZEMYYICWZPENF-UHFFFAOYSA-N,unknown,false,46,27,17,28,553
connectivity,UYRCHWLYXIQJKK,,UYRCHWLYXIQJKK,UYRCHWLYXIQJKK-HMRRIYTKSA-N;UYRCHWLYXIQJKK-UHFFFAOYSA-N,unknown,false,13,8,5,5,102
connectivity,JZBLVVPDEDCVQA,JZBLVVPDEDCVQA-SQLMURCQSA-N,JZBLVVPDEDCVQA,JZBLVVPDEDCVQA-SQLMURCQSA-N,unknown,false,10,7,6,8,130
connectivity,VULBVRDXWYKFMW,VULBVRDXWYKFMW-KXHHBJJGSA-N,VULBVRDXWYKFMW,VULBVRDXWYKFMW-KXHHBJJGSA-N,unknown,false,6,4,3,6,99
connectivity,MXCOJKLBLFWFNI,,MXCOJKLBLFWFNI,MXCOJKLBLFWFNI-VBFYFJBNSA-N;MXCOJKLBLFWFNI-UHFFFAOYSA-N,unknown,false,26,21,17,20,276
connectivity,KSBJAONOPKRVRR,,KSBJAONOPKRVRR,KSBJAONOPKRVRR-YTJHIPEWSA-N;KSBJAONOPKRVRR-UHFFFAOYSA-N,unknown,false,45,28,16,35,744
connectivity,UJFQJDAESQJXTG,UJFQJDAESQJXTG-UFUZVNNQSA-N,UJFQJDAESQJXTG,UJFQJDAESQJXTG-UFUZVNNQSA-N,unknown,false,22,15,11,18,316
connectivity,GAQSCLQIDHHPEE,,GAQSCLQIDHHPEE,GAQSCLQIDHHPEE-ARCJWRNYSA-N;GAQSCLQIDHHPEE-UHFFFAOYSA-N,unknown,false,6,4,2,3,83
connectivity,VXBLCLVRWCLEOX,,VXBLCLVRWCLEOX,VXBLCLVRWCLEOX-BFYSZXNBSA-N;VXBLCLVRWCLEOX-YCUHDEBWSA-N;VXBLCLVRWCLEOX-FUVVQBHTSA-N;VXBLCLVRWCLEOX-UHFFFAOYSA-N,unknown,false,13,12,7,14,174
connectivity,PPFRJNLKWADOTL,,PPFRJNLKWADOTL,PPFRJNLKWADOTL-GKJCXMALSA-N;PPFRJNLKWADOTL-WOGJWQOOSA-N;PPFRJNLKWADOTL-UHFFFAOYSA-N,unknown,false,4,3,2,8,99
connectivity,VYUIKSFYFRVQLF,,VYUIKSFYFRVQLF,VYUIKSFYFRVQLF-YLNAYWRASA-N;VYUIKSFYFRVQLF-CTTIOTNNSA-N;VYUIKSFYFRVQLF-PPNKFNBRSA-N;VYUIKSFYFRVQLF-UHFFFAOYSA-N,unknown,false,59,41,25,62,1204
connectivity,YCYJLHFHRKUCQX,,YCYJLHFHRKUCQX,YCYJLHFHRKUCQX-QDWYQEIHSA-N;YCYJLHFHRKUCQX-BMZRZCTKSA-N;YCYJLHFHRKUCQX-UHFFFAOYSA-N,unknown,false,2,2,1,6,64
connectivity,WPHVOXMMNSLJSF,,WPHVOXMMNSLJSF,WPHVOXMMNSLJSF-DAWJDVIISA-N;WPHVOXMMNSLJSF-ZCAQSPICSA-N;WPHVOXMMNSLJSF-YBDHLFMFSA-N;WPHVOXMMNSLJSF-GUOPQYDVSA-N;WPHVOXMMNSLJSF-LTLHONOQSA-N;WPHVOXMMNSLJSF-ZWMDRRGSSA-N;WPHVOXMMNSLJSF-UHFFFAOYSA-N,unknown,false,3,3,3,5,90
connectivity,IXVMHGVQKLDRKH,,IXVMHGVQKLDRKH,IXVMHGVQKLDRKH-VRESXRICSA-N;IXVMHGVQKLDRKH-KNBKMWSGSA-N;IXVMHGVQKLDRKH-QHBHMFGVSA-N;IXVMHGVQKLDRKH-GWHDOTJXSA-N;IXVMHGVQKLDRKH-UHFFFAOYSA-N,unknown,false,40,24,17,42,788
connectivity,SBSXXCCMIWEPEE,,SBSXXCCMIWEPEE,SBSXXCCMIWEPEE-UFZNHOCZSA-N;SBSXXCCMIWEPEE-VQWYONRPSA-N;SBSXXCCMIWEPEE-VOBBERCYSA-N;SBSXXCCMIWEPEE-DWFPVEISSA-N,unknown,false,29,21,12,27,632
connectivity,YOQAQNKGFOLRGT,,YOQAQNKGFOLRGT,YOQAQNKGFOLRGT-UXXABWCISA-N;YOQAQNKGFOLRGT-RGIWYROCSA-N;YOQAQNKGFOLRGT-UHFFFAOYSA-N,unknown,false,40,21,7,35,615
connectivity,VNGUCOGHCJHFID,VNGUCOGHCJHFID-FLZFTVBESA-N,VNGUCOGHCJHFID,VNGUCOGHCJHFID-FLZFTVBESA-N,unknown,false,7,5,1,13,148
connectivity,ICFXJOAKQGDRCT,ICFXJOAKQGDRCT-ZIHMWMKCSA-N,ICFXJOAKQGDRCT,ICFXJOAKQGDRCT-ZIHMWMKCSA-N,unknown,false,78,59,35,60,559
connectivity,URRZRRQMNMZIAP,URRZRRQMNMZIAP-ZVAMACQUSA-N,URRZRRQMNMZIAP,URRZRRQMNMZIAP-ZVAMACQUSA-N,unknown,false,4,3,1,3,21
connectivity,IPZBDVYNLAGJFF,IPZBDVYNLAGJFF-KSSUOHJISA-N,IPZBDVYNLAGJFF,IPZBDVYNLAGJFF-KSSUOHJISA-N,unknown,false,11,7,2,11,84
connectivity,UKMCCFHULJHJNS,UKMCCFHULJHJNS-RVFLFKIDSA-N,UKMCCFHULJHJNS,UKMCCFHULJHJNS-RVFLFKIDSA-N,unknown,false,18,16,12,15,136
connectivity,XFFOMNJIDRDDLQ,XFFOMNJIDRDDLQ-UHFFFAOYSA-N,XFFOMNJIDRDDLQ,XFFOMNJIDRDDLQ-UHFFFAOYSA-N,unknown,false,17,4,1,27,649
connectivity,RYHSERHDCIACPJ,,RYHSERHDCIACPJ,RYHSERHDCIACPJ-SQDTVNEGSA-N;RYHSERHDCIACPJ-UWIQDFHRSA-N;RYHSERHDCIACPJ-GQNLBUSSSA-N,unknown,false,5,2,1,3,80
connectivity,LNXVDAWSKJIGHT,,LNXVDAWSKJIGHT,LNXVDAWSKJIGHT-UYTXMRSUSA-N;LNXVDAWSKJIGHT-GVBUVJCYSA-N;LNXVDAWSKJIGHT-VZUCSPMQSA-N,unknown,false,3,1,1,4,85
connectivity,YSIMPAVIBIIDOC,,YSIMPAVIBIIDOC,YSIMPAVIBIIDOC-LSZNWXSRSA-N;YSIMPAVIBIIDOC-SNAWJCMRSA-N,unknown,false,3,1,1,4,75
connectivity,GOBAQYCCUYZMJY,,GOBAQYCCUYZMJY,GOBAQYCCUYZMJY-MXYUXXKOSA-N;GOBAQYCCUYZMJY-MHBGUMEYSA-N;GOBAQYCCUYZMJY-IXAQGVHISA-N;GOBAQYCCUYZMJY-HGLYATPPSA-N,unknown,false,6,2,1,7,117
connectivity,MJJWBJFYYRAYKU,MJJWBJFYYRAYKU-PPQKLOTCSA-N,MJJWBJFYYRAYKU,MJJWBJFYYRAYKU-PPQKLOTCSA-N,unknown,false,9,3,1,15,266
connectivity,XKNUDVRSFJJTNT,,XKNUDVRSFJJTNT,XKNUDVRSFJJTNT-UHFFFAOYSA-N;XKNUDVRSFJJTNT-CSKARUKUSA-N,unknown,false,1,1,1,1,32
connectivity,AOYJXBVIPWAMOG,,AOYJXBVIPWAMOG,AOYJXBVIPWAMOG-PKNBQFBNSA-N;AOYJXBVIPWAMOG-UHFFFAOYSA-N,unknown,false,1,1,1,1,32
connectivity,GRUGZHAOXOPASC,GRUGZHAOXOPASC-UHFFFAOYSA-N,GRUGZHAOXOPASC,GRUGZHAOXOPASC-UHFFFAOYSA-N,unknown,false,1,1,1,1,24
connectivity,OKIIWFXZWJTTLY,OKIIWFXZWJTTLY-JTQLQIEISA-N,OKIIWFXZWJTTLY,OKIIWFXZWJTTLY-JTQLQIEISA-N,unknown,false,1,1,1,1,16
connectivity,IEZWLIJBCDCGEU,IEZWLIJBCDCGEU-UHFFFAOYSA-N,IEZWLIJBCDCGEU,IEZWLIJBCDCGEU-UHFFFAOYSA-N,unknown,false,1,1,1,1,24
connectivity,MJGXIOUQXYXGLP,MJGXIOUQXYXGLP-UHFFFAOYSA-N,MJGXIOUQXYXGLP,MJGXIOUQXYXGLP-UHFFFAOYSA-N,unknown,false,1,1,1,1,24
connectivity,FEKMFSGDBKSRNR,FEKMFSGDBKSRNR-LLVKDONJSA-N,FEKMFSGDBKSRNR,FEKMFSGDBKSRNR-LLVKDONJSA-N,unknown,false,1,1,1,1,16
connectivity,MPJMAJLPWRBNBU,MPJMAJLPWRBNBU-UHFFFAOYSA-N,MPJMAJLPWRBNBU,MPJMAJLPWRBNBU-UHFFFAOYSA-N,unknown,false,1,1,1,1,24
connectivity,NBXNZQFZGOQQPE,NBXNZQFZGOQQPE-MRVPVSSYSA-N,NBXNZQFZGOQQPE,NBXNZQFZGOQQPE-MRVPVSSYSA-N,unknown,false,1,1,1,1,16
connectivity,QDZNKMGEHAHOTA,QDZNKMGEHAHOTA-UHFFFAOYSA-N,QDZNKMGEHAHOTA,QDZNKMGEHAHOTA-UHFFFAOYSA-N,unknown,false,1,1,1,1,24
connectivity,TWAIOPPFLZEXCO,TWAIOPPFLZEXCO-UHFFFAOYSA-N,TWAIOPPFLZEXCO,TWAIOPPFLZEXCO-UHFFFAOYSA-N,unknown,false,1,1,1,1,24
connectivity,WLOKFRZXOVZGIN,WLOKFRZXOVZGIN-QMMMGPOBSA-N,WLOKFRZXOVZGIN,WLOKFRZXOVZGIN-QMMMGPOBSA-N,unknown,false,1,1,1,1,16
connectivity,FZNWJRXTACKOPU,FZNWJRXTACKOPU-SSDOTTSWSA-N,FZNWJRXTACKOPU,FZNWJRXTACKOPU-SSDOTTSWSA-N,unknown,false,1,1,1,1,16
connectivity,MHYITDUVXNMMNZ,MHYITDUVXNMMNZ-SECBINFHSA-N,MHYITDUVXNMMNZ,MHYITDUVXNMMNZ-SECBINFHSA-N,unknown,false,1,1,1,1,16
connectivity,PWAKELUEEHWVFQ,PWAKELUEEHWVFQ-LBPRGKRZSA-N,PWAKELUEEHWVFQ,PWAKELUEEHWVFQ-LBPRGKRZSA-N,unknown,false,1,1,1,1,16
connectivity,MDZKJHQSJHYOHJ,,MDZKJHQSJHYOHJ,MDZKJHQSJHYOHJ-HFYZCPLSSA-N;MDZKJHQSJHYOHJ-LLICELPBSA-N;MDZKJHQSJHYOHJ-RMUAHEEJSA-N,unknown,false,171,99,48,160,2367
connectivity,LOPAXYRUFHKGFO,LOPAXYRUFHKGFO-GQUPQBGVSA-N,LOPAXYRUFHKGFO,LOPAXYRUFHKGFO-GQUPQBGVSA-N,unknown,false,10,8,5,8,116
connectivity,XIIACXXCJBZLHS,XIIACXXCJBZLHS-PEVLUNPASA-N,XIIACXXCJBZLHS,XIIACXXCJBZLHS-PEVLUNPASA-N,unknown,false,31,18,13,25,484
connectivity,JLDIWYKSFMPIDW,JLDIWYKSFMPIDW-UHFFFAOYSA-N,JLDIWYKSFMPIDW,JLDIWYKSFMPIDW-UHFFFAOYSA-N,unknown,false,2,2,2,2,38
connectivity,JQOHSPBYKPYMTF,JQOHSPBYKPYMTF-COBYOQRRSA-N,JQOHSPBYKPYMTF,JQOHSPBYKPYMTF-COBYOQRRSA-N,unknown,false,2,2,2,3,26
connectivity,BTFJIXJJCSYFAL,BTFJIXJJCSYFAL-UHFFFAOYSA-N,BTFJIXJJCSYFAL,BTFJIXJJCSYFAL-UHFFFAOYSA-N,unknown,false,27,26,19,24,344
connectivity,GGDUSUKUCOFETL,GGDUSUKUCOFETL-UHFFFAOYSA-N,GGDUSUKUCOFETL,GGDUSUKUCOFETL-UHFFFAOYSA-N,unknown,false,1,1,1,1,24
connectivity,QWAHFQISKZTEOO,QWAHFQISKZTEOO-JMSASQQJSA-N,QWAHFQISKZTEOO,QWAHFQISKZTEOO-JMSASQQJSA-N,unknown,false,2,2,2,2,21
connectivity,OVBKVWSHXDCSTK,OVBKVWSHXDCSTK-UHFFFAOYSA-N,OVBKVWSHXDCSTK,OVBKVWSHXDCSTK-UHFFFAOYSA-N,unknown,false,2,2,2,2,38
connectivity,XPLYAIRFUUIGPK,XPLYAIRFUUIGPK-TVTJTFRUSA-N,XPLYAIRFUUIGPK,XPLYAIRFUUIGPK-TVTJTFRUSA-N,unknown,false,2,2,2,2,21
connectivity,GLDOVTGHNKAZLK,GLDOVTGHNKAZLK-UHFFFAOYSA-N,GLDOVTGHNKAZLK,GLDOVTGHNKAZLK-UHFFFAOYSA-N,unknown,false,49,34,21,29,526
connectivity,IBPVZXPSTLXWCG,IBPVZXPSTLXWCG-UHFFFAOYSA-N,IBPVZXPSTLXWCG,IBPVZXPSTLXWCG-UHFFFAOYSA-N,unknown,false,3,3,3,3,44
connectivity,HBMXPBLBFQDRGX,HBMXPBLBFQDRGX-UHFFFAOYSA-N,HBMXPBLBFQDRGX,HBMXPBLBFQDRGX-UHFFFAOYSA-N,unknown,false,1,1,1,1,24
connectivity,MSUOLNSQHLHDAS,MSUOLNSQHLHDAS-QHCPKHFHSA-N,MSUOLNSQHLHDAS,MSUOLNSQHLHDAS-QHCPKHFHSA-N,unknown,false,19,13,15,10,167
connectivity,VLHZUYUOEGBBJB,VLHZUYUOEGBBJB-UHFFFAOYSA-N,VLHZUYUOEGBBJB,VLHZUYUOEGBBJB-UHFFFAOYSA-N,unknown,false,2,2,2,2,38
connectivity,ICAIHSUWWZJGHD,ICAIHSUWWZJGHD-UHFFFAOYSA-N,ICAIHSUWWZJGHD,ICAIHSUWWZJGHD-UHFFFAOYSA-N,unknown,false,36,29,19,30,368
connectivity,UGAGPNKCDRTDHP,UGAGPNKCDRTDHP-UHFFFAOYSA-N,UGAGPNKCDRTDHP,UGAGPNKCDRTDHP-UHFFFAOYSA-N,unknown,false,7,7,6,9,102
connectivity,HVWZNSXGOXRKIK,HVWZNSXGOXRKIK-UHFFFAOYSA-N,HVWZNSXGOXRKIK,HVWZNSXGOXRKIK-UHFFFAOYSA-N,unknown,false,1,1,1,1,24
connectivity,NPTAQBFHUNRJAR,NPTAQBFHUNRJAR-UHFFFAOYSA-N,NPTAQBFHUNRJAR,NPTAQBFHUNRJAR-UHFFFAOYSA-N,unknown,false,1,1,1,1,24
connectivity,PMFMJXPRNJUYMB,,PMFMJXPRNJUYMB,PMFMJXPRNJUYMB-RCWTZXSCSA-N;PMFMJXPRNJUYMB-GWOFURMSSA-N,unknown,false,2,2,2,2,30
connectivity,CWNIQCOMWQROPA,CWNIQCOMWQROPA-RMPJHFDMSA-N,CWNIQCOMWQROPA,CWNIQCOMWQROPA-RMPJHFDMSA-N,unknown,false,1,1,1,1,16
connectivity,CSDGLNFYKPCMSZ,CSDGLNFYKPCMSZ-UHFFFAOYSA-N,CSDGLNFYKPCMSZ,CSDGLNFYKPCMSZ-UHFFFAOYSA-N,unknown,false,4,3,1,3,82
connectivity,YFXWTVLDSKSYLW,,YFXWTVLDSKSYLW,YFXWTVLDSKSYLW-NSCUHMNNSA-N;YFXWTVLDSKSYLW-UHFFFAOYSA-N,unknown,false,5,5,3,3,129
connectivity,SVOZVFTXNDIEBH,SVOZVFTXNDIEBH-NWALNABHSA-N,SVOZVFTXNDIEBH,SVOZVFTXNDIEBH-NWALNABHSA-N,unknown,false,1,1,1,1,16
connectivity,BURKMBCVRAOKIE,BURKMBCVRAOKIE-UHFFFAOYSA-N,BURKMBCVRAOKIE,BURKMBCVRAOKIE-UHFFFAOYSA-N,unknown,false,1,1,1,1,16
connectivity,SEIUOPPGQAMYGB,SEIUOPPGQAMYGB-JXMROGBWSA-N,SEIUOPPGQAMYGB,SEIUOPPGQAMYGB-JXMROGBWSA-N,unknown,false,1,1,1,1,16
connectivity,VIFUUCKOHMULOK,VIFUUCKOHMULOK-PNQBHLATSA-N,VIFUUCKOHMULOK,VIFUUCKOHMULOK-PNQBHLATSA-N,unknown,false,1,1,1,1,16
connectivity,FGSKBDHSKRORJJ,FGSKBDHSKRORJJ-XRJCJLGXSA-N,FGSKBDHSKRORJJ,FGSKBDHSKRORJJ-XRJCJLGXSA-N,unknown,false,1,1,1,1,16
connectivity,GVJMTMMPLOGKCG,GVJMTMMPLOGKCG-UHFFFAOYSA-N,GVJMTMMPLOGKCG,GVJMTMMPLOGKCG-UHFFFAOYSA-N,unknown,false,1,1,1,1,16
connectivity,QXAUTQFAWKKNLM,QXAUTQFAWKKNLM-UHFFFAOYSA-N,QXAUTQFAWKKNLM,QXAUTQFAWKKNLM-UHFFFAOYSA-N,unknown,false,21,18,14,15,225
connectivity,VQCJUVLBCCMWJY,VQCJUVLBCCMWJY-JSGCOSHPSA-N,VQCJUVLBCCMWJY,VQCJUVLBCCMWJY-JSGCOSHPSA-N,unknown,false,1,1,1,1,16
connectivity,QQHJDPROMQRDLA,QQHJDPROMQRDLA-UHFFFAOYSA-N,QQHJDPROMQRDLA,QQHJDPROMQRDLA-UHFFFAOYSA-N,unknown,false,7,7,7,7,80
connectivity,LUUFSCNUZAYHAT,LUUFSCNUZAYHAT-UHFFFAOYSA-N,LUUFSCNUZAYHAT,LUUFSCNUZAYHAT-UHFFFAOYSA-N,unknown,false,1,1,1,1,24
connectivity,MLYHCZZKHHLZSJ,,MLYHCZZKHHLZSJ,MLYHCZZKHHLZSJ-PQZOIKATSA-N;MLYHCZZKHHLZSJ-UHFFFAOYSA-N,unknown,false,1,1,1,1,32
connectivity,XUSRQFSIUJWCKT,,XUSRQFSIUJWCKT,XUSRQFSIUJWCKT-UHFFFAOYSA-N;XUSRQFSIUJWCKT-UPHRSURJSA-N,unknown,false,1,1,1,1,32
connectivity,VJZBXAQGWLMYMS,VJZBXAQGWLMYMS-HNNXBMFYSA-N,VJZBXAQGWLMYMS,VJZBXAQGWLMYMS-HNNXBMFYSA-N,unknown,false,5,5,4,5,61
connectivity,GJBXIPOYHVMPQJ,GJBXIPOYHVMPQJ-UHFFFAOYSA-N,GJBXIPOYHVMPQJ,GJBXIPOYHVMPQJ-UHFFFAOYSA-N,unknown,false,1,1,1,1,24
connectivity,HDMPRVPFPXXMCE,HDMPRVPFPXXMCE-VGLFAYCPSA-N,HDMPRVPFPXXMCE,HDMPRVPFPXXMCE-VGLFAYCPSA-N,unknown,false,1,1,1,1,16
connectivity,LQUHZVLTTWMBTO,,LQUHZVLTTWMBTO,LQUHZVLTTWMBTO-UHFFFAOYSA-N;LQUHZVLTTWMBTO-UPHRSURJSA-N,unknown,false,2,2,2,2,53
connectivity,SBLKVIQSIHEQOF,,SBLKVIQSIHEQOF,SBLKVIQSIHEQOF-OWOJBTEDSA-N;SBLKVIQSIHEQOF-UHFFFAOYSA-N,unknown,false,1,1,1,1,32
connectivity,KPBOLLJJMHIJPH,,KPBOLLJJMHIJPH,KPBOLLJJMHIJPH-PQZOIKATSA-N;KPBOLLJJMHIJPH-UHFFFAOYSA-N,unknown,false,1,1,1,1,32
connectivity,UANZCTRZDQLPDX,,UANZCTRZDQLPDX,UANZCTRZDQLPDX-PQZOIKATSA-N;UANZCTRZDQLPDX-UHFFFAOYSA-N,unknown,false,1,1,1,1,32
connectivity,RKSTWDZUIGHKJJ,RKSTWDZUIGHKJJ-INIZCTEOSA-N,RKSTWDZUIGHKJJ,RKSTWDZUIGHKJJ-INIZCTEOSA-N,unknown,false,1,1,1,1,16
connectivity,XXIKKMLIDXLAIK,XXIKKMLIDXLAIK-RFKFVWFBSA-N,XXIKKMLIDXLAIK,XXIKKMLIDXLAIK-RFKFVWFBSA-N,unknown,false,7,7,1,12,149
connectivity,MDQUFNTVPFAZDI,MDQUFNTVPFAZDI-MEZLHGDWSA-N,MDQUFNTVPFAZDI,MDQUFNTVPFAZDI-MEZLHGDWSA-N,unknown,false,1,1,1,1,6
connectivity,XZSOANLYLXCHQM,XZSOANLYLXCHQM-MOBHZLNTSA-N,XZSOANLYLXCHQM,XZSOANLYLXCHQM-MOBHZLNTSA-N,unknown,false,2,2,1,3,27
connectivity,JFZWEEGAFRZPEY,JFZWEEGAFRZPEY-TXQBVQDDSA-N,JFZWEEGAFRZPEY,JFZWEEGAFRZPEY-TXQBVQDDSA-N,unknown,false,1,1,1,1,6
connectivity,NZLGSHIHKTYCHX,NZLGSHIHKTYCHX-BKBYZJAPSA-N,NZLGSHIHKTYCHX,NZLGSHIHKTYCHX-BKBYZJAPSA-N,unknown,false,1,1,1,2,12
connectivity,DSZHGIOAMQFBEO,DSZHGIOAMQFBEO-IDKAVECDSA-N,DSZHGIOAMQFBEO,DSZHGIOAMQFBEO-IDKAVECDSA-N,unknown,false,1,1,1,2,12
connectivity,XCCTYIAWTASOJW,XCCTYIAWTASOJW-UHFFFAOYSA-N,XCCTYIAWTASOJW,XCCTYIAWTASOJW-UHFFFAOYSA-N,unknown,false,6,6,6,8,55
connectivity,FQANCGQCBCUSMI,FQANCGQCBCUSMI-PGRLXCGISA-N,FQANCGQCBCUSMI,FQANCGQCBCUSMI-PGRLXCGISA-N,unknown,false,1,1,1,1,16
connectivity,HSCJRCZFDFQWRP,,HSCJRCZFDFQWRP,HSCJRCZFDFQWRP-ZBPKVOKESA-N;HSCJRCZFDFQWRP-JZMIEXBBSA-N,unknown,false,12,12,12,15,185
connectivity,HLKXYZVTANABHZ,HLKXYZVTANABHZ-REOHCLBHSA-N,HLKXYZVTANABHZ,HLKXYZVTANABHZ-REOHCLBHSA-N,unknown,false,4,4,4,4,42
connectivity,PXQPEWDEAKTCGB,PXQPEWDEAKTCGB-UHFFFAOYSA-N,PXQPEWDEAKTCGB,PXQPEWDEAKTCGB-UHFFFAOYSA-N,unknown,false,18,11,9,12,193
connectivity,LIJIPBYXIXTNLE,LIJIPBYXIXTNLE-UHFFFAOYSA-N,LIJIPBYXIXTNLE,LIJIPBYXIXTNLE-UHFFFAOYSA-N,unknown,false,6,5,2,6,74
connectivity,HBCGVLQXOOVNBP,HBCGVLQXOOVNBP-UHFFFAOYSA-N,HBCGVLQXOOVNBP,HBCGVLQXOOVNBP-UHFFFAOYSA-N,unknown,false,2,2,1,3,52
connectivity,FDECXSCMWXHRNU,,FDECXSCMWXHRNU,FDECXSCMWXHRNU-FOXWYSRTSA-N;FDECXSCMWXHRNU-UHFFFAOYSA-N,unknown,false,1,1,1,1,32
connectivity,YVLXSHWZFBDIEL,,YVLXSHWZFBDIEL,YVLXSHWZFBDIEL-SRDSWEMOSA-N;YVLXSHWZFBDIEL-UHFFFAOYSA-N,unknown,false,1,1,1,1,32
connectivity,KYOFIJXMVNQYFC,KYOFIJXMVNQYFC-XJZKHKOHSA-N,KYOFIJXMVNQYFC,KYOFIJXMVNQYFC-XJZKHKOHSA-N,unknown,false,29,27,25,28,246
connectivity,WGOAIFKCEHANND,WGOAIFKCEHANND-BYVQRJCNSA-N,WGOAIFKCEHANND,WGOAIFKCEHANND-BYVQRJCNSA-N,unknown,false,1,1,1,1,12
connectivity,RNETYSXHFSDFMM,,RNETYSXHFSDFMM,RNETYSXHFSDFMM-UHFFFAOYSA-N;RNETYSXHFSDFMM-VRUJEOEASA-N;RNETYSXHFSDFMM-GPWRYVIMSA-N;RNETYSXHFSDFMM-QTPVUCHESA-N;RNETYSXHFSDFMM-MXDOMYPLSA-N;RNETYSXHFSDFMM-IDBNLLBVSA-N,unknown,false,7,5,3,8,124
connectivity,ZWXPNDUTGNVQEU,,ZWXPNDUTGNVQEU,ZWXPNDUTGNVQEU-STEPOWRLSA-N;ZWXPNDUTGNVQEU-KBMWVASHSA-N,unknown,false,13,12,3,21,283
connectivity,LSLCJRYTIZGMGR,LSLCJRYTIZGMGR-YIGGRTFZSA-N,LSLCJRYTIZGMGR,LSLCJRYTIZGMGR-YIGGRTFZSA-N,unknown,false,1,1,1,1,12
connectivity,DXLFKVGWUIBOJK,DXLFKVGWUIBOJK-MENKIJNDSA-N,DXLFKVGWUIBOJK,DXLFKVGWUIBOJK-MENKIJNDSA-N,unknown,false,1,1,1,1,12
connectivity,AOVNJUKMQOLLCG,,AOVNJUKMQOLLCG,AOVNJUKMQOLLCG-CHMWRIJWSA-N;AOVNJUKMQOLLCG-STEPOWRLSA-N,unknown,false,15,12,3,14,148
connectivity,RUVUHIUYGJBLGI,,RUVUHIUYGJBLGI,RUVUHIUYGJBLGI-XJZKHKOHSA-N;RUVUHIUYGJBLGI-UHFFFAOYSA-N,unknown,false,189,137,69,159,1919
connectivity,HATOUTDTQNFTCP,HATOUTDTQNFTCP-FWAIKWLASA-N,HATOUTDTQNFTCP,HATOUTDTQNFTCP-FWAIKWLASA-N,unknown,false,4,2,1,14,100
connectivity,SEHVRKPXIDOTRX,,SEHVRKPXIDOTRX,SEHVRKPXIDOTRX-UHFFFAOYSA-N;SEHVRKPXIDOTRX-BQAGTUHJSA-N;SEHVRKPXIDOTRX-CMUUVTEDSA-N,active;unknown,true,10,2,1,20,317
connectivity,HGFWVFTZYRJFRI,,HGFWVFTZYRJFRI,HGFWVFTZYRJFRI-LJBAAKLNSA-N;HGFWVFTZYRJFRI-DRPISQTGSA-N,unknown,false,5,2,1,5,124
connectivity,KBAPHKOHTBBCTO,,KBAPHKOHTBBCTO,KBAPHKOHTBBCTO-SDHKVNBFSA-N;KBAPHKOHTBBCTO-JZHBEADGSA-N,unknown,false,10,2,1,18,438
connectivity,JHRGMTAPZSUYRD,,JHRGMTAPZSUYRD,JHRGMTAPZSUYRD-KYJUHHDHSA-N;JHRGMTAPZSUYRD-XZWHSSHBSA-N,unknown,false,3,1,1,1,35
connectivity,NVONLTGCBHODBW,,NVONLTGCBHODBW,NVONLTGCBHODBW-LOYHVIPDSA-N;NVONLTGCBHODBW-KYJUHHDHSA-N,unknown,false,5,2,1,3,55
connectivity,SCNZCLDHJJSZBK,SCNZCLDHJJSZBK-ROLQACJLSA-N,SCNZCLDHJJSZBK,SCNZCLDHJJSZBK-ROLQACJLSA-N,unknown,false,9,2,1,8,137
connectivity,MGISFAXYYUFOCQ,MGISFAXYYUFOCQ-UHFFFAOYSA-N,MGISFAXYYUFOCQ,MGISFAXYYUFOCQ-UHFFFAOYSA-N,unknown,false,3,1,1,2,40
connectivity,BSEWSLOUHTTXHH,,BSEWSLOUHTTXHH,BSEWSLOUHTTXHH-LOYHVIPDSA-N;BSEWSLOUHTTXHH-UHFFFAOYSA-N,unknown,false,4,2,1,3,85
connectivity,FHRIMKTUWXMHKX,,FHRIMKTUWXMHKX,FHRIMKTUWXMHKX-LOYHVIPDSA-N;FHRIMKTUWXMHKX-IHLOFXLRSA-N,unknown,false,1,1,1,1,10
connectivity,CUPIFLSTSCNJKQ,CUPIFLSTSCNJKQ-LNFIHJIRSA-N,CUPIFLSTSCNJKQ,CUPIFLSTSCNJKQ-LNFIHJIRSA-N,unknown,false,1,1,1,1,5
connectivity,ROUXXXDUAXDTMT,ROUXXXDUAXDTMT-BATGZJOISA-N,ROUXXXDUAXDTMT,ROUXXXDUAXDTMT-BATGZJOISA-N,unknown,false,1,1,1,1,5
connectivity,HBBREQHKOYBPEC,HBBREQHKOYBPEC-LDLOPFEMSA-N,HBBREQHKOYBPEC,HBBREQHKOYBPEC-LDLOPFEMSA-N,unknown,false,1,1,1,1,5
connectivity,SMHBZVSVLIBGGO,SMHBZVSVLIBGGO-UHFFFAOYSA-N,SMHBZVSVLIBGGO,SMHBZVSVLIBGGO-UHFFFAOYSA-N,unknown,false,5,2,1,10,148
connectivity,CTQZLJNGGADYPZ,CTQZLJNGGADYPZ-AATRIKPKSA-N,CTQZLJNGGADYPZ,CTQZLJNGGADYPZ-AATRIKPKSA-N,unknown,false,1,1,1,1,10
connectivity,DXRMPQWVXOWYBT,DXRMPQWVXOWYBT-KDXMTYKHSA-N,DXRMPQWVXOWYBT,DXRMPQWVXOWYBT-KDXMTYKHSA-N,unknown,false,1,1,1,1,5
connectivity,NDLJVFLWWMLBIO,NDLJVFLWWMLBIO-UHFFFAOYSA-N,NDLJVFLWWMLBIO,NDLJVFLWWMLBIO-UHFFFAOYSA-N,unknown,false,2,2,1,2,36
connectivity,NWALYIKBPXGTJR,NWALYIKBPXGTJR-UHFFFAOYSA-N,NWALYIKBPXGTJR,NWALYIKBPXGTJR-UHFFFAOYSA-N,unknown,false,1,1,1,1,16
connectivity,GOVXKUCVZUROAN,GOVXKUCVZUROAN-UHFFFAOYSA-N,GOVXKUCVZUROAN,GOVXKUCVZUROAN-UHFFFAOYSA-N,unknown,false,4,3,1,3,60
connectivity,DJDFPSQNQFBWJR,DJDFPSQNQFBWJR-UHFFFAOYSA-N,DJDFPSQNQFBWJR,DJDFPSQNQFBWJR-UHFFFAOYSA-N,unknown,false,4,4,2,3,60
connectivity,CPZYZLPKCIMJGW,CPZYZLPKCIMJGW-UHFFFAOYSA-N,CPZYZLPKCIMJGW,CPZYZLPKCIMJGW-UHFFFAOYSA-N,unknown,false,6,4,2,5,90
connectivity,LCEXEHIIKDGIGK,LCEXEHIIKDGIGK-UHFFFAOYSA-N,LCEXEHIIKDGIGK,LCEXEHIIKDGIGK-UHFFFAOYSA-N,unknown,false,1,1,1,1,12
connectivity,VTXWULOWVRFQDB,VTXWULOWVRFQDB-UHFFFAOYSA-N,VTXWULOWVRFQDB,VTXWULOWVRFQDB-UHFFFAOYSA-N,unknown,false,1,1,1,1,12
connectivity,GHGKPLPBPGYSOO,GHGKPLPBPGYSOO-FBZNIEFRSA-N,GHGKPLPBPGYSOO,GHGKPLPBPGYSOO-FBZNIEFRSA-N,unknown,false,89,45,33,54,1032
connectivity,QXDHYSHOINNEAZ,QXDHYSHOINNEAZ-HSIBUNQISA-N,QXDHYSHOINNEAZ,QXDHYSHOINNEAZ-HSIBUNQISA-N,unknown,false,8,6,6,8,111
connectivity,YYLFLRIUDMIWTD,YYLFLRIUDMIWTD-VEVYEIKRSA-N,YYLFLRIUDMIWTD,YYLFLRIUDMIWTD-VEVYEIKRSA-N,unknown,false,4,4,4,4,39
connectivity,ONNNLYSDSXGHFE,,ONNNLYSDSXGHFE,ONNNLYSDSXGHFE-UHFFFAOYSA-N;ONNNLYSDSXGHFE-OGANXIJSSA-N,unknown,false,3,2,2,2,29
connectivity,INDVLXYUCBVVKW,INDVLXYUCBVVKW-PXBBAZSNSA-N,INDVLXYUCBVVKW,INDVLXYUCBVVKW-PXBBAZSNSA-N,unknown,false,184,123,95,115,1772
connectivity,NJBMGUDGYKNMIJ,NJBMGUDGYKNMIJ-ACRWALKSSA-N,NJBMGUDGYKNMIJ,NJBMGUDGYKNMIJ-ACRWALKSSA-N,unknown,false,2,2,1,2,22
connectivity,ABTDMVGTVHLKEM,ABTDMVGTVHLKEM-LVVCFWQASA-N,ABTDMVGTVHLKEM,ABTDMVGTVHLKEM-LVVCFWQASA-N,unknown,false,1,1,1,1,12
connectivity,JSPGKOBNHWTKNT,JSPGKOBNHWTKNT-CEERICPQSA-N,JSPGKOBNHWTKNT,JSPGKOBNHWTKNT-CEERICPQSA-N,unknown,false,22,11,6,19,170
connectivity,OQMUOVSEPOBWMK,OQMUOVSEPOBWMK-UHFFFAOYSA-N,OQMUOVSEPOBWMK,OQMUOVSEPOBWMK-UHFFFAOYSA-N,unknown,false,5,3,1,13,136
connectivity,CYTZKEPGJPIHGB,CYTZKEPGJPIHGB-DFDCBQTQSA-N,CYTZKEPGJPIHGB,CYTZKEPGJPIHGB-DFDCBQTQSA-N,unknown,false,1,1,1,1,10
connectivity,YNZRNENZMVIPBX,,YNZRNENZMVIPBX,YNZRNENZMVIPBX-SCLBUMFYSA-N;YNZRNENZMVIPBX-FNBJZPIPSA-N;YNZRNENZMVIPBX-UHFFFAOYSA-N,unknown,false,12,8,7,13,186
connectivity,CYPKCRFYMBXYBU,CYPKCRFYMBXYBU-NJSRRFNUSA-N,CYPKCRFYMBXYBU,CYPKCRFYMBXYBU-NJSRRFNUSA-N,unknown,false,8,5,3,11,93
connectivity,HFRZSVYKDDZRQY,,HFRZSVYKDDZRQY,HFRZSVYKDDZRQY-AATRIKPKSA-N;HFRZSVYKDDZRQY-MVIFTORASA-N,unknown,false,14,10,12,12,207
connectivity,KENJIKRHUJUWFQ,,KENJIKRHUJUWFQ,KENJIKRHUJUWFQ-UHFFFAOYSA-N;KENJIKRHUJUWFQ-RQZSYWDKSA-N;KENJIKRHUJUWFQ-FSWUXODBSA-N,unknown,false,2,1,1,2,20
connectivity,HUNLTIZKNQDZEI,,HUNLTIZKNQDZEI,HUNLTIZKNQDZEI-UHFFFAOYSA-N;HUNLTIZKNQDZEI-PGFZVWMDSA-N,unknown,false,71,47,32,56,818
connectivity,MMNYKQIDRZNIKT,,MMNYKQIDRZNIKT,MMNYKQIDRZNIKT-UHFFFAOYSA-N;MMNYKQIDRZNIKT-VSADUBDNSA-N,unknown,false,57,39,34,46,759
connectivity,USNLWGSHMJHWQY,USNLWGSHMJHWQY-FBIYPSPZSA-N,USNLWGSHMJHWQY,USNLWGSHMJHWQY-FBIYPSPZSA-N,unknown,false,5,4,3,3,53
connectivity,YGBZFOQXPOGACY,,YGBZFOQXPOGACY,YGBZFOQXPOGACY-ONIUZDBUSA-N;YGBZFOQXPOGACY-CUDHKJQZSA-N;YGBZFOQXPOGACY-UXNJRRTJSA-N;YGBZFOQXPOGACY-DTOITAGASA-N;YGBZFOQXPOGACY-XYXOJIDZSA-N,unknown,false,65,33,16,65,909
connectivity,SWIIQEZMLWUBRB,SWIIQEZMLWUBRB-CWNDDPNYSA-N,SWIIQEZMLWUBRB,SWIIQEZMLWUBRB-CWNDDPNYSA-N,unknown,false,3,2,1,1,29
connectivity,FNUGEBYFFAEPRS,FNUGEBYFFAEPRS-KSFYIVLOSA-N,FNUGEBYFFAEPRS,FNUGEBYFFAEPRS-KSFYIVLOSA-N,unknown,false,3,2,1,1,24
connectivity,XUSYGBPHQBWGAD,XUSYGBPHQBWGAD-PJSUUKDQSA-N,XUSYGBPHQBWGAD,XUSYGBPHQBWGAD-PJSUUKDQSA-N,unknown,false,39,18,10,52,1131
connectivity,AALLCALQGXXWNA,,AALLCALQGXXWNA,AALLCALQGXXWNA-NXLUFJALSA-N;AALLCALQGXXWNA-QJNFORGASA-N,unknown,false,16,11,6,21,294
connectivity,FNDYJRBJAVGLKR,FNDYJRBJAVGLKR-UJONSFQJSA-N,FNDYJRBJAVGLKR,FNDYJRBJAVGLKR-UJONSFQJSA-N,unknown,false,2,2,1,1,5
connectivity,RIXNFYQZWDGQAE,RIXNFYQZWDGQAE-DFHVBEEKSA-N,RIXNFYQZWDGQAE,RIXNFYQZWDGQAE-DFHVBEEKSA-N,inactive,true,131,79,41,99,1205
connectivity,LXEQIOGTMDLLEC,LXEQIOGTMDLLEC-UHFFFAOYSA-N,LXEQIOGTMDLLEC,LXEQIOGTMDLLEC-UHFFFAOYSA-N,unknown,false,21,19,13,18,218
connectivity,DBCAVZSSFGIHQZ,,DBCAVZSSFGIHQZ,DBCAVZSSFGIHQZ-YLAYQGCQSA-N;DBCAVZSSFGIHQZ-KGSLAXPJSA-N,unknown,false,94,48,23,64,1373
connectivity,NOEGNKMFWQHSLB,NOEGNKMFWQHSLB-UHFFFAOYSA-N,NOEGNKMFWQHSLB,NOEGNKMFWQHSLB-UHFFFAOYSA-N,unknown,false,55,49,36,54,672
connectivity,GGGUGZHBAOMSFJ,GGGUGZHBAOMSFJ-GADYQYKKSA-N,GGGUGZHBAOMSFJ,GGGUGZHBAOMSFJ-GADYQYKKSA-N,unknown,false,266,138,61,173,3055
connectivity,KHMPUQOQGWYVMN,KHMPUQOQGWYVMN-DTTCCOOLSA-N,KHMPUQOQGWYVMN,KHMPUQOQGWYVMN-DTTCCOOLSA-N,unknown,false,2,2,1,1,5
connectivity,VTZCFEUQVQTSSV,VTZCFEUQVQTSSV-LVNUYWAMSA-N,VTZCFEUQVQTSSV,VTZCFEUQVQTSSV-LVNUYWAMSA-N,unknown,false,15,13,9,12,82
connectivity,ZEBMIDMKSMCBNW,ZEBMIDMKSMCBNW-ZULIBDNHSA-N,ZEBMIDMKSMCBNW,ZEBMIDMKSMCBNW-ZULIBDNHSA-N,unknown,false,3,3,2,2,10
connectivity,UROPGAQBZGIPQC,UROPGAQBZGIPQC-VUHMTIHWSA-N,UROPGAQBZGIPQC,UROPGAQBZGIPQC-VUHMTIHWSA-N,unknown,false,36,21,5,32,393
connectivity,ABGLVXROVAEWNL,,ABGLVXROVAEWNL,ABGLVXROVAEWNL-WDSKDSINSA-N;ABGLVXROVAEWNL-PHDIDXHHSA-N,unknown,false,5,1,1,1,75
connectivity,GFZFUVWXGQWUGX,GFZFUVWXGQWUGX-DGEKEWMVSA-N,GFZFUVWXGQWUGX,GFZFUVWXGQWUGX-DGEKEWMVSA-N,unknown,false,11,8,3,9,179
connectivity,FOWPKLFOIDTRMY,FOWPKLFOIDTRMY-YXPGJMBHSA-N,FOWPKLFOIDTRMY,FOWPKLFOIDTRMY-YXPGJMBHSA-N,unknown,false,6,3,1,3,58
connectivity,AEOWOANMUIQUTM,,AEOWOANMUIQUTM,AEOWOANMUIQUTM-KKCPLASZSA-N;AEOWOANMUIQUTM-RXXWRWFHSA-N,unknown,false,1,1,1,1,10
connectivity,HFHKILYRHVHVSY,HFHKILYRHVHVSY-SXZJZTJASA-N,HFHKILYRHVHVSY,HFHKILYRHVHVSY-SXZJZTJASA-N,unknown,false,1,1,1,1,5
connectivity,JBJFEZZTGSSGBP,,JBJFEZZTGSSGBP,JBJFEZZTGSSGBP-JRCIOFDCSA-N;JBJFEZZTGSSGBP-OFZPJRNZSA-N,unknown,false,1,1,1,1,10
connectivity,YFQFTWJCXMZRGA,YFQFTWJCXMZRGA-IFQXULJGSA-N,YFQFTWJCXMZRGA,YFQFTWJCXMZRGA-IFQXULJGSA-N,unknown,false,1,1,1,1,5
connectivity,SKGHMIPXASYQPA,SKGHMIPXASYQPA-JRCIOFDCSA-N,SKGHMIPXASYQPA,SKGHMIPXASYQPA-JRCIOFDCSA-N,unknown,false,2,2,2,2,15
connectivity,AFMCJUGPIJIAOB,,AFMCJUGPIJIAOB,AFMCJUGPIJIAOB-JGPFYOFESA-N;AFMCJUGPIJIAOB-UHFFFAOYSA-N,unknown,false,1,1,1,1,14
connectivity,QMNCIZZUXQVCBL,,QMNCIZZUXQVCBL,QMNCIZZUXQVCBL-OFMMPJDCSA-N;QMNCIZZUXQVCBL-UHFFFAOYSA-N,unknown,false,1,1,1,1,14
connectivity,SLWSWKGGZQCLDU,,SLWSWKGGZQCLDU,SLWSWKGGZQCLDU-WHHQMRSUSA-N;SLWSWKGGZQCLDU-VJFUWPCTSA-N;SLWSWKGGZQCLDU-UHFFFAOYSA-N,unknown,false,1,1,1,3,35
connectivity,AKVKZWDTBCHBPM,AKVKZWDTBCHBPM-QOAWLURISA-N,AKVKZWDTBCHBPM,AKVKZWDTBCHBPM-QOAWLURISA-N,unknown,false,1,1,1,1,8
connectivity,YLBMNMLHAAOXAL,YLBMNMLHAAOXAL-FNJIZZFPSA-N,YLBMNMLHAAOXAL,YLBMNMLHAAOXAL-FNJIZZFPSA-N,unknown,false,2,2,1,2,20
connectivity,ONAAMCDHQSWPDU,ONAAMCDHQSWPDU-VGLIEXRSSA-N,ONAAMCDHQSWPDU,ONAAMCDHQSWPDU-VGLIEXRSSA-N,unknown,false,11,9,2,9,120
connectivity,BDXOBRBVLUHIOI,BDXOBRBVLUHIOI-LZISNZTBSA-N,BDXOBRBVLUHIOI,BDXOBRBVLUHIOI-LZISNZTBSA-N,unknown,false,1,1,1,1,8
connectivity,KZZZWBMBZSCEKF,,KZZZWBMBZSCEKF,KZZZWBMBZSCEKF-TYZGZODGSA-N;KZZZWBMBZSCEKF-NEVXJAAESA-N,unknown,false,1,1,1,1,16
connectivity,QEBAXZCXAFWBDK,QEBAXZCXAFWBDK-VJHQJNOJSA-N,QEBAXZCXAFWBDK,QEBAXZCXAFWBDK-VJHQJNOJSA-N,unknown,false,8,7,8,7,63
connectivity,PGPIOJSFSMAPBR,PGPIOJSFSMAPBR-SQZNAXJSSA-N,PGPIOJSFSMAPBR,PGPIOJSFSMAPBR-SQZNAXJSSA-N,unknown,false,2,2,2,2,16
connectivity,RNXCGPIFSGPWOB,RNXCGPIFSGPWOB-GTNWKTSESA-N,RNXCGPIFSGPWOB,RNXCGPIFSGPWOB-GTNWKTSESA-N,unknown,false,1,1,1,1,8
connectivity,RSMKYRDCCSNYFM,RSMKYRDCCSNYFM-AAGDOFLISA-N,RSMKYRDCCSNYFM,RSMKYRDCCSNYFM-AAGDOFLISA-N,unknown,false,45,32,24,33,484
connectivity,IEAZXYJYELWPEQ,IEAZXYJYELWPEQ-XIZANSJMSA-N,IEAZXYJYELWPEQ,IEAZXYJYELWPEQ-XIZANSJMSA-N,unknown,false,1,1,1,1,8
connectivity,KFTORKYFJLPLES,KFTORKYFJLPLES-YWMCNHAWSA-N,KFTORKYFJLPLES,KFTORKYFJLPLES-YWMCNHAWSA-N,unknown,false,1,1,1,1,8
connectivity,PZFJZXLQLMUQCS,,PZFJZXLQLMUQCS,PZFJZXLQLMUQCS-NOPOZDCLSA-N;PZFJZXLQLMUQCS-DLOZNBDNSA-N,unknown,false,3,3,3,3,30
connectivity,ZISNJVSNMDLLAY,ZISNJVSNMDLLAY-CGQLKCSASA-N,ZISNJVSNMDLLAY,ZISNJVSNMDLLAY-CGQLKCSASA-N,unknown,false,1,1,1,1,8
connectivity,ATSVMNCIUVPBNE,ATSVMNCIUVPBNE-QWAVUHLESA-N,ATSVMNCIUVPBNE,ATSVMNCIUVPBNE-QWAVUHLESA-N,unknown,false,3,3,3,3,22
connectivity,MPSMORKTRDBZSB,MPSMORKTRDBZSB-UIVJQZJXSA-N,MPSMORKTRDBZSB,MPSMORKTRDBZSB-UIVJQZJXSA-N,unknown,false,3,3,3,3,24
connectivity,PMXQGXSNFUWYMT,PMXQGXSNFUWYMT-XFAUPDQCSA-N,PMXQGXSNFUWYMT,PMXQGXSNFUWYMT-XFAUPDQCSA-N,unknown,false,1,1,1,1,8
connectivity,LPZCCMIISIBREI,LPZCCMIISIBREI-JXMPMKKESA-N,LPZCCMIISIBREI,LPZCCMIISIBREI-JXMPMKKESA-N,unknown,false,44,32,25,38,520
connectivity,QZHIABMWLYKDJA,QZHIABMWLYKDJA-CFPCDSOASA-N,QZHIABMWLYKDJA,QZHIABMWLYKDJA-CFPCDSOASA-N,unknown,false,5,5,5,5,44
connectivity,KRMCRDNDVNGZDL,KRMCRDNDVNGZDL-CSGRPQDZSA-N,KRMCRDNDVNGZDL,KRMCRDNDVNGZDL-CSGRPQDZSA-N,unknown,false,1,1,1,1,16
connectivity,CECKUKLQLNTQAZ,CECKUKLQLNTQAZ-HYFUQYQGSA-N,CECKUKLQLNTQAZ,CECKUKLQLNTQAZ-HYFUQYQGSA-N,unknown,false,1,1,1,1,8
connectivity,ASAOSMVQLGTAQO,ASAOSMVQLGTAQO-UHFFFAOYSA-N,ASAOSMVQLGTAQO,ASAOSMVQLGTAQO-UHFFFAOYSA-N,unknown,false,4,2,2,2,29
connectivity,LZERJKGWTQYMBB,LZERJKGWTQYMBB-UHFFFAOYSA-N,LZERJKGWTQYMBB,LZERJKGWTQYMBB-UHFFFAOYSA-N,unknown,false,107,56,28,83,1731
connectivity,IMEYGBIXGJLUIS,IMEYGBIXGJLUIS-UHFFFAOYSA-N,IMEYGBIXGJLUIS,IMEYGBIXGJLUIS-UHFFFAOYSA-N,unknown,false,72,21,6,56,895
connectivity,UWARRXZVZDFPQU,UWARRXZVZDFPQU-UHFFFAOYSA-N,UWARRXZVZDFPQU,UWARRXZVZDFPQU-UHFFFAOYSA-N,unknown,false,33,19,7,22,432
connectivity,QEWSAPKRFOFQIU,QEWSAPKRFOFQIU-UHFFFAOYSA-N,QEWSAPKRFOFQIU,QEWSAPKRFOFQIU-UHFFFAOYSA-N,unknown,false,93,30,6,56,1567
connectivity,DOFJNFPSMUCECH,DOFJNFPSMUCECH-UHFFFAOYSA-N,DOFJNFPSMUCECH,DOFJNFPSMUCECH-UHFFFAOYSA-N,unknown,false,44,16,5,34,830
connectivity,DDWGQQADOIMFOI,DDWGQQADOIMFOI-HDUOPWTPSA-N,DDWGQQADOIMFOI,DDWGQQADOIMFOI-HDUOPWTPSA-N,unknown,false,2,2,2,2,26
connectivity,ZOSQFDVXNQFKBY,ZOSQFDVXNQFKBY-OAOVJFGZSA-N,ZOSQFDVXNQFKBY,ZOSQFDVXNQFKBY-OAOVJFGZSA-N,unknown,false,3,3,3,3,26
connectivity,YSYKRGRSMLTJNL,YSYKRGRSMLTJNL-JSDFYWKGSA-N,YSYKRGRSMLTJNL,YSYKRGRSMLTJNL-JSDFYWKGSA-N,unknown,false,4,4,4,4,38
connectivity,CGLAZNJYDWVCGA,CGLAZNJYDWVCGA-JTQLQIEISA-N,CGLAZNJYDWVCGA,CGLAZNJYDWVCGA-JTQLQIEISA-N,unknown,false,1,1,1,1,6
connectivity,OKXRQISDRKEMCB,OKXRQISDRKEMCB-HNNXBMFYSA-N,OKXRQISDRKEMCB,OKXRQISDRKEMCB-HNNXBMFYSA-N,unknown,false,7,5,2,6,71
connectivity,OMGQCYHSAPWXMS,OMGQCYHSAPWXMS-UHFFFAOYSA-N,OMGQCYHSAPWXMS,OMGQCYHSAPWXMS-UHFFFAOYSA-N,unknown,false,2,2,2,2,22
connectivity,GGLXDYDRZKRTDI,GGLXDYDRZKRTDI-UHFFFAOYSA-N,GGLXDYDRZKRTDI,GGLXDYDRZKRTDI-UHFFFAOYSA-N,unknown,false,2,2,2,2,22
connectivity,KDAMTLGCZPUMAR,KDAMTLGCZPUMAR-UHFFFAOYSA-N,KDAMTLGCZPUMAR,KDAMTLGCZPUMAR-UHFFFAOYSA-N,unknown,false,1,1,1,1,12
connectivity,XJMPAUZQVRGFRE,,XJMPAUZQVRGFRE,XJMPAUZQVRGFRE-DUMNYRKASA-N;XJMPAUZQVRGFRE-KYMQPQHFSA-N;XJMPAUZQVRGFRE-SCHFUKFYSA-N;XJMPAUZQVRGFRE-AYDWLWLASA-N;XJMPAUZQVRGFRE-ZYEJEXACSA-N,unknown,false,38,25,6,42,848
connectivity,OPUOJUNLPSQCAF,,OPUOJUNLPSQCAF,OPUOJUNLPSQCAF-NSVCACQWSA-N;OPUOJUNLPSQCAF-UGYNEOJLSA-N,unknown,false,2,2,1,1,40
connectivity,IBFYXTRXDNAPMM,,IBFYXTRXDNAPMM,IBFYXTRXDNAPMM-BVTMAQQCSA-N;IBFYXTRXDNAPMM-LXPWSASLSA-N,unknown,false,39,28,14,59,801
connectivity,YSOBQIMODQOGKQ,YSOBQIMODQOGKQ-HOZAMIDDSA-N,YSOBQIMODQOGKQ,YSOBQIMODQOGKQ-HOZAMIDDSA-N,unknown,false,37,17,7,21,393
connectivity,WSGPLSDARZNMCW,,WSGPLSDARZNMCW,WSGPLSDARZNMCW-FCVLBCLDSA-N;WSGPLSDARZNMCW-LPGRTNKPSA-N,unknown,false,43,28,9,36,535
connectivity,BNYWADFAGBPZJB,,BNYWADFAGBPZJB,BNYWADFAGBPZJB-IUSLWFBYSA-N;BNYWADFAGBPZJB-YIEDZISJSA-N,unknown,false,7,6,4,9,58
connectivity,JFQBNOIJWROZGE,,JFQBNOIJWROZGE,JFQBNOIJWROZGE-VBRACAIISA-N;JFQBNOIJWROZGE-CFKOCTGXSA-N,unknown,false,24,13,4,17,280
connectivity,DKTDHUGOEJFFSN,,DKTDHUGOEJFFSN,DKTDHUGOEJFFSN-BIENJYKASA-N;DKTDHUGOEJFFSN-PJIJBLCYSA-N,unknown,false,11,9,8,10,160
connectivity,GTTYAWQXJCCLMS,GTTYAWQXJCCLMS-SMYCZFAKSA-N,GTTYAWQXJCCLMS,GTTYAWQXJCCLMS-SMYCZFAKSA-N,unknown,false,1,1,1,1,5
connectivity,HOACHHFCSGSFJK,HOACHHFCSGSFJK-SMYCZFAKSA-N,HOACHHFCSGSFJK,HOACHHFCSGSFJK-SMYCZFAKSA-N,unknown,false,1,1,1,1,5
connectivity,QBABZGKLNBXUTN,QBABZGKLNBXUTN-ANXZYFOCSA-N,QBABZGKLNBXUTN,QBABZGKLNBXUTN-ANXZYFOCSA-N,unknown,false,1,1,1,1,5
connectivity,FHQUKAJSXNCFAA,FHQUKAJSXNCFAA-ZFMNYDKASA-N,FHQUKAJSXNCFAA,FHQUKAJSXNCFAA-ZFMNYDKASA-N,unknown,false,3,3,3,3,18
connectivity,FJPYRUGHOSNUPA,FJPYRUGHOSNUPA-NXXWWENFSA-N,FJPYRUGHOSNUPA,FJPYRUGHOSNUPA-NXXWWENFSA-N,unknown,false,1,1,1,1,7
connectivity,LNECUDALXOQOBS,LNECUDALXOQOBS-PXNNQKQISA-N,LNECUDALXOQOBS,LNECUDALXOQOBS-PXNNQKQISA-N,unknown,false,1,1,1,1,7
connectivity,PYHKARJNNRSAIE,PYHKARJNNRSAIE-NKOSUPTBSA-N,PYHKARJNNRSAIE,PYHKARJNNRSAIE-NKOSUPTBSA-N,unknown,false,1,1,1,1,7
connectivity,HAFUQUBCICCDGS,,HAFUQUBCICCDGS,HAFUQUBCICCDGS-OVKYWLESSA-N;HAFUQUBCICCDGS-HRHVLVCKSA-N,unknown,false,1,1,1,1,16
connectivity,LCQKMIMLBQEMSB,LCQKMIMLBQEMSB-VMWKOPFVSA-N,LCQKMIMLBQEMSB,LCQKMIMLBQEMSB-VMWKOPFVSA-N,unknown,false,2,2,2,2,15
connectivity,PLIAJTPGFVBAQI,,PLIAJTPGFVBAQI,PLIAJTPGFVBAQI-HRHVLVCKSA-N;PLIAJTPGFVBAQI-HTXGQIKESA-N,unknown,false,1,1,1,1,16
connectivity,RWSSUUKUVKNZLZ,,RWSSUUKUVKNZLZ,RWSSUUKUVKNZLZ-AWWNFJCHSA-N;RWSSUUKUVKNZLZ-JRMVCPQSSA-N,unknown,false,1,1,1,2,24
connectivity,URLKVGACTZHFEX,URLKVGACTZHFEX-FCYQBUEGSA-N,URLKVGACTZHFEX,URLKVGACTZHFEX-FCYQBUEGSA-N,unknown,false,1,1,1,1,8
connectivity,FMIMFCRXYXVFTA,FMIMFCRXYXVFTA-UHFFFAOYSA-N,FMIMFCRXYXVFTA,FMIMFCRXYXVFTA-UHFFFAOYSA-N,unknown,false,61,42,30,63,770
connectivity,KLHSKTMVSOWVLD,,KLHSKTMVSOWVLD,KLHSKTMVSOWVLD-UHFFFAOYSA-N;KLHSKTMVSOWVLD-WPDRYGPBSA-N,unknown,false,11,10,11,11,124
connectivity,PAIBKVQNJKUVCE,PAIBKVQNJKUVCE-UHFFFAOYSA-N,PAIBKVQNJKUVCE,PAIBKVQNJKUVCE-UHFFFAOYSA-N,unknown,false,8,8,5,9,83
connectivity,HDYANYHVCAPMJV,,HDYANYHVCAPMJV,HDYANYHVCAPMJV-BGMZMYTISA-N;HDYANYHVCAPMJV-JTFFWVQGSA-N,unknown,false,7,6,6,7,70
connectivity,DUISZFLWBAPRBR,DUISZFLWBAPRBR-OXUWNYNTSA-N,DUISZFLWBAPRBR,DUISZFLWBAPRBR-OXUWNYNTSA-N,unknown,false,2,2,2,2,32
connectivity,NAODYPMFJILTIP,NAODYPMFJILTIP-WRIWZNEVSA-N,NAODYPMFJILTIP,NAODYPMFJILTIP-WRIWZNEVSA-N,unknown,false,1,1,1,1,16
connectivity,BBGCWPNVOJCQCG,BBGCWPNVOJCQCG-SDBHATRESA-N,BBGCWPNVOJCQCG,BBGCWPNVOJCQCG-SDBHATRESA-N,unknown,false,2,2,2,2,16
connectivity,PHZVBJISZSHIRV,PHZVBJISZSHIRV-PXDPMPQASA-N,PHZVBJISZSHIRV,PHZVBJISZSHIRV-PXDPMPQASA-N,unknown,false,1,1,1,1,16
connectivity,XXFACTAYGKKOQB,,XXFACTAYGKKOQB,XXFACTAYGKKOQB-ZETCQYMHSA-N;XXFACTAYGKKOQB-SSDOTTSWSA-N;XXFACTAYGKKOQB-UHFFFAOYSA-N,unknown,false,10,9,7,10,190
connectivity,VYRAJOITMBSQSE,VYRAJOITMBSQSE-HNVSNYHQSA-N,VYRAJOITMBSQSE,VYRAJOITMBSQSE-HNVSNYHQSA-N,unknown,false,1,1,1,2,24
connectivity,HTDHRCLVWUEXIS,,HTDHRCLVWUEXIS,HTDHRCLVWUEXIS-QEJLLAEFSA-N;HTDHRCLVWUEXIS-HNVSNYHQSA-N,unknown,false,1,1,1,2,24
connectivity,MVMBTNNVZQRZQT,,MVMBTNNVZQRZQT,MVMBTNNVZQRZQT-UPHATXTLSA-N;MVMBTNNVZQRZQT-BPDSZQNASA-N,unknown,false,1,1,1,2,24
connectivity,DBVVQDGIJAUEAZ,DBVVQDGIJAUEAZ-LIOLZPPRSA-N,DBVVQDGIJAUEAZ,DBVVQDGIJAUEAZ-LIOLZPPRSA-N,unknown,false,3,3,3,3,28
connectivity,IJOPWQAWCGNMBI,IJOPWQAWCGNMBI-IJKURQBASA-N,IJOPWQAWCGNMBI,IJOPWQAWCGNMBI-IJKURQBASA-N,unknown,false,1,1,1,1,16
connectivity,KDIRTCPHKDPWMQ,KDIRTCPHKDPWMQ-MUZWZVNPSA-N,KDIRTCPHKDPWMQ,KDIRTCPHKDPWMQ-MUZWZVNPSA-N,unknown,false,2,2,2,2,30
connectivity,XEHLLUQVSRLWMH,XEHLLUQVSRLWMH-MZYWCHDMSA-N,XEHLLUQVSRLWMH,XEHLLUQVSRLWMH-MZYWCHDMSA-N,unknown,false,2,2,2,2,30
connectivity,DTPCZPXFOQSQNC,DTPCZPXFOQSQNC-MMHCNIRFSA-N,DTPCZPXFOQSQNC,DTPCZPXFOQSQNC-MMHCNIRFSA-N,unknown,false,1,1,1,1,16
connectivity,FNGFDRHLEQKDDQ,,FNGFDRHLEQKDDQ,FNGFDRHLEQKDDQ-CDMWDEQPSA-N;FNGFDRHLEQKDDQ-DHHLVEFRSA-N,unknown,false,1,1,1,1,21
connectivity,CQHCJXYZMUYPIT,CQHCJXYZMUYPIT-GBVPUKILSA-N,CQHCJXYZMUYPIT,CQHCJXYZMUYPIT-GBVPUKILSA-N,unknown,false,1,1,1,1,14
connectivity,VAOWMWFEZLPVAY,VAOWMWFEZLPVAY-ZGWBENQPSA-N,VAOWMWFEZLPVAY,VAOWMWFEZLPVAY-ZGWBENQPSA-N,unknown,false,1,1,1,1,7
connectivity,GLJAEZNTDWDEPX,GLJAEZNTDWDEPX-RUSAUJBJSA-N,GLJAEZNTDWDEPX,GLJAEZNTDWDEPX-RUSAUJBJSA-N,unknown,false,1,1,1,1,6
connectivity,JNOBKBGUTMPMPS,,JNOBKBGUTMPMPS,JNOBKBGUTMPMPS-SMFJDMQNSA-N;JNOBKBGUTMPMPS-XDQOZGBTSA-N,unknown,false,1,1,1,1,12
connectivity,QZRKNNXRNBTODR,,QZRKNNXRNBTODR,QZRKNNXRNBTODR-YQALUOGVSA-N;QZRKNNXRNBTODR-UHFFFAOYSA-N,unknown,false,1,1,1,2,24
connectivity,CVFJGIAXQXTQLB,CVFJGIAXQXTQLB-VHGCGKSWSA-N,CVFJGIAXQXTQLB,CVFJGIAXQXTQLB-VHGCGKSWSA-N,unknown,false,1,1,1,1,6
connectivity,FOYFJRGETORFTE,,FOYFJRGETORFTE,FOYFJRGETORFTE-IINVYNELSA-N;FOYFJRGETORFTE-HBVUFRJMSA-N,unknown,false,1,1,1,1,12
connectivity,BASCBPSXFTXREB,BASCBPSXFTXREB-COIISXCISA-N,BASCBPSXFTXREB,BASCBPSXFTXREB-COIISXCISA-N,unknown,false,1,1,1,1,12
connectivity,WUVMCCRKWLRPJP,WUVMCCRKWLRPJP-OKZVCGLCSA-N,WUVMCCRKWLRPJP,WUVMCCRKWLRPJP-OKZVCGLCSA-N,unknown,false,1,1,1,1,12
connectivity,TUGUXROTUBROTM,TUGUXROTUBROTM-VZNMWSRNSA-N,TUGUXROTUBROTM,TUGUXROTUBROTM-VZNMWSRNSA-N,unknown,false,1,1,1,1,12
connectivity,XWYOUQPUQIUTMW,XWYOUQPUQIUTMW-HHHUOAJASA-N,XWYOUQPUQIUTMW,XWYOUQPUQIUTMW-HHHUOAJASA-N,unknown,false,1,1,1,1,6
connectivity,LNWIREADZWQAFH,,LNWIREADZWQAFH,LNWIREADZWQAFH-RTNZXRMLSA-N;LNWIREADZWQAFH-AATRIKPKSA-N;LNWIREADZWQAFH-UHFFFAOYSA-N,unknown,false,3,1,1,1,45
connectivity,IUNJCFABHJZSKB,IUNJCFABHJZSKB-UHFFFAOYSA-N,IUNJCFABHJZSKB,IUNJCFABHJZSKB-UHFFFAOYSA-N,unknown,false,8,5,4,6,113
connectivity,IXXMAUGACHIBMM,,IXXMAUGACHIBMM,IXXMAUGACHIBMM-WBWBKCFTSA-N;IXXMAUGACHIBMM-UHFFFAOYSA-N,unknown,false,2,1,1,1,14
connectivity,QZHZIHNILHRPAS,,QZHZIHNILHRPAS,QZHZIHNILHRPAS-UCHVXLTOSA-N;QZHZIHNILHRPAS-MNOXXJLTSA-N,unknown,false,2,1,1,1,21
connectivity,RYOIXTXQSJPJMG,,RYOIXTXQSJPJMG,RYOIXTXQSJPJMG-LBHUKDJMSA-N;RYOIXTXQSJPJMG-UHFFFAOYSA-N,unknown,false,2,1,1,1,14
connectivity,JMJWCANHASMNST,,JMJWCANHASMNST,JMJWCANHASMNST-SSDOTTSWSA-N;JMJWCANHASMNST-ZETCQYMHSA-N,unknown,false,1,1,1,1,24
connectivity,IERFAZQCIAZODG,IERFAZQCIAZODG-UEDWAMCQSA-N,IERFAZQCIAZODG,IERFAZQCIAZODG-UEDWAMCQSA-N,unknown,false,23,14,9,22,223
connectivity,MMEXTNDBWOEMTB,,MMEXTNDBWOEMTB,MMEXTNDBWOEMTB-SWJHQYIHSA-N;MMEXTNDBWOEMTB-OWNOGVFSSA-N,unknown,false,5,4,4,4,29
connectivity,XKLVIEHPOZBIKV,XKLVIEHPOZBIKV-FKICDVMDSA-N,XKLVIEHPOZBIKV,XKLVIEHPOZBIKV-FKICDVMDSA-N,unknown,false,2,2,2,2,12
connectivity,OPWUVOPHCMWWGJ,OPWUVOPHCMWWGJ-UHFFFAOYSA-N,OPWUVOPHCMWWGJ,OPWUVOPHCMWWGJ-UHFFFAOYSA-N,unknown,false,9,4,1,7,97
connectivity,KMEQUVNVNHTHSM,KMEQUVNVNHTHSM-LKGDQWORSA-N,KMEQUVNVNHTHSM,KMEQUVNVNHTHSM-LKGDQWORSA-N,unknown,false,3,3,3,3,15
connectivity,GOECIRGMYVJNBS,GOECIRGMYVJNBS-ZHPHXZAZSA-N,GOECIRGMYVJNBS,GOECIRGMYVJNBS-ZHPHXZAZSA-N,unknown,false,2,2,2,2,9
connectivity,KYTKOCVFNCZSSC,KYTKOCVFNCZSSC-PSLIWGKLSA-N,KYTKOCVFNCZSSC,KYTKOCVFNCZSSC-PSLIWGKLSA-N,unknown,false,6,5,4,6,36
connectivity,GQSRIBUSVVSLSQ,GQSRIBUSVVSLSQ-STPBSKNSSA-N,GQSRIBUSVVSLSQ,GQSRIBUSVVSLSQ-STPBSKNSSA-N,unknown,false,1,1,1,1,16
connectivity,NLNNWFCVCWSYSK,NLNNWFCVCWSYSK-DCHSITBXSA-N,NLNNWFCVCWSYSK,NLNNWFCVCWSYSK-DCHSITBXSA-N,unknown,false,1,1,1,1,16
connectivity,HJIKODJJEORHMZ,HJIKODJJEORHMZ-JUYUDSHZSA-N,HJIKODJJEORHMZ,HJIKODJJEORHMZ-JUYUDSHZSA-N,unknown,false,2,2,2,2,30
connectivity,QEGKOTVMJLTBMK,QEGKOTVMJLTBMK-UHFFFAOYSA-N,QEGKOTVMJLTBMK,QEGKOTVMJLTBMK-UHFFFAOYSA-N,unknown,false,2,2,3,2,35
connectivity,NALGVVPRJHXHNM,NALGVVPRJHXHNM-UHFFFAOYSA-N,NALGVVPRJHXHNM,NALGVVPRJHXHNM-UHFFFAOYSA-N,unknown,false,5,4,1,4,36
connectivity,JDHGGJLFIYASAS,,JDHGGJLFIYASAS,JDHGGJLFIYASAS-UHFFFAOYSA-N;JDHGGJLFIYASAS-GIJQJNRQSA-N,unknown,false,1,1,1,1,20
connectivity,JIQSDJNLGMFGDV,JIQSDJNLGMFGDV-LIKPGJMYSA-N,JIQSDJNLGMFGDV,JIQSDJNLGMFGDV-LIKPGJMYSA-N,unknown,false,3,2,1,4,86
connectivity,FBBLPDBFYMNXIE,,FBBLPDBFYMNXIE,FBBLPDBFYMNXIE-SBAIMNNOSA-N;FBBLPDBFYMNXIE-VCTGMTIGSA-N,unknown,false,1,1,1,1,20
connectivity,XXKZXLGDEMSHFH,XXKZXLGDEMSHFH-RJEVLRCPSA-N,XXKZXLGDEMSHFH,XXKZXLGDEMSHFH-RJEVLRCPSA-N,unknown,false,1,1,1,1,5
connectivity,UWQYBLOHTQWSQD,UWQYBLOHTQWSQD-UHFFFAOYSA-N,UWQYBLOHTQWSQD,UWQYBLOHTQWSQD-UHFFFAOYSA-N,unknown,false,13,4,1,20,518
connectivity,LJMMDVNGTDPQPA,,LJMMDVNGTDPQPA,LJMMDVNGTDPQPA-UHFFFAOYSA-N;LJMMDVNGTDPQPA-FOYSLLOYSA-N,unknown,false,3,1,1,1,30
connectivity,QAJFPEYQEDURAN,,QAJFPEYQEDURAN,QAJFPEYQEDURAN-BMQGYFGXSA-N;QAJFPEYQEDURAN-LQUIUOFXSA-N,unknown,false,3,1,1,1,35
connectivity,MKVXRXTVDGOLCF,MKVXRXTVDGOLCF-LYBFFQFTSA-N,MKVXRXTVDGOLCF,MKVXRXTVDGOLCF-LYBFFQFTSA-N,unknown,false,3,1,1,1,30
connectivity,AHIRDLBHUBNZRI,,AHIRDLBHUBNZRI,AHIRDLBHUBNZRI-UFEHBCDASA-N;AHIRDLBHUBNZRI-ZXDLFBMOSA-N,unknown,false,6,2,1,3,103
connectivity,LKCOZWLUAKSRQM,,LKCOZWLUAKSRQM,LKCOZWLUAKSRQM-IBUUURQNSA-N;LKCOZWLUAKSRQM-BTPUUTEISA-N;LKCOZWLUAKSRQM-UMAWSMADSA-N,unknown,false,17,14,12,16,230
connectivity,AKZBEMDOKOHIFM,AKZBEMDOKOHIFM-UMAWSMADSA-N,AKZBEMDOKOHIFM,AKZBEMDOKOHIFM-UMAWSMADSA-N,unknown,false,8,5,5,6,90
connectivity,XECJBJHITROSPL,,XECJBJHITROSPL,XECJBJHITROSPL-JGWMJADOSA-N;XECJBJHITROSPL-UCKKVMSCSA-N;XECJBJHITROSPL-WSONZKGWSA-N;XECJBJHITROSPL-WJGMRIAGSA-N,unknown,false,2,2,2,2,35
connectivity,NWZBNZUABGSPSN,,NWZBNZUABGSPSN,NWZBNZUABGSPSN-WRYDCQAKSA-N;NWZBNZUABGSPSN-FUOMFPIFSA-N,unknown,false,8,8,6,7,89
connectivity,BKYWAYNSDFXIPL,BKYWAYNSDFXIPL-JWQCQUIFSA-N,BKYWAYNSDFXIPL,BKYWAYNSDFXIPL-JWQCQUIFSA-N,unknown,false,9,7,7,6,80
connectivity,MOJZMWJRUKIQGL,,MOJZMWJRUKIQGL,MOJZMWJRUKIQGL-UHNOTUFWSA-N;MOJZMWJRUKIQGL-XILRTYJMSA-N,unknown,false,91,63,35,64,1576
connectivity,WHASVNKXAVKAJA,WHASVNKXAVKAJA-YUGUOILESA-N,WHASVNKXAVKAJA,WHASVNKXAVKAJA-YUGUOILESA-N,unknown,false,3,2,2,3,98
connectivity,LLFIMDUWAVPJEJ,,LLFIMDUWAVPJEJ,LLFIMDUWAVPJEJ-DFPHAVSISA-N;LLFIMDUWAVPJEJ-YXOBGFCKSA-N,unknown,false,2,2,2,2,32
connectivity,KNAAKGXQWAOOSH,,KNAAKGXQWAOOSH,KNAAKGXQWAOOSH-KXQSBORISA-N;KNAAKGXQWAOOSH-KXQSBORISA-O,unknown,false,4,3,3,4,38
connectivity,FROSTAWVXRJGLY,,FROSTAWVXRJGLY,FROSTAWVXRJGLY-WZGYZDFVSA-N;FROSTAWVXRJGLY-WZGYZDFVSA-O,unknown,false,1,1,1,1,14
connectivity,MKODUFPLOJRPAO,,MKODUFPLOJRPAO,MKODUFPLOJRPAO-KNOFZFNKSA-N;MKODUFPLOJRPAO-UHFFFAOYSA-N,unknown,false,1,1,1,1,16
connectivity,JFSHUTJDVKUMTJ,,JFSHUTJDVKUMTJ,JFSHUTJDVKUMTJ-QHPUVITPSA-N;JFSHUTJDVKUMTJ-UHFFFAOYSA-N,unknown,false,875,504,134,661,9603
connectivity,GRBHNQFQFHLCHO,,GRBHNQFQFHLCHO,GRBHNQFQFHLCHO-BHMAJAPKSA-N;GRBHNQFQFHLCHO-UHFFFAOYSA-N,unknown,false,237,128,45,170,2330
connectivity,HKKMGGKMNHKQMC,,HKKMGGKMNHKQMC,HKKMGGKMNHKQMC-PMEZWALUSA-N;HKKMGGKMNHKQMC-UHFFFAOYSA-N,unknown,false,2,2,3,2,24
connectivity,LIIFBMGUDSHTOU,,LIIFBMGUDSHTOU,LIIFBMGUDSHTOU-CFYIDONUSA-N;LIIFBMGUDSHTOU-UHFFFAOYSA-N,unknown,false,74,54,31,65,763
connectivity,KABGCWRGCBCLOH,KABGCWRGCBCLOH-LUCSZHEXSA-N,KABGCWRGCBCLOH,KABGCWRGCBCLOH-LUCSZHEXSA-N,unknown,false,1,1,1,1,10
connectivity,RWNHLTKFBKYDOJ,,RWNHLTKFBKYDOJ,RWNHLTKFBKYDOJ-DDHMHSPCSA-N;RWNHLTKFBKYDOJ-UHFFFAOYSA-N,unknown,false,85,52,35,83,1033
connectivity,YCOKATFNRPZIIU,YCOKATFNRPZIIU-MGBZEVKYSA-N,YCOKATFNRPZIIU,YCOKATFNRPZIIU-MGBZEVKYSA-N,unknown,false,41,28,20,38,471
connectivity,BBJQJXRZAZWPBL,,BBJQJXRZAZWPBL,BBJQJXRZAZWPBL-SOTYDYGCSA-N;BBJQJXRZAZWPBL-AOVBODNOSA-N,unknown,false,10,6,6,9,150
connectivity,SBEVOVWWSQLCJK,SBEVOVWWSQLCJK-NGAZGMADSA-N,SBEVOVWWSQLCJK,SBEVOVWWSQLCJK-NGAZGMADSA-N,unknown,false,2,2,2,2,30
connectivity,DZTRDRPCROOSOG,DZTRDRPCROOSOG-AWEZNQCLSA-N,DZTRDRPCROOSOG,DZTRDRPCROOSOG-AWEZNQCLSA-N,unknown,false,10,10,8,11,146
connectivity,UVFOCYGYACXLAY,UVFOCYGYACXLAY-ZDQUCUCBSA-N,UVFOCYGYACXLAY,UVFOCYGYACXLAY-ZDQUCUCBSA-N,unknown,false,21,20,19,18,187
connectivity,CUEAVYXDEUPPTP,,CUEAVYXDEUPPTP,CUEAVYXDEUPPTP-DCISBGPDSA-N;CUEAVYXDEUPPTP-LNRHCFMRSA-N,unknown,false,1,1,1,1,25
connectivity,LOSIFDMBAMXYSA,,LOSIFDMBAMXYSA,LOSIFDMBAMXYSA-RPPYXEQPSA-N;LOSIFDMBAMXYSA-UHFFFAOYSA-N,unknown,false,1,1,1,1,16
connectivity,KCSCTOANDBOIGV,,KCSCTOANDBOIGV,KCSCTOANDBOIGV-PMLUYZPCSA-N;KCSCTOANDBOIGV-UHFFFAOYSA-N,unknown,false,2,2,2,2,34
connectivity,LYEHWBPZIXGVRD,LYEHWBPZIXGVRD-CCBNDOSYSA-N,LYEHWBPZIXGVRD,LYEHWBPZIXGVRD-CCBNDOSYSA-N,unknown,false,3,2,2,1,14
connectivity,QWZAGEWLUZBSJX,QWZAGEWLUZBSJX-ZGKCRPRGSA-N,QWZAGEWLUZBSJX,QWZAGEWLUZBSJX-ZGKCRPRGSA-N,unknown,false,3,2,2,1,14
connectivity,UVIHEQDHSJMULB,UVIHEQDHSJMULB-PEYNGXJCSA-N,UVIHEQDHSJMULB,UVIHEQDHSJMULB-PEYNGXJCSA-N,unknown,false,6,5,5,4,46
connectivity,MTNPSFBFGZMJPZ,MTNPSFBFGZMJPZ-ZCIPGPJXSA-N,MTNPSFBFGZMJPZ,MTNPSFBFGZMJPZ-ZCIPGPJXSA-N,unknown,false,1,1,1,1,8
connectivity,LYSGIJUGUGJIPS,,LYSGIJUGUGJIPS,LYSGIJUGUGJIPS-XSNSVMTNSA-N;LYSGIJUGUGJIPS-GELAFUPQSA-N,unknown,false,5,5,5,5,83
connectivity,QAAHGFINENUHAR,,QAAHGFINENUHAR,QAAHGFINENUHAR-UHFFFAOYSA-N;QAAHGFINENUHAR-ARJAWSKDSA-N,unknown,false,1,1,1,1,21
connectivity,PQEYTAGBXNEUQL,,PQEYTAGBXNEUQL,PQEYTAGBXNEUQL-NXEZZACHSA-N;PQEYTAGBXNEUQL-UHFFFAOYSA-N,unknown,false,4,3,3,3,34
connectivity,PWWMGQJEFDUFKG,,PWWMGQJEFDUFKG,PWWMGQJEFDUFKG-JEGUUDMESA-N;PWWMGQJEFDUFKG-ZAEVQSRCSA-N,unknown,false,1,1,1,1,14
connectivity,RFWGABANNQMHMZ,,RFWGABANNQMHMZ,RFWGABANNQMHMZ-ZCHJGGQASA-N;RFWGABANNQMHMZ-UHFFFAOYSA-N,unknown,false,44,11,5,73,2028
connectivity,ILRCGYURZSFMEG,ILRCGYURZSFMEG-UHFFFAOYSA-N,ILRCGYURZSFMEG,ILRCGYURZSFMEG-UHFFFAOYSA-N,unknown,false,128,53,33,97,2911
connectivity,SXGSYHDLSPXCMU,SXGSYHDLSPXCMU-UHFFFAOYSA-N,SXGSYHDLSPXCMU,SXGSYHDLSPXCMU-UHFFFAOYSA-N,unknown,false,17,13,11,11,126
connectivity,WEKCEGQSIIQPAQ,WEKCEGQSIIQPAQ-UHFFFAOYSA-N,WEKCEGQSIIQPAQ,WEKCEGQSIIQPAQ-UHFFFAOYSA-N,unknown,false,72,54,40,67,815
connectivity,FFDULTAFAQRACT,FFDULTAFAQRACT-XKBSQSBASA-N,FFDULTAFAQRACT,FFDULTAFAQRACT-XKBSQSBASA-N,unknown,false,66,46,34,75,932
connectivity,PJFKUPRDDXTASO,PJFKUPRDDXTASO-UHFFFAOYSA-N,PJFKUPRDDXTASO,PJFKUPRDDXTASO-UHFFFAOYSA-N,unknown,false,6,5,5,3,59
connectivity,PQQITYGQJLPDFC,,PQQITYGQJLPDFC,PQQITYGQJLPDFC-UHFFFAOYSA-N;PQQITYGQJLPDFC-HPCHECBXSA-N,unknown,false,26,21,15,23,246
connectivity,GMQXOLRKJQWPNB,GMQXOLRKJQWPNB-MVVLSVRYSA-N,GMQXOLRKJQWPNB,GMQXOLRKJQWPNB-MVVLSVRYSA-N,unknown,false,43,11,5,57,1614
connectivity,WDTFNYPORMFVPG,WDTFNYPORMFVPG-UHFFFAOYSA-N,WDTFNYPORMFVPG,WDTFNYPORMFVPG-UHFFFAOYSA-N,unknown,false,5,4,4,3,38
connectivity,QLJNETOQFQXTLI,QLJNETOQFQXTLI-UHFFFAOYSA-N,QLJNETOQFQXTLI,QLJNETOQFQXTLI-UHFFFAOYSA-N,unknown,false,54,38,27,49,508
connectivity,OYTCTPHTVUEGCL,OYTCTPHTVUEGCL-UHFFFAOYSA-N,OYTCTPHTVUEGCL,OYTCTPHTVUEGCL-UHFFFAOYSA-N,unknown,false,10,7,7,9,102
connectivity,RYVGCUJETSKZDU,RYVGCUJETSKZDU-UHFFFAOYSA-N,RYVGCUJETSKZDU,RYVGCUJETSKZDU-UHFFFAOYSA-N,unknown,false,6,5,4,4,58
connectivity,IXORZMNAPKEEDV,,IXORZMNAPKEEDV,IXORZMNAPKEEDV-UHFFFAOYSA-N;IXORZMNAPKEEDV-OBDJNFEBSA-N,unknown,false,58,32,16,43,974
connectivity,BKBYHSYZKIAJDA,,BKBYHSYZKIAJDA,BKBYHSYZKIAJDA-UHFFFAOYSA-N;BKBYHSYZKIAJDA-WWSAFQOPSA-N,unknown,false,44,24,12,35,712
connectivity,WZRRJZYYGOOHRC,,WZRRJZYYGOOHRC,WZRRJZYYGOOHRC-UHFFFAOYSA-N;WZRRJZYYGOOHRC-UQJCXHNCSA-N,unknown,false,49,34,16,48,930
connectivity,ZOWHLBOPCIHIHW,,ZOWHLBOPCIHIHW,ZOWHLBOPCIHIHW-UHFFFAOYSA-N;ZOWHLBOPCIHIHW-KQBHUUJHSA-N,unknown,false,24,9,6,16,444
connectivity,XNBWKKYPKJHUKD,,XNBWKKYPKJHUKD,XNBWKKYPKJHUKD-UQJCXHNCSA-N;XNBWKKYPKJHUKD-UHFFFAOYSA-N,unknown,false,3,1,3,2,70
connectivity,MEKWLWHELUEYHS,,MEKWLWHELUEYHS,MEKWLWHELUEYHS-APSOACPRSA-N;MEKWLWHELUEYHS-UHFFFAOYSA-N,unknown,false,3,2,1,2,28
connectivity,OZVXSKKGSPDWPG,,OZVXSKKGSPDWPG,OZVXSKKGSPDWPG-IWQZZHSRSA-N;OZVXSKKGSPDWPG-UHFFFAOYSA-N,unknown,false,1,1,1,1,20
connectivity,ONICYSBMOZSVKS,ONICYSBMOZSVKS-DBZSEJJRSA-N,ONICYSBMOZSVKS,ONICYSBMOZSVKS-DBZSEJJRSA-N,unknown,false,1,1,1,1,10
connectivity,JHBBZIAPXDEPET,,JHBBZIAPXDEPET,JHBBZIAPXDEPET-XSXSTQRRSA-N;JHBBZIAPXDEPET-IBKFOYENSA-N,unknown,false,4,4,1,5,69
connectivity,RFTIRMPAYWBDKJ,RFTIRMPAYWBDKJ-GSTFJIRZSA-N,RFTIRMPAYWBDKJ,RFTIRMPAYWBDKJ-GSTFJIRZSA-N,unknown,false,5,5,1,5,43
connectivity,PLZPNDBFLGCZTJ,,PLZPNDBFLGCZTJ,PLZPNDBFLGCZTJ-NDFYPCRZSA-N;PLZPNDBFLGCZTJ-YCPYWYAXSA-N,unknown,false,1,1,1,1,20
connectivity,MLTYJMYPDLQLJF,MLTYJMYPDLQLJF-DRWUKLGOSA-N,MLTYJMYPDLQLJF,MLTYJMYPDLQLJF-DRWUKLGOSA-N,unknown,false,1,1,1,1,10
connectivity,AXUYMNBYBROCLN,AXUYMNBYBROCLN-ZCQLBBLLSA-N,AXUYMNBYBROCLN,AXUYMNBYBROCLN-ZCQLBBLLSA-N,unknown,false,1,1,1,1,10
connectivity,ZFTUVYVXVWUVOQ,ZFTUVYVXVWUVOQ-HIMLIXMGSA-N,ZFTUVYVXVWUVOQ,ZFTUVYVXVWUVOQ-HIMLIXMGSA-N,unknown,false,1,1,1,1,10
connectivity,ODKKQQNHCONUGL,ODKKQQNHCONUGL-REYGQXQUSA-N,ODKKQQNHCONUGL,ODKKQQNHCONUGL-REYGQXQUSA-N,unknown,false,1,1,1,1,10
connectivity,YTQLYPLDMHKTML,YTQLYPLDMHKTML-JHZVCAIQSA-N,YTQLYPLDMHKTML,YTQLYPLDMHKTML-JHZVCAIQSA-N,unknown,false,2,2,1,2,15
connectivity,QORZOJLEBCJYBI,QORZOJLEBCJYBI-OJELLXEISA-N,QORZOJLEBCJYBI,QORZOJLEBCJYBI-OJELLXEISA-N,unknown,false,3,3,4,3,23
connectivity,GTOZUOKCRDFSCM,GTOZUOKCRDFSCM-GRYQHIQESA-N,GTOZUOKCRDFSCM,GTOZUOKCRDFSCM-GRYQHIQESA-N,unknown,false,2,2,3,2,13
connectivity,LQLWTXHROXBIJK,LQLWTXHROXBIJK-IKOVGOCTSA-N,LQLWTXHROXBIJK,LQLWTXHROXBIJK-IKOVGOCTSA-N,unknown,false,1,1,1,1,8
connectivity,ZUNVPNBFBAFOBX,ZUNVPNBFBAFOBX-FBLCMHPESA-N,ZUNVPNBFBAFOBX,ZUNVPNBFBAFOBX-FBLCMHPESA-N,unknown,false,1,1,1,1,8
connectivity,ZROGCCBNZBKLEL,,ZROGCCBNZBKLEL,ZROGCCBNZBKLEL-MFSALPCASA-N;ZROGCCBNZBKLEL-MPRHSVQHSA-N;ZROGCCBNZBKLEL-AMNHTRGSSA-N,unknown,false,47,33,22,50,653
connectivity,UPNWIBPHYOJXOA,,UPNWIBPHYOJXOA,UPNWIBPHYOJXOA-YDZHOCLMSA-N;UPNWIBPHYOJXOA-UHFFFAOYSA-N,unknown,false,8,6,6,8,66
connectivity,BZZSCXPOEAFLES,BZZSCXPOEAFLES-NUTCYAROSA-N,BZZSCXPOEAFLES,BZZSCXPOEAFLES-NUTCYAROSA-N,unknown,false,1,1,1,1,12
connectivity,SUXVWSIPTXXPOZ,,SUXVWSIPTXXPOZ,SUXVWSIPTXXPOZ-UXXRCYHCSA-N;SUXVWSIPTXXPOZ-UHFFFAOYSA-N,unknown,false,6,4,2,4,44
connectivity,VQDVPEBDINWLHZ,,VQDVPEBDINWLHZ,VQDVPEBDINWLHZ-SXFAUFNYSA-N;VQDVPEBDINWLHZ-UHFFFAOYSA-N,unknown,false,8,6,4,6,55
connectivity,JBFOLLJCGUCDQP,,JBFOLLJCGUCDQP,JBFOLLJCGUCDQP-ZFORQUDYSA-N;JBFOLLJCGUCDQP-UHFFFAOYSA-N,unknown,false,128,56,16,76,1572
connectivity,LGYCXVJXWRPVSQ,LGYCXVJXWRPVSQ-GSYQMMAASA-N,LGYCXVJXWRPVSQ,LGYCXVJXWRPVSQ-GSYQMMAASA-N,unknown,false,1,1,1,1,12
connectivity,VCGFYFKJZGIZMX,VCGFYFKJZGIZMX-UHFFFAOYSA-N,VCGFYFKJZGIZMX,VCGFYFKJZGIZMX-UHFFFAOYSA-N,unknown,false,1,1,1,1,24
connectivity,XXKIWCKZQFBXIR,,XXKIWCKZQFBXIR,XXKIWCKZQFBXIR-SXFAUFNYSA-N;XXKIWCKZQFBXIR-UHFFFAOYSA-N,unknown,false,26,18,7,19,236
connectivity,QZNIVVAKPLIDJX,,QZNIVVAKPLIDJX,QZNIVVAKPLIDJX-BFCDFHHJSA-N;QZNIVVAKPLIDJX-UHFFFAOYSA-N,unknown,false,15,12,9,10,106
connectivity,UCGKJWSJSJGUBQ,UCGKJWSJSJGUBQ-KURKYZTESA-N,UCGKJWSJSJGUBQ,UCGKJWSJSJGUBQ-KURKYZTESA-N,unknown,false,3,2,1,1,34
connectivity,PDHAOJSHSJQANO,,PDHAOJSHSJQANO,PDHAOJSHSJQANO-OWOJBTEDSA-N;PDHAOJSHSJQANO-UHFFFAOYSA-N,unknown,false,24,13,7,31,691
connectivity,RVIVNTAYJCDGGM,,RVIVNTAYJCDGGM,RVIVNTAYJCDGGM-HOBFHCPDSA-N;RVIVNTAYJCDGGM-UHFFFAOYSA-N,unknown,false,1,1,1,1,10
connectivity,RZGFUGXQKMEMOO,RZGFUGXQKMEMOO-UHFFFAOYSA-N,RZGFUGXQKMEMOO,RZGFUGXQKMEMOO-UHFFFAOYSA-N,unknown,false,10,6,5,10,158
connectivity,VWNUHNZMJZXAEG,VWNUHNZMJZXAEG-KBXQAUFNSA-N,VWNUHNZMJZXAEG,VWNUHNZMJZXAEG-KBXQAUFNSA-N,unknown,false,1,1,1,1,8
connectivity,NMGCAUZQKXGUAO,NMGCAUZQKXGUAO-ITRBRHPWSA-N,NMGCAUZQKXGUAO,NMGCAUZQKXGUAO-ITRBRHPWSA-N,unknown,false,1,1,1,1,8
connectivity,YNRJWLCUSNZCQL,YNRJWLCUSNZCQL-CQRFSKKRSA-N,YNRJWLCUSNZCQL,YNRJWLCUSNZCQL-CQRFSKKRSA-N,unknown,false,1,1,1,1,8
connectivity,VNLREARKISTOAD,,VNLREARKISTOAD,VNLREARKISTOAD-SNQQTVKYSA-N;VNLREARKISTOAD-CIWUYKSXSA-N;VNLREARKISTOAD-WHRXQRCBSA-N,unknown,false,9,9,7,10,122
connectivity,OUWOVSUGDPWIBY,OUWOVSUGDPWIBY-NKZHAWSJSA-N,OUWOVSUGDPWIBY,OUWOVSUGDPWIBY-NKZHAWSJSA-N,unknown,false,2,2,2,2,15
connectivity,VNOJYYDZLJTAKW,VNOJYYDZLJTAKW-GSEOLPGOSA-N,VNOJYYDZLJTAKW,VNOJYYDZLJTAKW-GSEOLPGOSA-N,unknown,false,1,1,1,1,4
connectivity,MOJNAYLABXOGSJ,MOJNAYLABXOGSJ-UHFFFAOYSA-N,MOJNAYLABXOGSJ,MOJNAYLABXOGSJ-UHFFFAOYSA-N,unknown,false,1,1,1,1,8
connectivity,XGIZPVUTLMXXTK,XGIZPVUTLMXXTK-UHFFFAOYSA-N,XGIZPVUTLMXXTK,XGIZPVUTLMXXTK-UHFFFAOYSA-N,unknown,false,1,1,1,1,16
connectivity,URNVSZVQLKHKDE,URNVSZVQLKHKDE-JSAMJCSDSA-N,URNVSZVQLKHKDE,URNVSZVQLKHKDE-JSAMJCSDSA-N,unknown,false,1,1,1,1,8
connectivity,UMROTOJYTIKHPJ,,UMROTOJYTIKHPJ,UMROTOJYTIKHPJ-NKPCKLMGSA-N;UMROTOJYTIKHPJ-UHFFFAOYSA-N,unknown,false,1,1,1,1,16
connectivity,QLTCHMYAEJEXBT,QLTCHMYAEJEXBT-ZEBDFXRSSA-N,QLTCHMYAEJEXBT,QLTCHMYAEJEXBT-ZEBDFXRSSA-N,unknown,false,52,13,6,30,1147
connectivity,WEWBWVMTOYUPHH,WEWBWVMTOYUPHH-QHAQEBJBSA-N,WEWBWVMTOYUPHH,WEWBWVMTOYUPHH-QHAQEBJBSA-N,unknown,false,55,16,10,31,963
connectivity,NLVMTSRTOGOFQD,,NLVMTSRTOGOFQD,NLVMTSRTOGOFQD-GOOZKGAASA-N;NLVMTSRTOGOFQD-MWRQYBNOSA-N;NLVMTSRTOGOFQD-SMNKCIGXSA-N;NLVMTSRTOGOFQD-UHFFFAOYSA-N,unknown,false,21,11,5,19,212
connectivity,JEGUVXRNDRXUDN,,JEGUVXRNDRXUDN,JEGUVXRNDRXUDN-UMGGQSCQSA-N;JEGUVXRNDRXUDN-UHFFFAOYSA-N,unknown,false,9,6,5,8,77
connectivity,XFFQVRFGLSBFON,,XFFQVRFGLSBFON,XFFQVRFGLSBFON-FMHGSLEFSA-N;XFFQVRFGLSBFON-LZWQPLETSA-N;XFFQVRFGLSBFON-UHFFFAOYSA-N,unknown,false,44,23,16,26,462
connectivity,LRHPLDYGYMQRHN,LRHPLDYGYMQRHN-UHFFFAOYSA-N,LRHPLDYGYMQRHN,LRHPLDYGYMQRHN-UHFFFAOYSA-N,unknown,false,30,25,24,28,355
connectivity,BKIZJNMVTRYGSW,BKIZJNMVTRYGSW-SCSAIBSYSA-N,BKIZJNMVTRYGSW,BKIZJNMVTRYGSW-SCSAIBSYSA-N,unknown,false,3,2,1,3,32
connectivity,BAQQRABCRRQRSR,BAQQRABCRRQRSR-UHFFFAOYSA-N,BAQQRABCRRQRSR,BAQQRABCRRQRSR-UHFFFAOYSA-N,unknown,false,1,1,1,1,16
connectivity,MYHSVHWQEVDFQT,MYHSVHWQEVDFQT-SMRLCXOUSA-N,MYHSVHWQEVDFQT,MYHSVHWQEVDFQT-SMRLCXOUSA-N,unknown,false,47,18,2,30,1348
connectivity,FGYQUFZANKOISC,FGYQUFZANKOISC-SECBINFHSA-N,FGYQUFZANKOISC,FGYQUFZANKOISC-SECBINFHSA-N,unknown,false,2,2,1,4,64
connectivity,JZRWCGZRTZMZEH,JZRWCGZRTZMZEH-UHFFFAOYSA-N,JZRWCGZRTZMZEH,JZRWCGZRTZMZEH-UHFFFAOYSA-N,unknown,false,23,20,20,23,287
connectivity,PBJHEIRFTYGACF,PBJHEIRFTYGACF-UHFFFAOYSA-N,PBJHEIRFTYGACF,PBJHEIRFTYGACF-UHFFFAOYSA-N,unknown,false,1,1,1,1,10
connectivity,DCGUKHULKAAOPB,DCGUKHULKAAOPB-QBLSGNHRSA-N,DCGUKHULKAAOPB,DCGUKHULKAAOPB-QBLSGNHRSA-N,unknown,false,24,12,3,20,251
connectivity,GKQMMZUXYRXFOH,GKQMMZUXYRXFOH-QBLSGNHRSA-N,GKQMMZUXYRXFOH,GKQMMZUXYRXFOH-QBLSGNHRSA-N,unknown,false,17,13,4,19,240
connectivity,PMISPNORJONCHB,PMISPNORJONCHB-LLWDQIFWSA-N,PMISPNORJONCHB,PMISPNORJONCHB-LLWDQIFWSA-N,unknown,false,19,11,2,23,377
connectivity,UMTABACRBSGXGK,UMTABACRBSGXGK-ZAVAKTSASA-N,UMTABACRBSGXGK,UMTABACRBSGXGK-ZAVAKTSASA-N,unknown,false,12,7,4,12,153
connectivity,MBWXNTAXLNYFJB,MBWXNTAXLNYFJB-NKFFZRIASA-N,MBWXNTAXLNYFJB,MBWXNTAXLNYFJB-NKFFZRIASA-N,unknown,false,19,14,14,13,256
connectivity,FSLPMRQHCOLESF,FSLPMRQHCOLESF-SFMCKYFRSA-N,FSLPMRQHCOLESF,FSLPMRQHCOLESF-SFMCKYFRSA-N,unknown,false,625,345,96,456,7244
connectivity,RADKZDMFGJYCBB,RADKZDMFGJYCBB-UHFFFAOYSA-N,RADKZDMFGJYCBB,RADKZDMFGJYCBB-UHFFFAOYSA-N,unknown,false,8,8,8,10,114
connectivity,ZMJGSOSNSPKHNH,ZMJGSOSNSPKHNH-UHFFFAOYSA-N,ZMJGSOSNSPKHNH,ZMJGSOSNSPKHNH-UHFFFAOYSA-N,unknown,false,5,5,5,5,66
connectivity,NGVDGCNFYWLIFO,NGVDGCNFYWLIFO-UHFFFAOYSA-N,NGVDGCNFYWLIFO,NGVDGCNFYWLIFO-UHFFFAOYSA-N,unknown,false,6,6,6,7,80
connectivity,WHOMFKWHIQZTHY,WHOMFKWHIQZTHY-UHFFFAOYSA-N,WHOMFKWHIQZTHY,WHOMFKWHIQZTHY-UHFFFAOYSA-N,unknown,false,5,5,5,5,55
connectivity,NHZMQXZHNVQTQA,NHZMQXZHNVQTQA-UHFFFAOYSA-N,NHZMQXZHNVQTQA,NHZMQXZHNVQTQA-UHFFFAOYSA-N,unknown,false,7,7,7,8,90
connectivity,BMDKCVRDDZIEMR,BMDKCVRDDZIEMR-LGLHJKQMSA-O,BMDKCVRDDZIEMR,BMDKCVRDDZIEMR-LGLHJKQMSA-O,unknown,false,7,4,3,4,58
connectivity,MPTHMSBOMBFQPY,MPTHMSBOMBFQPY-VLNPNZPESA-O,MPTHMSBOMBFQPY,MPTHMSBOMBFQPY-VLNPNZPESA-O,unknown,false,7,3,3,3,49
connectivity,JCSRMPOVJLVJEB,JCSRMPOVJLVJEB-RECICUILSA-O,JCSRMPOVJLVJEB,JCSRMPOVJLVJEB-RECICUILSA-O,unknown,false,2,2,2,3,44
connectivity,PXUQTDZNOHRWLI,PXUQTDZNOHRWLI-OXUVVOBNSA-O,PXUQTDZNOHRWLI,PXUQTDZNOHRWLI-OXUVVOBNSA-O,unknown,false,35,24,18,52,1057
connectivity,CCQDWIRWKWIUKK,CCQDWIRWKWIUKK-QKYBYQKWSA-O,CCQDWIRWKWIUKK,CCQDWIRWKWIUKK-QKYBYQKWSA-O,unknown,false,46,26,16,40,1226
connectivity,XENHPQQLDPAYIJ,,XENHPQQLDPAYIJ,XENHPQQLDPAYIJ-PEVLUNPASA-O;XENHPQQLDPAYIJ-UHFFFAOYSA-O,unknown,false,111,34,22,50,1988
connectivity,CILLXFBAACIQNS,,CILLXFBAACIQNS,CILLXFBAACIQNS-BTXJZROQSA-N;CILLXFBAACIQNS-BTXJZROQSA-O,unknown,false,13,10,5,11,182
connectivity,KLRABYJGMPNMSA,KLRABYJGMPNMSA-ZUUMSKAQSA-O,KLRABYJGMPNMSA,KLRABYJGMPNMSA-ZUUMSKAQSA-O,unknown,false,8,7,7,8,65
connectivity,ZDGJAHTZVHVLOT,ZDGJAHTZVHVLOT-YUMQZZPRSA-N,ZDGJAHTZVHVLOT,ZDGJAHTZVHVLOT-YUMQZZPRSA-N,unknown,false,13,12,11,13,134
connectivity,RBFUWESMWRUGFY,,RBFUWESMWRUGFY,RBFUWESMWRUGFY-GSNIOFLCSA-N;RBFUWESMWRUGFY-HZMUNDFUSA-N,unknown,false,1,1,1,1,24
connectivity,QHRGJMIMHCLHRG,,QHRGJMIMHCLHRG,QHRGJMIMHCLHRG-KZCNESMTSA-N;QHRGJMIMHCLHRG-ZSELIEHESA-N,unknown,false,4,3,3,3,56
connectivity,ILSPFIPSQSFPCN,,ILSPFIPSQSFPCN,ILSPFIPSQSFPCN-VYBUCKLUSA-N;ILSPFIPSQSFPCN-YKGXRCBESA-N;ILSPFIPSQSFPCN-UHFFFAOYSA-N,unknown,false,1,1,1,3,56
connectivity,GBXZVJQQDAJGSO,,GBXZVJQQDAJGSO,GBXZVJQQDAJGSO-NBXNMEGSSA-N;GBXZVJQQDAJGSO-KBJLHTFASA-N,unknown,false,1,1,1,1,24
connectivity,HNTISMRTGMVWGH,HNTISMRTGMVWGH-YTFOTSKYSA-N,HNTISMRTGMVWGH,HNTISMRTGMVWGH-YTFOTSKYSA-N,unknown,false,19,13,7,14,197
connectivity,JMGZEFIQIZZSBH,JMGZEFIQIZZSBH-RZVHTKHLSA-N,JMGZEFIQIZZSBH,JMGZEFIQIZZSBH-RZVHTKHLSA-N,unknown,false,3,3,2,3,50
connectivity,BGEBZHIAGXMEMV,BGEBZHIAGXMEMV-UHFFFAOYSA-N,BGEBZHIAGXMEMV,BGEBZHIAGXMEMV-UHFFFAOYSA-N,unknown,false,244,102,14,294,5430
connectivity,UHNXUSWGOJMEFO,,UHNXUSWGOJMEFO,UHNXUSWGOJMEFO-OBJCFNGXSA-N;UHNXUSWGOJMEFO-QNDFHXLGSA-N,unknown,false,52,34,13,34,464
connectivity,RKQDKXOBRXTSFS,RKQDKXOBRXTSFS-FNFCFPHGSA-N,RKQDKXOBRXTSFS,RKQDKXOBRXTSFS-FNFCFPHGSA-N,unknown,false,41,30,17,28,526
connectivity,UMOBIWXCYMHMHS,UMOBIWXCYMHMHS-VMGRFWFUSA-N,UMOBIWXCYMHMHS,UMOBIWXCYMHMHS-VMGRFWFUSA-N,unknown,false,1,1,1,1,10
connectivity,LKKDASYGWYYFIK,LKKDASYGWYYFIK-UHFFFAOYSA-N,LKKDASYGWYYFIK,LKKDASYGWYYFIK-UHFFFAOYSA-N,unknown,false,51,33,17,42,657
connectivity,IZEARVDHWBTRLQ,IZEARVDHWBTRLQ-PIQRAGALSA-N,IZEARVDHWBTRLQ,IZEARVDHWBTRLQ-PIQRAGALSA-N,unknown,false,1,1,1,1,5
connectivity,LVNLZLPJBZFVFM,LVNLZLPJBZFVFM-ADKAHSJRSA-N,LVNLZLPJBZFVFM,LVNLZLPJBZFVFM-ADKAHSJRSA-N,unknown,false,1,1,1,1,10
connectivity,SPWHPOOEWJVFFY,SPWHPOOEWJVFFY-IOYOSXTHSA-N,SPWHPOOEWJVFFY,SPWHPOOEWJVFFY-IOYOSXTHSA-N,unknown,false,1,1,1,1,10
connectivity,CRHZTCBCKPSKLB,CRHZTCBCKPSKLB-RIWHDLKRSA-N,CRHZTCBCKPSKLB,CRHZTCBCKPSKLB-RIWHDLKRSA-N,unknown,false,1,1,1,1,5
connectivity,FGKUHDXMDDMVEC,FGKUHDXMDDMVEC-UKFMLJDKSA-N,FGKUHDXMDDMVEC,FGKUHDXMDDMVEC-UKFMLJDKSA-N,unknown,false,2,2,1,2,15
connectivity,UIGMOELBQHXNBD,UIGMOELBQHXNBD-PCKAHOCUSA-N,UIGMOELBQHXNBD,UIGMOELBQHXNBD-PCKAHOCUSA-N,unknown,false,1,1,1,1,10
connectivity,USJQEHIEUGYOFY,USJQEHIEUGYOFY-VNHYZAJKSA-N,USJQEHIEUGYOFY,USJQEHIEUGYOFY-VNHYZAJKSA-N,unknown,false,1,1,1,1,10
connectivity,AXDNTQQFPUTBLH,AXDNTQQFPUTBLH-UOAAIHJGSA-N,AXDNTQQFPUTBLH,AXDNTQQFPUTBLH-UOAAIHJGSA-N,unknown,false,1,1,1,1,5
connectivity,QODWLPHYAHFAIW,QODWLPHYAHFAIW-HLLBOEOZSA-N,QODWLPHYAHFAIW,QODWLPHYAHFAIW-HLLBOEOZSA-N,unknown,false,1,1,1,1,10
connectivity,UDIIUGFJZWJUKQ,UDIIUGFJZWJUKQ-PCKAHOCUSA-N,UDIIUGFJZWJUKQ,UDIIUGFJZWJUKQ-PCKAHOCUSA-N,unknown,false,1,1,1,1,10
connectivity,XLCNKKSFPBMHMK,XLCNKKSFPBMHMK-MOKVOYLWSA-N,XLCNKKSFPBMHMK,XLCNKKSFPBMHMK-MOKVOYLWSA-N,unknown,false,1,1,1,1,10
connectivity,ANVAOWXLWRTKGA,ANVAOWXLWRTKGA-NTXLUARGSA-N,ANVAOWXLWRTKGA,ANVAOWXLWRTKGA-NTXLUARGSA-N,unknown,false,149,96,61,64,1939
connectivity,OENHQHLEOONYIE,,OENHQHLEOONYIE,OENHQHLEOONYIE-JLTXGRSLSA-N;OENHQHLEOONYIE-BVZAMQQESA-N;OENHQHLEOONYIE-MZMZTKINSA-N,unknown,false,421,268,191,254,7646
connectivity,DQVGVYRSVYCJRR,DQVGVYRSVYCJRR-AXRVZGOCSA-N,DQVGVYRSVYCJRR,DQVGVYRSVYCJRR-AXRVZGOCSA-N,unknown,false,60,52,37,49,362
connectivity,ZQGOYEJYAYJFTL,ZQGOYEJYAYJFTL-BTMCAZCFSA-N,ZQGOYEJYAYJFTL,ZQGOYEJYAYJFTL-BTMCAZCFSA-N,unknown,false,16,12,9,12,95
connectivity,FUZGJRALEKGYPO,,FUZGJRALEKGYPO,FUZGJRALEKGYPO-NAJIBIIASA-N;FUZGJRALEKGYPO-UZLMLTDASA-N,unknown,false,20,16,14,16,122
connectivity,CQIKWXUXPNUNDV,CQIKWXUXPNUNDV-AXRVZGOCSA-N,CQIKWXUXPNUNDV,CQIKWXUXPNUNDV-AXRVZGOCSA-N,unknown,false,27,23,18,21,156
connectivity,WMBWREPUVVBILR,WMBWREPUVVBILR-WIYYLYMNSA-N,WMBWREPUVVBILR,WMBWREPUVVBILR-WIYYLYMNSA-N,unknown,false,127,95,46,143,2808
connectivity,GMISZFQPFDAPGI,,GMISZFQPFDAPGI,GMISZFQPFDAPGI-OSYQBESMSA-N;GMISZFQPFDAPGI-JJYFIROESA-N,unknown,false,71,49,32,26,1337
connectivity,LSHVYAFMTMFKBA,LSHVYAFMTMFKBA-TZIWHRDSSA-N,LSHVYAFMTMFKBA,LSHVYAFMTMFKBA-TZIWHRDSSA-N,unknown,false,144,98,48,154,2992
connectivity,PFNFFQXMRSDOHW,PFNFFQXMRSDOHW-UHFFFAOYSA-N,PFNFFQXMRSDOHW,PFNFFQXMRSDOHW-UHFFFAOYSA-N,unknown,false,50,36,26,32,711
connectivity,QYPPJABKJHAVHS,QYPPJABKJHAVHS-UHFFFAOYSA-N,QYPPJABKJHAVHS,QYPPJABKJHAVHS-UHFFFAOYSA-N,unknown,false,24,21,15,17,304
connectivity,KXSDPILWMGFJMM,KXSDPILWMGFJMM-XMCUXHSSSA-N,KXSDPILWMGFJMM,KXSDPILWMGFJMM-XMCUXHSSSA-N,unknown,false,99,41,15,68,1016
connectivity,RGIBXDHONMXTLI,RGIBXDHONMXTLI-UHFFFAOYSA-N,RGIBXDHONMXTLI,RGIBXDHONMXTLI-UHFFFAOYSA-N,unknown,false,25,19,15,25,326
connectivity,SZCBXWMUOPQSOX,SZCBXWMUOPQSOX-WVJDLNGLSA-N,SZCBXWMUOPQSOX,SZCBXWMUOPQSOX-WVJDLNGLSA-N,unknown,false,241,134,98,95,2786
connectivity,JKQXZKUSFCKOGQ,JKQXZKUSFCKOGQ-QAYBQHTQSA-N,JKQXZKUSFCKOGQ,JKQXZKUSFCKOGQ-QAYBQHTQSA-N,unknown,false,341,188,149,138,3882
connectivity,UZKQTCBAMSWPJD,,UZKQTCBAMSWPJD,UZKQTCBAMSWPJD-FARCUNLSSA-N;UZKQTCBAMSWPJD-UHFFFAOYSA-N;UZKQTCBAMSWPJD-UQCOIBPSSA-N,unknown,false,42,34,25,50,1173
connectivity,GOSWTRUMMSCNCW,,GOSWTRUMMSCNCW,GOSWTRUMMSCNCW-HNNGNKQASA-N;GOSWTRUMMSCNCW-MLFWJJQPSA-N;GOSWTRUMMSCNCW-UHFFFAOYSA-N,unknown,false,42,33,28,52,1026
connectivity,UUPDCCPAOMDMPT,UUPDCCPAOMDMPT-HNVSNYHQSA-N,UUPDCCPAOMDMPT,UUPDCCPAOMDMPT-HNVSNYHQSA-N,unknown,false,5,5,4,4,66
connectivity,USVMJSALORZVDV,,USVMJSALORZVDV,USVMJSALORZVDV-SDBHATRESA-N;USVMJSALORZVDV-ZFVXVEAMSA-N,unknown,false,2,2,3,3,55
connectivity,CKIJIGYDFNXSET,,CKIJIGYDFNXSET,CKIJIGYDFNXSET-UFYKKMGGSA-N;CKIJIGYDFNXSET-WUEWZUKVSA-N;CKIJIGYDFNXSET-OOMJLXHVSA-N,unknown,false,20,8,3,13,517
connectivity,PLYQBXHVYUJNQB,,PLYQBXHVYUJNQB,PLYQBXHVYUJNQB-BZVDQRPCSA-N;PLYQBXHVYUJNQB-ZHVGPZTNSA-N;PLYQBXHVYUJNQB-CXSRUOLESA-N,unknown,false,46,23,4,29,926
connectivity,OSJPPGNTCRNQQC,OSJPPGNTCRNQQC-UHFFFAOYSA-N,OSJPPGNTCRNQQC,OSJPPGNTCRNQQC-UHFFFAOYSA-N,unknown,false,15,14,16,16,183
connectivity,DVYFYPAMPUDXFH,DVYFYPAMPUDXFH-UHFFFAOYSA-N,DVYFYPAMPUDXFH,DVYFYPAMPUDXFH-UHFFFAOYSA-N,unknown,false,1,1,1,1,14
connectivity,QHIATSAYASRLEY,,QHIATSAYASRLEY,QHIATSAYASRLEY-BZVDQRPCSA-N;QHIATSAYASRLEY-UHFFFAOYSA-N,unknown,false,3,3,2,3,52
connectivity,DCTLYFZHFGENCW,,DCTLYFZHFGENCW,DCTLYFZHFGENCW-UUOKFMHZSA-N;DCTLYFZHFGENCW-UHFFFAOYSA-N,unknown,false,4,4,4,5,37
connectivity,YAHZABJORDUQGO,YAHZABJORDUQGO-UHFFFAOYSA-N,YAHZABJORDUQGO,YAHZABJORDUQGO-UHFFFAOYSA-N,unknown,false,1,1,1,1,16
connectivity,BZQFBWGGLXLEPQ,,BZQFBWGGLXLEPQ,BZQFBWGGLXLEPQ-UHFFFAOYSA-N;BZQFBWGGLXLEPQ-REOHCLBHSA-N,unknown,false,11,10,10,12,113
connectivity,MPUUQNGXJSEWTF,MPUUQNGXJSEWTF-UHFFFAOYSA-N,MPUUQNGXJSEWTF,MPUUQNGXJSEWTF-UHFFFAOYSA-N,unknown,false,3,3,3,4,36
connectivity,ZDFUASMRJUVZJP,ZDFUASMRJUVZJP-GIIHIBIBSA-N,ZDFUASMRJUVZJP,ZDFUASMRJUVZJP-GIIHIBIBSA-N,unknown,false,14,10,6,10,132
connectivity,XWMMEBCFHUKHEX,XWMMEBCFHUKHEX-UHFFFAOYSA-N,XWMMEBCFHUKHEX,XWMMEBCFHUKHEX-UHFFFAOYSA-N,unknown,false,251,155,39,135,1804
connectivity,NGFFRJBGMSPDMS,NGFFRJBGMSPDMS-ZJJHUPNDSA-N,NGFFRJBGMSPDMS,NGFFRJBGMSPDMS-ZJJHUPNDSA-N,unknown,false,106,73,13,55,1253
connectivity,DICCPNLDOZNSML,,DICCPNLDOZNSML,DICCPNLDOZNSML-XGKJEQFASA-N;DICCPNLDOZNSML-CEEMYSEHSA-N,unknown,false,62,31,19,40,788
connectivity,TZVDWGXUGGUMCE,TZVDWGXUGGUMCE-JVHXOXOBSA-N,TZVDWGXUGGUMCE,TZVDWGXUGGUMCE-JVHXOXOBSA-N,unknown,false,41,24,13,32,437
connectivity,FHVRTHIWQBTFQE,FHVRTHIWQBTFQE-DAHBPKAMSA-N,FHVRTHIWQBTFQE,FHVRTHIWQBTFQE-DAHBPKAMSA-N,unknown,false,3,3,3,3,18
connectivity,FURUXTVZLHCCNA,,FURUXTVZLHCCNA,FURUXTVZLHCCNA-UHFFFAOYSA-N;FURUXTVZLHCCNA-AWEZNQCLSA-N,unknown,false,95,45,14,94,1624
connectivity,FWOYMKXDIXNXIC,,FWOYMKXDIXNXIC,FWOYMKXDIXNXIC-KQQUZDAGSA-N;FWOYMKXDIXNXIC-UHFFFAOYSA-N,unknown,false,1,1,1,1,21
connectivity,DBBCBZIFZYILRL,DBBCBZIFZYILRL-FNORWQNLSA-N,DBBCBZIFZYILRL,DBBCBZIFZYILRL-FNORWQNLSA-N,unknown,false,4,4,4,4,54
connectivity,LUSHRJRLUBDDTB,LUSHRJRLUBDDTB-KNQGVANASA-N,LUSHRJRLUBDDTB,LUSHRJRLUBDDTB-KNQGVANASA-N,unknown,false,7,3,2,6,79
connectivity,MNZBJKLHQWXTFB,MNZBJKLHQWXTFB-GWQLWQJZSA-N,MNZBJKLHQWXTFB,MNZBJKLHQWXTFB-GWQLWQJZSA-N,unknown,false,1,1,1,1,10
connectivity,DZWMSKKYNYZQTC,DZWMSKKYNYZQTC-AJLFSXDCSA-N,DZWMSKKYNYZQTC,DZWMSKKYNYZQTC-AJLFSXDCSA-N,unknown,false,7,3,2,5,56
connectivity,MFPLDTHKCVURLZ,MFPLDTHKCVURLZ-CUYIKIAVSA-N,MFPLDTHKCVURLZ,MFPLDTHKCVURLZ-CUYIKIAVSA-N,unknown,false,1,1,1,1,10
connectivity,JTNZEYFXPDFBBF,JTNZEYFXPDFBBF-UHFFFAOYSA-N,JTNZEYFXPDFBBF,JTNZEYFXPDFBBF-UHFFFAOYSA-N,unknown,false,1,1,1,1,10
connectivity,FVLYRFSEEUSOAL,FVLYRFSEEUSOAL-UHFFFAOYSA-N,FVLYRFSEEUSOAL,FVLYRFSEEUSOAL-UHFFFAOYSA-N,unknown,false,1,1,1,1,20
connectivity,MAIUISBOEJPUCU,MAIUISBOEJPUCU-UHFFFAOYSA-N,MAIUISBOEJPUCU,MAIUISBOEJPUCU-UHFFFAOYSA-N,unknown,false,1,1,1,1,10
connectivity,AXAINABARGDXOC,AXAINABARGDXOC-UHFFFAOYSA-N,AXAINABARGDXOC,AXAINABARGDXOC-UHFFFAOYSA-N,unknown,false,1,1,1,1,10
connectivity,WLWIMKWZMGJRBS,WLWIMKWZMGJRBS-UHFFFAOYSA-N,WLWIMKWZMGJRBS,WLWIMKWZMGJRBS-UHFFFAOYSA-N,unknown,false,17,5,5,10,375
connectivity,QEYTVHCFIMCNLT,QEYTVHCFIMCNLT-UHFFFAOYSA-N,QEYTVHCFIMCNLT,QEYTVHCFIMCNLT-UHFFFAOYSA-N,unknown,false,1,1,1,1,10
connectivity,BUINZVPKMRXEMB,BUINZVPKMRXEMB-UHFFFAOYSA-N,BUINZVPKMRXEMB,BUINZVPKMRXEMB-UHFFFAOYSA-N,unknown,false,4,2,2,2,58
connectivity,HVGWDVJUMODUIZ,HVGWDVJUMODUIZ-UHFFFAOYSA-N,HVGWDVJUMODUIZ,HVGWDVJUMODUIZ-UHFFFAOYSA-N,unknown,false,5,3,3,3,30
connectivity,LZTWXXJTDLQTAT,LZTWXXJTDLQTAT-UHFFFAOYSA-N,LZTWXXJTDLQTAT,LZTWXXJTDLQTAT-UHFFFAOYSA-N,unknown,false,1,1,1,1,10
connectivity,HBVZRPAKZOLBPL,HBVZRPAKZOLBPL-UHFFFAOYSA-N,HBVZRPAKZOLBPL,HBVZRPAKZOLBPL-UHFFFAOYSA-N,unknown,false,13,11,2,1,168
connectivity,ATXVYGWDRPMCPT,,ATXVYGWDRPMCPT,ATXVYGWDRPMCPT-KFTDKUHSSA-N;ATXVYGWDRPMCPT-RSSLJQOBSA-N;ATXVYGWDRPMCPT-PTGKNIPFSA-N;ATXVYGWDRPMCPT-DAVOGLHJSA-N,unknown,false,3,1,1,1,32
connectivity,YNMFDPCLPIMRFD,,YNMFDPCLPIMRFD,YNMFDPCLPIMRFD-XTXTUNRQSA-N;YNMFDPCLPIMRFD-KSPKLRDJSA-N;YNMFDPCLPIMRFD-UHFFFAOYSA-N,unknown,false,8,6,6,7,73
connectivity,IXDHJNNHLVGCLC,,IXDHJNNHLVGCLC,IXDHJNNHLVGCLC-MXXRNXGISA-N;IXDHJNNHLVGCLC-UHFFFAOYSA-N,unknown,false,16,14,8,15,175
connectivity,VKQAORJORROYTN,VKQAORJORROYTN-SSEXGKCCSA-N,VKQAORJORROYTN,VKQAORJORROYTN-SSEXGKCCSA-N,unknown,false,1,1,1,1,12
connectivity,VZWYUCZJWPRWLC,VZWYUCZJWPRWLC-AWEZNQCLSA-N,VZWYUCZJWPRWLC,VZWYUCZJWPRWLC-AWEZNQCLSA-N,unknown,false,1,1,1,1,12
connectivity,GOLUHSBSHMMTQA,GOLUHSBSHMMTQA-NSHDSACASA-N,GOLUHSBSHMMTQA,GOLUHSBSHMMTQA-NSHDSACASA-N,unknown,false,1,1,1,1,12
connectivity,MNFJPYYKOBNUEG,MNFJPYYKOBNUEG-AWEZNQCLSA-N,MNFJPYYKOBNUEG,MNFJPYYKOBNUEG-AWEZNQCLSA-N,unknown,false,1,1,1,1,12
connectivity,SGUXCLISHNMIEC,SGUXCLISHNMIEC-NSHDSACASA-N,SGUXCLISHNMIEC,SGUXCLISHNMIEC-NSHDSACASA-N,unknown,false,1,1,1,1,12
connectivity,YPZCOEDTKIYBEB,YPZCOEDTKIYBEB-ZVBXRXONSA-N,YPZCOEDTKIYBEB,YPZCOEDTKIYBEB-ZVBXRXONSA-N,unknown,false,4,4,2,5,64
connectivity,GDQXJMLXEYSICD,GDQXJMLXEYSICD-UHFFFAOYSA-N,GDQXJMLXEYSICD,GDQXJMLXEYSICD-UHFFFAOYSA-N,unknown,false,13,4,1,17,572
connectivity,QVHFFSLHYOWTJT,QVHFFSLHYOWTJT-UHFFFAOYSA-N,QVHFFSLHYOWTJT,QVHFFSLHYOWTJT-UHFFFAOYSA-N,unknown,false,1,1,1,1,10
connectivity,BILAMKFGAFCWCS,BILAMKFGAFCWCS-ONEGNTODSA-N,BILAMKFGAFCWCS,BILAMKFGAFCWCS-ONEGNTODSA-N,unknown,false,2,2,1,1,20
connectivity,LRLMYQFHTXHFRH,,LRLMYQFHTXHFRH,LRLMYQFHTXHFRH-IHARUHSVSA-N;LRLMYQFHTXHFRH-RUPODZMKSA-N,unknown,false,5,5,1,5,79
connectivity,SHIKPQXKXYEXCO,SHIKPQXKXYEXCO-RWKQGRNFSA-N,SHIKPQXKXYEXCO,SHIKPQXKXYEXCO-RWKQGRNFSA-N,unknown,false,8,5,3,6,118
connectivity,LCJOXNIMFDLZJH,LCJOXNIMFDLZJH-KCRIIDRDSA-N,LCJOXNIMFDLZJH,LCJOXNIMFDLZJH-KCRIIDRDSA-N,unknown,false,5,4,3,6,54
connectivity,KWJWDQVAMYZQHO,KWJWDQVAMYZQHO-YEYOLZSNSA-N,KWJWDQVAMYZQHO,KWJWDQVAMYZQHO-YEYOLZSNSA-N,unknown,false,1,1,1,1,7
connectivity,HDSDSDSDIOSGPO,HDSDSDSDIOSGPO-XCAZMSFXSA-N,HDSDSDSDIOSGPO,HDSDSDSDIOSGPO-XCAZMSFXSA-N,unknown,false,2,2,2,2,28
connectivity,KOHCHAZCVWCDRH,KOHCHAZCVWCDRH-CUJLTFOLSA-N,KOHCHAZCVWCDRH,KOHCHAZCVWCDRH-CUJLTFOLSA-N,unknown,false,1,1,1,1,14
connectivity,LTEPLSTTZBVXQH,LTEPLSTTZBVXQH-GKYSJUCXSA-N,LTEPLSTTZBVXQH,LTEPLSTTZBVXQH-GKYSJUCXSA-N,unknown,false,1,1,1,1,14
connectivity,DRDJZBSEZJQQSZ,DRDJZBSEZJQQSZ-CROVDJNCSA-N,DRDJZBSEZJQQSZ,DRDJZBSEZJQQSZ-CROVDJNCSA-N,unknown,false,1,1,1,1,14
connectivity,ZADWINMSTDXGCM,ZADWINMSTDXGCM-RAVJOKJDSA-N,ZADWINMSTDXGCM,ZADWINMSTDXGCM-RAVJOKJDSA-N,unknown,false,6,2,1,6,93
connectivity,CSVBHFGQISRADN,,CSVBHFGQISRADN,CSVBHFGQISRADN-UHFFFAOYSA-N;CSVBHFGQISRADN-BQYQJAHWSA-N,unknown,false,1,1,1,1,32
connectivity,HHSHIDRPFXMPHE,,HHSHIDRPFXMPHE,HHSHIDRPFXMPHE-UHFFFAOYSA-N;HHSHIDRPFXMPHE-VMPITWQZSA-N,unknown,false,1,1,1,1,24
connectivity,CWRWJDAEKWYUJT,,CWRWJDAEKWYUJT,CWRWJDAEKWYUJT-UINBKICFSA-N;CWRWJDAEKWYUJT-PHOJKZDUSA-N,unknown,false,1,1,1,2,16
connectivity,GXTGTCSHGJLVPW,,GXTGTCSHGJLVPW,GXTGTCSHGJLVPW-LMHPMGQISA-N;GXTGTCSHGJLVPW-OTKYOJGOSA-N;GXTGTCSHGJLVPW-UDHHAOSJSA-N,unknown,false,1,1,1,2,32
connectivity,YRVYJYODXYESHQ,YRVYJYODXYESHQ-PHSZKTHRSA-N,YRVYJYODXYESHQ,YRVYJYODXYESHQ-PHSZKTHRSA-N,unknown,false,1,1,1,1,8
connectivity,FXAOGBMUKJMRHB,,FXAOGBMUKJMRHB,FXAOGBMUKJMRHB-UFBSSYTOSA-N;FXAOGBMUKJMRHB-PBALMKOQSA-N;FXAOGBMUKJMRHB-VZFHUWCVSA-N;FXAOGBMUKJMRHB-UJBUWCLNSA-N;FXAOGBMUKJMRHB-YGJAHLLZSA-N,unknown,false,1,1,1,4,72
connectivity,JFTWMYLCKKDOGZ,,JFTWMYLCKKDOGZ,JFTWMYLCKKDOGZ-GDYLYPIXSA-N;JFTWMYLCKKDOGZ-OMOSEILDSA-N;JFTWMYLCKKDOGZ-PIXATSFJSA-N;JFTWMYLCKKDOGZ-QGWAOVMHSA-N,unknown,false,1,1,1,2,40
connectivity,SYJOSMLJXIQXFJ,,SYJOSMLJXIQXFJ,SYJOSMLJXIQXFJ-YENLXDNHSA-N;SYJOSMLJXIQXFJ-RCZBUNQNSA-N;SYJOSMLJXIQXFJ-LABASLMOSA-N;SYJOSMLJXIQXFJ-KKPWIRESSA-N;SYJOSMLJXIQXFJ-IVVROMSISA-N,unknown,false,1,1,1,4,72
connectivity,AOTOEKFIRGUTMJ,,AOTOEKFIRGUTMJ,AOTOEKFIRGUTMJ-UMGRQFOVSA-N;AOTOEKFIRGUTMJ-UHFFFAOYSA-N,unknown,false,2,1,1,1,18
connectivity,DTVZEUZAHZTLJV,DTVZEUZAHZTLJV-VUDGCMKMSA-N,DTVZEUZAHZTLJV,DTVZEUZAHZTLJV-VUDGCMKMSA-N,unknown,false,1,1,1,1,6
connectivity,CKVFGINJVRRIIH,,CKVFGINJVRRIIH,CKVFGINJVRRIIH-ADNMXRRISA-N;CKVFGINJVRRIIH-AEDJIJERSA-N,unknown,false,2,1,1,1,18
connectivity,CSVOJBHLRRLOJX,CSVOJBHLRRLOJX-LCHLXWAYSA-N,CSVOJBHLRRLOJX,CSVOJBHLRRLOJX-LCHLXWAYSA-N,unknown,false,3,3,2,3,42
connectivity,FSWAAEDJSLUWHZ,FSWAAEDJSLUWHZ-SYAFSNANSA-N,FSWAAEDJSLUWHZ,FSWAAEDJSLUWHZ-SYAFSNANSA-N,unknown,false,1,1,1,1,5
connectivity,SDLJCDUICZWSDZ,SDLJCDUICZWSDZ-RKZWBVLESA-N,SDLJCDUICZWSDZ,SDLJCDUICZWSDZ-RKZWBVLESA-N,unknown,false,1,1,1,1,10
connectivity,QPMIHZUICKRXHM,QPMIHZUICKRXHM-AXCBSSBOSA-N,QPMIHZUICKRXHM,QPMIHZUICKRXHM-AXCBSSBOSA-N,unknown,false,1,1,1,1,5
connectivity,HAGAGWWHXMJXLF,HAGAGWWHXMJXLF-QWWZWVQMSA-N,HAGAGWWHXMJXLF,HAGAGWWHXMJXLF-QWWZWVQMSA-N,unknown,false,1,1,1,1,8
connectivity,HYZCSKMGTPVVBB,,HYZCSKMGTPVVBB,HYZCSKMGTPVVBB-FPLPWBNLSA-N;HYZCSKMGTPVVBB-UHFFFAOYSA-N,unknown,false,1,1,1,1,21
connectivity,OFFQPVDOVYHTBX,,OFFQPVDOVYHTBX,OFFQPVDOVYHTBX-UHFFFAOYSA-N;OFFQPVDOVYHTBX-HZJYTTRNSA-N,unknown,false,1,1,1,1,21
connectivity,MBYMHCHZLAJVRK,,MBYMHCHZLAJVRK,MBYMHCHZLAJVRK-UHFFFAOYSA-N;MBYMHCHZLAJVRK-PDBXOOCHSA-N,unknown,false,3,2,2,2,39
connectivity,DUPHBXUFGBPMHT,,DUPHBXUFGBPMHT,DUPHBXUFGBPMHT-UHFFFAOYSA-N;DUPHBXUFGBPMHT-SREVYHEPSA-N,unknown,false,1,1,1,1,21
connectivity,MBYNDKVOZOAOIS,,MBYNDKVOZOAOIS,MBYNDKVOZOAOIS-UHFFFAOYSA-N;MBYNDKVOZOAOIS-FPLPWBNLSA-N,unknown,false,3,3,3,11,216
connectivity,VWDLOXMZIGUBKM,VWDLOXMZIGUBKM-AUGXRQBFSA-N,VWDLOXMZIGUBKM,VWDLOXMZIGUBKM-AUGXRQBFSA-N,unknown,false,187,145,58,163,1835
connectivity,ITSDQXUTIHBKJZ,ITSDQXUTIHBKJZ-VRRVEZDHSA-N,ITSDQXUTIHBKJZ,ITSDQXUTIHBKJZ-VRRVEZDHSA-N,unknown,false,1,1,1,1,5
connectivity,FDIYMPKNJVXZNA,FDIYMPKNJVXZNA-KUXRJGEKSA-N,FDIYMPKNJVXZNA,FDIYMPKNJVXZNA-KUXRJGEKSA-N,unknown,false,1,1,1,1,5
connectivity,PCMPSYIDVRLZJI,PCMPSYIDVRLZJI-XMYQQOCCSA-N,PCMPSYIDVRLZJI,PCMPSYIDVRLZJI-XMYQQOCCSA-N,unknown,false,1,1,1,1,5
connectivity,RUXXAXGHFLRXRB,RUXXAXGHFLRXRB-DRISLEFDSA-N,RUXXAXGHFLRXRB,RUXXAXGHFLRXRB-DRISLEFDSA-N,unknown,false,4,3,1,4,37
connectivity,ZEDBBDGPTDMYTR,ZEDBBDGPTDMYTR-YJGONOOQSA-N,ZEDBBDGPTDMYTR,ZEDBBDGPTDMYTR-YJGONOOQSA-N,unknown,false,1,1,1,1,5
connectivity,GEBAXGCJJKYCJQ,GEBAXGCJJKYCJQ-DYUNWAFTSA-N,GEBAXGCJJKYCJQ,GEBAXGCJJKYCJQ-DYUNWAFTSA-N,unknown,false,1,1,1,1,5
connectivity,HVEDKGXJFZBYBX,HVEDKGXJFZBYBX-LYCRPLRTSA-N,HVEDKGXJFZBYBX,HVEDKGXJFZBYBX-LYCRPLRTSA-N,unknown,false,1,1,1,1,5
connectivity,FKBRNPNAUOXZMQ,FKBRNPNAUOXZMQ-QLCVYAKKSA-N,FKBRNPNAUOXZMQ,FKBRNPNAUOXZMQ-QLCVYAKKSA-N,unknown,false,2,2,2,2,30
connectivity,HKIUILMOGBEIDX,,HKIUILMOGBEIDX,HKIUILMOGBEIDX-MNWXTTJBSA-N;HKIUILMOGBEIDX-UHFFFAOYSA-N,unknown,false,2,1,1,2,48
connectivity,MSPSOUKLPSVQMY,,MSPSOUKLPSVQMY,MSPSOUKLPSVQMY-UHFFFAOYSA-N;MSPSOUKLPSVQMY-IQDLJPDWSA-N;MSPSOUKLPSVQMY-DPWJSYMOSA-N,unknown,false,3,1,1,3,60
connectivity,WCANMRDCBZNWSJ,,WCANMRDCBZNWSJ,WCANMRDCBZNWSJ-UNKPSXPZSA-N;WCANMRDCBZNWSJ-UHFFFAOYSA-N,unknown,false,1,1,1,1,12
connectivity,LDHIQPLIITZHFA,LDHIQPLIITZHFA-FBJFLEKESA-N,LDHIQPLIITZHFA,LDHIQPLIITZHFA-FBJFLEKESA-N,unknown,false,1,1,1,1,6
connectivity,OGRXOIJNPUWZQU,OGRXOIJNPUWZQU-CVUCGDEZSA-N,OGRXOIJNPUWZQU,OGRXOIJNPUWZQU-CVUCGDEZSA-N,unknown,false,1,1,1,1,5
connectivity,QYUWVWXIYMIDCZ,,QYUWVWXIYMIDCZ,QYUWVWXIYMIDCZ-ODEBBRBFSA-N;QYUWVWXIYMIDCZ-RAABLCOLSA-N,unknown,false,1,1,1,1,10
connectivity,VKZYANGAHYJBJK,,VKZYANGAHYJBJK,VKZYANGAHYJBJK-UHFFFAOYSA-N;VKZYANGAHYJBJK-LJHJOZSSSA-N,unknown,false,2,1,1,1,12
connectivity,NCNVNIVCTSYUFB,,NCNVNIVCTSYUFB,NCNVNIVCTSYUFB-UHFFFAOYSA-N;NCNVNIVCTSYUFB-WIPNAVCVSA-N,unknown,false,2,1,1,1,12
connectivity,NQEQTYPJSIEPHW,,NQEQTYPJSIEPHW,NQEQTYPJSIEPHW-WDEREUQCSA-N;NQEQTYPJSIEPHW-MNOVXSKESA-N,unknown,false,2,2,2,2,28
connectivity,QKMBYNRMPRKVTO,QKMBYNRMPRKVTO-MNOVXSKESA-N,QKMBYNRMPRKVTO,QKMBYNRMPRKVTO-MNOVXSKESA-N,unknown,false,2,2,2,2,20
connectivity,QYARHPPZZXINIZ,,QYARHPPZZXINIZ,QYARHPPZZXINIZ-VDEGLUMYSA-N;QYARHPPZZXINIZ-UHFFFAOYSA-N,unknown,false,1,1,1,1,12
connectivity,FEQMUAOUKSLIFS,,FEQMUAOUKSLIFS,FEQMUAOUKSLIFS-OJYVKABBSA-N;FEQMUAOUKSLIFS-UHFFFAOYSA-N,unknown,false,4,2,1,3,28
connectivity,AYBKFVIPPCLFDH,AYBKFVIPPCLFDH-KPZLONJUSA-N,AYBKFVIPPCLFDH,AYBKFVIPPCLFDH-KPZLONJUSA-N,unknown,false,3,2,1,10,77
connectivity,WQTDOKKJTKGBTA,,WQTDOKKJTKGBTA,WQTDOKKJTKGBTA-WMFJVRNZSA-N;WQTDOKKJTKGBTA-ZLFFAQKUSA-N;WQTDOKKJTKGBTA-BTQFQRCOSA-N,unknown,false,3,2,1,2,32
connectivity,VDZOAKVFCQHFIH,,VDZOAKVFCQHFIH,VDZOAKVFCQHFIH-KWDCWGFJSA-N;VDZOAKVFCQHFIH-UHFFFAOYSA-N,unknown,false,1,1,1,1,12
connectivity,XAITXSGSAXCMGO,,XAITXSGSAXCMGO,XAITXSGSAXCMGO-VMDQYDODSA-N;XAITXSGSAXCMGO-UHFFFAOYSA-N,unknown,false,1,1,1,1,12
connectivity,QUEDXNHFTDJVIY,,QUEDXNHFTDJVIY,QUEDXNHFTDJVIY-WENCSYSZSA-N;QUEDXNHFTDJVIY-DQCZWYHMSA-N,unknown,false,47,35,26,37,560
connectivity,PBUKNNGDHZLXKG,,PBUKNNGDHZLXKG,PBUKNNGDHZLXKG-RTGJMWHTSA-N;PBUKNNGDHZLXKG-VGTJAOMCSA-N,unknown,false,2,2,1,2,31
connectivity,RLIDGKWTTDJVIN,RLIDGKWTTDJVIN-KSUDSBJXSA-N,RLIDGKWTTDJVIN,RLIDGKWTTDJVIN-KSUDSBJXSA-N,unknown,false,4,3,3,4,23
connectivity,VDKWTQCDCPMSOH,VDKWTQCDCPMSOH-OIPZPGHVSA-N,VDKWTQCDCPMSOH,VDKWTQCDCPMSOH-OIPZPGHVSA-N,unknown,false,1,1,1,1,6
connectivity,VTIMDPVCKOQQPZ,VTIMDPVCKOQQPZ-SFTOVHIQSA-N,VTIMDPVCKOQQPZ,VTIMDPVCKOQQPZ-SFTOVHIQSA-N,unknown,false,1,1,1,1,6
connectivity,RATQVALKDAUZBW,RATQVALKDAUZBW-XPMKZLBQSA-N,RATQVALKDAUZBW,RATQVALKDAUZBW-XPMKZLBQSA-N,unknown,false,43,32,23,43,404
connectivity,GDVRUDXLQBVIKP,GDVRUDXLQBVIKP-UHFFFAOYSA-N,GDVRUDXLQBVIKP,GDVRUDXLQBVIKP-UHFFFAOYSA-N,unknown,false,54,36,23,48,673
connectivity,DHIUETZAWAZMBO,DHIUETZAWAZMBO-WXAXTOTNSA-N,DHIUETZAWAZMBO,DHIUETZAWAZMBO-WXAXTOTNSA-N,unknown,false,1,1,1,1,6
connectivity,UZXATVYJVPVWRM,UZXATVYJVPVWRM-WNPHLIFZSA-N,UZXATVYJVPVWRM,UZXATVYJVPVWRM-WNPHLIFZSA-N,unknown,false,1,1,1,1,6
connectivity,RHWAKRNYKAWEPQ,,RHWAKRNYKAWEPQ,RHWAKRNYKAWEPQ-UHFFFAOYSA-N;RHWAKRNYKAWEPQ-HTINPRBKSA-N,unknown,false,1,1,1,1,18
connectivity,RGKFVAXCIMEDSA,RGKFVAXCIMEDSA-OGVRJPSHSA-N,RGKFVAXCIMEDSA,RGKFVAXCIMEDSA-OGVRJPSHSA-N,unknown,false,3,2,2,1,17
connectivity,KZYXZRKDCSEJTK,KZYXZRKDCSEJTK-JGCKPSQKSA-N,KZYXZRKDCSEJTK,KZYXZRKDCSEJTK-JGCKPSQKSA-N,unknown,false,3,2,2,1,17
connectivity,AMMRYTGRYFXAEQ,AMMRYTGRYFXAEQ-UHFFFAOYSA-N,AMMRYTGRYFXAEQ,AMMRYTGRYFXAEQ-UHFFFAOYSA-N,unknown,false,1,1,1,1,10
connectivity,RUQCCAGSFPUGSZ,,RUQCCAGSFPUGSZ,RUQCCAGSFPUGSZ-RRKONNOWSA-N;RUQCCAGSFPUGSZ-BJVWBABYSA-N,unknown,false,1,1,1,1,16
connectivity,KSPIYJQBLVDRRI,KSPIYJQBLVDRRI-WDSKDSINSA-N,KSPIYJQBLVDRRI,KSPIYJQBLVDRRI-WDSKDSINSA-N,unknown,false,1,1,1,1,8
connectivity,XTUVFFIBYCLWPH,,XTUVFFIBYCLWPH,XTUVFFIBYCLWPH-BQBZGAKWSA-N;XTUVFFIBYCLWPH-NKWVEPMBSA-N,unknown,false,1,1,1,1,21
connectivity,YIBXWXOYFGZLRU,,YIBXWXOYFGZLRU,YIBXWXOYFGZLRU-IDBNLLBVSA-N;YIBXWXOYFGZLRU-VRUJEOEASA-N,unknown,false,7,6,5,8,92
connectivity,CXISHLWVCSLKOJ,,CXISHLWVCSLKOJ,CXISHLWVCSLKOJ-UHFFFAOYSA-N;CXISHLWVCSLKOJ-CLFYSBASSA-N,unknown,false,1,1,1,1,32
connectivity,RYGMFSIKBFXOCR,RYGMFSIKBFXOCR-UHFFFAOYSA-N,RYGMFSIKBFXOCR,RYGMFSIKBFXOCR-UHFFFAOYSA-N,unknown,false,8,6,5,5,82
connectivity,OVMFOVNOXASTPA,OVMFOVNOXASTPA-ISRRCNJUSA-N,OVMFOVNOXASTPA,OVMFOVNOXASTPA-ISRRCNJUSA-N,unknown,false,100,55,31,72,1227
connectivity,DMASLKHVQRHNES,DMASLKHVQRHNES-FKKUPVFPSA-N,DMASLKHVQRHNES,DMASLKHVQRHNES-FKKUPVFPSA-N,unknown,false,248,118,77,76,3090
connectivity,CIWBSHSKHKDKBQ,CIWBSHSKHKDKBQ-JLAZNSOCSA-N,CIWBSHSKHKDKBQ,CIWBSHSKHKDKBQ-JLAZNSOCSA-N,unknown,false,149,93,62,73,1911
connectivity,RWSOTUBLDIXVET,RWSOTUBLDIXVET-UHFFFAOYSA-N,RWSOTUBLDIXVET,RWSOTUBLDIXVET-UHFFFAOYSA-N,unknown,false,6,5,5,6,54
connectivity,QGZKDVFQNNGYKY,QGZKDVFQNNGYKY-UHFFFAOYSA-N,QGZKDVFQNNGYKY,QGZKDVFQNNGYKY-UHFFFAOYSA-N,unknown,false,6,5,5,5,72
connectivity,WGCNASOHLSPBMP,WGCNASOHLSPBMP-UHFFFAOYSA-N,WGCNASOHLSPBMP,WGCNASOHLSPBMP-UHFFFAOYSA-N,unknown,false,2,2,2,2,22
connectivity,DGGUVLXVLHAAGT,DGGUVLXVLHAAGT-XINAWCOVSA-N,DGGUVLXVLHAAGT,DGGUVLXVLHAAGT-XINAWCOVSA-N,unknown,false,5,5,5,5,47
connectivity,CQQNNQTXUGLUEV,CQQNNQTXUGLUEV-UHFFFAOYSA-N,CQQNNQTXUGLUEV,CQQNNQTXUGLUEV-UHFFFAOYSA-N,unknown,false,2,2,2,2,30
connectivity,QAOWNCQODCNURD,QAOWNCQODCNURD-UHFFFAOYSA-N,QAOWNCQODCNURD,QAOWNCQODCNURD-UHFFFAOYSA-N,unknown,false,4,4,4,4,44
connectivity,LXJXRIRHZLFYRP,LXJXRIRHZLFYRP-VKHMYHEASA-N,LXJXRIRHZLFYRP,LXJXRIRHZLFYRP-VKHMYHEASA-N,unknown,false,7,6,6,7,61
connectivity,BTVDENVTOLEBMU,BTVDENVTOLEBMU-IJKURQBASA-N,BTVDENVTOLEBMU,BTVDENVTOLEBMU-IJKURQBASA-N,unknown,false,1,1,1,1,16
connectivity,SMUYXUGQUUKRGB,,SMUYXUGQUUKRGB,SMUYXUGQUUKRGB-FGPATKDCSA-N;SMUYXUGQUUKRGB-ZCMIIJFDSA-N,unknown,false,1,1,1,1,32
connectivity,IRILMCCKFANGJQ,IRILMCCKFANGJQ-BAJUWZQUSA-N,IRILMCCKFANGJQ,IRILMCCKFANGJQ-BAJUWZQUSA-N,unknown,false,1,1,1,1,8
connectivity,GCUVWBFOTMJVLI,GCUVWBFOTMJVLI-UHFFFAOYSA-N,GCUVWBFOTMJVLI,GCUVWBFOTMJVLI-UHFFFAOYSA-N,unknown,false,1,1,1,1,8
connectivity,KJTLQQUUPVSXIM,KJTLQQUUPVSXIM-UHFFFAOYSA-N,KJTLQQUUPVSXIM,KJTLQQUUPVSXIM-UHFFFAOYSA-N,unknown,false,10,8,9,9,87
connectivity,DIMSEFDETYWFFK,DIMSEFDETYWFFK-SCZZXKLOSA-N,DIMSEFDETYWFFK,DIMSEFDETYWFFK-SCZZXKLOSA-N,unknown,false,1,1,1,1,16
connectivity,CABVTRNMFUVUDM,CABVTRNMFUVUDM-UHFFFAOYSA-N,CABVTRNMFUVUDM,CABVTRNMFUVUDM-UHFFFAOYSA-N,unknown,false,6,6,6,6,67
connectivity,PJWIPEXIFFQAQZ,,PJWIPEXIFFQAQZ,PJWIPEXIFFQAQZ-PUFIMZNGSA-N;PJWIPEXIFFQAQZ-UHFFFAOYSA-N,unknown,false,2,2,2,3,36
connectivity,XSNPKRVRWPBMKE,,XSNPKRVRWPBMKE,XSNPKRVRWPBMKE-DPZJBDQQSA-N;XSNPKRVRWPBMKE-UHFFFAOYSA-N,unknown,false,2,2,2,3,48
connectivity,LVUOVZBYBQSRKR,LVUOVZBYBQSRKR-UHFFFAOYSA-N,LVUOVZBYBQSRKR,LVUOVZBYBQSRKR-UHFFFAOYSA-N,unknown,false,28,9,1,11,210
connectivity,JTYHKMMBOJWMMJ,JTYHKMMBOJWMMJ-FNORWQNLSA-N,JTYHKMMBOJWMMJ,JTYHKMMBOJWMMJ-FNORWQNLSA-N,unknown,false,2,2,1,2,32
connectivity,ZLDDZZMJRUFHTG,ZLDDZZMJRUFHTG-VOTSOKGWSA-N,ZLDDZZMJRUFHTG,ZLDDZZMJRUFHTG-VOTSOKGWSA-N,unknown,false,2,2,1,2,64
connectivity,HRGUSFBJBOKSML,HRGUSFBJBOKSML-UHFFFAOYSA-N,HRGUSFBJBOKSML,HRGUSFBJBOKSML-UHFFFAOYSA-N,unknown,false,229,103,35,90,2521
connectivity,NIOAGUZTTGFPGK,NIOAGUZTTGFPGK-ILBGXUMGSA-N,NIOAGUZTTGFPGK,NIOAGUZTTGFPGK-ILBGXUMGSA-N,unknown,false,6,4,2,4,35
connectivity,KIEFQALNZCXSHH,KIEFQALNZCXSHH-ZEQKJWHPSA-N,KIEFQALNZCXSHH,KIEFQALNZCXSHH-ZEQKJWHPSA-N,unknown,false,2,2,2,2,12
connectivity,ZYWKQKQEAVWKHD,ZYWKQKQEAVWKHD-ILBGXUMGSA-N,ZYWKQKQEAVWKHD,ZYWKQKQEAVWKHD-ILBGXUMGSA-N,unknown,false,3,3,3,4,28
connectivity,IMQLKJBTEOYOSI,,IMQLKJBTEOYOSI,IMQLKJBTEOYOSI-GPIVLXJGSA-N;IMQLKJBTEOYOSI-UHFFFAOYSA-N,unknown,false,72,55,29,28,1622
connectivity,PMMYEEVYMWASQN,PMMYEEVYMWASQN-DMTCNVIQSA-N,PMMYEEVYMWASQN,PMMYEEVYMWASQN-DMTCNVIQSA-N,unknown,false,18,17,17,17,230
connectivity,ODVFOVBUUVJYNY,ODVFOVBUUVJYNY-SQPNUZJNSA-N,ODVFOVBUUVJYNY,ODVFOVBUUVJYNY-SQPNUZJNSA-N,unknown,false,2,2,2,2,14
connectivity,JVJFIQYAHPMBBX,JVJFIQYAHPMBBX-UHFFFAOYSA-N,JVJFIQYAHPMBBX,JVJFIQYAHPMBBX-UHFFFAOYSA-N,unknown,false,2,2,2,2,20
connectivity,PTDAHAWQAGSZDD,PTDAHAWQAGSZDD-IOVCITQVSA-N,PTDAHAWQAGSZDD,PTDAHAWQAGSZDD-IOVCITQVSA-N,unknown,false,71,28,5,72,1234
connectivity,JTXVTHCLTOUSSL,JTXVTHCLTOUSSL-VSDZMWCXSA-N,JTXVTHCLTOUSSL,JTXVTHCLTOUSSL-VSDZMWCXSA-N,unknown,false,3,2,2,2,15
connectivity,WIHKYILMSPQBIM,WIHKYILMSPQBIM-BKQVBUAGSA-N,WIHKYILMSPQBIM,WIHKYILMSPQBIM-BKQVBUAGSA-N,unknown,false,1,1,1,1,16
connectivity,CROUPKILZUPLQA,CROUPKILZUPLQA-ITVSDQETSA-N,CROUPKILZUPLQA,CROUPKILZUPLQA-ITVSDQETSA-N,unknown,false,19,13,2,14,172
connectivity,WFRQIKSNAYYUJZ,WFRQIKSNAYYUJZ-BKQVBUAGSA-N,WFRQIKSNAYYUJZ,WFRQIKSNAYYUJZ-BKQVBUAGSA-N,unknown,false,5,4,1,10,154
connectivity,QUTYKIXIUDQOLK,QUTYKIXIUDQOLK-PRJMDXOYSA-N,QUTYKIXIUDQOLK,QUTYKIXIUDQOLK-PRJMDXOYSA-N,unknown,false,3,3,3,3,32
connectivity,MIEILDYWGANZNH,MIEILDYWGANZNH-BYULHYEWSA-N,MIEILDYWGANZNH,MIEILDYWGANZNH-BYULHYEWSA-N,unknown,false,2,2,2,2,26
connectivity,QFSDWLPMRWDFID,,QFSDWLPMRWDFID,QFSDWLPMRWDFID-CSNYLUTCSA-N;QFSDWLPMRWDFID-NBKJOUBXSA-N;QFSDWLPMRWDFID-UHFFFAOYSA-N,unknown,false,4,4,3,5,57
connectivity,MQQBTSOGCQNWAX,MQQBTSOGCQNWAX-VSADUBDNSA-N,MQQBTSOGCQNWAX,MQQBTSOGCQNWAX-VSADUBDNSA-N,unknown,false,4,3,3,4,38
connectivity,DZLNHFMRPBPULJ,DZLNHFMRPBPULJ-UHFFFAOYSA-N,DZLNHFMRPBPULJ,DZLNHFMRPBPULJ-UHFFFAOYSA-N,unknown,false,5,5,5,5,48
connectivity,WUEBKLMRCKZPFG,WUEBKLMRCKZPFG-QWRGUYRKSA-N,WUEBKLMRCKZPFG,WUEBKLMRCKZPFG-QWRGUYRKSA-N,unknown,false,1,1,1,1,16
connectivity,HWFGKGTUJQBDEU,HWFGKGTUJQBDEU-UHFFFAOYSA-N,HWFGKGTUJQBDEU,HWFGKGTUJQBDEU-UHFFFAOYSA-N,unknown,false,2,2,1,1,10
connectivity,SRXKAYJJGAAOBP,SRXKAYJJGAAOBP-LURJTMIESA-N,SRXKAYJJGAAOBP,SRXKAYJJGAAOBP-LURJTMIESA-N,unknown,false,8,6,5,6,65
connectivity,MYFMARDICOWMQP,,MYFMARDICOWMQP,MYFMARDICOWMQP-YUMQZZPRSA-N;MYFMARDICOWMQP-UHFFFAOYSA-N,unknown,false,3,3,2,3,40
connectivity,AQAKHZVPOOGUCK,,AQAKHZVPOOGUCK,AQAKHZVPOOGUCK-XPUUQOCRSA-N;AQAKHZVPOOGUCK-UHFFFAOYSA-N,unknown,false,2,2,2,3,28
connectivity,HKBNQXMLSMKLJV,,HKBNQXMLSMKLJV,HKBNQXMLSMKLJV-BQBZGAKWSA-N;HKBNQXMLSMKLJV-UHFFFAOYSA-N,unknown,false,3,2,1,3,44
connectivity,XCVOCJFOQNDTNC,XCVOCJFOQNDTNC-ZNDRGHTASA-N,XCVOCJFOQNDTNC,XCVOCJFOQNDTNC-ZNDRGHTASA-N,unknown,false,6,6,6,6,50
connectivity,VQUPQWGKORWZII,,VQUPQWGKORWZII,VQUPQWGKORWZII-WDPYGAQVSA-N;VQUPQWGKORWZII-UZFIDVBXSA-N,unknown,false,27,20,16,24,353
connectivity,FAARLWTXUUQFSN,FAARLWTXUUQFSN-UHFFFAOYSA-N,FAARLWTXUUQFSN,FAARLWTXUUQFSN-UHFFFAOYSA-N,unknown,false,180,73,12,16,1821
connectivity,DGXZNOOUXAHVAE,DGXZNOOUXAHVAE-RHTUOURWSA-N,DGXZNOOUXAHVAE,DGXZNOOUXAHVAE-RHTUOURWSA-N,unknown,false,1,1,1,1,7
connectivity,VCKNBYBUMOAFMV,VCKNBYBUMOAFMV-KIOMNFBLSA-N,VCKNBYBUMOAFMV,VCKNBYBUMOAFMV-KIOMNFBLSA-N,unknown,false,1,1,1,1,7
connectivity,FVPQQGXKOCOMAU,FVPQQGXKOCOMAU-NTASLKFISA-N,FVPQQGXKOCOMAU,FVPQQGXKOCOMAU-NTASLKFISA-N,unknown,false,1,1,1,1,7
connectivity,RSGCHZFUIQQIDT,RSGCHZFUIQQIDT-UHFFFAOYSA-N,RSGCHZFUIQQIDT,RSGCHZFUIQQIDT-UHFFFAOYSA-N,unknown,false,1,1,1,1,14
connectivity,FGKUISKCUDFGTR,,FGKUISKCUDFGTR,FGKUISKCUDFGTR-TZDGYNBYSA-N;FGKUISKCUDFGTR-UHFFFAOYSA-N,unknown,false,1,1,1,1,14
connectivity,WRUUAUYSSLTCMP,,WRUUAUYSSLTCMP,WRUUAUYSSLTCMP-DDYJPHFUSA-N;WRUUAUYSSLTCMP-UHFFFAOYSA-N,unknown,false,1,1,1,1,14
connectivity,LRUXWKFVLKWKRF,,LRUXWKFVLKWKRF,LRUXWKFVLKWKRF-KXAOQFNBSA-N;LRUXWKFVLKWKRF-UHFFFAOYSA-N,unknown,false,2,2,2,2,36
connectivity,MJOJIRSJTAQETQ,,MJOJIRSJTAQETQ,MJOJIRSJTAQETQ-IJASIGOTSA-N;MJOJIRSJTAQETQ-UHFFFAOYSA-N,unknown,false,2,1,1,1,8
connectivity,UILDHUYKTXNKSK,,UILDHUYKTXNKSK,UILDHUYKTXNKSK-RWCKBHKISA-N;UILDHUYKTXNKSK-UHFFFAOYSA-N,unknown,false,3,2,1,6,71
connectivity,MJIKFVGKCRVQNL,MJIKFVGKCRVQNL-WQKFSZIYSA-N,MJIKFVGKCRVQNL,MJIKFVGKCRVQNL-WQKFSZIYSA-N,unknown,false,1,1,1,1,18
connectivity,HKNBJSRIYRDSLB,HKNBJSRIYRDSLB-MIORVHIISA-N,HKNBJSRIYRDSLB,HKNBJSRIYRDSLB-MIORVHIISA-N,unknown,false,28,22,14,28,274
connectivity,XQSMSRSJNXQHLT,XQSMSRSJNXQHLT-ABYIYZCWSA-N,XQSMSRSJNXQHLT,XQSMSRSJNXQHLT-ABYIYZCWSA-N,unknown,false,2,2,1,2,26
connectivity,PAGGRBGJJBTXFJ,PAGGRBGJJBTXFJ-UHFFFAOYSA-N,PAGGRBGJJBTXFJ,PAGGRBGJJBTXFJ-UHFFFAOYSA-N,unknown,false,1,1,1,2,32
connectivity,OINWOHIZFCLCPY,OINWOHIZFCLCPY-UHFFFAOYSA-N,OINWOHIZFCLCPY,OINWOHIZFCLCPY-UHFFFAOYSA-N,unknown,false,4,4,4,4,33
connectivity,NJNWCIAPVGRBHO,NJNWCIAPVGRBHO-UHFFFAOYSA-N,NJNWCIAPVGRBHO,NJNWCIAPVGRBHO-UHFFFAOYSA-N,unknown,false,1,1,1,1,8
connectivity,RZZPDXZPRHQOCG,,RZZPDXZPRHQOCG,RZZPDXZPRHQOCG-SQNXGDPESA-N;RZZPDXZPRHQOCG-OJAKKHQRSA-N,unknown,false,8,8,8,10,107
connectivity,YHHSONZFOIEMCP,YHHSONZFOIEMCP-UHFFFAOYSA-O,YHHSONZFOIEMCP,YHHSONZFOIEMCP-UHFFFAOYSA-O,unknown,false,7,7,7,7,75
connectivity,MVMSCBBUIHUTGJ,,MVMSCBBUIHUTGJ,MVMSCBBUIHUTGJ-GLZNCLBGSA-N;MVMSCBBUIHUTGJ-UHFFFAOYSA-N,unknown,false,8,7,8,7,73
connectivity,LQEBEXMHBLQMDB,LQEBEXMHBLQMDB-OQYVJMRSSA-N,LQEBEXMHBLQMDB,LQEBEXMHBLQMDB-OQYVJMRSSA-N,unknown,false,3,3,3,3,29
connectivity,PNHLMHWWFOPQLK,PNHLMHWWFOPQLK-RNBWPXLMSA-N,PNHLMHWWFOPQLK,PNHLMHWWFOPQLK-RNBWPXLMSA-N,unknown,false,4,4,4,4,33
connectivity,LLTRNSKZFVUNLQ,LLTRNSKZFVUNLQ-UHFFFAOYSA-N,LLTRNSKZFVUNLQ,LLTRNSKZFVUNLQ-UHFFFAOYSA-N,unknown,false,1,1,1,1,16
connectivity,OKKDZUZMZMLOGY,OKKDZUZMZMLOGY-UHFFFAOYSA-N,OKKDZUZMZMLOGY,OKKDZUZMZMLOGY-UHFFFAOYSA-N,unknown,false,1,1,1,1,16
connectivity,CGAALQATDWOQFD,CGAALQATDWOQFD-UHFFFAOYSA-N,CGAALQATDWOQFD,CGAALQATDWOQFD-UHFFFAOYSA-N,unknown,false,2,2,1,3,40
connectivity,IEVWTBIZULGLHA,IEVWTBIZULGLHA-UHFFFAOYSA-N,IEVWTBIZULGLHA,IEVWTBIZULGLHA-UHFFFAOYSA-N,unknown,false,1,1,1,1,16
connectivity,QMPHZIPNNJOWQI,QMPHZIPNNJOWQI-UHFFFAOYSA-N,QMPHZIPNNJOWQI,QMPHZIPNNJOWQI-UHFFFAOYSA-N,unknown,false,52,31,25,26,630
connectivity,OSAMDUBSFYKLEH,,OSAMDUBSFYKLEH,OSAMDUBSFYKLEH-IWDQOIFFSA-N;OSAMDUBSFYKLEH-JWXNILTPSA-N,unknown,false,2,1,1,1,12
connectivity,SYSRWPPDCRIMSN,SYSRWPPDCRIMSN-LKKZHYCFSA-N,SYSRWPPDCRIMSN,SYSRWPPDCRIMSN-LKKZHYCFSA-N,unknown,false,1,1,1,1,6
connectivity,AYTMEYVBLXAHPT,AYTMEYVBLXAHPT-LZUXVWQXSA-N,AYTMEYVBLXAHPT,AYTMEYVBLXAHPT-LZUXVWQXSA-N,unknown,false,1,1,1,1,6
connectivity,SMIXWDJGSDWLEP,SMIXWDJGSDWLEP-ZQOVHGAMSA-N,SMIXWDJGSDWLEP,SMIXWDJGSDWLEP-ZQOVHGAMSA-N,unknown,false,1,1,1,1,2
connectivity,VHRGRCVQAFMJIZ,VHRGRCVQAFMJIZ-UHFFFAOYSA-N,VHRGRCVQAFMJIZ,VHRGRCVQAFMJIZ-UHFFFAOYSA-N,unknown,false,54,36,25,33,756
connectivity,BIRSGZKFKXLSJQ,,BIRSGZKFKXLSJQ,BIRSGZKFKXLSJQ-SQOUGZDYSA-N;BIRSGZKFKXLSJQ-SKNVOMKLSA-N,unknown,false,8,9,11,8,97
connectivity,LXCFILQKKLGQFO,LXCFILQKKLGQFO-UHFFFAOYSA-N,LXCFILQKKLGQFO,LXCFILQKKLGQFO-UHFFFAOYSA-N,unknown,false,109,76,53,99,1576
connectivity,OFNSUWBAQRCHAV,OFNSUWBAQRCHAV-OYQUVCAXSA-N,OFNSUWBAQRCHAV,OFNSUWBAQRCHAV-OYQUVCAXSA-N,unknown,false,80,54,43,41,823
connectivity,PGYAYSRVSAJXTE,,PGYAYSRVSAJXTE,PGYAYSRVSAJXTE-UHFFFAOYSA-N;PGYAYSRVSAJXTE-CLONMANBSA-N,unknown,false,114,76,54,53,2461
connectivity,RWZYAGGXGHYGMB,RWZYAGGXGHYGMB-UHFFFAOYSA-N,RWZYAGGXGHYGMB,RWZYAGGXGHYGMB-UHFFFAOYSA-N,unknown,false,17,15,14,20,261
connectivity,WFPZSXYXPSUOPY,WFPZSXYXPSUOPY-UVQQJNGXSA-N,WFPZSXYXPSUOPY,WFPZSXYXPSUOPY-UVQQJNGXSA-N,unknown,false,4,4,4,5,50
connectivity,SOSLMHZOJATCCP,,SOSLMHZOJATCCP,SOSLMHZOJATCCP-AEIZVZFYSA-N;SOSLMHZOJATCCP-MKMJNHTISA-N;SOSLMHZOJATCCP-UHFFFAOYSA-N,unknown,false,328,168,80,202,3560
connectivity,RXAXTTGJEMODPY,RXAXTTGJEMODPY-CJNLAGEVSA-N,RXAXTTGJEMODPY,RXAXTTGJEMODPY-CJNLAGEVSA-N,unknown,false,20,11,11,16,178
connectivity,NQZCQIDFBYCBAU,NQZCQIDFBYCBAU-JHGYFVHDSA-N,NQZCQIDFBYCBAU,NQZCQIDFBYCBAU-JHGYFVHDSA-N,unknown,false,1,1,1,1,14
connectivity,ZTALKMXOHWQNIA,,ZTALKMXOHWQNIA,ZTALKMXOHWQNIA-LVMPZUNDSA-N;ZTALKMXOHWQNIA-TVBSHJCBSA-N,unknown,false,11,9,8,7,267
connectivity,XVXPXUMUGATHPD,XVXPXUMUGATHPD-JMJRLLIOSA-N,XVXPXUMUGATHPD,XVXPXUMUGATHPD-JMJRLLIOSA-N,unknown,false,29,16,11,16,294
connectivity,ILRYLPWNYFXEMH,ILRYLPWNYFXEMH-WHFBIAKZSA-N,ILRYLPWNYFXEMH,ILRYLPWNYFXEMH-WHFBIAKZSA-N,unknown,false,22,21,20,14,244
connectivity,NRTHKYABOMUPSC,NRTHKYABOMUPSC-QMMMGPOBSA-N,NRTHKYABOMUPSC,NRTHKYABOMUPSC-QMMMGPOBSA-N,unknown,false,2,2,1,2,21
connectivity,WNCFBCKZRJDRKZ,WNCFBCKZRJDRKZ-UHFFFAOYSA-N,WNCFBCKZRJDRKZ,WNCFBCKZRJDRKZ-UHFFFAOYSA-N,unknown,false,9,4,2,8,267
connectivity,VZERKULNVISTKS,VZERKULNVISTKS-UHFFFAOYSA-N,VZERKULNVISTKS,VZERKULNVISTKS-UHFFFAOYSA-N,unknown,false,2,1,1,2,14
connectivity,PRAMYZIXNOZDQY,PRAMYZIXNOZDQY-XNYYRFQMSA-N,PRAMYZIXNOZDQY,PRAMYZIXNOZDQY-XNYYRFQMSA-N,unknown,false,3,2,1,10,65
connectivity,JSPJNBZMTOABAW,JSPJNBZMTOABAW-UHFFFAOYSA-N,JSPJNBZMTOABAW,JSPJNBZMTOABAW-UHFFFAOYSA-N,unknown,false,1,1,1,1,12
connectivity,ZZPUDABJUQWRTM,ZZPUDABJUQWRTM-BGXGBDNWSA-N,ZZPUDABJUQWRTM,ZZPUDABJUQWRTM-BGXGBDNWSA-N,unknown,false,3,2,1,4,74
connectivity,VYFYYTLLBUKUHU,VYFYYTLLBUKUHU-UHFFFAOYSA-N,VYFYYTLLBUKUHU,VYFYYTLLBUKUHU-UHFFFAOYSA-N,unknown,false,75,46,25,47,1016
connectivity,ZGHRCSAIMSBFLK,ZGHRCSAIMSBFLK-IQSISOBESA-N,ZGHRCSAIMSBFLK,ZGHRCSAIMSBFLK-IQSISOBESA-N,unknown,false,3,3,3,3,38
connectivity,MVWLZBQPRMCRKT,MVWLZBQPRMCRKT-ZAVAKTSASA-N,MVWLZBQPRMCRKT,MVWLZBQPRMCRKT-ZAVAKTSASA-N,unknown,false,15,10,3,13,179
connectivity,QBWKYTISLGOVJD,QBWKYTISLGOVJD-FMHGHMNPSA-N,QBWKYTISLGOVJD,QBWKYTISLGOVJD-FMHGHMNPSA-N,unknown,false,4,4,2,5,44
connectivity,DDJMOMHMVFXEQF,DDJMOMHMVFXEQF-VGXPIAPGSA-N,DDJMOMHMVFXEQF,DDJMOMHMVFXEQF-VGXPIAPGSA-N,unknown,false,4,4,4,4,32
connectivity,CPQUIAPJXYFMHN,CPQUIAPJXYFMHN-IWFDGLFNSA-N,CPQUIAPJXYFMHN,CPQUIAPJXYFMHN-IWFDGLFNSA-N,unknown,false,1,1,1,1,16
connectivity,IFNPENGUFFXCFH,IFNPENGUFFXCFH-YWEXZDOQSA-N,IFNPENGUFFXCFH,IFNPENGUFFXCFH-YWEXZDOQSA-N,unknown,false,1,1,1,1,8
connectivity,DHKZHXVJZLGNRL,DHKZHXVJZLGNRL-UHFFFAOYSA-N,DHKZHXVJZLGNRL,DHKZHXVJZLGNRL-UHFFFAOYSA-N,unknown,false,1,1,1,1,10
connectivity,GZHVHSGVLXHODS,GZHVHSGVLXHODS-HQXJQTDJSA-N,GZHVHSGVLXHODS,GZHVHSGVLXHODS-HQXJQTDJSA-N,unknown,false,1,1,1,1,5
connectivity,SUTUDCPEQWVNQA,SUTUDCPEQWVNQA-HDHSKVTNSA-N,SUTUDCPEQWVNQA,SUTUDCPEQWVNQA-HDHSKVTNSA-N,unknown,false,1,1,1,1,5
connectivity,RSEPFMSDFDKJDO,RSEPFMSDFDKJDO-CYWCEOHPSA-N,RSEPFMSDFDKJDO,RSEPFMSDFDKJDO-CYWCEOHPSA-N,unknown,false,1,1,1,1,5
connectivity,NCAVLZAQUKCVIQ,NCAVLZAQUKCVIQ-NYYYNDJQSA-N,NCAVLZAQUKCVIQ,NCAVLZAQUKCVIQ-NYYYNDJQSA-N,unknown,false,1,1,1,2,24
connectivity,LABSPYBHMPDTEL,LABSPYBHMPDTEL-WSWWMNSNSA-N,LABSPYBHMPDTEL,LABSPYBHMPDTEL-WSWWMNSNSA-N,unknown,false,5,5,5,6,52
connectivity,AUNGANRZJHBGPY,AUNGANRZJHBGPY-SCRDCRAPSA-N,AUNGANRZJHBGPY,AUNGANRZJHBGPY-SCRDCRAPSA-N,unknown,false,20,18,21,25,285
connectivity,GEWDNTWNSAZUDX,GEWDNTWNSAZUDX-WQMVXFAESA-N,GEWDNTWNSAZUDX,GEWDNTWNSAZUDX-WQMVXFAESA-N,unknown,false,10,8,8,8,116
connectivity,VPAOSFFTKWUGAD,VPAOSFFTKWUGAD-BGNCJLHMSA-N,VPAOSFFTKWUGAD,VPAOSFFTKWUGAD-BGNCJLHMSA-N,unknown,false,31,23,15,27,325
connectivity,RHGKLRLOHDJJDR,RHGKLRLOHDJJDR-BYPYZUCNSA-N,RHGKLRLOHDJJDR,RHGKLRLOHDJJDR-BYPYZUCNSA-N,unknown,false,29,25,24,26,293
connectivity,JLPUXFOGCDVKGO,JLPUXFOGCDVKGO-TUAOUCFPSA-N,JLPUXFOGCDVKGO,JLPUXFOGCDVKGO-TUAOUCFPSA-N,unknown,false,44,14,15,35,4465
connectivity,NPNNKDMSXVRADT,NPNNKDMSXVRADT-WEVVVXLNSA-N,NPNNKDMSXVRADT,NPNNKDMSXVRADT-WEVVVXLNSA-N,unknown,false,152,88,40,136,3648
connectivity,KRLGALLDUXJJQN,KRLGALLDUXJJQN-ASCUOWJESA-N,KRLGALLDUXJJQN,KRLGALLDUXJJQN-ASCUOWJESA-N,unknown,false,1,1,1,1,6
connectivity,CIGQSFSQDIHCFO,CIGQSFSQDIHCFO-QEJZJMRPSA-N,CIGQSFSQDIHCFO,CIGQSFSQDIHCFO-QEJZJMRPSA-N,unknown,false,1,1,1,1,6
connectivity,FVAHTEYJCYPOTO,FVAHTEYJCYPOTO-YDGZCJQPSA-N,FVAHTEYJCYPOTO,FVAHTEYJCYPOTO-YDGZCJQPSA-N,unknown,false,1,1,1,1,6
connectivity,XONDRGRALZTVKD,XONDRGRALZTVKD-ZMIZWQJLSA-N,XONDRGRALZTVKD,XONDRGRALZTVKD-ZMIZWQJLSA-N,unknown,false,113,85,66,1,1298
connectivity,BPMOVSBNVIDURE,BPMOVSBNVIDURE-UAOJZALGSA-N,BPMOVSBNVIDURE,BPMOVSBNVIDURE-UAOJZALGSA-N,unknown,false,3,2,2,1,14
connectivity,CACDIIJHNRRSOK,CACDIIJHNRRSOK-VHKYSDTDSA-N,CACDIIJHNRRSOK,CACDIIJHNRRSOK-VHKYSDTDSA-N,unknown,false,3,2,2,1,14
connectivity,GACDQMDRPRGCTN,GACDQMDRPRGCTN-SXVXDFOESA-N,GACDQMDRPRGCTN,GACDQMDRPRGCTN-SXVXDFOESA-N,unknown,false,5,5,5,5,47
connectivity,GVEUOELTSSYBCA,GVEUOELTSSYBCA-GKOWFGOTSA-N,GVEUOELTSSYBCA,GVEUOELTSSYBCA-GKOWFGOTSA-N,unknown,false,3,3,2,3,11
connectivity,QYCOHMYDSOZCQD,QYCOHMYDSOZCQD-LPBHZFOASA-N,QYCOHMYDSOZCQD,QYCOHMYDSOZCQD-LPBHZFOASA-N,unknown,false,14,10,7,13,183
connectivity,LCHNFNNYVOUXRN,LCHNFNNYVOUXRN-OAHLLOKOSA-N,LCHNFNNYVOUXRN,LCHNFNNYVOUXRN-OAHLLOKOSA-N,unknown,false,2,2,1,2,17
connectivity,XYPWLRSMRXLPRF,XYPWLRSMRXLPRF-UHFFFAOYSA-N,XYPWLRSMRXLPRF,XYPWLRSMRXLPRF-UHFFFAOYSA-N,unknown,false,4,2,1,2,37
connectivity,OUPQEYAUNCBPDQ,OUPQEYAUNCBPDQ-AQALDGPFSA-N,OUPQEYAUNCBPDQ,OUPQEYAUNCBPDQ-AQALDGPFSA-N,unknown,false,1,1,1,1,7
connectivity,NWLLUBUSXVWCKJ,NWLLUBUSXVWCKJ-RKFCMIDYSA-N,NWLLUBUSXVWCKJ,NWLLUBUSXVWCKJ-RKFCMIDYSA-N,unknown,false,1,1,1,1,7
connectivity,WWWJISXNPGEHND,WWWJISXNPGEHND-ZWWHTSEYSA-N,WWWJISXNPGEHND,WWWJISXNPGEHND-ZWWHTSEYSA-N,unknown,false,1,1,1,1,6
connectivity,SYPGJEURLIGNPE,SYPGJEURLIGNPE-UHFFFAOYSA-N,SYPGJEURLIGNPE,SYPGJEURLIGNPE-UHFFFAOYSA-N,unknown,false,9,4,2,7,238
connectivity,ZOOGRGPOEVQQDX,ZOOGRGPOEVQQDX-UUOKFMHZSA-N,ZOOGRGPOEVQQDX,ZOOGRGPOEVQQDX-UUOKFMHZSA-N,unknown,false,8,8,7,9,65
connectivity,QRNIDVBVORPNBX,QRNIDVBVORPNBX-WSXZECFZSA-O,QRNIDVBVORPNBX,QRNIDVBVORPNBX-WSXZECFZSA-O,unknown,false,1,1,1,1,8
connectivity,NOTGFIUVDGNKRI,NOTGFIUVDGNKRI-UUOKFMHZSA-N,NOTGFIUVDGNKRI,NOTGFIUVDGNKRI-UUOKFMHZSA-N,unknown,false,4,4,4,5,45
connectivity,TUJQVRFWMWRMIO,TUJQVRFWMWRMIO-XRNRSJMDSA-N,TUJQVRFWMWRMIO,TUJQVRFWMWRMIO-XRNRSJMDSA-N,unknown,false,68,34,11,59,640
connectivity,KQXDGUVSAAQARU,KQXDGUVSAAQARU-HZJYTTRNSA-N,KQXDGUVSAAQARU,KQXDGUVSAAQARU-HZJYTTRNSA-N,unknown,false,16,11,6,1,188
connectivity,HAOQPQZVDMAOKT,,HAOQPQZVDMAOKT,HAOQPQZVDMAOKT-YTAKFDLJSA-N;HAOQPQZVDMAOKT-SBQKBANHSA-N,unknown,false,1,1,1,2,24
connectivity,MFAZHXZFFOFQJM,MFAZHXZFFOFQJM-DPPNWCLYSA-N,MFAZHXZFFOFQJM,MFAZHXZFFOFQJM-DPPNWCLYSA-N,unknown,false,1,1,1,1,8
connectivity,YGWINQKCKFBSCA,,YGWINQKCKFBSCA,YGWINQKCKFBSCA-XVEMJOALSA-N;YGWINQKCKFBSCA-UHFFFAOYSA-N,unknown,false,2,1,1,1,8
connectivity,OMPJBNCRMGITSC,OMPJBNCRMGITSC-UHFFFAOYSA-N,OMPJBNCRMGITSC,OMPJBNCRMGITSC-UHFFFAOYSA-N,unknown,false,2,2,2,2,26
connectivity,ZRPDXDBGEYHEBJ,ZRPDXDBGEYHEBJ-UHFFFAOYSA-N,ZRPDXDBGEYHEBJ,ZRPDXDBGEYHEBJ-UHFFFAOYSA-N,unknown,false,1,1,1,1,15
connectivity,YCFFMSOLUMRAMD,YCFFMSOLUMRAMD-UHFFFAOYSA-N,YCFFMSOLUMRAMD,YCFFMSOLUMRAMD-UHFFFAOYSA-N,unknown,false,3,3,3,4,42
connectivity,RKNHJBVBFHDXGR,RKNHJBVBFHDXGR-UHFFFAOYSA-N,RKNHJBVBFHDXGR,RKNHJBVBFHDXGR-UHFFFAOYSA-N,unknown,false,2,2,2,4,46
connectivity,KTHADMDGDNYQRX,KTHADMDGDNYQRX-UHFFFAOYSA-N,KTHADMDGDNYQRX,KTHADMDGDNYQRX-UHFFFAOYSA-N,unknown,false,29,19,15,25,480
connectivity,CFVDPAXOTMTQCU,CFVDPAXOTMTQCU-IPOZFMEPSA-N,CFVDPAXOTMTQCU,CFVDPAXOTMTQCU-IPOZFMEPSA-N,unknown,false,13,6,4,5,123
connectivity,GBWWXWBDOAISMH,GBWWXWBDOAISMH-UHFFFAOYSA-N,GBWWXWBDOAISMH,GBWWXWBDOAISMH-UHFFFAOYSA-N,unknown,false,1,1,1,1,10
connectivity,KQNGHARGJDXHKF,KQNGHARGJDXHKF-UHFFFAOYSA-N,KQNGHARGJDXHKF,KQNGHARGJDXHKF-UHFFFAOYSA-N,unknown,false,6,4,3,5,49
connectivity,OWQKEXRIKMHBLZ,,OWQKEXRIKMHBLZ,OWQKEXRIKMHBLZ-WLFFXXEHSA-N;OWQKEXRIKMHBLZ-UHFFFAOYSA-N,unknown,false,1,1,1,1,12
connectivity,UEFUDKNGNDHCRI,UEFUDKNGNDHCRI-UWVGGRQHSA-N,UEFUDKNGNDHCRI,UEFUDKNGNDHCRI-UWVGGRQHSA-N,unknown,false,1,1,1,1,5
connectivity,NBIWOOWOUIOVBE,NBIWOOWOUIOVBE-JTQLQIEISA-N,NBIWOOWOUIOVBE,NBIWOOWOUIOVBE-JTQLQIEISA-N,unknown,false,1,1,1,1,5
connectivity,PELZSPZCXGTUMR,PELZSPZCXGTUMR-NTNHSIQDSA-N,PELZSPZCXGTUMR,PELZSPZCXGTUMR-NTNHSIQDSA-N,unknown,false,4,4,4,4,43
connectivity,MMWCIQZXVOZEGG,MMWCIQZXVOZEGG-SCCKRLBHSA-N,MMWCIQZXVOZEGG,MMWCIQZXVOZEGG-SCCKRLBHSA-N,unknown,false,5,5,5,5,68
connectivity,UZDCKPYGVMHOPB,UZDCKPYGVMHOPB-UHFFFAOYSA-N,UZDCKPYGVMHOPB,UZDCKPYGVMHOPB-UHFFFAOYSA-N,unknown,false,4,2,3,2,14
connectivity,WSFLFFUIEVIDJY,WSFLFFUIEVIDJY-IMJSIDKUSA-N,WSFLFFUIEVIDJY,WSFLFFUIEVIDJY-IMJSIDKUSA-N,unknown,false,1,1,1,1,5
connectivity,VGGSQFUCUMXWEO,VGGSQFUCUMXWEO-UHFFFAOYSA-N,VGGSQFUCUMXWEO,VGGSQFUCUMXWEO-UHFFFAOYSA-N,unknown,false,16,14,12,12,206
connectivity,FQPGMQABJNQLLF,FQPGMQABJNQLLF-VKHMYHEASA-N,FQPGMQABJNQLLF,FQPGMQABJNQLLF-VKHMYHEASA-N,unknown,false,2,2,1,1,30
connectivity,HUHWZXWWOFSFKF,HUHWZXWWOFSFKF-UHFFFAOYSA-N,HUHWZXWWOFSFKF,HUHWZXWWOFSFKF-UHFFFAOYSA-N,unknown,false,7,7,7,9,73
connectivity,AVBHZKNQGDKVEA,AVBHZKNQGDKVEA-UHFFFAOYSA-N,AVBHZKNQGDKVEA,AVBHZKNQGDKVEA-UHFFFAOYSA-N,unknown,false,2,2,2,2,18
connectivity,CSWLXNNNLVVXKD,CSWLXNNNLVVXKD-UHFFFAOYSA-N,CSWLXNNNLVVXKD,CSWLXNNNLVVXKD-UHFFFAOYSA-N,unknown,false,2,2,2,2,20
connectivity,JZYORAMDOXNBOR,JZYORAMDOXNBOR-ZSIFGTMLSA-N,JZYORAMDOXNBOR,JZYORAMDOXNBOR-ZSIFGTMLSA-N,unknown,false,1,1,1,1,8
connectivity,LTYOQGRJFJAKNA,LTYOQGRJFJAKNA-KKIMTKSISA-N,LTYOQGRJFJAKNA,LTYOQGRJFJAKNA-KKIMTKSISA-N,unknown,false,9,8,8,9,117
connectivity,RNCYPVVUMUQCQI,RNCYPVVUMUQCQI-QHGMSFHASA-N,RNCYPVVUMUQCQI,RNCYPVVUMUQCQI-QHGMSFHASA-N,unknown,false,1,1,1,1,8
connectivity,SAHSZEZNXHBRJR,SAHSZEZNXHBRJR-SNVBAGLBSA-N,SAHSZEZNXHBRJR,SAHSZEZNXHBRJR-SNVBAGLBSA-N,unknown,false,1,1,1,1,8
connectivity,WTFXTQVDAKGDEY,WTFXTQVDAKGDEY-UHFFFAOYSA-N,WTFXTQVDAKGDEY,WTFXTQVDAKGDEY-UHFFFAOYSA-N,unknown,false,12,6,6,9,182
connectivity,YTOCWWQIMKHRPX,YTOCWWQIMKHRPX-DEZCIGPTSA-N,YTOCWWQIMKHRPX,YTOCWWQIMKHRPX-DEZCIGPTSA-N,unknown,false,1,1,1,1,8
connectivity,YXWOAJXNVLXPMU,YXWOAJXNVLXPMU-JGWLITMVSA-N,YXWOAJXNVLXPMU,YXWOAJXNVLXPMU-JGWLITMVSA-N,unknown,false,3,3,3,3,29
connectivity,ZKTQSWBSOLFYDL,ZKTQSWBSOLFYDL-UHFFFAOYSA-N,ZKTQSWBSOLFYDL,ZKTQSWBSOLFYDL-UHFFFAOYSA-N,unknown,false,1,1,1,1,16
connectivity,SUFZKUBNOVDJRR,SUFZKUBNOVDJRR-UHFFFAOYSA-N,SUFZKUBNOVDJRR,SUFZKUBNOVDJRR-UHFFFAOYSA-N,unknown,false,1,1,1,1,16
connectivity,GTWCNYRFOZKWTL,GTWCNYRFOZKWTL-UHFFFAOYSA-N,GTWCNYRFOZKWTL,GTWCNYRFOZKWTL-UHFFFAOYSA-N,unknown,false,1,1,1,1,16
connectivity,RIGGEAZDTKMXSI,RIGGEAZDTKMXSI-UHFFFAOYSA-N,RIGGEAZDTKMXSI,RIGGEAZDTKMXSI-UHFFFAOYSA-N,unknown,false,9,9,10,9,85
connectivity,BPLQKQKXWHCZSS,BPLQKQKXWHCZSS-UHFFFAOYSA-N,BPLQKQKXWHCZSS,BPLQKQKXWHCZSS-UHFFFAOYSA-N,unknown,false,152,67,25,99,1990
connectivity,QQRSPHJOOXUALR,QQRSPHJOOXUALR-UHFFFAOYSA-N,QQRSPHJOOXUALR,QQRSPHJOOXUALR-UHFFFAOYSA-N,unknown,false,44,25,15,37,772
connectivity,NOOLISFMXDJSKH,NOOLISFMXDJSKH-UHFFFAOYSA-N,NOOLISFMXDJSKH,NOOLISFMXDJSKH-UHFFFAOYSA-N,unknown,false,70,37,18,84,1270
connectivity,LTTVJAQLCIHAFV,LTTVJAQLCIHAFV-WCBMZHEXSA-N,LTTVJAQLCIHAFV,LTTVJAQLCIHAFV-WCBMZHEXSA-N,unknown,false,10,8,6,10,128
connectivity,LSQXNMXDFRRDSJ,LSQXNMXDFRRDSJ-UHFFFAOYSA-N,LSQXNMXDFRRDSJ,LSQXNMXDFRRDSJ-UHFFFAOYSA-N,unknown,false,79,42,19,68,865
connectivity,PDSNLYSELAIEBU,PDSNLYSELAIEBU-NSOJWWLLSA-N,PDSNLYSELAIEBU,PDSNLYSELAIEBU-NSOJWWLLSA-N,unknown,false,113,56,29,85,1211
connectivity,YQUVCSBJEUQKSH,YQUVCSBJEUQKSH-UHFFFAOYSA-N,YQUVCSBJEUQKSH,YQUVCSBJEUQKSH-UHFFFAOYSA-N,unknown,false,525,312,121,409,4382
connectivity,HELNZVBYWRVMNN,HELNZVBYWRVMNN-NTTOMIHWSA-N,HELNZVBYWRVMNN,HELNZVBYWRVMNN-NTTOMIHWSA-N,unknown,false,2,2,1,2,7
connectivity,NFRXSIOHGADFRG,NFRXSIOHGADFRG-UHFFFAOYSA-N,NFRXSIOHGADFRG,NFRXSIOHGADFRG-UHFFFAOYSA-N,unknown,false,12,10,10,12,114
connectivity,GSXOAOHZAIYLCY,,GSXOAOHZAIYLCY,GSXOAOHZAIYLCY-HSUXUTPPSA-N;GSXOAOHZAIYLCY-UHFFFAOYSA-N,unknown,false,3,3,3,6,40
connectivity,OYIFNHCXNCRBQI,OYIFNHCXNCRBQI-BYPYZUCNSA-N,OYIFNHCXNCRBQI,OYIFNHCXNCRBQI-BYPYZUCNSA-N,unknown,false,24,17,14,22,284
connectivity,JLTJUKMGFHVOER,,JLTJUKMGFHVOER,JLTJUKMGFHVOER-NSPLYFOBSA-N;JLTJUKMGFHVOER-HXSZCFBGSA-N,unknown,false,1,1,1,1,4
connectivity,LWNFWRCYNQVMSY,LWNFWRCYNQVMSY-XLBAQCOJSA-N,LWNFWRCYNQVMSY,LWNFWRCYNQVMSY-XLBAQCOJSA-N,unknown,false,1,1,1,1,2
connectivity,TWLFVBJPPQXMIO,TWLFVBJPPQXMIO-UHFFFAOYSA-N,TWLFVBJPPQXMIO,TWLFVBJPPQXMIO-UHFFFAOYSA-N,unknown,false,1,1,1,1,2
connectivity,NXYWSSHRPZWKOU,NXYWSSHRPZWKOU-UHFFFAOYSA-N,NXYWSSHRPZWKOU,NXYWSSHRPZWKOU-UHFFFAOYSA-N,unknown,false,1,1,1,1,2
connectivity,RDUAJIJVNHKTQC,RDUAJIJVNHKTQC-UHFFFAOYSA-N,RDUAJIJVNHKTQC,RDUAJIJVNHKTQC-UHFFFAOYSA-N,unknown,false,79,42,27,46,814
